[
  {
    "id": "z51kk5gm",
    "player": "Peanutfan22",
    "player_location": "us",
    "region": "USA / NTSC"
  },
  {
    "id": "m31gdrdz",
    "player": "NihilistComedyHour",
    "player_location": "eo",
    "region": "JPN / NTSC"
  },
  {
    "id": "m354grqy",
    "player": "Nwright",
    "player_location": "us",
    "region": null
  },
  {
    "id": "mk53d11m",
    "player": "webz80",
    "player_location": "au",
    "region": "USA / NTSC"
  },
  {
    "id": "zn1d2pvm",
    "player": "NESAtlas",
    "player_location": "us",
    "region": "USA / NTSC"
  }
]