[
  {
    "id": "yokq6x7z",
    "player": "Mariana",
    "player_location": "jp",
    "region": "JPN / NTSC"
  },
  {
    "id": "y65g9e1z",
    "player": "ikep",
    "player_location": null,
    "region": "JPN / NTSC"
  },
  {
    "id": "y9046pvy",
    "player": "fis0324",
    "player_location": "jp",
    "region": "JPN / NTSC"
  },
  {
    "id": "zx2rw6km",
    "player": "selain237",
    "player_location": "jp",
    "region": "JPN / NTSC"
  },
  {
    "id": "yjpdqkoy",
    "player": "Gongon_uo6",
    "player_location": "jp",
    "region": "JPN / NTSC"
  },
  {
    "id": "z50jepgy",
    "player": "AutumnalTea",
    "player_location": "jp",
    "region": "JPN / NTSC"
  }
]