[
  {
    "id": "1zqwrp8z",
    "player": "Fog",
    "player_location": "ca",
    "region": "USA / NTSC"
  },
  {
    "id": "2yw8xkpy",
    "player": "misskaddykins",
    "player_location": "us",
    "region": "USA / NTSC"
  },
  {
    "id": "6yj4wwgy",
    "player": "Mattie",
    "player_location": "us",
    "region": "USA / NTSC"
  },
  {
    "id": "8m7pev4m",
    "player": "CtrlAltDelicious",
    "player_location": "gb/sct",
    "region": "EUR / PAL"
  },
  {
    "id": "1zx4j5ey",
    "player": "Kevbot43",
    "player_location": "us",
    "region": "USA / NTSC"
  },
  {
    "id": "9mrk137y",
    "player": "Joshimuz",
    "player_location": "gb/eng",
    "region": "EUR / PAL"
  },
  {
    "id": "nz1jqn7z",
    "player": "Nyu",
    "player_location": "se",
    "region": "EUR / PAL"
  },
  {
    "id": "8m7qppez",
    "player": "ryuknote322",
    "player_location": "no",
    "region": "EUR / PAL"
  },
  {
    "id": "kz57l9jm",
    "player": "ToxiJuice",
    "player_location": null,
    "region": "USA / NTSC"
  },
  {
    "id": "dy41jp2y",
    "player": "Squaky",
    "player_location": "ca",
    "region": "USA / NTSC"
  },
  {
    "id": "7z018voy",
    "player": "amyrlinn",
    "player_location": "us",
    "region": "USA / NTSC"
  },
  {
    "id": "6yj3enoz",
    "player": "VoiD_Kura",
    "player_location": "us",
    "region": "USA / NTSC"
  },
  {
    "id": "7yl0pgxy",
    "player": "TonixAmaya",
    "player_location": "de",
    "region": "EUR / PAL"
  },
  {
    "id": "kz5j5edm",
    "player": "floating_mansion",
    "player_location": "us",
    "region": "USA / NTSC"
  },
  {
    "id": "jy954rkz",
    "player": "kungfufruitcup",
    "player_location": "us",
    "region": "USA / NTSC"
  },
  {
    "id": "dy4ewdnm",
    "player": "Avalonstar",
    "player_location": "us",
    "region": "USA / NTSC"
  },
  {
    "id": "8yv24d6m",
    "player": "ARandomBlackFox",
    "player_location": "us",
    "region": "USA / NTSC"
  },
  {
    "id": "7z0p96oy",
    "player": "Dyna",
    "player_location": "us",
    "region": "USA / NTSC"
  },
  {
    "id": "6yjlg0nz",
    "player": "mystakin",
    "player_location": "us",
    "region": "USA / NTSC"
  },
  {
    "id": "pm3qk3gy",
    "player": "Palidian",
    "player_location": "us",
    "region": "USA / NTSC"
  },
  {
    "id": "9meo7r8z",
    "player": "Asil",
    "player_location": "us",
    "region": "USA / NTSC"
  },
  {
    "id": "9yok71jz",
    "player": "phantaxx",
    "player_location": "us",
    "region": "USA / NTSC"
  },
  {
    "id": "jy9094ny",
    "player": "LastTofus",
    "player_location": "sz",
    "region": "JPN / NTSC"
  },
  {
    "id": "nz15rwry",
    "player": "Brooks2000",
    "player_location": "gb/eng",
    "region": "USA / NTSC"
  },
  {
    "id": "jy903ovy",
    "player": "BrickyBrick",
    "player_location": null,
    "region": "USA / NTSC"
  },
  {
    "id": "2yw8ne2y",
    "player": "Lagitron",
    "player_location": "us",
    "region": "USA / NTSC"
  },
  {
    "id": "9me9r09z",
    "player": "ETossed",
    "player_location": "us",
    "region": "USA / NTSC"
  },
  {
    "id": "9meo3w2z",
    "player": "Neekocat1",
    "player_location": "us",
    "region": "USA / NTSC"
  },
  {
    "id": "2yw8vg3y",
    "player": "iamcorgii",
    "player_location": "us",
    "region": "USA / NTSC"
  },
  {
    "id": "wzplgovm",
    "player": "Raxa7",
    "player_location": "us",
    "region": "USA / NTSC"
  },
  {
    "id": "6yjlelnz",
    "player": "Hipoot",
    "player_location": "us",
    "region": "USA / NTSC"
  },
  {
    "id": "yl0j8ery",
    "player": "Jonoabbo",
    "player_location": "gb/eng",
    "region": null
  },
  {
    "id": "oy25lpjy",
    "player": "MomosLPs",
    "player_location": "de",
    "region": "EUR / PAL"
  },
  {
    "id": "9yonokdz",
    "player": "DuskIsBad",
    "player_location": "us",
    "region": "USA / NTSC"
  },
  {
    "id": "mr4nq07z",
    "player": "sarahsarahpearl",
    "player_location": "us",
    "region": "USA / NTSC"
  },
  {
    "id": "7ylk84xz",
    "player": "Sman9453",
    "player_location": null,
    "region": "USA / NTSC"
  },
  {
    "id": "9yokw61z",
    "player": "ReallyFuzzyBubbles",
    "player_location": "us",
    "region": "USA / NTSC"
  },
  {
    "id": "pyd57wqm",
    "player": "GorgohOrcyon",
    "player_location": null,
    "region": "USA / NTSC"
  },
  {
    "id": "nz15e2jy",
    "player": "GoroghOrcyon",
    "player_location": "be",
    "region": "EUR / PAL"
  },
  {
    "id": "emk36e3z",
    "player": "FRAPLATEK",
    "player_location": null,
    "region": "EUR / PAL"
  },
  {
    "id": "8m7gkw5m",
    "player": "Feitheoir",
    "player_location": null,
    "region": "USA / NTSC"
  },
  {
    "id": "7z05gojm",
    "player": "Zeedicus",
    "player_location": null,
    "region": "USA / NTSC"
  },
  {
    "id": "pm35p66y",
    "player": "Croc49",
    "player_location": "us",
    "region": "USA / NTSC"
  },
  {
    "id": "pm35e1gy",
    "player": "SheaPerrier",
    "player_location": "us",
    "region": "USA / NTSC"
  },
  {
    "id": "1zqwxr1z",
    "player": "DonkeyKong1254",
    "player_location": null,
    "region": "USA / NTSC"
  },
  {
    "id": "nz15wqry",
    "player": "TheMrStimich",
    "player_location": null,
    "region": "USA / NTSC"
  },
  {
    "id": "pm35elqy",
    "player": "TheLastTofus",
    "player_location": null,
    "region": "JPN / NTSC"
  },
  {
    "id": "9mr4kv7z",
    "player": "Xillians",
    "player_location": "no",
    "region": "EUR / PAL"
  },
  {
    "id": "7z09kp4z",
    "player": "abanaattori",
    "player_location": "fi",
    "region": "EUR / PAL"
  },
  {
    "id": "7z0r7jjz",
    "player": "queenoftheseas",
    "player_location": "ca",
    "region": "USA / NTSC"
  },
  {
    "id": "1zqg5orm",
    "player": "itzb00",
    "player_location": "us",
    "region": "USA / NTSC"
  },
  {
    "id": "yo2vx31z",
    "player": "Opuculus",
    "player_location": "de",
    "region": "EUR / PAL"
  },
  {
    "id": "pzgx290m",
    "player": "TonyOgbot",
    "player_location": "us",
    "region": "USA / NTSC"
  },
  {
    "id": "me7g9d9y",
    "player": "DanJonMor",
    "player_location": "gb/wls",
    "region": null
  },
  {
    "id": "0y6np9qz",
    "player": "conner094",
    "player_location": "us",
    "region": "USA / NTSC"
  },
  {
    "id": "8y8d9rxz",
    "player": "Mintcup",
    "player_location": "us",
    "region": "USA / NTSC"
  },
  {
    "id": "oy20e75m",
    "player": "Peklax",
    "player_location": "us",
    "region": "USA / NTSC"
  },
  {
    "id": "7ylo202y",
    "player": "AjaxTheGameGuy",
    "player_location": "us",
    "region": "USA / NTSC"
  },
  {
    "id": "mr80vd7y",
    "player": "ubergoose",
    "player_location": "us",
    "region": "USA / NTSC"
  },
  {
    "id": "2ywrxg2m",
    "player": "usickiller",
    "player_location": "us",
    "region": "USA / NTSC"
  },
  {
    "id": "y9543qrz",
    "player": "Voetiem",
    "player_location": "au",
    "region": null
  },
  {
    "id": "jy9k6pnz",
    "player": "desertsong27",
    "player_location": "us",
    "region": "USA / NTSC"
  },
  {
    "id": "9mew9v2m",
    "player": "Lonely_lich",
    "player_location": "us",
    "region": "USA / NTSC"
  },
  {
    "id": "jy9wn22z",
    "player": "CleftyLM",
    "player_location": "au",
    "region": null
  },
  {
    "id": "kz54n05m",
    "player": "xGonzo",
    "player_location": "us",
    "region": "USA / NTSC"
  },
  {
    "id": "pm3p51wz",
    "player": "Notester82",
    "player_location": "us",
    "region": "USA / NTSC"
  },
  {
    "id": "zn84q97z",
    "player": "Lass0n",
    "player_location": "se",
    "region": null
  },
  {
    "id": "y979weem",
    "player": "BurritoDK03",
    "player_location": "dk",
    "region": null
  },
  {
    "id": "zxvj5r8y",
    "player": "Samson420",
    "player_location": "de",
    "region": null
  },
  {
    "id": "z136e89m",
    "player": "LogaSoba",
    "player_location": "az",
    "region": null
  },
  {
    "id": "z0egxo8m",
    "player": "Marou",
    "player_location": "fr",
    "region": "EUR / PAL"
  },
  {
    "id": "mk9le01z",
    "player": "cheesyben",
    "player_location": null,
    "region": "EUR / PAL"
  },
  {
    "id": "zp0njngm",
    "player": "browne",
    "player_location": "us",
    "region": "USA / NTSC"
  },
  {
    "id": "yl499vrm",
    "player": "Voiceguy",
    "player_location": "us",
    "region": "USA / NTSC"
  },
  {
    "id": "y8133wxz",
    "player": "Scarrien",
    "player_location": "us",
    "region": "USA / NTSC"
  },
  {
    "id": "yo2l64dz",
    "player": "BoxMan",
    "player_location": "us",
    "region": "USA / NTSC"
  },
  {
    "id": "z03834oz",
    "player": "Kerrmunism",
    "player_location": "us",
    "region": "USA / NTSC"
  },
  {
    "id": "y43v9j2z",
    "player": "monkeymandave",
    "player_location": null,
    "region": "USA / NTSC"
  },
  {
    "id": "y92relrz",
    "player": "OceansCurse",
    "player_location": "nl",
    "region": "EUR / PAL"
  },
  {
    "id": "mk2l5nlm",
    "player": "DiamondcrafterA",
    "player_location": "us",
    "region": "USA / NTSC"
  },
  {
    "id": "yv368v6z",
    "player": "EggsaladSupreme",
    "player_location": "us",
    "region": "USA / NTSC"
  },
  {
    "id": "yj3274nz",
    "player": "Mr_ParK3r2",
    "player_location": "us",
    "region": "USA / NTSC"
  },
  {
    "id": "yj6dgo7z",
    "player": "Justin_Time_4Fun",
    "player_location": "us",
    "region": "USA / NTSC"
  },
  {
    "id": "y2dew06z",
    "player": "royalpeaches",
    "player_location": "us",
    "region": null
  },
  {
    "id": "ylk7wnkz",
    "player": "OceanDestroyer45",
    "player_location": "si",
    "region": "EUR / PAL"
  },
  {
    "id": "y2dxnp6z",
    "player": "Ziolot568",
    "player_location": "us",
    "region": "USA / NTSC"
  },
  {
    "id": "z15dpqgy",
    "player": "POCCNRHomep1",
    "player_location": "ru",
    "region": "USA / NTSC"
  },
  {
    "id": "ylegvjrz",
    "player": "theTrevdog",
    "player_location": "us",
    "region": "USA / NTSC"
  },
  {
    "id": "znkq4n3z",
    "player": "ImJupid",
    "player_location": "ca",
    "region": "USA / NTSC"
  },
  {
    "id": "yw86212y",
    "player": "SecondHandCK",
    "player_location": "gb",
    "region": "EUR / PAL"
  },
  {
    "id": "z05nr7om",
    "player": "LeadPhones",
    "player_location": "us",
    "region": "USA / NTSC"
  },
  {
    "id": "y65qpjpz",
    "player": "crocketbox",
    "player_location": "us",
    "region": "USA / NTSC"
  },
  {
    "id": "zgw86ddy",
    "player": "ypno_ny",
    "player_location": null,
    "region": "JPN / NTSC"
  },
  {
    "id": "ylkxw5xz",
    "player": "Altera",
    "player_location": "se",
    "region": "EUR / PAL"
  },
  {
    "id": "zprk2o8m",
    "player": "bomberman324",
    "player_location": "gb/eng",
    "region": "EUR / PAL"
  },
  {
    "id": "me6veq0z",
    "player": "ShrimpiiBoii",
    "player_location": "au",
    "region": null
  },
  {
    "id": "mr9eq1gm",
    "player": "Mornings",
    "player_location": "dk",
    "region": "USA / NTSC"
  },
  {
    "id": "m755xqwz",
    "player": "Plont",
    "player_location": "us",
    "region": "USA / NTSC"
  },
  {
    "id": "y2dx4l9z",
    "player": "elihowell2006",
    "player_location": "us",
    "region": "USA / NTSC"
  },
  {
    "id": "mr9n824m",
    "player": "RealSandman",
    "player_location": "us",
    "region": "USA / NTSC"
  },
  {
    "id": "y9no40kz",
    "player": "Seaward15",
    "player_location": "ca",
    "region": null
  },
  {
    "id": "zxd86qgy",
    "player": "Gradytheman245",
    "player_location": "us",
    "region": "USA / NTSC"
  },
  {
    "id": "y2d4l6jz",
    "player": "xEDGELORD75x",
    "player_location": "us",
    "region": "USA / NTSC"
  },
  {
    "id": "z09jxrez",
    "player": "ipomoni",
    "player_location": null,
    "region": "USA / NTSC"
  },
  {
    "id": "zxdwvkky",
    "player": "TTV_ajrian09",
    "player_location": "us",
    "region": "USA / NTSC"
  },
  {
    "id": "zgrqg4nm",
    "player": "Orion_VTuber",
    "player_location": "us",
    "region": "USA / NTSC"
  },
  {
    "id": "yv9nl5ez",
    "player": "bathhead123w",
    "player_location": "us",
    "region": "USA / NTSC"
  },
  {
    "id": "zp3wwl8m",
    "player": "italian6th",
    "player_location": "us",
    "region": "USA / NTSC"
  },
  {
    "id": "zxlwppez",
    "player": "Pulseshot101",
    "player_location": "us",
    "region": "USA / NTSC"
  },
  {
    "id": "mk7487vy",
    "player": "Anwa7",
    "player_location": "gb/eng",
    "region": "EUR / PAL"
  },
  {
    "id": "mr4k784z",
    "player": "mister_fander",
    "player_location": null,
    "region": null
  },
  {
    "id": "y2xo57wm",
    "player": "VGR16",
    "player_location": "us",
    "region": "USA / NTSC"
  },
  {
    "id": "y9xx1xey",
    "player": "Michalred",
    "player_location": "pl",
    "region": "USA / NTSC"
  },
  {
    "id": "y9nn0g2z",
    "player": "Michalred1",
    "player_location": null,
    "region": "EUR / PAL"
  },
  {
    "id": "zx6662qz",
    "player": "Becksyboy123",
    "player_location": "gb/eng",
    "region": null
  },
  {
    "id": "y42rx8nm",
    "player": "Speedkid2",
    "player_location": "gb",
    "region": null
  },
  {
    "id": "zx6gwo8z",
    "player": "penguin_boi",
    "player_location": "us",
    "region": "USA / NTSC"
  },
  {
    "id": "ylore82y",
    "player": "Mb65",
    "player_location": "gb",
    "region": "EUR / PAL"
  },
  {
    "id": "z50dxeny",
    "player": "Alphadelta1608",
    "player_location": null,
    "region": "USA / NTSC"
  },
  {
    "id": "yo9rn97y",
    "player": "AjwastakenXD",
    "player_location": null,
    "region": "USA / NTSC"
  },
  {
    "id": "y8v8nndz",
    "player": "SupportGayBees",
    "player_location": "ca",
    "region": null
  },
  {
    "id": "mkegwglm",
    "player": "IzzyHopeDolphin",
    "player_location": null,
    "region": "USA / NTSC"
  },
  {
    "id": "zgxe890m",
    "player": "WhiteFlame2003",
    "player_location": "us",
    "region": "USA / NTSC"
  },
  {
    "id": "z5065pny",
    "player": "ThermalSquare",
    "player_location": "us",
    "region": "USA / NTSC"
  },
  {
    "id": "z5d055gm",
    "player": "Winterboss9514",
    "player_location": null,
    "region": "USA / NTSC"
  },
  {
    "id": "yv2xejem",
    "player": "slaurits",
    "player_location": "dk",
    "region": "EUR / PAL"
  },
  {
    "id": "z06893oz",
    "player": "darkkenblade02",
    "player_location": "us",
    "region": "USA / NTSC"
  },
  {
    "id": "yjg39vgy",
    "player": "Aubrey_Flower",
    "player_location": "us",
    "region": "USA / NTSC"
  },
  {
    "id": "zggxl9dz",
    "player": "di_spencer",
    "player_location": "au",
    "region": null
  },
  {
    "id": "ydrr670z",
    "player": "xi_venge_ix",
    "player_location": "us",
    "region": "USA / NTSC"
  },
  {
    "id": "yo77p55m",
    "player": "AblazZe_Guy",
    "player_location": "us",
    "region": "USA / NTSC"
  },
  {
    "id": "yjpgp9gy",
    "player": "usagi_f",
    "player_location": "jp",
    "region": "JPN / NTSC"
  },
  {
    "id": "z0rj75ez",
    "player": "Unit_P10_05H13",
    "player_location": "us",
    "region": "USA / NTSC"
  },
  {
    "id": "y478oqny",
    "player": "Tthew",
    "player_location": "ca",
    "region": "USA / NTSC"
  },
  {
    "id": "mk58851m",
    "player": "JackMD6",
    "player_location": "au",
    "region": null
  },
  {
    "id": "zn0oxqly",
    "player": "saffytaffy",
    "player_location": "ca",
    "region": null
  },
  {
    "id": "zn0pvnvy",
    "player": "Penguinitus",
    "player_location": "ca",
    "region": "USA / NTSC"
  },
  {
    "id": "yo6qol0y",
    "player": "HutchHere",
    "player_location": "us",
    "region": "USA / NTSC"
  },
  {
    "id": "zn0eegvy",
    "player": "I_POOTED",
    "player_location": null,
    "region": null
  },
  {
    "id": "y8ewwnxy",
    "player": "SammySpeedruns",
    "player_location": "be",
    "region": "USA / NTSC"
  },
  {
    "id": "yvolegxz",
    "player": "YUMmy_Bacon5",
    "player_location": "gb/eng",
    "region": null
  },
  {
    "id": "z5dlk4dm",
    "player": "speedrunninggamesyt",
    "player_location": "us",
    "region": "USA / NTSC"
  },
  {
    "id": "y69wnejy",
    "player": "FluidOcarina",
    "player_location": null,
    "region": "USA / NTSC"
  },
  {
    "id": "zxoeqnkz",
    "player": "IOME",
    "player_location": "nl",
    "region": "EUR / PAL"
  },
  {
    "id": "ywj1e5nz",
    "player": "YourDogDead",
    "player_location": "us",
    "region": null
  },
  {
    "id": "yvqnn14m",
    "player": "IceandFyre",
    "player_location": "kp",
    "region": null
  },
  {
    "id": "y9lnejny",
    "player": "Koopaarne",
    "player_location": "de",
    "region": "EUR / PAL"
  },
  {
    "id": "yl700qkm",
    "player": "Gertboi_",
    "player_location": null,
    "region": "USA / NTSC"
  },
  {
    "id": "y6n43w6z",
    "player": "Apple_Play667",
    "player_location": "am",
    "region": null
  },
  {
    "id": "zp22eo8y",
    "player": "GreekAJ",
    "player_location": "us",
    "region": "USA / NTSC"
  },
  {
    "id": "z12gjr7y",
    "player": "Rickards",
    "player_location": "gb",
    "region": null
  },
  {
    "id": "zgd479ez",
    "player": "NightLegend",
    "player_location": "au",
    "region": "USA / NTSC"
  },
  {
    "id": "mkkl1dlm",
    "player": "PapaKeeps",
    "player_location": "us",
    "region": "USA / NTSC"
  },
  {
    "id": "yoro1pjy",
    "player": "Specky",
    "player_location": "it",
    "region": "EUR / PAL"
  },
  {
    "id": "zp9k1dvm",
    "player": "royalty",
    "player_location": null,
    "region": "USA / NTSC"
  },
  {
    "id": "ydwnggvm",
    "player": "Garbgarb",
    "player_location": "us",
    "region": "USA / NTSC"
  },
  {
    "id": "m360krwm",
    "player": "DespacitOverlord",
    "player_location": "gb/sct",
    "region": "EUR / PAL"
  },
  {
    "id": "y9ld95ky",
    "player": "Baba_Jacka",
    "player_location": null,
    "region": "EUR / PAL"
  },
  {
    "id": "yl7lexxm",
    "player": "bannanaisnom",
    "player_location": null,
    "region": null
  },
  {
    "id": "mr6wjo2m",
    "player": "person122",
    "player_location": null,
    "region": null
  },
  {
    "id": "yjxrexgz",
    "player": "Nicsi",
    "player_location": "it",
    "region": "EUR / PAL"
  },
  {
    "id": "ydwx57vm",
    "player": "a_variety_pack",
    "player_location": "us",
    "region": "USA / NTSC"
  },
  {
    "id": "m7xj9xwy",
    "player": "ZantZora",
    "player_location": "us",
    "region": "USA / NTSC"
  },
  {
    "id": "zq0llp1y",
    "player": "Normal",
    "player_location": null,
    "region": "JPN / NTSC"
  },
  {
    "id": "y601p9jy",
    "player": "SuicioStealth",
    "player_location": "us",
    "region": "USA / NTSC"
  },
  {
    "id": "y4q5w2km",
    "player": "_SpeedymcNuggets",
    "player_location": "il",
    "region": null
  },
  {
    "id": "y4q5q53m",
    "player": "visionIronSides",
    "player_location": "us",
    "region": "USA / NTSC"
  },
  {
    "id": "yw34kq9m",
    "player": "Karsto",
    "player_location": null,
    "region": "USA / NTSC"
  },
  {
    "id": "y2pv20jz",
    "player": "blueberry",
    "player_location": "us",
    "region": "USA / NTSC"
  },
  {
    "id": "yd1kd2qy",
    "player": "Pigeon1226",
    "player_location": "us",
    "region": "USA / NTSC"
  },
  {
    "id": "m33k9ggm",
    "player": "drybloxman",
    "player_location": "us",
    "region": "USA / NTSC"
  },
  {
    "id": "m76oeo4y",
    "player": "Abb1e_",
    "player_location": "gb/sct",
    "region": "EUR / PAL"
  },
  {
    "id": "y88n965y",
    "player": "Kwaol",
    "player_location": "cy",
    "region": "USA / NTSC"
  },
  {
    "id": "y2prw9wz",
    "player": "Gametastic997",
    "player_location": null,
    "region": "USA / NTSC"
  },
  {
    "id": "yvre94oz",
    "player": "omegachart64",
    "player_location": "us",
    "region": null
  },
  {
    "id": "y6x3qk1y",
    "player": "thanoskermit43",
    "player_location": null,
    "region": "USA / NTSC"
  },
  {
    "id": "yl14q6km",
    "player": "ShayTheGuy",
    "player_location": null,
    "region": "EUR / PAL"
  },
  {
    "id": "yjd4nxgy",
    "player": "Arvellion",
    "player_location": null,
    "region": "USA / NTSC"
  },
  {
    "id": "m3x0elqm",
    "player": "PAN_KUKURYDZ",
    "player_location": "pl",
    "region": "EUR / PAL"
  },
  {
    "id": "y6xg4gpy",
    "player": "Pewspy",
    "player_location": null,
    "region": "USA / NTSC"
  },
  {
    "id": "y4xn1okz",
    "player": "Rouxls_Kaard",
    "player_location": null,
    "region": null
  },
  {
    "id": "yl15e4rm",
    "player": "HumanizedBlueBlur",
    "player_location": null,
    "region": null
  },
  {
    "id": "yj84667m",
    "player": "distortedbronze",
    "player_location": "gb/sct",
    "region": "EUR / PAL"
  },
  {
    "id": "z0lg0n9z",
    "player": "Frankenforter",
    "player_location": "us",
    "region": "USA / NTSC"
  },
  {
    "id": "y6xkr8py",
    "player": "Majhox",
    "player_location": "pl",
    "region": null
  },
  {
    "id": "y803qx5m",
    "player": "XDMRGOODGUY",
    "player_location": null,
    "region": "USA / NTSC"
  }
]