[
  {
    "id": "pm3864dy",
    "player": "plp",
    "player_location": "us",
    "region": "USA / NTSC"
  },
  {
    "id": "mrq3go8y",
    "player": "Faschz",
    "player_location": "us",
    "region": "USA / NTSC"
  },
  {
    "id": "yd392nvz",
    "player": "Shigan_",
    "player_location": "fr",
    "region": null
  },
  {
    "id": "kz5nv8nz",
    "player": "tininsteelian",
    "player_location": "us",
    "region": "USA / NTSC"
  },
  {
    "id": "y8qqqvdy",
    "player": "Cyberdemon531",
    "player_location": "us",
    "region": "USA / NTSC"
  },
  {
    "id": "zxvvvoey",
    "player": "Prettyfain",
    "player_location": "se",
    "region": "EUR / PAL"
  },
  {
    "id": "yl943l2y",
    "player": "PeePeeStorm",
    "player_location": "us",
    "region": "USA / NTSC"
  },
  {
    "id": "y23klk9m",
    "player": "Deenosour",
    "player_location": "us",
    "region": "USA / NTSC"
  },
  {
    "id": "y67jnv1m",
    "player": "Zepyhre",
    "player_location": "us",
    "region": "USA / NTSC"
  },
  {
    "id": "m79k1e5y",
    "player": "Ex0Knight",
    "player_location": "us",
    "region": "USA / NTSC"
  },
  {
    "id": "mk9kq8vz",
    "player": "spins72",
    "player_location": "jp",
    "region": "JPN / NTSC"
  },
  {
    "id": "zpqeoe8y",
    "player": "bonsufar",
    "player_location": "ca",
    "region": null
  },
  {
    "id": "yvjgjg4y",
    "player": "xi_kisaragi",
    "player_location": "jp",
    "region": "JPN / NTSC"
  },
  {
    "id": "zx499gey",
    "player": "Usui",
    "player_location": "jp",
    "region": "JPN / NTSC"
  },
  {
    "id": "z03d94ez",
    "player": "HyperHyperbole",
    "player_location": "us",
    "region": "USA / NTSC"
  },
  {
    "id": "yd3644jz",
    "player": "UrBoyDragon",
    "player_location": "ca",
    "region": "USA / NTSC"
  },
  {
    "id": "z5187ojm",
    "player": "p1n0y",
    "player_location": "ca",
    "region": "USA / NTSC"
  },
  {
    "id": "yl4knnrm",
    "player": "Leji",
    "player_location": "us",
    "region": "USA / NTSC"
  },
  {
    "id": "z01oe6oy",
    "player": "EyeOf_Newt",
    "player_location": "us",
    "region": "USA / NTSC"
  },
  {
    "id": "z1128rwz",
    "player": "Psycheage",
    "player_location": "us",
    "region": "USA / NTSC"
  },
  {
    "id": "zn471v9m",
    "player": "AntiPCPerson",
    "player_location": "us",
    "region": "USA / NTSC"
  },
  {
    "id": "zg7qrq0z",
    "player": "maxfield",
    "player_location": "us",
    "region": null
  },
  {
    "id": "z032e0oz",
    "player": "CountGooby",
    "player_location": "us",
    "region": "USA / NTSC"
  },
  {
    "id": "zg7o3gvz",
    "player": "MythicDeo",
    "player_location": "us",
    "region": "USA / NTSC"
  },
  {
    "id": "z51go65m",
    "player": "MaxyneCash",
    "player_location": "fr",
    "region": "EUR / PAL"
  },
  {
    "id": "m3owvn4m",
    "player": "wakar",
    "player_location": "jp",
    "region": "JPN / NTSC"
  },
  {
    "id": "m7q9174z",
    "player": "AlKoholic",
    "player_location": "us",
    "region": "USA / NTSC"
  },
  {
    "id": "y81qnewz",
    "player": "MG5th",
    "player_location": "jp",
    "region": "JPN / NTSC"
  },
  {
    "id": "z1jjr6wz",
    "player": "AmyAmygdala",
    "player_location": "us",
    "region": "USA / NTSC"
  },
  {
    "id": "y9556pez",
    "player": "lunyrobot",
    "player_location": "us",
    "region": "USA / NTSC"
  },
  {
    "id": "m7qgoeez",
    "player": "Nebuladiv",
    "player_location": "ca",
    "region": "USA / NTSC"
  },
  {
    "id": "zn7e099m",
    "player": "Phatzo",
    "player_location": "us",
    "region": "USA / NTSC"
  },
  {
    "id": "zxkd555m",
    "player": "EmberSynth",
    "player_location": "us",
    "region": "USA / NTSC"
  },
  {
    "id": "mk2ow71m",
    "player": "Zioplys",
    "player_location": "ee",
    "region": "EUR / PAL"
  },
  {
    "id": "yv101j4y",
    "player": "AteMyKidney",
    "player_location": "us",
    "region": "USA / NTSC"
  },
  {
    "id": "yv6eexxz",
    "player": "paltha",
    "player_location": "cl",
    "region": "USA / NTSC"
  },
  {
    "id": "yd0jke0z",
    "player": "BajanRooster",
    "player_location": null,
    "region": null
  },
  {
    "id": "y2x1619m",
    "player": "PlasmaAnt",
    "player_location": "us",
    "region": "USA / NTSC"
  },
  {
    "id": "ywq4ojny",
    "player": "Erty853",
    "player_location": "us",
    "region": "USA / NTSC"
  },
  {
    "id": "yw0d6w3m",
    "player": "PikabuIsOffline",
    "player_location": "pl",
    "region": null
  },
  {
    "id": "yd9nqojz",
    "player": "Bregermann",
    "player_location": "us",
    "region": "USA / NTSC"
  },
  {
    "id": "yo9xpk0y",
    "player": "HausBlvd",
    "player_location": "gb/eng",
    "region": "EUR / PAL"
  },
  {
    "id": "zgxop20m",
    "player": "Baconman12",
    "player_location": "fi",
    "region": null
  },
  {
    "id": "y9ndv9ez",
    "player": "Axington123",
    "player_location": "uz",
    "region": "EUR / PAL"
  },
  {
    "id": "y66w5q1y",
    "player": "JohnJick",
    "player_location": "us",
    "region": "USA / NTSC"
  },
  {
    "id": "y8vlogwz",
    "player": "BingerBonger27",
    "player_location": "af",
    "region": "USA / NTSC"
  },
  {
    "id": "z0por2oy",
    "player": "mgn_takeshi",
    "player_location": "jp",
    "region": "JPN / NTSC"
  },
  {
    "id": "yw34o6nm",
    "player": "notitsam",
    "player_location": "us",
    "region": "USA / NTSC"
  },
  {
    "id": "zxnv9lqm",
    "player": "HydroFall",
    "player_location": "us",
    "region": "USA / NTSC"
  },
  {
    "id": "y2j3q9jz",
    "player": "oyzel",
    "player_location": "in",
    "region": "USA / NTSC"
  },
  {
    "id": "zxnvr1gm",
    "player": "CMOJoker",
    "player_location": "us",
    "region": "USA / NTSC"
  }
]