[
  {
    "id": "z0e366em",
    "player": "Vandalnabilo",
    "player_location": "fr",
    "region": "USA / NTSC"
  },
  {
    "id": "y67p6x6m",
    "player": "Fieltor",
    "player_location": "fr",
    "region": "USA / NTSC"
  },
  {
    "id": "mk49gwly",
    "player": "Mordaak",
    "player_location": "fr",
    "region": "USA / NTSC"
  },
  {
    "id": "mrk5o07y",
    "player": "fonzu_",
    "player_location": "es",
    "region": "USA / NTSC"
  },
  {
    "id": "y4rlpxnz",
    "player": "NooTzin",
    "player_location": "br",
    "region": "USA / NTSC"
  }
]