[
  {
    "id": "yvg3noey",
    "player": "joka",
    "player_location": "se",
    "region": "JPN / NTSC"
  },
  {
    "id": "yw14wk9z",
    "player": "nijikutsu",
    "player_location": null,
    "region": "JPN / NTSC"
  },
  {
    "id": "y231n7wm",
    "player": "paraphilia",
    "player_location": null,
    "region": "JPN / NTSC"
  },
  {
    "id": "y67lg9jm",
    "player": "kyleprecise",
    "player_location": "us",
    "region": "JPN / NTSC"
  },
  {
    "id": "zgnkjdny",
    "player": "Iceless",
    "player_location": null,
    "region": "JPN / NTSC"
  },
  {
    "id": "mk42oe5y",
    "player": "poopingsda",
    "player_location": null,
    "region": "JPN / NTSC"
  }
]