[
  {
    "id": "oy2789jz",
    "player": "Graystripe",
    "player_location": "ca",
    "region": "USA / NTSC"
  },
  {
    "id": "pm36j74m",
    "player": "Chris_Hughson",
    "player_location": "us",
    "region": "USA / NTSC"
  },
  {
    "id": "0zn77r3m",
    "player": "Yoda_Cage",
    "player_location": "us",
    "region": "USA / NTSC"
  },
  {
    "id": "2ywn0eny",
    "player": "DarQ",
    "player_location": "ca",
    "region": "USA / NTSC"
  },
  {
    "id": "pm32lxqy",
    "player": "ZZKer",
    "player_location": "us",
    "region": "USA / NTSC"
  },
  {
    "id": "8yvkgx8m",
    "player": "Deck",
    "player_location": "ca",
    "region": "USA / NTSC"
  },
  {
    "id": "z1315erm",
    "player": "Zoncluv",
    "player_location": "mx",
    "region": null
  },
  {
    "id": "mek6vl8m",
    "player": "Propsz",
    "player_location": "no",
    "region": "EUR / PAL"
  },
  {
    "id": "m3dg944z",
    "player": "Olphare",
    "player_location": "no",
    "region": "EUR / PAL"
  },
  {
    "id": "z139689m",
    "player": "Solid",
    "player_location": "de",
    "region": null
  },
  {
    "id": "m3dvrkwz",
    "player": "DuckLuckWut",
    "player_location": "no",
    "region": "EUR / PAL"
  },
  {
    "id": "y97grlem",
    "player": "kcheebs",
    "player_location": "us",
    "region": null
  },
  {
    "id": "mk93nq5z",
    "player": "Spiraler",
    "player_location": "us",
    "region": null
  },
  {
    "id": "m3o5e36m",
    "player": "Chainsawkitten",
    "player_location": "se",
    "region": null
  },
  {
    "id": "m7pnpq5m",
    "player": "Nani",
    "player_location": "us",
    "region": "USA / NTSC"
  },
  {
    "id": "ywp9d30z",
    "player": "goxikolid",
    "player_location": "hu",
    "region": "EUR / PAL"
  },
  {
    "id": "yojvw8jm",
    "player": "Possibly",
    "player_location": "ca",
    "region": "USA / NTSC"
  },
  {
    "id": "zgkl83vy",
    "player": "KnightJR",
    "player_location": "au",
    "region": "EUR / PAL"
  },
  {
    "id": "me662e8z",
    "player": "Kirby_KIE",
    "player_location": "es",
    "region": "EUR / PAL"
  },
  {
    "id": "zn15ek3m",
    "player": "Ridley",
    "player_location": "us",
    "region": "USA / NTSC"
  },
  {
    "id": "z0o794jz",
    "player": "chipsfilip",
    "player_location": "se",
    "region": "EUR / PAL"
  }
]