[
  {
    "id": "pzgngjjy",
    "player": "Krimmydoodle",
    "player_location": "us",
    "region": "USA / NTSC"
  },
  {
    "id": "9mek7n2m",
    "player": "plum",
    "player_location": null,
    "region": "USA / NTSC"
  },
  {
    "id": "9yo47q5m",
    "player": "Etoile0221",
    "player_location": null,
    "region": "JPN / NTSC"
  },
  {
    "id": "8yvjwgoy",
    "player": "Rosael",
    "player_location": "us",
    "region": "USA / NTSC"
  },
  {
    "id": "jy901ney",
    "player": "DhrGR",
    "player_location": "nl",
    "region": "JPN / NTSC"
  },
  {
    "id": "mr8jx5dy",
    "player": "maple",
    "player_location": null,
    "region": "USA / NTSC"
  },
  {
    "id": "zp08jnvm",
    "player": "Electra13x7777",
    "player_location": "us",
    "region": "USA / NTSC"
  },
  {
    "id": "y4g5o0ky",
    "player": "As_Trolo_Gy",
    "player_location": "jp",
    "region": "JPN / NTSC"
  }
]