[
  {
    "id": "yop6er1m",
    "player": "Idocss",
    "player_location": "il",
    "region": null
  },
  {
    "id": "y606r4qy",
    "player": "S_Sea",
    "player_location": null,
    "region": null
  },
  {
    "id": "y9vn05nm",
    "player": "The_maid",
    "player_location": "gb/eng",
    "region": null
  },
  {
    "id": "yw30092m",
    "player": "ElectraMiner",
    "player_location": "us",
    "region": null
  },
  {
    "id": "y2pv156z",
    "player": "teamrocketleadr",
    "player_location": null,
    "region": null
  },
  {
    "id": "me3948qz",
    "player": "Krios",
    "player_location": null,
    "region": "USA / NTSC"
  },
  {
    "id": "z520d7dz",
    "player": "Uptime",
    "player_location": null,
    "region": "USA / NTSC"
  },
  {
    "id": "yddd28xy",
    "player": "theo10945",
    "player_location": null,
    "region": "USA / NTSC"
  },
  {
    "id": "z1prq5jz",
    "player": "MustangEX",
    "player_location": null,
    "region": "USA / NTSC"
  },
  {
    "id": "y88e2xdy",
    "player": "TheDustyLocket",
    "player_location": "us",
    "region": "USA / NTSC"
  },
  {
    "id": "ydde0nxy",
    "player": "Ralkills24",
    "player_location": null,
    "region": "EUR / PAL"
  },
  {
    "id": "y88j3owy",
    "player": "ArCin",
    "player_location": "ph",
    "region": null
  },
  {
    "id": "z0po9l9y",
    "player": "Saturnb",
    "player_location": "va",
    "region": null
  },
  {
    "id": "zx7l5dky",
    "player": "personman61",
    "player_location": null,
    "region": "USA / NTSC"
  },
  {
    "id": "yjppwl7y",
    "player": "AlfonzoG",
    "player_location": null,
    "region": null
  },
  {
    "id": "y602906y",
    "player": "Somal",
    "player_location": null,
    "region": "USA / NTSC"
  },
  {
    "id": "m766eeey",
    "player": "Safierninja",
    "player_location": null,
    "region": "USA / NTSC"
  },
  {
    "id": "yoppxpjm",
    "player": "air_balloon",
    "player_location": null,
    "region": null
  },
  {
    "id": "zx78408y",
    "player": "wazk",
    "player_location": null,
    "region": null
  },
  {
    "id": "y2pe6pwz",
    "player": "Shirubaurufu",
    "player_location": "bg",
    "region": "EUR / PAL"
  },
  {
    "id": "zq79768m",
    "player": "Deadliest_Taco",
    "player_location": null,
    "region": null
  },
  {
    "id": "zp99568m",
    "player": "ploki122",
    "player_location": "ca",
    "region": null
  },
  {
    "id": "y2pp87jz",
    "player": "DexTheDog123",
    "player_location": null,
    "region": "USA / NTSC"
  },
  {
    "id": "zp9d5p8m",
    "player": "KoryN12",
    "player_location": null,
    "region": "USA / NTSC"
  },
  {
    "id": "zp9d1dxm",
    "player": "DonnoMan",
    "player_location": "ro",
    "region": "EUR / PAL"
  },
  {
    "id": "y4qxel2m",
    "player": "Henry314159",
    "player_location": "us",
    "region": null
  },
  {
    "id": "mkkdj61m",
    "player": "onijunior",
    "player_location": null,
    "region": "EUR / PAL"
  },
  {
    "id": "zq79jexm",
    "player": "robby_click",
    "player_location": "us",
    "region": "USA / NTSC"
  },
  {
    "id": "y9vxjeem",
    "player": "CrispyNeal",
    "player_location": null,
    "region": null
  },
  {
    "id": "zq79ow1m",
    "player": "AnCKitsune",
    "player_location": "us",
    "region": "USA / NTSC"
  },
  {
    "id": "yl7n54xm",
    "player": "Xanth",
    "player_location": null,
    "region": "USA / NTSC"
  },
  {
    "id": "z52e62ez",
    "player": "KingAwepic",
    "player_location": null,
    "region": "USA / NTSC"
  },
  {
    "id": "zgpexo0z",
    "player": "math216",
    "player_location": null,
    "region": "EUR / PAL"
  },
  {
    "id": "m33q58qm",
    "player": "TheNerdling",
    "player_location": null,
    "region": "USA / NTSC"
  },
  {
    "id": "yw65n63m",
    "player": "CraftyDuck100",
    "player_location": "us",
    "region": null
  }
]