[
  {
    "id": "z11k177z",
    "player": "PcJackSlater",
    "player_location": "de",
    "region": "EUR / PAL"
  },
  {
    "id": "yvjqlpoy",
    "player": "PortsCenter",
    "player_location": "us",
    "region": "USA / NTSC"
  },
  {
    "id": "mr7k34dz",
    "player": "tuko",
    "player_location": "ch",
    "region": null
  },
  {
    "id": "mejnqn3y",
    "player": "MilkToast",
    "player_location": "de",
    "region": "EUR / PAL"
  },
  {
    "id": "yd516j0m",
    "player": "Racooze",
    "player_location": "de",
    "region": "EUR / PAL"
  },
  {
    "id": "y8do2knz",
    "player": "Dr_Ravenholm",
    "player_location": "gb/sct",
    "region": "EUR / PAL"
  },
  {
    "id": "z5d042jm",
    "player": "ARKJordan",
    "player_location": "es",
    "region": "EUR / PAL"
  },
  {
    "id": "mr6j972m",
    "player": "Parz15al",
    "player_location": "ch",
    "region": "EUR / PAL"
  }
]