[
  {
    "id": "yd0953wz",
    "player": "EnNopp112",
    "player_location": "se",
    "region": "JPN / NTSC"
  },
  {
    "id": "mex0kn3z",
    "player": "MajinPhil",
    "player_location": "ca",
    "region": "USA / NTSC"
  },
  {
    "id": "6yj41e7y",
    "player": "TylersGaming",
    "player_location": "us",
    "region": "JPN / NTSC"
  },
  {
    "id": "mrk0xl8y",
    "player": "fullgrowngaming",
    "player_location": "ca",
    "region": "JPN / NTSC"
  },
  {
    "id": "zgk8j7vy",
    "player": "sva",
    "player_location": "jp",
    "region": "USA / NTSC"
  },
  {
    "id": "zn8lld8z",
    "player": "thiefbug",
    "player_location": "de",
    "region": "JPN / NTSC"
  },
  {
    "id": "0y6wo6qz",
    "player": "VPP",
    "player_location": "fi",
    "region": "JPN / NTSC"
  },
  {
    "id": "kz510ndm",
    "player": "Rrizzo_0",
    "player_location": "ca",
    "region": "JPN / NTSC"
  },
  {
    "id": "1zq3gn9y",
    "player": "v0lt_",
    "player_location": "us",
    "region": "JPN / NTSC"
  },
  {
    "id": "z06r399z",
    "player": "Jimmie1717",
    "player_location": null,
    "region": "USA / NTSC"
  },
  {
    "id": "7z0362jz",
    "player": "Rahollow",
    "player_location": null,
    "region": "JPN / NTSC"
  },
  {
    "id": "yo4n03dm",
    "player": "Marco",
    "player_location": "fr",
    "region": "JPN / NTSC"
  },
  {
    "id": "8yvj2eey",
    "player": "Nooya",
    "player_location": null,
    "region": "JPN / NTSC"
  },
  {
    "id": "0zn4o6lm",
    "player": "kyoka",
    "player_location": "jp",
    "region": "JPN / NTSC"
  },
  {
    "id": "2ywp0o9z",
    "player": "DeathBasket",
    "player_location": "gb/eng",
    "region": "JPN / NTSC"
  },
  {
    "id": "6yj41rny",
    "player": "jodenstone",
    "player_location": "se",
    "region": "JPN / NTSC"
  },
  {
    "id": "7yl4ow3m",
    "player": "omgatree6",
    "player_location": "us",
    "region": "JPN / NTSC"
  },
  {
    "id": "y95gqrnz",
    "player": "zfg",
    "player_location": "us",
    "region": "JPN / NTSC"
  },
  {
    "id": "wzp03erm",
    "player": "Venick",
    "player_location": "us",
    "region": "JPN / NTSC"
  },
  {
    "id": "jy92nqnz",
    "player": "\u3050\u3064\u3050\u3064\u304d\u308a\u307c\u3057\u3060\u3044\u3053\u3093",
    "player_location": null,
    "region": "JPN / NTSC"
  },
  {
    "id": "nz1184rz",
    "player": "Grief911",
    "player_location": null,
    "region": "JPN / NTSC"
  },
  {
    "id": "emk97n5z",
    "player": "Triidin",
    "player_location": null,
    "region": "JPN / NTSC"
  },
  {
    "id": "y45r3jnm",
    "player": "TrevPerson",
    "player_location": "us",
    "region": "JPN / NTSC"
  },
  {
    "id": "kz5104em",
    "player": "mmfruit",
    "player_location": "at",
    "region": "JPN / NTSC"
  },
  {
    "id": "pm3on4qm",
    "player": "Cerberus",
    "player_location": null,
    "region": "JPN / NTSC"
  },
  {
    "id": "7yld4gxm",
    "player": "flanthis",
    "player_location": "us",
    "region": "USA / NTSC"
  },
  {
    "id": "yd37qk0z",
    "player": "TheLegendofZaheer",
    "player_location": "us",
    "region": "JPN / NTSC"
  },
  {
    "id": "9yon635z",
    "player": "mistmaster1",
    "player_location": "us",
    "region": "JPN / NTSC"
  },
  {
    "id": "0y6pdn6m",
    "player": "Elfflame",
    "player_location": "us",
    "region": "USA / NTSC"
  },
  {
    "id": "6yjprn7y",
    "player": "Eumeus14",
    "player_location": "us",
    "region": "JPN / NTSC"
  },
  {
    "id": "jy9298rz",
    "player": "Michaelton",
    "player_location": "us",
    "region": "USA / NTSC"
  },
  {
    "id": "emkd753y",
    "player": "Etchpen",
    "player_location": "no",
    "region": "JPN / NTSC"
  },
  {
    "id": "2ywpqj3z",
    "player": "Lortwogo",
    "player_location": "ca",
    "region": "USA / NTSC"
  },
  {
    "id": "9yo27l0z",
    "player": "Kaztalek",
    "player_location": null,
    "region": "JPN / NTSC"
  },
  {
    "id": "7z03rjoz",
    "player": "miscelaneous",
    "player_location": null,
    "region": "JPN / NTSC"
  },
  {
    "id": "oy2qx27y",
    "player": "SlaskPrask",
    "player_location": "se",
    "region": "JPN / NTSC"
  },
  {
    "id": "9yo27r0z",
    "player": "daiso",
    "player_location": null,
    "region": "JPN / NTSC"
  },
  {
    "id": "1zq3181y",
    "player": "Tokyoboi",
    "player_location": "us",
    "region": "USA / NTSC"
  },
  {
    "id": "1zq31d1y",
    "player": "Indextic",
    "player_location": "ca",
    "region": "USA / NTSC"
  },
  {
    "id": "7yl4qlxm",
    "player": "Crankeey",
    "player_location": "us",
    "region": "USA / NTSC"
  },
  {
    "id": "nz11r27z",
    "player": "RhoneRanger",
    "player_location": null,
    "region": "USA / NTSC"
  },
  {
    "id": "8m7pdw4m",
    "player": "Sentoz",
    "player_location": null,
    "region": "EUR / PAL"
  },
  {
    "id": "1zx4gley",
    "player": "FreezR",
    "player_location": null,
    "region": "USA / NTSC"
  },
  {
    "id": "kz51r25m",
    "player": "Zas",
    "player_location": "fi",
    "region": "USA / NTSC"
  },
  {
    "id": "pm3or3dm",
    "player": "Faydz",
    "player_location": "de",
    "region": "EUR / PAL"
  },
  {
    "id": "oy2qxp5y",
    "player": "ZeldaGamer",
    "player_location": "ca",
    "region": "USA / NTSC"
  },
  {
    "id": "7z03rdoz",
    "player": "azder",
    "player_location": "ca",
    "region": "USA / NTSC"
  },
  {
    "id": "9yo27x5z",
    "player": "roxas4ever",
    "player_location": null,
    "region": "USA / NTSC"
  },
  {
    "id": "emk9gkxz",
    "player": "Suracin",
    "player_location": null,
    "region": "JPN / NTSC"
  },
  {
    "id": "7yl4q6xm",
    "player": "Lance",
    "player_location": "us",
    "region": "JPN / NTSC"
  },
  {
    "id": "0y6pd26m",
    "player": "Luffy_FTW",
    "player_location": null,
    "region": "JPN / NTSC"
  },
  {
    "id": "oy2qxe5y",
    "player": "eN-t",
    "player_location": null,
    "region": "JPN / NTSC"
  },
  {
    "id": "emk9gqlz",
    "player": "Peffern",
    "player_location": "no",
    "region": "JPN / NTSC"
  },
  {
    "id": "0y6pdx6m",
    "player": "PartySquatch",
    "player_location": null,
    "region": "USA / NTSC"
  },
  {
    "id": "nz1x7rgm",
    "player": "Goron",
    "player_location": "se",
    "region": "JPN / NTSC"
  },
  {
    "id": "2ywpqv3z",
    "player": "ZoraDude119",
    "player_location": null,
    "region": "JPN / NTSC"
  },
  {
    "id": "6yj4g8dy",
    "player": "Memorecks",
    "player_location": null,
    "region": "JPN / NTSC"
  },
  {
    "id": "9me87e0m",
    "player": "Braad",
    "player_location": null,
    "region": "JPN / NTSC"
  },
  {
    "id": "8m7pd24m",
    "player": "FloFloo2217",
    "player_location": null,
    "region": "JPN / NTSC"
  },
  {
    "id": "z53dl45y",
    "player": "gymnast86",
    "player_location": "us",
    "region": "USA / NTSC"
  },
  {
    "id": "kz51rp5m",
    "player": "Casey B",
    "player_location": null,
    "region": "JPN / NTSC"
  },
  {
    "id": "pm3orqdm",
    "player": "rodner",
    "player_location": null,
    "region": "JPN / NTSC"
  },
  {
    "id": "dy43ro3z",
    "player": "Ghoti1482",
    "player_location": "us",
    "region": "JPN / NTSC"
  },
  {
    "id": "1zq31jry",
    "player": "maxx",
    "player_location": "us",
    "region": "JPN / NTSC"
  },
  {
    "id": "dy47rgqy",
    "player": "kelarus",
    "player_location": "us",
    "region": "JPN / NTSC"
  },
  {
    "id": "zp04pwgm",
    "player": "Devachu",
    "player_location": "jp",
    "region": "JPN / NTSC"
  },
  {
    "id": "1zxd3qey",
    "player": "Bob5858",
    "player_location": "gb/nir",
    "region": "JPN / NTSC"
  },
  {
    "id": "8yvj1p8y",
    "player": "DoctorKill",
    "player_location": null,
    "region": "JPN / NTSC"
  },
  {
    "id": "0zn41vvm",
    "player": "hiCtheDrank",
    "player_location": "us",
    "region": "JPN / NTSC"
  },
  {
    "id": "2ywpqrnz",
    "player": "Solasel",
    "player_location": "us",
    "region": "JPN / NTSC"
  },
  {
    "id": "6yj4g2oy",
    "player": "Vynleren",
    "player_location": null,
    "region": "JPN / NTSC"
  },
  {
    "id": "pzg7gejz",
    "player": "Samura1man",
    "player_location": "fi",
    "region": "USA / NTSC"
  },
  {
    "id": "9me87l2m",
    "player": "Samots",
    "player_location": "br",
    "region": "JPN / NTSC"
  },
  {
    "id": "wzp01wvm",
    "player": "Kiriplant",
    "player_location": "au",
    "region": "EUR / PAL"
  },
  {
    "id": "y82xj8xy",
    "player": "Zelkys",
    "player_location": "fr",
    "region": "USA / NTSC"
  },
  {
    "id": "nz11rlwz",
    "player": "ingx24",
    "player_location": "us",
    "region": "USA / NTSC"
  },
  {
    "id": "8m7pd39m",
    "player": "Toastarific",
    "player_location": null,
    "region": "JPN / NTSC"
  },
  {
    "id": "kz51rkjm",
    "player": "Washeyy",
    "player_location": "au",
    "region": "USA / NTSC"
  },
  {
    "id": "pm3orkgm",
    "player": "jiano",
    "player_location": null,
    "region": "USA / NTSC"
  },
  {
    "id": "dy43rk2z",
    "player": "SodiumEyes",
    "player_location": "ca",
    "region": "USA / NTSC"
  },
  {
    "id": "oy2qxk7y",
    "player": "Adarax",
    "player_location": null,
    "region": "JPN / NTSC"
  },
  {
    "id": "0y6pdq0m",
    "player": "cafde",
    "player_location": "us",
    "region": "JPN / NTSC"
  },
  {
    "id": "8y89dkxm",
    "player": "Kuhls",
    "player_location": null,
    "region": "JPN / NTSC"
  },
  {
    "id": "6yj39lnz",
    "player": "LexiWatercolor",
    "player_location": "us",
    "region": "JPN / NTSC"
  },
  {
    "id": "2ywpqnnz",
    "player": "quo",
    "player_location": "ca",
    "region": "USA / NTSC"
  },
  {
    "id": "6yj4gwoy",
    "player": "Graddarn",
    "player_location": null,
    "region": "JPN / NTSC"
  },
  {
    "id": "pzg7g8jz",
    "player": "pasyuirony03",
    "player_location": null,
    "region": "JPN / NTSC"
  },
  {
    "id": "9me8702m",
    "player": "Someguy",
    "player_location": "us",
    "region": "JPN / NTSC"
  },
  {
    "id": "wzp01pvm",
    "player": "joro550",
    "player_location": "gb/eng",
    "region": "JPN / NTSC"
  },
  {
    "id": "pyd3r2xz",
    "player": "qwerty1605",
    "player_location": null,
    "region": "USA / NTSC"
  },
  {
    "id": "jy929krz",
    "player": "Zaf",
    "player_location": "no",
    "region": "USA / NTSC"
  },
  {
    "id": "nz11rkwz",
    "player": "Outlawmentalman",
    "player_location": "us",
    "region": "USA / NTSC"
  },
  {
    "id": "y81r3onz",
    "player": "thk573",
    "player_location": "us",
    "region": "JPN / NTSC"
  },
  {
    "id": "8m7pdn9m",
    "player": "camo_ninga",
    "player_location": null,
    "region": "USA / NTSC"
  },
  {
    "id": "1zx4gqky",
    "player": "gabyelnuevo",
    "player_location": "do",
    "region": "JPN / NTSC"
  },
  {
    "id": "kz51r8jm",
    "player": "GarageDoorOpener",
    "player_location": "ca",
    "region": "JPN / NTSC"
  },
  {
    "id": "pm3or0gm",
    "player": "Herbiie",
    "player_location": "us",
    "region": "JPN / NTSC"
  },
  {
    "id": "dy43r62z",
    "player": "Rocmox",
    "player_location": null,
    "region": "USA / NTSC"
  },
  {
    "id": "0y6pdv0m",
    "player": "Bre_z",
    "player_location": null,
    "region": "USA / NTSC"
  },
  {
    "id": "8y89dwxm",
    "player": "cheeze4343",
    "player_location": "us",
    "region": "USA / NTSC"
  },
  {
    "id": "8yvj1l8y",
    "player": "ocdrummer47",
    "player_location": null,
    "region": "JPN / NTSC"
  },
  {
    "id": "0zn412vm",
    "player": "mtmannion",
    "player_location": "gb/eng",
    "region": "JPN / NTSC"
  },
  {
    "id": "2ywpqgnz",
    "player": "Sluse",
    "player_location": null,
    "region": "USA / NTSC"
  },
  {
    "id": "6yj4gooy",
    "player": "Andreltd",
    "player_location": null,
    "region": "USA / NTSC"
  },
  {
    "id": "7yl4qdxm",
    "player": "Ryuunake98",
    "player_location": null,
    "region": "JPN / NTSC"
  },
  {
    "id": "pzg7gljz",
    "player": "tlozsr",
    "player_location": "us",
    "region": "JPN / NTSC"
  },
  {
    "id": "9me87w2m",
    "player": "Magnum66",
    "player_location": null,
    "region": "JPN / NTSC"
  },
  {
    "id": "9yo2705z",
    "player": "DiamondLink",
    "player_location": null,
    "region": "USA / NTSC"
  },
  {
    "id": "wzp016vm",
    "player": "Amawolf",
    "player_location": "at",
    "region": "USA / NTSC"
  },
  {
    "id": "pyd3rnxz",
    "player": "Kazuma__",
    "player_location": null,
    "region": "JPN / NTSC"
  },
  {
    "id": "jy929jrz",
    "player": "mrsinji",
    "player_location": null,
    "region": "USA / NTSC"
  },
  {
    "id": "nz11r9wz",
    "player": "Thijmthijm",
    "player_location": null,
    "region": "USA / NTSC"
  },
  {
    "id": "8m7pdo9m",
    "player": "Shinybreiton",
    "player_location": "de",
    "region": "JPN / NTSC"
  },
  {
    "id": "9mr81x8y",
    "player": "Gravegold",
    "player_location": null,
    "region": "USA / NTSC"
  },
  {
    "id": "1zx4gxky",
    "player": "TBDM",
    "player_location": null,
    "region": "USA / NTSC"
  },
  {
    "id": "kz51rgjm",
    "player": "magnumpi475",
    "player_location": "us",
    "region": "JPN / NTSC"
  },
  {
    "id": "pm3orjgm",
    "player": "Biocaker",
    "player_location": null,
    "region": "USA / NTSC"
  },
  {
    "id": "dy43rl2z",
    "player": "benstephens1000",
    "player_location": null,
    "region": "USA / NTSC"
  },
  {
    "id": "1zq31q1y",
    "player": "everalert",
    "player_location": "au",
    "region": "JPN / NTSC"
  },
  {
    "id": "oy2qxw7y",
    "player": "Duckmij",
    "player_location": null,
    "region": "JPN / NTSC"
  },
  {
    "id": "7z03rqoz",
    "player": "theMakaron",
    "player_location": null,
    "region": "JPN / NTSC"
  },
  {
    "id": "0y6pde0m",
    "player": "BlackBaron24",
    "player_location": null,
    "region": "USA / NTSC"
  },
  {
    "id": "8y89dpxm",
    "player": "Hsmboy",
    "player_location": null,
    "region": "USA / NTSC"
  },
  {
    "id": "8yvj1x8y",
    "player": "Cfox",
    "player_location": "us",
    "region": "USA / NTSC"
  },
  {
    "id": "0zn41xvm",
    "player": "l1ghtaluc4rd",
    "player_location": "us",
    "region": "JPN / NTSC"
  },
  {
    "id": "2ywpqxnz",
    "player": "BlinkzyLikesTurtles",
    "player_location": null,
    "region": "USA / NTSC"
  },
  {
    "id": "6yj4g9oy",
    "player": "Xryole1",
    "player_location": null,
    "region": "JPN / NTSC"
  },
  {
    "id": "7yl4qxxm",
    "player": "siglemic",
    "player_location": "us",
    "region": "USA / NTSC"
  },
  {
    "id": "pzg7gojz",
    "player": "Chabo",
    "player_location": "us",
    "region": "USA / NTSC"
  },
  {
    "id": "9me87g2m",
    "player": "Asherza",
    "player_location": "us",
    "region": "USA / NTSC"
  },
  {
    "id": "wzp01xvm",
    "player": "kacologo",
    "player_location": null,
    "region": "JPN / NTSC"
  },
  {
    "id": "pyd3rlxz",
    "player": "Antijo",
    "player_location": null,
    "region": "JPN / NTSC"
  },
  {
    "id": "nz11rnwz",
    "player": "DJS",
    "player_location": "se",
    "region": "USA / NTSC"
  },
  {
    "id": "emk9golz",
    "player": "Pokey",
    "player_location": "co",
    "region": "USA / NTSC"
  },
  {
    "id": "9mr8108y",
    "player": "MTstriker10",
    "player_location": null,
    "region": "JPN / NTSC"
  },
  {
    "id": "1zx4gjky",
    "player": "Sam_",
    "player_location": "fr",
    "region": "USA / NTSC"
  },
  {
    "id": "kz51rljm",
    "player": "Facity",
    "player_location": null,
    "region": "USA / NTSC"
  },
  {
    "id": "pm3orwgm",
    "player": "Koobes",
    "player_location": null,
    "region": "USA / NTSC"
  },
  {
    "id": "dy43rj2z",
    "player": "PlasticineGuy",
    "player_location": null,
    "region": "USA / NTSC"
  },
  {
    "id": "1zq3121y",
    "player": "Roehoer",
    "player_location": "nl",
    "region": "USA / NTSC"
  },
  {
    "id": "oy2qxn7y",
    "player": "person701",
    "player_location": null,
    "region": "USA / NTSC"
  },
  {
    "id": "7z03r8oz",
    "player": "Firekillerxx",
    "player_location": "us",
    "region": "USA / NTSC"
  },
  {
    "id": "0y6pdg0m",
    "player": "Darko",
    "player_location": "ca/qc",
    "region": "JPN / NTSC"
  },
  {
    "id": "8y89doxm",
    "player": "Ryan",
    "player_location": "us",
    "region": "EUR / PAL"
  },
  {
    "id": "oy2qxnjy",
    "player": "LunaLoire",
    "player_location": null,
    "region": "USA / NTSC"
  },
  {
    "id": "7z03r8jz",
    "player": "Kosmic",
    "player_location": "us",
    "region": "USA / NTSC"
  },
  {
    "id": "8yv6d0ez",
    "player": "Scibby",
    "player_location": null,
    "region": "JPN / NTSC"
  },
  {
    "id": "8y89dowm",
    "player": "starcrytas",
    "player_location": "us",
    "region": "JPN / NTSC"
  },
  {
    "id": "8yvj1nxy",
    "player": "Takeo",
    "player_location": "us",
    "region": "USA / NTSC"
  },
  {
    "id": "0zn4199m",
    "player": "xpskrusherxs",
    "player_location": null,
    "region": "USA / NTSC"
  },
  {
    "id": "2ywpqw2z",
    "player": "xxhectorxx5000",
    "player_location": null,
    "region": "USA / NTSC"
  },
  {
    "id": "6yj4ge7y",
    "player": "skelexspeedruns",
    "player_location": null,
    "region": "JPN / NTSC"
  },
  {
    "id": "7yl4qp2m",
    "player": "chocopoptart",
    "player_location": null,
    "region": "USA / NTSC"
  },
  {
    "id": "pzg7gj0z",
    "player": "gotor12",
    "player_location": null,
    "region": "USA / NTSC"
  },
  {
    "id": "pzg0x0jm",
    "player": "darb_meister30",
    "player_location": "us",
    "region": "JPN / NTSC"
  },
  {
    "id": "9yo27q1z",
    "player": "The_Un_Awakend",
    "player_location": null,
    "region": "USA / NTSC"
  },
  {
    "id": "wzp01onm",
    "player": "tdutch",
    "player_location": null,
    "region": "USA / NTSC"
  },
  {
    "id": "pyd3r4qz",
    "player": "CheesyWhales",
    "player_location": "us",
    "region": "USA / NTSC"
  },
  {
    "id": "jy929e2z",
    "player": "Hero of masks",
    "player_location": null,
    "region": "USA / NTSC"
  },
  {
    "id": "nz11r6jz",
    "player": "sullyjhf",
    "player_location": "gb/eng",
    "region": "USA / NTSC"
  },
  {
    "id": "emk9gw3z",
    "player": "EToGold",
    "player_location": null,
    "region": "USA / NTSC"
  },
  {
    "id": "pyddkjjy",
    "player": "Haru\u69d8",
    "player_location": "de",
    "region": "JPN / NTSC"
  },
  {
    "id": "wzp0ow8m",
    "player": "trakilicious",
    "player_location": "se",
    "region": "JPN / NTSC"
  },
  {
    "id": "z01dqg8y",
    "player": "Erwan",
    "player_location": "fr",
    "region": "USA / NTSC"
  },
  {
    "id": "yvgo7k8y",
    "player": "xxShawn",
    "player_location": "us",
    "region": "JPN / NTSC"
  },
  {
    "id": "0znr5v8y",
    "player": "ArmorySons",
    "player_location": "us",
    "region": "JPN / NTSC"
  },
  {
    "id": "8y8jge5z",
    "player": "eNt91",
    "player_location": "de",
    "region": "JPN / NTSC"
  },
  {
    "id": "7yl0wo2y",
    "player": "LinkZeldaMaster",
    "player_location": "us",
    "region": "JPN / NTSC"
  },
  {
    "id": "0y65pp6z",
    "player": "RTADan",
    "player_location": "de",
    "region": "JPN / NTSC"
  },
  {
    "id": "pzgwlxny",
    "player": "ThePackle",
    "player_location": "us",
    "region": "JPN / NTSC"
  },
  {
    "id": "zqr8k75y",
    "player": "unlink",
    "player_location": null,
    "region": "USA / NTSC"
  },
  {
    "id": "0zn7g73m",
    "player": "atz",
    "player_location": "ca",
    "region": "JPN / NTSC"
  },
  {
    "id": "8y8eg9ny",
    "player": "seraki",
    "player_location": "jp",
    "region": "JPN / NTSC"
  },
  {
    "id": "jy982kkz",
    "player": "mrbubbleskp",
    "player_location": null,
    "region": "JPN / NTSC"
  },
  {
    "id": "dy4wdxkm",
    "player": "DemmKo",
    "player_location": "us",
    "region": "JPN / NTSC"
  },
  {
    "id": "1zqwl98z",
    "player": "Lotuski24",
    "player_location": "us",
    "region": "JPN / NTSC"
  },
  {
    "id": "7z05gl8m",
    "player": "Nova2401",
    "player_location": null,
    "region": "JPN / NTSC"
  },
  {
    "id": "2yw8969y",
    "player": "Psymon",
    "player_location": null,
    "region": "USA / NTSC"
  },
  {
    "id": "6yjl0dnz",
    "player": "ZeldaGamer1995",
    "player_location": null,
    "region": "JPN / NTSC"
  },
  {
    "id": "pzgw52ny",
    "player": "Sigmin",
    "player_location": "us",
    "region": "USA / NTSC"
  },
  {
    "id": "9yokwljz",
    "player": "RSR",
    "player_location": null,
    "region": "JPN / NTSC"
  },
  {
    "id": "yjk3lw7m",
    "player": "Gold",
    "player_location": "gb/wls",
    "region": "JPN / NTSC"
  },
  {
    "id": "9mrkgo7y",
    "player": "TheWindMask",
    "player_location": "ca",
    "region": "JPN / NTSC"
  },
  {
    "id": "0znv747m",
    "player": "williamwallace88",
    "player_location": "de",
    "region": "USA / NTSC"
  },
  {
    "id": "znrgxgly",
    "player": "Link11",
    "player_location": "us",
    "region": "USA / NTSC"
  },
  {
    "id": "zgwgq3ny",
    "player": "FFerraz1",
    "player_location": "br",
    "region": "USA / NTSC"
  },
  {
    "id": "dy40oe2z",
    "player": "Tara",
    "player_location": "us",
    "region": "JPN / NTSC"
  },
  {
    "id": "wzpglk8z",
    "player": "geragg34",
    "player_location": "us",
    "region": "JPN / NTSC"
  },
  {
    "id": "y23x566m",
    "player": "SampleName_",
    "player_location": "us",
    "region": "JPN / NTSC"
  },
  {
    "id": "y45q45qm",
    "player": "chopperman9",
    "player_location": "fr",
    "region": "JPN / NTSC"
  },
  {
    "id": "7yloq7xy",
    "player": "haruken_hiroshi",
    "player_location": "jp",
    "region": "JPN / NTSC"
  },
  {
    "id": "wzpjl9gz",
    "player": "GreenBomber",
    "player_location": "us",
    "region": "JPN / NTSC"
  },
  {
    "id": "8m7ogl4y",
    "player": "JakiJo",
    "player_location": "us",
    "region": "JPN / NTSC"
  },
  {
    "id": "wzpww5ry",
    "player": "Oxxyga",
    "player_location": "fr",
    "region": "JPN / NTSC"
  },
  {
    "id": "z512d9gm",
    "player": "shiba",
    "player_location": "jp",
    "region": "JPN / NTSC"
  },
  {
    "id": "8m777qem",
    "player": "Perzyk",
    "player_location": "pl",
    "region": "JPN / NTSC"
  },
  {
    "id": "9meellqm",
    "player": "Severed_Speedruns",
    "player_location": "us",
    "region": "JPN / NTSC"
  },
  {
    "id": "pm370ldz",
    "player": "Xandervile",
    "player_location": "gb/eng",
    "region": "JPN / NTSC"
  },
  {
    "id": "7z0p9roy",
    "player": "Draconif",
    "player_location": "us",
    "region": "JPN / NTSC"
  },
  {
    "id": "pydevoxm",
    "player": "Tatakiwaru",
    "player_location": null,
    "region": "JPN / NTSC"
  },
  {
    "id": "pydexjjm",
    "player": "Carpo",
    "player_location": "us",
    "region": "USA / NTSC"
  },
  {
    "id": "y2306xwm",
    "player": "brightwolfz",
    "player_location": "us",
    "region": "USA / NTSC"
  },
  {
    "id": "m7845wwz",
    "player": "NicoSpeedsub",
    "player_location": "de",
    "region": "JPN / NTSC"
  },
  {
    "id": "0zng268m",
    "player": "bell",
    "player_location": "jp",
    "region": "JPN / NTSC"
  },
  {
    "id": "pyd19g0y",
    "player": "95Shade",
    "player_location": "us",
    "region": "JPN / NTSC"
  },
  {
    "id": "8yv579om",
    "player": "FsJuicyJ",
    "player_location": "us",
    "region": "JPN / NTSC"
  },
  {
    "id": "emkk0kxm",
    "player": "RadioGaming",
    "player_location": "ca/qc",
    "region": "JPN / NTSC"
  },
  {
    "id": "y6ldeg6y",
    "player": "ClaireSV",
    "player_location": "aq",
    "region": "JPN / NTSC"
  },
  {
    "id": "wzp911vm",
    "player": "Taw_",
    "player_location": "us",
    "region": "JPN / NTSC"
  },
  {
    "id": "8y88jnny",
    "player": "flyingtoaster0",
    "player_location": "ca",
    "region": "JPN / NTSC"
  },
  {
    "id": "z0e1n0om",
    "player": "Fig02",
    "player_location": "us",
    "region": "JPN / NTSC"
  },
  {
    "id": "jy9vlnem",
    "player": "RBman",
    "player_location": "ca",
    "region": "JPN / NTSC"
  },
  {
    "id": "nz1p20gz",
    "player": "Valientlink",
    "player_location": "us",
    "region": "JPN / NTSC"
  },
  {
    "id": "zgkgo4jy",
    "player": "TheHumanProtractor",
    "player_location": "us",
    "region": "USA / NTSC"
  },
  {
    "id": "zpq2qogy",
    "player": "Yaruzu",
    "player_location": "ca",
    "region": "JPN / NTSC"
  },
  {
    "id": "2yw6013m",
    "player": "SnoWin",
    "player_location": "fr",
    "region": "JPN / NTSC"
  },
  {
    "id": "2yw3x72m",
    "player": "zelpikukirby",
    "player_location": "jp",
    "region": "JPN / NTSC"
  },
  {
    "id": "0znqlj3z",
    "player": "ganobrator",
    "player_location": "us",
    "region": "JPN / NTSC"
  },
  {
    "id": "kz5xojdy",
    "player": "Joeeff",
    "player_location": null,
    "region": "JPN / NTSC"
  },
  {
    "id": "9me1kj8y",
    "player": "Flofloo",
    "player_location": "fr",
    "region": "JPN / NTSC"
  },
  {
    "id": "pm3x10wm",
    "player": "annanokeiji",
    "player_location": "gb/eng",
    "region": "JPN / NTSC"
  },
  {
    "id": "pzgqp3dy",
    "player": "VenMissa",
    "player_location": null,
    "region": "JPN / NTSC"
  },
  {
    "id": "0znq379z",
    "player": "DeliciousSalad",
    "player_location": "us",
    "region": "JPN / NTSC"
  },
  {
    "id": "pm3l72wm",
    "player": "Skozzy",
    "player_location": "us",
    "region": "JPN / NTSC"
  },
  {
    "id": "9mrrl04m",
    "player": "FishFood",
    "player_location": "us",
    "region": "JPN / NTSC"
  },
  {
    "id": "jy9xw0vy",
    "player": "RyneGiles",
    "player_location": "us",
    "region": "JPN / NTSC"
  },
  {
    "id": "yjk51d7m",
    "player": "Sceph",
    "player_location": "us",
    "region": "JPN / NTSC"
  },
  {
    "id": "zpq69pry",
    "player": "BlueBob",
    "player_location": "ca",
    "region": "JPN / NTSC"
  },
  {
    "id": "kz5g3n5m",
    "player": "FoxyToaster",
    "player_location": "us",
    "region": "JPN / NTSC"
  },
  {
    "id": "8m7oqp5y",
    "player": "Bluehits",
    "player_location": "us",
    "region": "JPN / NTSC"
  },
  {
    "id": "y454qrkm",
    "player": "RoseCurel",
    "player_location": "us",
    "region": "JPN / NTSC"
  },
  {
    "id": "z51q9pjm",
    "player": "mrjerkyjerky",
    "player_location": "gb/eng",
    "region": "JPN / NTSC"
  },
  {
    "id": "dy4x4gdz",
    "player": "FoOltz",
    "player_location": "us",
    "region": "USA / NTSC"
  },
  {
    "id": "8y808g5m",
    "player": "MidnightOnThe3rdDay",
    "player_location": "au",
    "region": "JPN / NTSC"
  },
  {
    "id": "yol3nr1y",
    "player": "Riddler",
    "player_location": "us",
    "region": "USA / NTSC"
  },
  {
    "id": "kz5ekv5z",
    "player": "Evangelith",
    "player_location": "fr",
    "region": "JPN / NTSC"
  },
  {
    "id": "zx4088gy",
    "player": "KenjiiTV",
    "player_location": "fr",
    "region": "EUR / PAL"
  },
  {
    "id": "0zn5ox7z",
    "player": "ottotonsorialist",
    "player_location": "us",
    "region": "JPN / NTSC"
  },
  {
    "id": "dy4o7e2z",
    "player": "JDLM",
    "player_location": "us",
    "region": "JPN / NTSC"
  },
  {
    "id": "yl907jxy",
    "player": "MidKnight",
    "player_location": "us",
    "region": "JPN / NTSC"
  },
  {
    "id": "9mr2rr4y",
    "player": "romulostx",
    "player_location": "br",
    "region": "JPN / NTSC"
  },
  {
    "id": "ydqjgnqm",
    "player": "AlexGoesFast",
    "player_location": "de",
    "region": "JPN / NTSC"
  },
  {
    "id": "zq644rxy",
    "player": "RC_Nevan",
    "player_location": "pl",
    "region": "JPN / NTSC"
  },
  {
    "id": "0znejr7z",
    "player": "PurpleDragon796",
    "player_location": "us",
    "region": "USA / NTSC"
  },
  {
    "id": "y92vw6kz",
    "player": "SnowieY",
    "player_location": "ca",
    "region": "JPN / NTSC"
  },
  {
    "id": "emkp375y",
    "player": "LeMrGamer",
    "player_location": "fr",
    "region": "JPN / NTSC"
  },
  {
    "id": "9yoewd0z",
    "player": "Riekelt",
    "player_location": "nl",
    "region": "JPN / NTSC"
  },
  {
    "id": "dy4ldn2z",
    "player": "Eazy_peazy16",
    "player_location": "us",
    "region": "JPN / NTSC"
  },
  {
    "id": "pm3wvw6y",
    "player": "Vespher",
    "player_location": "ca",
    "region": "JPN / NTSC"
  },
  {
    "id": "z0lo5oez",
    "player": "ADruck",
    "player_location": "us",
    "region": "JPN / NTSC"
  },
  {
    "id": "m3d40odz",
    "player": "jacko_920",
    "player_location": "au",
    "region": "JPN / NTSC"
  },
  {
    "id": "yw1q4e0z",
    "player": "AwesomeBrewski",
    "player_location": "us",
    "region": "JPN / NTSC"
  },
  {
    "id": "yjkgqx3m",
    "player": "slimshaney",
    "player_location": "us",
    "region": "JPN / NTSC"
  },
  {
    "id": "me4r2j0y",
    "player": "popesquidward",
    "player_location": "us",
    "region": "USA / NTSC"
  },
  {
    "id": "y81kg3nz",
    "player": "realtimeattack64",
    "player_location": "fi",
    "region": "USA / NTSC"
  },
  {
    "id": "m7pw290m",
    "player": "Adrian187",
    "player_location": "us",
    "region": "JPN / NTSC"
  },
  {
    "id": "y457n7nm",
    "player": "orima_r",
    "player_location": "jp",
    "region": "JPN / NTSC"
  },
  {
    "id": "z5or4gny",
    "player": "Ostrealava02",
    "player_location": "fr",
    "region": "JPN / NTSC"
  },
  {
    "id": "y816o3nz",
    "player": "Amateseru",
    "player_location": "fr",
    "region": "USA / NTSC"
  },
  {
    "id": "zgv57jez",
    "player": "clairelynnd",
    "player_location": "us",
    "region": "JPN / NTSC"
  },
  {
    "id": "nz1707rz",
    "player": "jfm2796",
    "player_location": "us",
    "region": "USA / NTSC"
  },
  {
    "id": "nz178pgz",
    "player": "enu",
    "player_location": "jp",
    "region": "JPN / NTSC"
  },
  {
    "id": "y8q38k1y",
    "player": "Chungeoisie",
    "player_location": "us",
    "region": "JPN / NTSC"
  },
  {
    "id": "mkgvpoxy",
    "player": "Zunar",
    "player_location": "us",
    "region": "JPN / NTSC"
  },
  {
    "id": "9yo844jz",
    "player": "Stardust1647",
    "player_location": null,
    "region": "USA / NTSC"
  },
  {
    "id": "meko9j0m",
    "player": "Armaggedun_",
    "player_location": "us",
    "region": "JPN / NTSC"
  },
  {
    "id": "jy9g322m",
    "player": "Marthur",
    "player_location": "us",
    "region": "JPN / NTSC"
  },
  {
    "id": "yl4d112m",
    "player": "Canight",
    "player_location": "us",
    "region": "USA / NTSC"
  },
  {
    "id": "y97nd1nm",
    "player": "Rubixmagic",
    "player_location": "us",
    "region": "JPN / NTSC"
  },
  {
    "id": "1zqo5p8y",
    "player": "warndanger",
    "player_location": "us",
    "region": "JPN / NTSC"
  },
  {
    "id": "yw4d9xpz",
    "player": "thu_ox",
    "player_location": "us",
    "region": "USA / NTSC"
  },
  {
    "id": "zn82vo7z",
    "player": "Kneato",
    "player_location": "ca",
    "region": "JPN / NTSC"
  },
  {
    "id": "m3d90w4z",
    "player": "oddgingerr",
    "player_location": "us",
    "region": "JPN / NTSC"
  },
  {
    "id": "zgkrkrjy",
    "player": "MiraiScarlet",
    "player_location": "jp",
    "region": "JPN / NTSC"
  },
  {
    "id": "mekvr83m",
    "player": "Ruben_ls3",
    "player_location": "se",
    "region": "JPN / NTSC"
  },
  {
    "id": "z1jkpj7z",
    "player": "Your_Bro_Bri",
    "player_location": "us",
    "region": "USA / NTSC"
  },
  {
    "id": "z0erreem",
    "player": "RadiumH",
    "player_location": "us",
    "region": "JPN / NTSC"
  },
  {
    "id": "yd3905jz",
    "player": "Melrose",
    "player_location": "gb/eng",
    "region": "JPN / NTSC"
  },
  {
    "id": "y67px7jm",
    "player": "Coldeggman",
    "player_location": "us",
    "region": "USA / NTSC"
  },
  {
    "id": "zpq0p6gy",
    "player": "Myelin",
    "player_location": "us",
    "region": "JPN / NTSC"
  },
  {
    "id": "z5o05rjy",
    "player": "Henrz",
    "player_location": "gb/eng",
    "region": "JPN / NTSC"
  },
  {
    "id": "meex3g9m",
    "player": "Zeepo",
    "player_location": "us",
    "region": "USA / NTSC"
  },
  {
    "id": "zn84dn3z",
    "player": "EbonyZero",
    "player_location": "us",
    "region": "JPN / NTSC"
  },
  {
    "id": "m7987gey",
    "player": "AndImJavert1",
    "player_location": "us",
    "region": "JPN / NTSC"
  },
  {
    "id": "y23nox9m",
    "player": "bann_jpn",
    "player_location": "jp",
    "region": "JPN / NTSC"
  },
  {
    "id": "z5o7kn5y",
    "player": "\u3055\u3093\u304d\u3061",
    "player_location": null,
    "region": "JPN / NTSC"
  },
  {
    "id": "y451kv3m",
    "player": "\u30a2\u30b9\u30c8\u30ed",
    "player_location": null,
    "region": "JPN / NTSC"
  },
  {
    "id": "zq6rdnry",
    "player": "\u3070\u306d",
    "player_location": null,
    "region": "JPN / NTSC"
  },
  {
    "id": "y231k65m",
    "player": "\u30cf\u30eb\u30b1\u30f3",
    "player_location": null,
    "region": "JPN / NTSC"
  },
  {
    "id": "z0e1x29m",
    "player": "\u3068\u3089\u3063\u3057",
    "player_location": null,
    "region": "JPN / NTSC"
  },
  {
    "id": "y67lqw6m",
    "player": "\u3060\u308a\u3093",
    "player_location": null,
    "region": "JPN / NTSC"
  },
  {
    "id": "z0e1x2om",
    "player": "\u30c0\u30a4\u30bd",
    "player_location": null,
    "region": "JPN / NTSC"
  },
  {
    "id": "y8q1klxy",
    "player": "\u306a\u3057\u3085",
    "player_location": null,
    "region": "JPN / NTSC"
  },
  {
    "id": "yvg3ve8y",
    "player": "\u30d1\u30e9\u3084\u3093",
    "player_location": null,
    "region": "JPN / NTSC"
  },
  {
    "id": "yjk3wrom",
    "player": "\u685c\u3093\u307c",
    "player_location": null,
    "region": "JPN / NTSC"
  },
  {
    "id": "yl90l2xy",
    "player": "\u3042\u304b\u304f\u308d",
    "player_location": null,
    "region": "JPN / NTSC"
  },
  {
    "id": "zgnk81jy",
    "player": "\u3042\u3044\u3057\u30fc",
    "player_location": null,
    "region": "JPN / NTSC"
  },
  {
    "id": "ydq62pxm",
    "player": "\u3064\u3093",
    "player_location": null,
    "region": "JPN / NTSC"
  },
  {
    "id": "y975kgrm",
    "player": "\u306f\u3066\u306a\u3063\u3061",
    "player_location": null,
    "region": "JPN / NTSC"
  },
  {
    "id": "m79q349y",
    "player": "dada",
    "player_location": null,
    "region": "JPN / NTSC"
  },
  {
    "id": "mrqe2p8y",
    "player": "\u86c7\u795e",
    "player_location": null,
    "region": "JPN / NTSC"
  },
  {
    "id": "zxvkwrky",
    "player": "\u3057\u3093\u308a",
    "player_location": null,
    "region": "JPN / NTSC"
  },
  {
    "id": "m3d1k4gz",
    "player": "\u30b5\u30ef\u30b1\u30f3",
    "player_location": null,
    "region": "JPN / NTSC"
  },
  {
    "id": "y451k42m",
    "player": "KUROMIN0408",
    "player_location": null,
    "region": "JPN / NTSC"
  },
  {
    "id": "zq6rdo1y",
    "player": "\u3057\u3085\u3044\u308d",
    "player_location": null,
    "region": "JPN / NTSC"
  },
  {
    "id": "y231k47m",
    "player": "\u706b\u3068\u3093\u3073",
    "player_location": null,
    "region": "JPN / NTSC"
  },
  {
    "id": "z0e1x4om",
    "player": "SHO\u7cd6",
    "player_location": null,
    "region": "JPN / NTSC"
  },
  {
    "id": "y67lgk0m",
    "player": "HiST",
    "player_location": "jp",
    "region": "JPN / NTSC"
  },
  {
    "id": "zn8r6g3z",
    "player": "Linkus7",
    "player_location": "se",
    "region": "JPN / NTSC"
  },
  {
    "id": "z57ko0dm",
    "player": "HyrulianKnight",
    "player_location": "us",
    "region": "USA / NTSC"
  },
  {
    "id": "yojk5pjm",
    "player": "thesausage",
    "player_location": "us",
    "region": "USA / NTSC"
  },
  {
    "id": "yl9qeg3y",
    "player": "Shorkweek",
    "player_location": "us",
    "region": "JPN / NTSC"
  },
  {
    "id": "z5or3ley",
    "player": "Hornlitz",
    "player_location": "ca",
    "region": "JPN / NTSC"
  },
  {
    "id": "yw10xw3z",
    "player": "Drane2312",
    "player_location": "au",
    "region": "JPN / NTSC"
  },
  {
    "id": "mk47581y",
    "player": "Mal1t1a",
    "player_location": "ca",
    "region": "USA / NTSC"
  },
  {
    "id": "yvj3l3xy",
    "player": "AntiLink",
    "player_location": "us",
    "region": "USA / NTSC"
  },
  {
    "id": "zxgjpwey",
    "player": "Spoo",
    "player_location": "us",
    "region": "JPN / NTSC"
  },
  {
    "id": "z0e9449m",
    "player": "Sahara",
    "player_location": "jp",
    "region": "JPN / NTSC"
  },
  {
    "id": "yjlqk6nz",
    "player": "Kuroshi",
    "player_location": "us",
    "region": "USA / NTSC"
  },
  {
    "id": "zq6gqw8y",
    "player": "JoshCalamari",
    "player_location": "us",
    "region": "USA / NTSC"
  },
  {
    "id": "z0errv4m",
    "player": "Dyceron",
    "player_location": "us",
    "region": "JPN / NTSC"
  },
  {
    "id": "m798j85y",
    "player": "JackoTSC",
    "player_location": "us",
    "region": "JPN / NTSC"
  },
  {
    "id": "zq6gn78y",
    "player": "AndrewAJT",
    "player_location": "us",
    "region": "JPN / NTSC"
  },
  {
    "id": "y452d32m",
    "player": "Sjorec",
    "player_location": "us",
    "region": "JPN / NTSC"
  },
  {
    "id": "m79d114y",
    "player": "trueLove429",
    "player_location": "us",
    "region": "JPN / NTSC"
  },
  {
    "id": "mr12nl8z",
    "player": "ki9698",
    "player_location": "us",
    "region": "JPN / NTSC"
  },
  {
    "id": "m3d67rdz",
    "player": "Rivierkreeft",
    "player_location": "nl",
    "region": "JPN / NTSC"
  },
  {
    "id": "yo4rj95m",
    "player": "248",
    "player_location": "us",
    "region": "JPN / NTSC"
  },
  {
    "id": "zxvllr8y",
    "player": "Enhu",
    "player_location": "ar",
    "region": "JPN / NTSC"
  },
  {
    "id": "mk28403m",
    "player": "WasiBlossi",
    "player_location": "bs",
    "region": "USA / NTSC"
  },
  {
    "id": "yd9538wz",
    "player": "ProbablyButter",
    "player_location": null,
    "region": "USA / NTSC"
  },
  {
    "id": "yv3orexz",
    "player": "Alpha__m",
    "player_location": "fr",
    "region": "JPN / NTSC"
  },
  {
    "id": "zxv8dlgy",
    "player": "MaggieWuerze",
    "player_location": "de",
    "region": "USA / NTSC"
  },
  {
    "id": "y89760nm",
    "player": "RicoDexter",
    "player_location": "de",
    "region": "JPN / NTSC"
  },
  {
    "id": "y65poepz",
    "player": "katienoelle",
    "player_location": "us",
    "region": "JPN / NTSC"
  },
  {
    "id": "y67225pm",
    "player": "ClassyG",
    "player_location": "us",
    "region": "JPN / NTSC"
  },
  {
    "id": "zn82d5vz",
    "player": "DJCarmichael",
    "player_location": "us",
    "region": "JPN / NTSC"
  },
  {
    "id": "mk4nlg1y",
    "player": "KRISTOPHOLO",
    "player_location": "ca",
    "region": "JPN / NTSC"
  },
  {
    "id": "mk4o5e5y",
    "player": "TheChronUltimate",
    "player_location": "us",
    "region": "JPN / NTSC"
  },
  {
    "id": "y45n5rnm",
    "player": "JabaTheJefe",
    "player_location": "us",
    "region": "JPN / NTSC"
  },
  {
    "id": "z0e0lpjm",
    "player": "ATC007",
    "player_location": "us",
    "region": "USA / NTSC"
  },
  {
    "id": "zn40qq7m",
    "player": "plasma-parse",
    "player_location": "jp",
    "region": "JPN / NTSC"
  },
  {
    "id": "z072q5ey",
    "player": "Cubex",
    "player_location": "de",
    "region": "JPN / NTSC"
  },
  {
    "id": "y2369j5m",
    "player": "Sttaner93",
    "player_location": "de",
    "region": "JPN / NTSC"
  },
  {
    "id": "z030xd8z",
    "player": "Acolyte",
    "player_location": "us",
    "region": "USA / NTSC"
  },
  {
    "id": "yvgepj8y",
    "player": "agdf_ydy",
    "player_location": "jp",
    "region": "JPN / NTSC"
  },
  {
    "id": "zq6opn5y",
    "player": "Sileair",
    "player_location": "de",
    "region": "JPN / NTSC"
  },
  {
    "id": "zp044gvm",
    "player": "Noctiverse",
    "player_location": "us",
    "region": "JPN / NTSC"
  },
  {
    "id": "m79rg9wy",
    "player": "MaceKid1",
    "player_location": "us",
    "region": "JPN / NTSC"
  },
  {
    "id": "y67k8xqm",
    "player": "Tinper",
    "player_location": "us",
    "region": "USA / NTSC"
  },
  {
    "id": "y920n8rz",
    "player": "Amber24",
    "player_location": "us",
    "region": "JPN / NTSC"
  },
  {
    "id": "y2q5e56y",
    "player": "ZerKirL",
    "player_location": "es",
    "region": "JPN / NTSC"
  },
  {
    "id": "znro0g9y",
    "player": "ZootySuzy",
    "player_location": "us",
    "region": "JPN / NTSC"
  },
  {
    "id": "mk28o23m",
    "player": "Linkorange",
    "player_location": "fr",
    "region": "JPN / NTSC"
  },
  {
    "id": "zx4nl8ky",
    "player": "Chimera",
    "player_location": "us",
    "region": "JPN / NTSC"
  },
  {
    "id": "z57pk3nm",
    "player": "Avijobat",
    "player_location": "mx",
    "region": "USA / NTSC"
  },
  {
    "id": "m3o495wm",
    "player": "autobuy",
    "player_location": "us",
    "region": "JPN / NTSC"
  },
  {
    "id": "zx4lqjky",
    "player": "DeekuNutz",
    "player_location": "no",
    "region": "JPN / NTSC"
  },
  {
    "id": "mk2go93m",
    "player": "jess57329",
    "player_location": "us",
    "region": "JPN / NTSC"
  },
  {
    "id": "znkrq49z",
    "player": "rubbertoe64",
    "player_location": "us",
    "region": "USA / NTSC"
  },
  {
    "id": "y92veqrz",
    "player": "ChaoticAce",
    "player_location": "us",
    "region": "JPN / NTSC"
  },
  {
    "id": "m7p05n0m",
    "player": "Pflaap",
    "player_location": null,
    "region": "JPN / NTSC"
  },
  {
    "id": "zgwn0ndy",
    "player": "drooness",
    "player_location": "ca",
    "region": "JPN / NTSC"
  },
  {
    "id": "m3ojevgm",
    "player": "renegadeanon",
    "player_location": "us",
    "region": "JPN / NTSC"
  },
  {
    "id": "zn4946vm",
    "player": "Dissident_Panda",
    "player_location": "us",
    "region": "JPN / NTSC"
  },
  {
    "id": "zp1pg9xz",
    "player": "TrulyNaN",
    "player_location": "ca",
    "region": "JPN / NTSC"
  },
  {
    "id": "znrkg39y",
    "player": "LuuuWun",
    "player_location": "ca",
    "region": "USA / NTSC"
  },
  {
    "id": "z03k899z",
    "player": "RooseSR",
    "player_location": "us",
    "region": "USA / NTSC"
  },
  {
    "id": "y2qrnl6y",
    "player": "BEZB4animal",
    "player_location": "us",
    "region": "JPN / NTSC"
  },
  {
    "id": "z5dqe6gm",
    "player": "mousse1204",
    "player_location": "jp",
    "region": "USA / NTSC"
  },
  {
    "id": "zg71x0jz",
    "player": "TheDarkmanWs",
    "player_location": "se",
    "region": "USA / NTSC"
  },
  {
    "id": "y894r7xm",
    "player": "MilkyWilky0w0",
    "player_location": "ca",
    "region": "JPN / NTSC"
  },
  {
    "id": "yl48rnkm",
    "player": "Scibbah",
    "player_location": "au",
    "region": "JPN / NTSC"
  },
  {
    "id": "y4116d3y",
    "player": "mrrobotpirate",
    "player_location": "nl",
    "region": "JPN / NTSC"
  },
  {
    "id": "z5j4xkem",
    "player": "Medechi",
    "player_location": "us",
    "region": "USA / NTSC"
  },
  {
    "id": "zgk5rn0y",
    "player": "dopeZera",
    "player_location": "us",
    "region": "USA / NTSC"
  },
  {
    "id": "znr87kly",
    "player": "YoloJesus420",
    "player_location": "us",
    "region": "USA / NTSC"
  },
  {
    "id": "yw0qg73m",
    "player": "gu_m1875",
    "player_location": "jp",
    "region": "JPN / NTSC"
  },
  {
    "id": "z5710p5m",
    "player": "ZoxMosz",
    "player_location": "us",
    "region": "JPN / NTSC"
  },
  {
    "id": "zxkk0jqm",
    "player": "bofa_shuckle",
    "player_location": null,
    "region": "JPN / NTSC"
  },
  {
    "id": "yj3387dz",
    "player": "savagewizzrobe",
    "player_location": "ca",
    "region": "USA / NTSC"
  },
  {
    "id": "y950qoez",
    "player": "Richman212",
    "player_location": "us",
    "region": "JPN / NTSC"
  },
  {
    "id": "zxk2okqm",
    "player": "MutantAura",
    "player_location": "gb",
    "region": "USA / NTSC"
  },
  {
    "id": "z570o9nm",
    "player": "marklasater",
    "player_location": "us",
    "region": "JPN / NTSC"
  },
  {
    "id": "y8e5jqdy",
    "player": "T\u00fcrkenheimer",
    "player_location": null,
    "region": "USA / NTSC"
  },
  {
    "id": "z016gl8y",
    "player": "LonePikachu",
    "player_location": "us",
    "region": "JPN / NTSC"
  },
  {
    "id": "zp41oxgz",
    "player": "Bonooru",
    "player_location": "fr",
    "region": "JPN / NTSC"
  },
  {
    "id": "y6ldjx1y",
    "player": "iwabi74",
    "player_location": "jp",
    "region": "JPN / NTSC"
  },
  {
    "id": "yl05d3ry",
    "player": "Pinata",
    "player_location": "us",
    "region": "USA / NTSC"
  },
  {
    "id": "m7g8w80m",
    "player": "hayafo",
    "player_location": "jp",
    "region": "JPN / NTSC"
  },
  {
    "id": "yw47j42z",
    "player": "SeedBorn",
    "player_location": "us",
    "region": "JPN / NTSC"
  },
  {
    "id": "zqrdqjry",
    "player": "Luttentuusi",
    "player_location": "fi",
    "region": "USA / NTSC"
  },
  {
    "id": "yj3xpnnz",
    "player": "Boo",
    "player_location": "is",
    "region": "JPN / NTSC"
  },
  {
    "id": "mre6x34y",
    "player": "sera18171",
    "player_location": "jp",
    "region": "JPN / NTSC"
  },
  {
    "id": "yl0dvgny",
    "player": "YobunTeme",
    "player_location": "jp",
    "region": "JPN / NTSC"
  },
  {
    "id": "y2p3v1jz",
    "player": "Blaze1438",
    "player_location": "us",
    "region": "JPN / NTSC"
  },
  {
    "id": "z57850em",
    "player": "1stTheEditor",
    "player_location": "us",
    "region": "USA / NTSC"
  },
  {
    "id": "znklrp8z",
    "player": "ZachLink99",
    "player_location": "ca",
    "region": "USA / NTSC"
  },
  {
    "id": "zxdg0wqy",
    "player": "Rylie",
    "player_location": "us",
    "region": "JPN / NTSC"
  },
  {
    "id": "mk26665m",
    "player": "Sethblake97",
    "player_location": "us",
    "region": "JPN / NTSC"
  },
  {
    "id": "yd5ed9jm",
    "player": "dreaded_",
    "player_location": "us",
    "region": "JPN / NTSC"
  },
  {
    "id": "y25g4g9y",
    "player": "adefgames",
    "player_location": "us",
    "region": "USA / NTSC"
  },
  {
    "id": "y90w92ry",
    "player": "SiirZax",
    "player_location": "fr",
    "region": "JPN / NTSC"
  },
  {
    "id": "yo999o5y",
    "player": "Vidya_James",
    "player_location": "ca",
    "region": "JPN / NTSC"
  },
  {
    "id": "y25ol56y",
    "player": "Phaaze",
    "player_location": "de",
    "region": "JPN / NTSC"
  },
  {
    "id": "z014r98y",
    "player": "Zofferz",
    "player_location": "gb/eng",
    "region": "JPN / NTSC"
  },
  {
    "id": "znrnqo9y",
    "player": "RickyBoy_EA96",
    "player_location": "ca/qc",
    "region": "USA / NTSC"
  },
  {
    "id": "y8159gxz",
    "player": "JSR_",
    "player_location": "us",
    "region": "USA / NTSC"
  },
  {
    "id": "mk39e6lz",
    "player": "Matsuzen",
    "player_location": "ca",
    "region": "USA / NTSC"
  },
  {
    "id": "zp1evdxz",
    "player": "XKILLERCINO",
    "player_location": "ca",
    "region": "JPN / NTSC"
  },
  {
    "id": "yv6on84z",
    "player": "R4NG3",
    "player_location": "us",
    "region": "JPN / NTSC"
  },
  {
    "id": "znkekn3z",
    "player": "GregWells",
    "player_location": null,
    "region": "JPN / NTSC"
  },
  {
    "id": "y8r9gwnm",
    "player": "gc_one2",
    "player_location": "us",
    "region": "USA / NTSC"
  },
  {
    "id": "zgwj4gvy",
    "player": "Septerna",
    "player_location": "de",
    "region": "JPN / NTSC"
  },
  {
    "id": "znkg8olz",
    "player": "Celestial_Derp",
    "player_location": "us",
    "region": "USA / NTSC"
  },
  {
    "id": "y6nn7eqz",
    "player": "G3neziz",
    "player_location": "de",
    "region": "USA / NTSC"
  },
  {
    "id": "mejj0n3y",
    "player": "Vertigo_95",
    "player_location": "us",
    "region": "JPN / NTSC"
  },
  {
    "id": "z093l1jz",
    "player": "maosfx",
    "player_location": "us",
    "region": "USA / NTSC"
  },
  {
    "id": "z0956x9z",
    "player": "EvilAngel2020",
    "player_location": "us",
    "region": "USA / NTSC"
  },
  {
    "id": "yv91qkxz",
    "player": "Skull9KiD",
    "player_location": "ch",
    "region": "JPN / NTSC"
  },
  {
    "id": "ylrj4v2y",
    "player": "Ronano",
    "player_location": "fr",
    "region": "USA / NTSC"
  },
  {
    "id": "mr1klk4z",
    "player": "JustLeeBelmont",
    "player_location": "pr",
    "region": "JPN / NTSC"
  },
  {
    "id": "me6gv48z",
    "player": "anon58",
    "player_location": "us",
    "region": "JPN / NTSC"
  },
  {
    "id": "me618n9z",
    "player": "Yashichi",
    "player_location": null,
    "region": "JPN / NTSC"
  },
  {
    "id": "zn3j6lvy",
    "player": "picks_6",
    "player_location": "us",
    "region": "JPN / NTSC"
  },
  {
    "id": "y4elgg2m",
    "player": "Jonmuxu",
    "player_location": "es",
    "region": "JPN / NTSC"
  },
  {
    "id": "yj67l1nz",
    "player": "Niamek",
    "player_location": "ca",
    "region": "USA / NTSC"
  },
  {
    "id": "z1o0vqwm",
    "player": "Folt1",
    "player_location": "us",
    "region": "USA / NTSC"
  },
  {
    "id": "z092q28z",
    "player": "alaris",
    "player_location": "us",
    "region": "JPN / NTSC"
  },
  {
    "id": "zgv0kxnz",
    "player": "Bancakes",
    "player_location": "gb/nir",
    "region": "USA / NTSC"
  },
  {
    "id": "zgv0kedz",
    "player": "KingWafl",
    "player_location": "us",
    "region": "JPN / NTSC"
  },
  {
    "id": "yo3wpedy",
    "player": "Blueser",
    "player_location": "ca",
    "region": "JPN / NTSC"
  },
  {
    "id": "mke50e5m",
    "player": "JakeZSR",
    "player_location": "us",
    "region": "USA / NTSC"
  },
  {
    "id": "m77v794m",
    "player": "bewildebeest",
    "player_location": "us",
    "region": "USA / NTSC"
  },
  {
    "id": "y665w1py",
    "player": "BrainAtrophy27",
    "player_location": "us",
    "region": "USA / NTSC"
  },
  {
    "id": "yj1dox3y",
    "player": "Tag609",
    "player_location": "us",
    "region": "USA / NTSC"
  },
  {
    "id": "yl1d722m",
    "player": "MaxSen_G",
    "player_location": "de",
    "region": "JPN / NTSC"
  },
  {
    "id": "me9g0gqz",
    "player": "UprightThumbs",
    "player_location": "us",
    "region": "USA / NTSC"
  },
  {
    "id": "yloj593y",
    "player": "congistheking",
    "player_location": "us",
    "region": "JPN / NTSC"
  },
  {
    "id": "m3n87xqy",
    "player": "LinkTahuterasuSpirit",
    "player_location": "us",
    "region": "USA / NTSC"
  },
  {
    "id": "zgx9ekdm",
    "player": "Thunderbolt",
    "player_location": "jp",
    "region": "JPN / NTSC"
  },
  {
    "id": "y4rj0l3z",
    "player": "Benjee",
    "player_location": "at",
    "region": "JPN / NTSC"
  },
  {
    "id": "zxgkd85y",
    "player": "LouLouCore",
    "player_location": "ca",
    "region": "JPN / NTSC"
  },
  {
    "id": "yj5xjonm",
    "player": "GiantClam",
    "player_location": "gb/sct",
    "region": "JPN / NTSC"
  },
  {
    "id": "m3npl7gy",
    "player": "monaka",
    "player_location": "jp",
    "region": "JPN / NTSC"
  },
  {
    "id": "y8v5konz",
    "player": "carlwheezerfetusbetr",
    "player_location": "us",
    "region": "JPN / NTSC"
  },
  {
    "id": "mro93e2m",
    "player": "morpheus080",
    "player_location": "us",
    "region": "USA / NTSC"
  },
  {
    "id": "yv16774y",
    "player": "chromium_light",
    "player_location": "us",
    "region": "JPN / NTSC"
  },
  {
    "id": "y8er17ny",
    "player": "Swankeaboo",
    "player_location": "us",
    "region": "JPN / NTSC"
  },
  {
    "id": "y88e01wy",
    "player": "Skyward",
    "player_location": "fr",
    "region": "USA / NTSC"
  },
  {
    "id": "ywj2nq0z",
    "player": "Cogsy",
    "player_location": "us",
    "region": "JPN / NTSC"
  },
  {
    "id": "m3rq78qm",
    "player": "kemXtrm",
    "player_location": "us",
    "region": "JPN / NTSC"
  },
  {
    "id": "mr7e4dgz",
    "player": "neckdino",
    "player_location": "us",
    "region": "JPN / NTSC"
  },
  {
    "id": "y47g8g3y",
    "player": "dannyb",
    "player_location": "us",
    "region": "JPN / NTSC"
  },
  {
    "id": "y9low5ky",
    "player": "IAmSonaholic",
    "player_location": "us",
    "region": "JPN / NTSC"
  },
  {
    "id": "zqvw9d5m",
    "player": "Willx48",
    "player_location": "ca/qc",
    "region": "JPN / NTSC"
  },
  {
    "id": "y4710w3y",
    "player": "Wh1te_ConyeWest",
    "player_location": "us",
    "region": "JPN / NTSC"
  },
  {
    "id": "y27dp65z",
    "player": "Jachel",
    "player_location": "us",
    "region": "USA / NTSC"
  },
  {
    "id": "mrn4r47y",
    "player": "Ben",
    "player_location": "gb/nir",
    "region": "USA / NTSC"
  },
  {
    "id": "mrrvd67m",
    "player": "Butterlord",
    "player_location": "ca",
    "region": "JPN / NTSC"
  },
  {
    "id": "m374lwqz",
    "player": "somsnosa",
    "player_location": "us",
    "region": "JPN / NTSC"
  },
  {
    "id": "zp2n1vxy",
    "player": "Joaish",
    "player_location": "us",
    "region": "USA / NTSC"
  },
  {
    "id": "y9l23qey",
    "player": "YudiaStarmine",
    "player_location": "us",
    "region": "JPN / NTSC"
  },
  {
    "id": "y27gr89z",
    "player": "jaiirou",
    "player_location": "us",
    "region": "JPN / NTSC"
  },
  {
    "id": "y27rkp5z",
    "player": "HomuraAkemi",
    "player_location": null,
    "region": "JPN / NTSC"
  },
  {
    "id": "me361v2z",
    "player": "Felix_Helix_TM",
    "player_location": "us",
    "region": "USA / NTSC"
  },
  {
    "id": "y93gl1ry",
    "player": "BetoKos",
    "player_location": "br",
    "region": "JPN / NTSC"
  },
  {
    "id": "ylnkl4nz",
    "player": "raggen",
    "player_location": null,
    "region": "USA / NTSC"
  },
  {
    "id": "y9623xny",
    "player": "Refreshy",
    "player_location": "ca",
    "region": "USA / NTSC"
  },
  {
    "id": "m36l2r6m",
    "player": "idunno",
    "player_location": "us",
    "region": "JPN / NTSC"
  },
  {
    "id": "yvqp9xxm",
    "player": "PiranhaPig",
    "player_location": "nl",
    "region": "JPN / NTSC"
  },
  {
    "id": "yorep90y",
    "player": "NicV",
    "player_location": "us",
    "region": "JPN / NTSC"
  },
  {
    "id": "yvqvqp8m",
    "player": "CarlosDaMan",
    "player_location": "us",
    "region": "JPN / NTSC"
  },
  {
    "id": "zp27258y",
    "player": "ElSebas",
    "player_location": "mx",
    "region": "JPN / NTSC"
  },
  {
    "id": "y4qwg8qm",
    "player": "T_RIS",
    "player_location": "us",
    "region": "JPN / NTSC"
  },
  {
    "id": "y88q301y",
    "player": "droper97",
    "player_location": "mx",
    "region": "JPN / NTSC"
  },
  {
    "id": "mr7gjo2z",
    "player": "Lysinthia",
    "player_location": "us",
    "region": "JPN / NTSC"
  },
  {
    "id": "ywj9q4nz",
    "player": "eltiokamina",
    "player_location": "mx",
    "region": "JPN / NTSC"
  },
  {
    "id": "zn76gv7m",
    "player": "deebe",
    "player_location": "us",
    "region": null
  },
  {
    "id": "zp9l3wgm",
    "player": "Leysauce",
    "player_location": "us",
    "region": "USA / NTSC"
  },
  {
    "id": "z5v4xedm",
    "player": "PsiSquatch",
    "player_location": null,
    "region": "JPN / NTSC"
  },
  {
    "id": "m36p0kgm",
    "player": "Zelduh",
    "player_location": "us",
    "region": "USA / NTSC"
  },
  {
    "id": "y20or9wm",
    "player": "Ben119",
    "player_location": "gb/eng",
    "region": null
  },
  {
    "id": "yv8g6kom",
    "player": "TheLink61",
    "player_location": "ch",
    "region": "JPN / NTSC"
  },
  {
    "id": "mr7k304z",
    "player": "darkerandroid",
    "player_location": "mx",
    "region": "JPN / NTSC"
  },
  {
    "id": "yvroe28z",
    "player": "Chloe_CanariaBird",
    "player_location": "gb/eng",
    "region": "USA / NTSC"
  },
  {
    "id": "y88jkw1y",
    "player": "Fuzzyness",
    "player_location": "gb/eng",
    "region": "USA / NTSC"
  },
  {
    "id": "yw6nvwnm",
    "player": "AGreatWaffle",
    "player_location": "ca/qc",
    "region": "JPN / NTSC"
  },
  {
    "id": "m3lndp6m",
    "player": "Ardju",
    "player_location": "nl",
    "region": "JPN / NTSC"
  },
  {
    "id": "yopq387m",
    "player": "Malicia",
    "player_location": "ca",
    "region": "USA / NTSC"
  },
  {
    "id": "yjp7r0oy",
    "player": "CurtisE7",
    "player_location": "ca",
    "region": "USA / NTSC"
  },
  {
    "id": "yw6e7o2m",
    "player": "suprix",
    "player_location": "ca",
    "region": "JPN / NTSC"
  },
  {
    "id": "y4x26qqz",
    "player": "kirk_h",
    "player_location": "us",
    "region": "USA / NTSC"
  },
  {
    "id": "zpd1r4rz",
    "player": "infxsion",
    "player_location": "es",
    "region": "JPN / NTSC"
  },
  {
    "id": "yl1e61km",
    "player": "majora1176",
    "player_location": null,
    "region": "JPN / NTSC"
  },
  {
    "id": "y8x0e7wm",
    "player": "thebroodles",
    "player_location": "gb",
    "region": "JPN / NTSC"
  },
  {
    "id": "yw6g9xpm",
    "player": "iOliver0212",
    "player_location": "pe",
    "region": "JPN / NTSC"
  },
  {
    "id": "znq53w3z",
    "player": "DarkMajora20",
    "player_location": "us",
    "region": "USA / NTSC"
  },
  {
    "id": "zx80r5em",
    "player": "skullkid_64",
    "player_location": "ca/qc",
    "region": "JPN / NTSC"
  },
  {
    "id": "mrrv71dm",
    "player": "Kamex8",
    "player_location": "us",
    "region": "JPN / NTSC"
  },
  {
    "id": "yd1n4njy",
    "player": "ItZPomme",
    "player_location": "ca/qc",
    "region": "JPN / NTSC"
  },
  {
    "id": "y8xprpnm",
    "player": "ASLphoenix",
    "player_location": null,
    "region": "USA / NTSC"
  },
  {
    "id": "m3xvpxwm",
    "player": "nukie",
    "player_location": "us",
    "region": "USA / NTSC"
  },
  {
    "id": "znqnl27z",
    "player": "Glasfolie",
    "player_location": "de",
    "region": "JPN / NTSC"
  },
  {
    "id": "meekgk9m",
    "player": "Mushroomanic",
    "player_location": "us",
    "region": "JPN / NTSC"
  },
  {
    "id": "yv83nnem",
    "player": "GregoTheGreatest",
    "player_location": "us",
    "region": "USA / NTSC"
  },
  {
    "id": "meeor2qm",
    "player": "SodaBunny",
    "player_location": "gb/sct",
    "region": "JPN / NTSC"
  },
  {
    "id": "zg2vd7jy",
    "player": "CAKEbetty",
    "player_location": "us",
    "region": "JPN / NTSC"
  },
  {
    "id": "ydg01wqy",
    "player": "gh0stxxxy",
    "player_location": "us",
    "region": "USA / NTSC"
  },
  {
    "id": "znjooolm",
    "player": "JTown2909",
    "player_location": "us",
    "region": "JPN / NTSC"
  }
]