[
  {
    "id": "7z0o4goz",
    "player": "gyre",
    "player_location": null,
    "region": "USA / NTSC"
  },
  {
    "id": "zn8w3q7z",
    "player": "Deln",
    "player_location": "ca/qc",
    "region": "USA / NTSC"
  },
  {
    "id": "z018jljy",
    "player": "LudwigVonKoopa",
    "player_location": "de",
    "region": "EUR / PAL"
  },
  {
    "id": "y258n2jy",
    "player": "VintageClassicGamer",
    "player_location": "us",
    "region": "USA / NTSC"
  },
  {
    "id": "mr4e9rdz",
    "player": "rsclp",
    "player_location": "at",
    "region": "EUR / PAL"
  },
  {
    "id": "znp564lm",
    "player": "robin_kirisame",
    "player_location": "jp",
    "region": "JPN / NTSC"
  },
  {
    "id": "ywj9lr0z",
    "player": "heikin_fan_club",
    "player_location": "jp",
    "region": "USA / NTSC"
  },
  {
    "id": "yv03j06z",
    "player": "rokue",
    "player_location": "jp",
    "region": "JPN / NTSC"
  }
]