[
  {
    "id": "mk43vgvy",
    "player": "OlayColay",
    "player_location": "us",
    "region": "USA / NTSC"
  },
  {
    "id": "9mrl32gm",
    "player": "urbanpwner",
    "player_location": "us",
    "region": null
  },
  {
    "id": "7yl516kz",
    "player": "Moonspod",
    "player_location": "gb",
    "region": null
  },
  {
    "id": "7ylxr13y",
    "player": "VanessaMagick",
    "player_location": "au",
    "region": null
  },
  {
    "id": "yw142pnz",
    "player": "BnH247",
    "player_location": null,
    "region": "USA / NTSC"
  },
  {
    "id": "z13jeowm",
    "player": "Mix",
    "player_location": "us",
    "region": "USA / NTSC"
  },
  {
    "id": "mek6jl2m",
    "player": "Potatohedron",
    "player_location": "us",
    "region": "USA / NTSC"
  },
  {
    "id": "yvg26ley",
    "player": "Animach1ne",
    "player_location": "fr",
    "region": "EUR / PAL"
  },
  {
    "id": "yjkl89dm",
    "player": "Lightbringer",
    "player_location": "gb/eng",
    "region": null
  },
  {
    "id": "ydqgev0m",
    "player": "ParagonNeko",
    "player_location": "at",
    "region": null
  },
  {
    "id": "m3dkrjwz",
    "player": "sluggywuggy",
    "player_location": "us",
    "region": "USA / NTSC"
  },
  {
    "id": "z5j781jm",
    "player": "LordSatan81",
    "player_location": "ca",
    "region": null
  },
  {
    "id": "zxdkwj5y",
    "player": "Small_Happy",
    "player_location": "cn",
    "region": "CHN / PAL"
  },
  {
    "id": "yjp52d3y",
    "player": "stoot",
    "player_location": "au",
    "region": null
  }
]