[
  {
    "id": "yjk5vogm",
    "player": "Mikebloke",
    "player_location": "gb/eng",
    "region": "EUR / PAL"
  },
  {
    "id": "8m7vp6em",
    "player": "mattydigger17",
    "player_location": "gb/eng",
    "region": "EUR / PAL"
  },
  {
    "id": "y67r9v0m",
    "player": "MagmaW0LF",
    "player_location": "us",
    "region": "USA / NTSC"
  },
  {
    "id": "z13g63rm",
    "player": "adeyblue",
    "player_location": "gb/eng",
    "region": "USA / NTSC"
  },
  {
    "id": "zn8x2glz",
    "player": "hanno",
    "player_location": "gb/eng",
    "region": "EUR / PAL"
  },
  {
    "id": "yd06j9qz",
    "player": "Astoer",
    "player_location": "se",
    "region": "EUR / PAL"
  },
  {
    "id": "zg7090vz",
    "player": "TheJayJay",
    "player_location": "gb",
    "region": "EUR / PAL"
  },
  {
    "id": "y65kn30z",
    "player": "DBcade",
    "player_location": "jp",
    "region": "JPN / NTSC"
  },
  {
    "id": "y66gl36y",
    "player": "iamNibs",
    "player_location": "gb/eng",
    "region": "USA / NTSC"
  },
  {
    "id": "y6x2dn6y",
    "player": "abokrsh",
    "player_location": "sa",
    "region": "USA / NTSC"
  }
]