[
  {
    "id": "1zqrggxy",
    "player": "NMD_Ninja",
    "player_location": "gb/eng",
    "region": "EUR / PAL"
  },
  {
    "id": "pzgdn1dz",
    "player": "gentlemantz",
    "player_location": "es/pv",
    "region": "EUR / PAL"
  },
  {
    "id": "oy26116m",
    "player": "GetmeMyGamerscore",
    "player_location": "de",
    "region": "EUR / PAL"
  },
  {
    "id": "zx4dxx5y",
    "player": "Rajzon",
    "player_location": "pl",
    "region": "EUR / PAL"
  },
  {
    "id": "zqr8829y",
    "player": "RobotTurtleSoup",
    "player_location": "au",
    "region": "EUR / PAL"
  },
  {
    "id": "y4rd5rnz",
    "player": "LoneSpeedruns",
    "player_location": "us",
    "region": "USA / NTSC"
  },
  {
    "id": "yddwxv0y",
    "player": "Jawnnypoo",
    "player_location": "us",
    "region": "USA / NTSC"
  },
  {
    "id": "z0o2584z",
    "player": "OGMANLC",
    "player_location": "cz",
    "region": "EUR / PAL"
  },
  {
    "id": "z1gdqegz",
    "player": "TakedownBike",
    "player_location": "ie",
    "region": "EUR / PAL"
  },
  {
    "id": "zx8gglqm",
    "player": "Theracingnitro",
    "player_location": null,
    "region": "EUR / PAL"
  }
]