[
  {
    "id": "7z0qjvem",
    "player": "Sly Dog Studios",
    "player_location": null,
    "region": "USA / NTSC"
  },
  {
    "id": "9yoxok0y",
    "player": "OldSchool_Richard",
    "player_location": "se",
    "region": "JPN / NTSC"
  },
  {
    "id": "ydr3o3jz",
    "player": "k0zzx",
    "player_location": "sr",
    "region": "USA / NTSC"
  },
  {
    "id": "mek690qm",
    "player": "Mornghold",
    "player_location": "ru",
    "region": "USA / NTSC"
  },
  {
    "id": "y2347o7m",
    "player": "HurricaneMixer",
    "player_location": "us",
    "region": "JPN / NTSC"
  },
  {
    "id": "znkqvo3z",
    "player": "JacksonTV",
    "player_location": "ru",
    "region": "USA / NTSC"
  },
  {
    "id": "y6novqpz",
    "player": "GreyGurd",
    "player_location": "ru",
    "region": "JPN / NTSC"
  },
  {
    "id": "z53xjqgy",
    "player": "ProtonNoir",
    "player_location": "ru",
    "region": "USA / NTSC"
  },
  {
    "id": "ylo068ny",
    "player": "ArkanoidAddict",
    "player_location": "fi",
    "region": "USA / NTSC"
  },
  {
    "id": "yo9xdgjy",
    "player": "smartalec24",
    "player_location": "us",
    "region": "USA / NTSC"
  },
  {
    "id": "zqgde65m",
    "player": "MegatronECS",
    "player_location": "no",
    "region": "USA / NTSC"
  },
  {
    "id": "yo90407y",
    "player": "MagicK",
    "player_location": "ca/qc",
    "region": "USA / NTSC"
  },
  {
    "id": "zgx69jjm",
    "player": "CynanMachae",
    "player_location": "ca/qc",
    "region": "USA / NTSC"
  },
  {
    "id": "y66gx11y",
    "player": "Firebroth",
    "player_location": "us",
    "region": "USA / NTSC"
  },
  {
    "id": "y9ner6kz",
    "player": "infinitemystery",
    "player_location": null,
    "region": "USA / NTSC"
  },
  {
    "id": "yj52737m",
    "player": "JuegaMesta69",
    "player_location": "mx",
    "region": "USA / NTSC"
  },
  {
    "id": "yjp9dq7y",
    "player": "Moliman",
    "player_location": "ca/qc",
    "region": "USA / NTSC"
  },
  {
    "id": "y2p4vejz",
    "player": "AlphaNerd",
    "player_location": "ca",
    "region": "USA / NTSC"
  }
]