[
  {
    "id": "m3gnoewz",
    "player": "Nekoyori",
    "player_location": "de",
    "region": "USA / NTSC"
  },
  {
    "id": "yd0wq1qz",
    "player": "eagleowl",
    "player_location": "ca",
    "region": "USA / NTSC"
  },
  {
    "id": "y8r8015m",
    "player": "kittycatvaati",
    "player_location": "us",
    "region": "USA / NTSC"
  },
  {
    "id": "zxdnw2qy",
    "player": "XKuma",
    "player_location": null,
    "region": "EUR / PAL"
  },
  {
    "id": "mk7r635y",
    "player": "malton",
    "player_location": "gb",
    "region": "EUR / PAL"
  },
  {
    "id": "m7dq1w4m",
    "player": "diamine",
    "player_location": "jp",
    "region": "JPN / NTSC"
  },
  {
    "id": "z5d3lnnm",
    "player": "_Loser_Rat_",
    "player_location": "ca",
    "region": "USA / NTSC"
  },
  {
    "id": "mrnojl7y",
    "player": "Twoluka",
    "player_location": "au",
    "region": "EUR / PAL"
  },
  {
    "id": "zn0ewx8y",
    "player": "SirMintonIsABeast",
    "player_location": "in",
    "region": null
  },
  {
    "id": "z1p60jjz",
    "player": "DarkerLord16",
    "player_location": "us",
    "region": "USA / NTSC"
  },
  {
    "id": "y2pl8d9z",
    "player": "Lv1",
    "player_location": "jp",
    "region": "JPN / NTSC"
  },
  {
    "id": "zq9px49y",
    "player": "Bazilisk",
    "player_location": "cz",
    "region": "EUR / PAL"
  }
]