[
  {
    "id": "zgkk73vy",
    "player": "Valdio",
    "player_location": "mx",
    "region": "USA / NTSC"
  },
  {
    "id": "m7pkxq9m",
    "player": "ryukahr",
    "player_location": "us",
    "region": "USA / NTSC"
  },
  {
    "id": "yvjp484y",
    "player": "Arobam",
    "player_location": "de",
    "region": null
  },
  {
    "id": "ywpv7v0z",
    "player": "rabic",
    "player_location": "us",
    "region": "USA / NTSC"
  },
  {
    "id": "mr85484y",
    "player": "el_usive",
    "player_location": "us",
    "region": "USA / NTSC"
  },
  {
    "id": "z51p37jm",
    "player": "Goldberg3210",
    "player_location": "de",
    "region": null
  },
  {
    "id": "yvj85n8y",
    "player": "maxkm5st1",
    "player_location": "us",
    "region": null
  },
  {
    "id": "zn4jlx7m",
    "player": "white_moth",
    "player_location": "us",
    "region": "USA / NTSC"
  },
  {
    "id": "z51ledjm",
    "player": "Stiverson",
    "player_location": "us",
    "region": "USA / NTSC"
  },
  {
    "id": "z0305woz",
    "player": "UncleLionel",
    "player_location": "us",
    "region": "USA / NTSC"
  },
  {
    "id": "y92wn22z",
    "player": "BaronCanuck",
    "player_location": "ca",
    "region": "USA / NTSC"
  },
  {
    "id": "z0346l4z",
    "player": "Barbarian",
    "player_location": "us",
    "region": null
  },
  {
    "id": "y8137nnz",
    "player": "RBPimlico",
    "player_location": "us",
    "region": "USA / NTSC"
  },
  {
    "id": "zn37drvy",
    "player": "Wahnthac",
    "player_location": "us",
    "region": "USA / NTSC"
  },
  {
    "id": "yw4p1j3z",
    "player": "Almoni",
    "player_location": "il",
    "region": null
  },
  {
    "id": "yj3dqknz",
    "player": "TooMuchToby",
    "player_location": "us",
    "region": "USA / NTSC"
  },
  {
    "id": "mexw1g8z",
    "player": "ScageRock",
    "player_location": "us",
    "region": "USA / NTSC"
  },
  {
    "id": "z57p91dm",
    "player": "Kr00mmi",
    "player_location": "de",
    "region": "USA / NTSC"
  },
  {
    "id": "y82vog1y",
    "player": "NogLuhX",
    "player_location": "br",
    "region": "USA / NTSC"
  },
  {
    "id": "mexg6r0z",
    "player": "cptn_igloo",
    "player_location": "fr",
    "region": "USA / NTSC"
  },
  {
    "id": "yd5dkjwm",
    "player": "Halscion",
    "player_location": "us",
    "region": "USA / NTSC"
  },
  {
    "id": "mre3jrgy",
    "player": "Superben1755",
    "player_location": "ca",
    "region": "USA / NTSC"
  },
  {
    "id": "m7qk2w5z",
    "player": "UghRochester",
    "player_location": "us",
    "region": "USA / NTSC"
  },
  {
    "id": "zqro0qxy",
    "player": "osumariokartman",
    "player_location": "us",
    "region": "USA / NTSC"
  },
  {
    "id": "z01ve34y",
    "player": "electronicLogic",
    "player_location": "us",
    "region": "USA / NTSC"
  },
  {
    "id": "y81n75nz",
    "player": "Peach3z",
    "player_location": "us",
    "region": "USA / NTSC"
  },
  {
    "id": "yw4o1onz",
    "player": "lungfish3000",
    "player_location": "us",
    "region": null
  },
  {
    "id": "y216576z",
    "player": "Yetibucca",
    "player_location": "us",
    "region": null
  },
  {
    "id": "y2167xwz",
    "player": "amethyst_rocks",
    "player_location": "us",
    "region": null
  },
  {
    "id": "y414q7qy",
    "player": "Calco2",
    "player_location": "cl",
    "region": "USA / NTSC"
  },
  {
    "id": "yoj81vjm",
    "player": "Spudd_4343",
    "player_location": "us",
    "region": "USA / NTSC"
  },
  {
    "id": "z014eney",
    "player": "Ketil",
    "player_location": "dk",
    "region": null
  },
  {
    "id": "mex5668z",
    "player": "ZodiacDredd",
    "player_location": "us",
    "region": "USA / NTSC"
  },
  {
    "id": "zqro05xy",
    "player": "papanug",
    "player_location": "us",
    "region": "USA / NTSC"
  },
  {
    "id": "yv3deooz",
    "player": "YourBoyRudy",
    "player_location": "us",
    "region": "USA / NTSC"
  },
  {
    "id": "y4252odm",
    "player": "JoeVulgar",
    "player_location": "us",
    "region": "USA / NTSC"
  },
  {
    "id": "y8e1nxxy",
    "player": "zfleeman",
    "player_location": "us",
    "region": "USA / NTSC"
  },
  {
    "id": "mk3814lz",
    "player": "Rustiferrous",
    "player_location": "us",
    "region": "USA / NTSC"
  },
  {
    "id": "zprgxpxm",
    "player": "chelbird",
    "player_location": "de",
    "region": null
  },
  {
    "id": "yok90e0z",
    "player": "red_trochee",
    "player_location": "us",
    "region": "USA / NTSC"
  },
  {
    "id": "z057ojom",
    "player": "mrmightymouse",
    "player_location": "us",
    "region": null
  },
  {
    "id": "y4w8v43m",
    "player": "aknightofwands",
    "player_location": "us",
    "region": "USA / NTSC"
  },
  {
    "id": "y25onx5y",
    "player": "InfamousGreg",
    "player_location": "us",
    "region": "USA / NTSC"
  },
  {
    "id": "yvqj5d4m",
    "player": "stew_",
    "player_location": "us",
    "region": "USA / NTSC"
  },
  {
    "id": "ylvx5pxm",
    "player": "DeeBick",
    "player_location": "us",
    "region": "USA / NTSC"
  },
  {
    "id": "yvq2dg6m",
    "player": "defybydefault",
    "player_location": "ca",
    "region": null
  },
  {
    "id": "yj5qljdm",
    "player": "aSaltRifle",
    "player_location": "us",
    "region": "USA / NTSC"
  },
  {
    "id": "m78858ez",
    "player": "KatMakes",
    "player_location": "us",
    "region": "USA / NTSC"
  },
  {
    "id": "z06er4oz",
    "player": "rokero171",
    "player_location": "br",
    "region": "USA / NTSC"
  },
  {
    "id": "z18d3q7y",
    "player": "Fozymandias",
    "player_location": "us",
    "region": "USA / NTSC"
  },
  {
    "id": "y8v6d6wz",
    "player": "derv82",
    "player_location": "us",
    "region": "USA / NTSC"
  },
  {
    "id": "m7dgn2wm",
    "player": "Mysidia",
    "player_location": "us",
    "region": "USA / NTSC"
  },
  {
    "id": "y6d9q6jm",
    "player": "orka-bln",
    "player_location": "de",
    "region": null
  },
  {
    "id": "zgpqd50z",
    "player": "caioskii",
    "player_location": "br",
    "region": null
  },
  {
    "id": "z1rke5jm",
    "player": "Greenie42",
    "player_location": "us",
    "region": "USA / NTSC"
  },
  {
    "id": "yj53qxom",
    "player": "Sivarticus",
    "player_location": "us",
    "region": "USA / NTSC"
  },
  {
    "id": "zxlkxngz",
    "player": "JangusTSG",
    "player_location": "us",
    "region": "USA / NTSC"
  },
  {
    "id": "z1p4lnjz",
    "player": "YouFailMe",
    "player_location": "us",
    "region": "USA / NTSC"
  },
  {
    "id": "m7xnkr4y",
    "player": "themfflash",
    "player_location": "us",
    "region": "USA / NTSC"
  }
]