[
  {
    "id": "zxo2rv5z",
    "player": "edge_shaaan",
    "player_location": "jp",
    "region": "JPN / NTSC"
  },
  {
    "id": "zp01x98m",
    "player": "prinzdesrasen",
    "player_location": "jp",
    "region": null
  },
  {
    "id": "zq31olry",
    "player": "box_10000",
    "player_location": "jp",
    "region": "JPN / NTSC"
  },
  {
    "id": "y95x2wkz",
    "player": "Do-S",
    "player_location": "jp",
    "region": "JPN / NTSC"
  },
  {
    "id": "y6xvdx6y",
    "player": "kashiwame",
    "player_location": "jp",
    "region": "JPN / NTSC"
  },
  {
    "id": "zxk5g6gm",
    "player": "cleartonic",
    "player_location": null,
    "region": "USA / NTSC"
  },
  {
    "id": "m35gr86y",
    "player": "Clutchon",
    "player_location": "jp",
    "region": "JPN / NTSC"
  },
  {
    "id": "y65vvx6z",
    "player": "kakkkun",
    "player_location": "jp",
    "region": "JPN / NTSC"
  },
  {
    "id": "zp812wgy",
    "player": "tasuki",
    "player_location": "jp",
    "region": "JPN / NTSC"
  }
]