[
  {
    "id": "9meqe48m",
    "player": "Vallu",
    "player_location": "fi",
    "region": "EUR / PAL"
  },
  {
    "id": "pydr83xz",
    "player": "nindiddeh",
    "player_location": "us",
    "region": "USA / NTSC"
  },
  {
    "id": "zqg7xw1m",
    "player": "peteyboo",
    "player_location": "us",
    "region": "USA / NTSC"
  },
  {
    "id": "9mr5d2yq",
    "player": "slowkingspants",
    "player_location": "us",
    "region": "USA / NTSC"
  },
  {
    "id": "y90lx3ky",
    "player": "Adrylek",
    "player_location": "es",
    "region": "EUR / PAL"
  },
  {
    "id": "kz56wgyr",
    "player": "Negu_Taro",
    "player_location": null,
    "region": "JPN / NTSC"
  },
  {
    "id": "pm32vwy0",
    "player": "Okikurume",
    "player_location": null,
    "region": "EUR / PAL"
  },
  {
    "id": "dy40nnzl",
    "player": "Yakomori",
    "player_location": null,
    "region": "USA / NTSC"
  },
  {
    "id": "y82nl7ny",
    "player": "BanditGamer24",
    "player_location": "us",
    "region": null
  },
  {
    "id": "oy2r86md",
    "player": "einbert",
    "player_location": null,
    "region": "USA / NTSC"
  },
  {
    "id": "jy9qnrz4",
    "player": "thehunterhack",
    "player_location": "aw",
    "region": "EUR / PAL"
  },
  {
    "id": "0zn553zn",
    "player": "spaceman1774",
    "player_location": "us",
    "region": "USA / NTSC"
  },
  {
    "id": "2yw550y4",
    "player": "lightweightrunner",
    "player_location": "no",
    "region": "USA / NTSC"
  },
  {
    "id": "kz564nyr",
    "player": "SweetyT",
    "player_location": null,
    "region": "USA / NTSC"
  },
  {
    "id": "mrk6j98y",
    "player": "mrcab55",
    "player_location": "us",
    "region": "USA / NTSC"
  },
  {
    "id": "6yj7vgyd",
    "player": "queenfox",
    "player_location": null,
    "region": "USA / NTSC"
  },
  {
    "id": "1zq5oxzl",
    "player": "metalliguy",
    "player_location": "au",
    "region": "EUR / PAL"
  },
  {
    "id": "mk4l545y",
    "player": "360Chrism",
    "player_location": "de",
    "region": "EUR / PAL"
  },
  {
    "id": "1zx5p5mx",
    "player": "P4ntz",
    "player_location": "ca",
    "region": "USA / NTSC"
  },
  {
    "id": "0zn5l3zn",
    "player": "TeighMart",
    "player_location": "us",
    "region": "USA / NTSC"
  },
  {
    "id": "2yw570y4",
    "player": "darbian",
    "player_location": "us",
    "region": "USA / NTSC"
  },
  {
    "id": "pzg90dm2",
    "player": "kjhovey",
    "player_location": null,
    "region": "USA / NTSC"
  },
  {
    "id": "9mep53y7",
    "player": "Stendec",
    "player_location": "us",
    "region": "USA / NTSC"
  },
  {
    "id": "9yo5gdzx",
    "player": "Scykoh",
    "player_location": "us",
    "region": "USA / NTSC"
  },
  {
    "id": "pydoxjzn",
    "player": "gobbitybobbity",
    "player_location": "us",
    "region": "USA / NTSC"
  },
  {
    "id": "jy9wqkz4",
    "player": "Acearinos",
    "player_location": "ca",
    "region": "USA / NTSC"
  },
  {
    "id": "nz1749ze",
    "player": "Rareware",
    "player_location": "ca",
    "region": "USA / NTSC"
  },
  {
    "id": "8m7v4em0",
    "player": "NotSoNewby",
    "player_location": "ca",
    "region": "USA / NTSC"
  },
  {
    "id": "9mr5pdyq",
    "player": "shovda08",
    "player_location": null,
    "region": "USA / NTSC"
  },
  {
    "id": "1zx5r5mx",
    "player": "Dalton",
    "player_location": "us",
    "region": "USA / NTSC"
  },
  {
    "id": "pm3244y0",
    "player": "jedixking98",
    "player_location": null,
    "region": "USA / NTSC"
  },
  {
    "id": "oy2ro9md",
    "player": "LorddOfTheCastle",
    "player_location": null,
    "region": "USA / NTSC"
  },
  {
    "id": "7z0kgem5",
    "player": "Veegie64",
    "player_location": null,
    "region": "USA / NTSC"
  },
  {
    "id": "8y8n71y1",
    "player": "ewaller",
    "player_location": "us",
    "region": "USA / NTSC"
  },
  {
    "id": "8yv5d6mo",
    "player": "Bombercules",
    "player_location": "us",
    "region": "USA / NTSC"
  },
  {
    "id": "0zn5n3zn",
    "player": "TheBrett",
    "player_location": null,
    "region": "USA / NTSC"
  },
  {
    "id": "7yl58rzp",
    "player": "dunhamcw",
    "player_location": null,
    "region": "USA / NTSC"
  },
  {
    "id": "8m7vkem0",
    "player": "pinguino",
    "player_location": "us",
    "region": "USA / NTSC"
  },
  {
    "id": "9mr5gdyq",
    "player": "Twanmanportugan",
    "player_location": null,
    "region": "USA / NTSC"
  },
  {
    "id": "kz56qnyr",
    "player": "TheVenoMousGamer",
    "player_location": null,
    "region": "USA / NTSC"
  },
  {
    "id": "pm32p4y0",
    "player": "Linkums",
    "player_location": "us",
    "region": "USA / NTSC"
  },
  {
    "id": "dy40ddzl",
    "player": "nysniper3923",
    "player_location": "us",
    "region": "USA / NTSC"
  },
  {
    "id": "7z0kvem5",
    "player": "EarlyBirdStreams",
    "player_location": null,
    "region": "USA / NTSC"
  },
  {
    "id": "0y68kpz7",
    "player": "StubbornRadish",
    "player_location": null,
    "region": "USA / NTSC"
  },
  {
    "id": "8y8n51y1",
    "player": "Kaysick",
    "player_location": "us",
    "region": "USA / NTSC"
  },
  {
    "id": "oy2rl5md",
    "player": "OldSchool_Richard",
    "player_location": "se",
    "region": "USA / NTSC"
  },
  {
    "id": "7z0kv9m5",
    "player": "Nupperz",
    "player_location": "us",
    "region": "USA / NTSC"
  },
  {
    "id": "0y68k6z7",
    "player": "LevelZeroToInfinity",
    "player_location": null,
    "region": "USA / NTSC"
  },
  {
    "id": "8y8q5l5y",
    "player": "Twan",
    "player_location": "us",
    "region": "USA / NTSC"
  },
  {
    "id": "9yo4lw5m",
    "player": "Popskyy",
    "player_location": "us",
    "region": "USA / NTSC"
  },
  {
    "id": "kz5ogdey",
    "player": "2PlayorNot2Play",
    "player_location": "us",
    "region": "USA / NTSC"
  },
  {
    "id": "9me8kq9m",
    "player": "Orcastraw",
    "player_location": "us",
    "region": "USA / NTSC"
  },
  {
    "id": "0y6p55pm",
    "player": "FinnSpire",
    "player_location": null,
    "region": "EUR / PAL"
  },
  {
    "id": "nz15ndjy",
    "player": "socialspeedrunner",
    "player_location": "gb/eng",
    "region": "EUR / PAL"
  },
  {
    "id": "8yvjvq4y",
    "player": "downiebrownie_",
    "player_location": "us",
    "region": "USA / NTSC"
  },
  {
    "id": "pyd3l1wz",
    "player": "ryuknote322",
    "player_location": "no",
    "region": "EUR / PAL"
  },
  {
    "id": "nz1n1q9y",
    "player": "LELA",
    "player_location": "gb/wls",
    "region": "EUR / PAL"
  },
  {
    "id": "9mrkdr2y",
    "player": "Chocoloso",
    "player_location": "cl",
    "region": "USA / NTSC"
  },
  {
    "id": "0y6549qz",
    "player": "Shaunoooo",
    "player_location": null,
    "region": "USA / NTSC"
  },
  {
    "id": "oy2ddrwz",
    "player": "Keverage",
    "player_location": "us",
    "region": "USA / NTSC"
  },
  {
    "id": "mekv0k2m",
    "player": "KingBoo",
    "player_location": "es",
    "region": "EUR / PAL"
  },
  {
    "id": "z031wnjz",
    "player": "Jamesgamer_",
    "player_location": "au",
    "region": "EUR / PAL"
  },
  {
    "id": "nz1ok1rm",
    "player": "jakepeter",
    "player_location": "us",
    "region": "USA / NTSC"
  },
  {
    "id": "0y6rvj0y",
    "player": "Katherine0496",
    "player_location": "gb/eng",
    "region": "EUR / PAL"
  },
  {
    "id": "7ylqew3z",
    "player": "Themaingamerxd",
    "player_location": "us",
    "region": "USA / NTSC"
  },
  {
    "id": "ydqe1nxm",
    "player": "Demolition14",
    "player_location": "gb/eng",
    "region": "EUR / PAL"
  },
  {
    "id": "wzp366xm",
    "player": "LosvikeN",
    "player_location": "no",
    "region": "EUR / PAL"
  },
  {
    "id": "jy984lvz",
    "player": "Yoshiii98",
    "player_location": "de",
    "region": "EUR / PAL"
  },
  {
    "id": "emk7roxy",
    "player": "Peanut",
    "player_location": "br",
    "region": "USA / NTSC"
  },
  {
    "id": "9mrpnldz",
    "player": "Animeduh",
    "player_location": "us",
    "region": "USA / NTSC"
  },
  {
    "id": "8y8dejxz",
    "player": "Gohgo",
    "player_location": "ca",
    "region": "USA / NTSC"
  },
  {
    "id": "oy2xw76m",
    "player": "nonga25",
    "player_location": "ca/qc",
    "region": "USA / NTSC"
  },
  {
    "id": "oy2xl45m",
    "player": "mattytmet",
    "player_location": "gb/eng",
    "region": "EUR / PAL"
  },
  {
    "id": "2ywkd83y",
    "player": "DN_Exodus",
    "player_location": "us",
    "region": "USA / NTSC"
  },
  {
    "id": "mrqklk7y",
    "player": "kwaniza",
    "player_location": "us",
    "region": "USA / NTSC"
  },
  {
    "id": "wzpen1gy",
    "player": "Masqueraide",
    "player_location": "us",
    "region": "USA / NTSC"
  },
  {
    "id": "zxv9r6ky",
    "player": "Viviana",
    "player_location": "us",
    "region": "USA / NTSC"
  },
  {
    "id": "kz5er6gz",
    "player": "VincentWeir",
    "player_location": "us",
    "region": "USA / NTSC"
  },
  {
    "id": "9yonvr7z",
    "player": "Seathorne",
    "player_location": "us",
    "region": "USA / NTSC"
  },
  {
    "id": "zprkg78m",
    "player": "Badydoodlz",
    "player_location": "kw",
    "region": "USA / NTSC"
  },
  {
    "id": "pm3kd16y",
    "player": "m5P1D3R",
    "player_location": "us",
    "region": "USA / NTSC"
  },
  {
    "id": "7z0jj59y",
    "player": "AlexWBoss",
    "player_location": "us",
    "region": "USA / NTSC"
  },
  {
    "id": "yw1o229z",
    "player": "Nick_",
    "player_location": "us",
    "region": "USA / NTSC"
  },
  {
    "id": "0y6g3r1m",
    "player": "Laxxius",
    "player_location": "ca",
    "region": "USA / NTSC"
  },
  {
    "id": "zxkpkjem",
    "player": "movefish",
    "player_location": "us",
    "region": "USA / NTSC"
  },
  {
    "id": "pydn2nqm",
    "player": "hkdrum",
    "player_location": "us",
    "region": "USA / NTSC"
  },
  {
    "id": "1zxqplem",
    "player": "Linkzz1",
    "player_location": "us",
    "region": "USA / NTSC"
  },
  {
    "id": "emkpjpxy",
    "player": "Hamleys23",
    "player_location": "us",
    "region": "USA / NTSC"
  },
  {
    "id": "8yvx9n6z",
    "player": "sonic4president",
    "player_location": "gb/eng",
    "region": "EUR / PAL"
  },
  {
    "id": "mek8ov9m",
    "player": "Luvbaseball58",
    "player_location": "us",
    "region": null
  },
  {
    "id": "y972e92m",
    "player": "CorvusAtrox",
    "player_location": "us",
    "region": "USA / NTSC"
  },
  {
    "id": "9yo5xg7z",
    "player": "papa.",
    "player_location": "us",
    "region": "USA / NTSC"
  },
  {
    "id": "pzg1kqdz",
    "player": "King",
    "player_location": "us",
    "region": "USA / NTSC"
  },
  {
    "id": "oy2r6gjm",
    "player": "EpicZoo",
    "player_location": "ca",
    "region": "USA / NTSC"
  },
  {
    "id": "yw1k1v9z",
    "player": "TheMounTing",
    "player_location": "gb/eng",
    "region": "EUR / PAL"
  },
  {
    "id": "8m7436wm",
    "player": "SalmonBuffalo",
    "player_location": "us",
    "region": "USA / NTSC"
  },
  {
    "id": "mk4o275y",
    "player": "Podz",
    "player_location": null,
    "region": "EUR / PAL"
  },
  {
    "id": "7z044poy",
    "player": "FurretTurret",
    "player_location": "us",
    "region": "USA / NTSC"
  },
  {
    "id": "zgxrkpjm",
    "player": "PseudoLewis",
    "player_location": "gb/sct",
    "region": null
  },
  {
    "id": "mr46le7z",
    "player": "Talmerak",
    "player_location": "us",
    "region": "USA / NTSC"
  },
  {
    "id": "7z0v1doy",
    "player": "smartalec24",
    "player_location": "us",
    "region": "USA / NTSC"
  },
  {
    "id": "yo46rp5m",
    "player": "CrimsonMay",
    "player_location": "us",
    "region": "USA / NTSC"
  },
  {
    "id": "y9226nnz",
    "player": "Leo179",
    "player_location": "ch",
    "region": "EUR / PAL"
  },
  {
    "id": "y2v5kq7z",
    "player": "KingJ0444",
    "player_location": "ca",
    "region": "USA / NTSC"
  },
  {
    "id": "yo4k0v1m",
    "player": "tux3domike",
    "player_location": "us",
    "region": "USA / NTSC"
  },
  {
    "id": "ydqrvoxm",
    "player": "Duraludon",
    "player_location": "us",
    "region": "USA / NTSC"
  },
  {
    "id": "y430g8qz",
    "player": "amarishiro",
    "player_location": "jp",
    "region": "JPN / NTSC"
  },
  {
    "id": "m358624y",
    "player": "Yandema211",
    "player_location": "us",
    "region": null
  },
  {
    "id": "y975gwkm",
    "player": "Kristoforandchaz",
    "player_location": "us",
    "region": "USA / NTSC"
  },
  {
    "id": "y67rew6m",
    "player": "nzjg",
    "player_location": "de",
    "region": "EUR / PAL"
  },
  {
    "id": "zxvdwvgy",
    "player": "Coldeggman",
    "player_location": "us",
    "region": "USA / NTSC"
  },
  {
    "id": "y23vqx7m",
    "player": "Fourdark",
    "player_location": "us",
    "region": "USA / NTSC"
  },
  {
    "id": "y67d581m",
    "player": "BellumZeldaDS",
    "player_location": "jp",
    "region": "EUR / PAL"
  },
  {
    "id": "yjk1nndm",
    "player": "LaKu86",
    "player_location": "fi",
    "region": "EUR / PAL"
  },
  {
    "id": "y973vovm",
    "player": "MarioMan",
    "player_location": "us",
    "region": "USA / NTSC"
  },
  {
    "id": "m3nxw16y",
    "player": "testsubjecttt",
    "player_location": "us",
    "region": null
  },
  {
    "id": "ydqjlqwm",
    "player": "PokethemadBro",
    "player_location": "us",
    "region": "USA / NTSC"
  },
  {
    "id": "yvjj5k6y",
    "player": "gottaketchumal",
    "player_location": "us",
    "region": "USA / NTSC"
  },
  {
    "id": "zxv8wxky",
    "player": "videogamemaster22",
    "player_location": "us",
    "region": "USA / NTSC"
  },
  {
    "id": "zq6jdx5y",
    "player": "MorbyTime",
    "player_location": "us",
    "region": "USA / NTSC"
  },
  {
    "id": "yd5j1vqm",
    "player": "toothpickwilly",
    "player_location": "us",
    "region": "USA / NTSC"
  },
  {
    "id": "y8q6l9ny",
    "player": "ConHawk013",
    "player_location": "ca",
    "region": null
  },
  {
    "id": "zpqp7xxy",
    "player": "gdnitemoon",
    "player_location": "us",
    "region": "USA / NTSC"
  },
  {
    "id": "z5o8jdey",
    "player": "Godunman",
    "player_location": "us",
    "region": "USA / NTSC"
  },
  {
    "id": "yo27gv5z",
    "player": "SMMidi",
    "player_location": "gb/eng",
    "region": "EUR / PAL"
  },
  {
    "id": "yw1gq50z",
    "player": "WaverlyPants",
    "player_location": "br",
    "region": "USA / NTSC"
  },
  {
    "id": "mek239qm",
    "player": "Cl4yt0n",
    "player_location": "fr",
    "region": "EUR / PAL"
  },
  {
    "id": "y97gq3em",
    "player": "infinitemystery",
    "player_location": null,
    "region": "USA / NTSC"
  },
  {
    "id": "ydqxrgjm",
    "player": "Jupiin",
    "player_location": "lt",
    "region": "EUR / PAL"
  },
  {
    "id": "y97qqwnm",
    "player": "Conklestothemax",
    "player_location": "us",
    "region": "USA / NTSC"
  },
  {
    "id": "y91l8wrm",
    "player": "BloodDerg",
    "player_location": "de",
    "region": "EUR / PAL"
  },
  {
    "id": "y89v69nm",
    "player": "Mowinou",
    "player_location": "de",
    "region": "EUR / PAL"
  },
  {
    "id": "y926o9nz",
    "player": "Claire",
    "player_location": "us",
    "region": null
  },
  {
    "id": "z11k2j7z",
    "player": "Nolmy",
    "player_location": "us",
    "region": "USA / NTSC"
  },
  {
    "id": "yj4wwlgy",
    "player": "tokko_tomcat",
    "player_location": "us",
    "region": "USA / NTSC"
  },
  {
    "id": "zprq54xm",
    "player": "XEmeraldWarriorX",
    "player_location": "us",
    "region": "USA / NTSC"
  },
  {
    "id": "zq38x48y",
    "player": "m0m0",
    "player_location": "de",
    "region": "EUR / PAL"
  },
  {
    "id": "y41odd2y",
    "player": "Tepig28",
    "player_location": "us",
    "region": null
  },
  {
    "id": "yd64jpwz",
    "player": "GreenSnowDog",
    "player_location": "lu",
    "region": "EUR / PAL"
  },
  {
    "id": "zqgv848m",
    "player": "Butter101",
    "player_location": "us",
    "region": "USA / NTSC"
  },
  {
    "id": "yd6174vz",
    "player": "Aexeos",
    "player_location": "fr",
    "region": "EUR / PAL"
  },
  {
    "id": "zprvvvnm",
    "player": "pretends2know",
    "player_location": "us",
    "region": "USA / NTSC"
  },
  {
    "id": "zxd86xgy",
    "player": "YPlushes",
    "player_location": "us",
    "region": "USA / NTSC"
  },
  {
    "id": "z01q79oy",
    "player": "Switchmaster64",
    "player_location": "us",
    "region": "USA / NTSC"
  },
  {
    "id": "m31v5xwz",
    "player": "ShadowFrost",
    "player_location": "nl",
    "region": "EUR / PAL"
  },
  {
    "id": "y81lgpwz",
    "player": "linky628",
    "player_location": "gb/eng",
    "region": "EUR / PAL"
  },
  {
    "id": "yd6pjowz",
    "player": "Odme_",
    "player_location": "us",
    "region": "USA / NTSC"
  },
  {
    "id": "z014xx8y",
    "player": "Letsklay",
    "player_location": "de",
    "region": "EUR / PAL"
  },
  {
    "id": "mk2nrw5m",
    "player": "Aweglib",
    "player_location": null,
    "region": "USA / NTSC"
  },
  {
    "id": "y650121z",
    "player": "lackattack",
    "player_location": "us",
    "region": null
  },
  {
    "id": "y817x1xz",
    "player": "Jerome",
    "player_location": "ca/qc",
    "region": "USA / NTSC"
  },
  {
    "id": "y6lk52py",
    "player": "BigAds",
    "player_location": "gb",
    "region": "EUR / PAL"
  },
  {
    "id": "yoj19kjm",
    "player": "jstreet0128",
    "player_location": "us",
    "region": "USA / NTSC"
  },
  {
    "id": "zxkejrqm",
    "player": "Ronald",
    "player_location": "nl",
    "region": "EUR / PAL"
  },
  {
    "id": "z5j83lgm",
    "player": "HexSpeedruns",
    "player_location": "us",
    "region": null
  },
  {
    "id": "zpr4wrnm",
    "player": "BlueX2",
    "player_location": "de",
    "region": "EUR / PAL"
  },
  {
    "id": "z055l09m",
    "player": "Rox",
    "player_location": "us",
    "region": "USA / NTSC"
  },
  {
    "id": "zx28q5km",
    "player": "Kosmic",
    "player_location": "us",
    "region": "USA / NTSC"
  },
  {
    "id": "y4wox83m",
    "player": "authorblues",
    "player_location": "us",
    "region": "USA / NTSC"
  },
  {
    "id": "zplkvxvm",
    "player": "Presto",
    "player_location": "us",
    "region": "USA / NTSC"
  },
  {
    "id": "mr9k0k8m",
    "player": "Webalin",
    "player_location": "ca/qc",
    "region": "USA / NTSC"
  },
  {
    "id": "m7gdlnem",
    "player": "DREX",
    "player_location": "us",
    "region": "USA / NTSC"
  },
  {
    "id": "yv61d74z",
    "player": "MadCat44",
    "player_location": "fi",
    "region": "EUR / PAL"
  },
  {
    "id": "zplxwxnm",
    "player": "CostilerAphid18",
    "player_location": "co",
    "region": "USA / NTSC"
  },
  {
    "id": "mrkn44gy",
    "player": "JasonMatthew",
    "player_location": "us",
    "region": "USA / NTSC"
  },
  {
    "id": "zx2ljw5m",
    "player": "Avery1D",
    "player_location": "us",
    "region": null
  },
  {
    "id": "yok6q21z",
    "player": "uprizeupwardz",
    "player_location": "ca",
    "region": "USA / NTSC"
  },
  {
    "id": "meo4n20z",
    "player": "RedLunaticYT_",
    "player_location": "us",
    "region": null
  },
  {
    "id": "m3535e4y",
    "player": "ThePianoEnthusiast",
    "player_location": "us",
    "region": "USA / NTSC"
  },
  {
    "id": "y650qg0z",
    "player": "GoldToadGaming",
    "player_location": "ca",
    "region": "USA / NTSC"
  },
  {
    "id": "zgwp6ldy",
    "player": "Jupitervix",
    "player_location": "se",
    "region": "EUR / PAL"
  },
  {
    "id": "y66jqq0y",
    "player": "Wookis",
    "player_location": "us",
    "region": "USA / NTSC"
  },
  {
    "id": "znkevevz",
    "player": "Sw00zy16",
    "player_location": "ch",
    "region": null
  },
  {
    "id": "z05dw9jm",
    "player": "DiamondcrafterA",
    "player_location": "us",
    "region": "USA / NTSC"
  },
  {
    "id": "ylkwd12z",
    "player": "LuigiMaster",
    "player_location": "us",
    "region": null
  },
  {
    "id": "zpr54rnm",
    "player": "Torchic_Nick05",
    "player_location": "us",
    "region": null
  },
  {
    "id": "zno1928y",
    "player": "Tackleshift8",
    "player_location": "gb/sct",
    "region": "EUR / PAL"
  },
  {
    "id": "zxdk93ky",
    "player": "Cactus",
    "player_location": "co",
    "region": "USA / NTSC"
  },
  {
    "id": "mrkw622y",
    "player": "Rockruff",
    "player_location": "us",
    "region": "USA / NTSC"
  },
  {
    "id": "m35vee6y",
    "player": "MrPecktoralMan",
    "player_location": "gb/eng",
    "region": "EUR / PAL"
  },
  {
    "id": "znk5xw8z",
    "player": "IceAngel",
    "player_location": "gb/eng",
    "region": "EUR / PAL"
  },
  {
    "id": "yjlrx57z",
    "player": "JordanD",
    "player_location": "us",
    "region": "USA / NTSC"
  },
  {
    "id": "m3ng9k6y",
    "player": "xxezrabxxx",
    "player_location": "us",
    "region": "USA / NTSC"
  },
  {
    "id": "mrkwp7gy",
    "player": "123thefast",
    "player_location": "us",
    "region": "USA / NTSC"
  },
  {
    "id": "m7gjn54m",
    "player": "OleWeisink",
    "player_location": "nl",
    "region": null
  },
  {
    "id": "ylk2p0rz",
    "player": "ThatHomieDemon",
    "player_location": "us",
    "region": null
  },
  {
    "id": "yok13ndz",
    "player": "MasterfulMudkip",
    "player_location": null,
    "region": "USA / NTSC"
  },
  {
    "id": "znkd11lz",
    "player": "dfloob22",
    "player_location": "us",
    "region": "USA / NTSC"
  },
  {
    "id": "mk3jop5z",
    "player": "CappyTJ5",
    "player_location": "us",
    "region": "USA / NTSC"
  },
  {
    "id": "m759d3ez",
    "player": "ArthurOww",
    "player_location": "fr",
    "region": "EUR / PAL"
  },
  {
    "id": "y2vv9q9z",
    "player": "BennyTheGreat",
    "player_location": "us",
    "region": "USA / NTSC"
  },
  {
    "id": "m754lgez",
    "player": "S.E.D.B.",
    "player_location": "us",
    "region": null
  },
  {
    "id": "zn338w8y",
    "player": "Dionysus_SMO",
    "player_location": "nl",
    "region": "EUR / PAL"
  },
  {
    "id": "zgvv70nz",
    "player": "SpartaRemixFan1",
    "player_location": "us",
    "region": null
  },
  {
    "id": "mk87313m",
    "player": "Isaac697",
    "player_location": "us",
    "region": "USA / NTSC"
  },
  {
    "id": "yd00kwxz",
    "player": "Lukasmbraga",
    "player_location": "ca",
    "region": "USA / NTSC"
  },
  {
    "id": "yo3699dy",
    "player": "Morgan1624",
    "player_location": "us",
    "region": "USA / NTSC"
  },
  {
    "id": "zgx7o9vm",
    "player": "BillBoB",
    "player_location": "us",
    "region": "USA / NTSC"
  },
  {
    "id": "z53r9o5y",
    "player": "MinTLakE",
    "player_location": "au",
    "region": null
  },
  {
    "id": "mr9nqx7m",
    "player": "BlazingNight987",
    "player_location": "gb/eng",
    "region": "EUR / PAL"
  },
  {
    "id": "zxdooqky",
    "player": "Gamer345",
    "player_location": "is",
    "region": "EUR / PAL"
  },
  {
    "id": "yj65q5nz",
    "player": "Squared_Waffle",
    "player_location": "us",
    "region": "USA / NTSC"
  },
  {
    "id": "m3g27odz",
    "player": "Rayleigh",
    "player_location": "nz",
    "region": "USA / NTSC"
  },
  {
    "id": "m753470z",
    "player": "Jamestheman2009",
    "player_location": "us",
    "region": "USA / NTSC"
  },
  {
    "id": "yd90kgqz",
    "player": "josuray",
    "player_location": "us",
    "region": "USA / NTSC"
  },
  {
    "id": "y91802em",
    "player": "Dunebuster53",
    "player_location": "us",
    "region": "USA / NTSC"
  },
  {
    "id": "zn3eo1vy",
    "player": "Maddox1228",
    "player_location": "us",
    "region": "USA / NTSC"
  },
  {
    "id": "mk8p9e5m",
    "player": "Gasu",
    "player_location": "ch",
    "region": "USA / NTSC"
  },
  {
    "id": "zn39r39y",
    "player": "Wafzes",
    "player_location": "us",
    "region": "USA / NTSC"
  },
  {
    "id": "z098j08z",
    "player": "Memerisbest",
    "player_location": "ca",
    "region": null
  },
  {
    "id": "y6rgk80y",
    "player": "LilBroski1",
    "player_location": "us",
    "region": null
  },
  {
    "id": "z09kejez",
    "player": "Dani\u00eblHarteveld",
    "player_location": "nl",
    "region": "EUR / PAL"
  },
  {
    "id": "ylv50wnm",
    "player": "subtopropup",
    "player_location": "us",
    "region": "USA / NTSC"
  },
  {
    "id": "yv9519xz",
    "player": "Ben729Gaming",
    "player_location": "us",
    "region": "USA / NTSC"
  },
  {
    "id": "yv9dxpxz",
    "player": "Pbboy",
    "player_location": "us",
    "region": null
  },
  {
    "id": "zqg4rl8m",
    "player": "hiro_RTAenjoy",
    "player_location": "jp",
    "region": "JPN / NTSC"
  },
  {
    "id": "y8vv345z",
    "player": "Skipper93653",
    "player_location": "gb/eng",
    "region": null
  },
  {
    "id": "yo94x1dy",
    "player": "Shuma",
    "player_location": "il",
    "region": "EUR / PAL"
  },
  {
    "id": "m78d319z",
    "player": "thedurbster",
    "player_location": "us",
    "region": "USA / NTSC"
  },
  {
    "id": "zgxwgeem",
    "player": "SMOjoycons",
    "player_location": "au",
    "region": null
  },
  {
    "id": "y9n0r4vz",
    "player": "Burgzy",
    "player_location": "gb/eng",
    "region": "EUR / PAL"
  },
  {
    "id": "znokdl8y",
    "player": "Skellie_Gaming",
    "player_location": null,
    "region": "EUR / PAL"
  },
  {
    "id": "zp31plrm",
    "player": "Lemons_Picrun",
    "player_location": "jp",
    "region": "JPN / NTSC"
  },
  {
    "id": "m3n7k8dy",
    "player": "toobou",
    "player_location": "jp",
    "region": "JPN / NTSC"
  },
  {
    "id": "zqg1v21m",
    "player": "SCRB",
    "player_location": "jp",
    "region": "JPN / NTSC"
  },
  {
    "id": "y8vee25z",
    "player": "Nivadra",
    "player_location": "us",
    "region": "USA / NTSC"
  },
  {
    "id": "zgxrd6jm",
    "player": "Zayteck_786",
    "player_location": "gb/eng",
    "region": "EUR / PAL"
  },
  {
    "id": "zgxqr0nm",
    "player": "30Aces",
    "player_location": "us",
    "region": "USA / NTSC"
  },
  {
    "id": "zx6l2jgz",
    "player": "MatthewSmart",
    "player_location": "us",
    "region": "USA / NTSC"
  },
  {
    "id": "y66nk60y",
    "player": "FighterBro",
    "player_location": "us",
    "region": "USA / NTSC"
  },
  {
    "id": "yw038r2m",
    "player": "winn2233",
    "player_location": "us",
    "region": null
  },
  {
    "id": "y8v6ox1z",
    "player": "ZachAttack",
    "player_location": "us",
    "region": "USA / NTSC"
  },
  {
    "id": "yv27ojom",
    "player": "Sovietkoopa",
    "player_location": "lb",
    "region": "USA / NTSC"
  },
  {
    "id": "y2v8o25z",
    "player": "Ryan1019",
    "player_location": null,
    "region": null
  },
  {
    "id": "z06kg54z",
    "player": "TheMarioMaster",
    "player_location": null,
    "region": null
  },
  {
    "id": "y4248vdm",
    "player": "IsmailCGteam",
    "player_location": "bh",
    "region": null
  },
  {
    "id": "zx7gg5ky",
    "player": "BrandyTheMaster",
    "player_location": "us",
    "region": "USA / NTSC"
  },
  {
    "id": "zgx58q0m",
    "player": "sunflower8814",
    "player_location": "jp",
    "region": "JPN / NTSC"
  },
  {
    "id": "z5r5nejy",
    "player": "snordin",
    "player_location": "ca",
    "region": null
  },
  {
    "id": "yo7227dm",
    "player": "Ocram",
    "player_location": "us",
    "region": null
  },
  {
    "id": "zp825gry",
    "player": "mr_vlog572",
    "player_location": "us",
    "region": "USA / NTSC"
  },
  {
    "id": "z5rv52jy",
    "player": "shadowninja1028",
    "player_location": "ca",
    "region": "USA / NTSC"
  },
  {
    "id": "z5vq88dm",
    "player": "QRL_Storm",
    "player_location": "gb/eng",
    "region": "EUR / PAL"
  },
  {
    "id": "ywk4e22y",
    "player": "ZombPhox",
    "player_location": "us",
    "region": "USA / NTSC"
  },
  {
    "id": "y6xpnnjy",
    "player": "Mizumaririn",
    "player_location": "hk",
    "region": "USA / NTSC"
  },
  {
    "id": "y8jq261z",
    "player": "Kirb0_Bup",
    "player_location": null,
    "region": "USA / NTSC"
  },
  {
    "id": "zxgj88ky",
    "player": "mawg",
    "player_location": null,
    "region": null
  },
  {
    "id": "ydern3xm",
    "player": "zombiesr_",
    "player_location": "gr",
    "region": "EUR / PAL"
  },
  {
    "id": "z0rge89z",
    "player": "Airsalad",
    "player_location": "ca",
    "region": "USA / NTSC"
  },
  {
    "id": "ylq8jw3z",
    "player": "Spongey012",
    "player_location": "br",
    "region": null
  },
  {
    "id": "y275w0jz",
    "player": "PigZero",
    "player_location": "us",
    "region": "USA / NTSC"
  },
  {
    "id": "mrnk5x7y",
    "player": "ClementLV2",
    "player_location": "fr",
    "region": "EUR / PAL"
  },
  {
    "id": "zgrw0kdm",
    "player": "SunShiba",
    "player_location": "us",
    "region": "USA / NTSC"
  },
  {
    "id": "mk5ko0vm",
    "player": "T\u00e4htiDeluxe3YT",
    "player_location": "fi",
    "region": "EUR / PAL"
  },
  {
    "id": "y278wowz",
    "player": "BrunoWiiU",
    "player_location": "cu",
    "region": "EUR / PAL"
  },
  {
    "id": "z07v1xey",
    "player": "Hakubou",
    "player_location": "jp",
    "region": "JPN / NTSC"
  },
  {
    "id": "z0odlkjz",
    "player": "hotdogger",
    "player_location": "us",
    "region": "USA / NTSC"
  },
  {
    "id": "y4qko1km",
    "player": "Notavailable",
    "player_location": null,
    "region": null
  },
  {
    "id": "ydw46rqm",
    "player": "TRLittleToaster",
    "player_location": "us",
    "region": "USA / NTSC"
  },
  {
    "id": "m362v34m",
    "player": "conbales",
    "player_location": null,
    "region": "USA / NTSC"
  },
  {
    "id": "zp2vl7xy",
    "player": "Kinopiofan69",
    "player_location": "us",
    "region": "USA / NTSC"
  },
  {
    "id": "m7w4jg0z",
    "player": "MarioMaster06",
    "player_location": "us",
    "region": "USA / NTSC"
  },
  {
    "id": "yv868k6m",
    "player": "peroxidedrinker71",
    "player_location": "no",
    "region": "EUR / PAL"
  },
  {
    "id": "z0ppokoy",
    "player": "JordanJones",
    "player_location": "us",
    "region": "USA / NTSC"
  },
  {
    "id": "me399rqz",
    "player": "smugzuck",
    "player_location": "us",
    "region": "USA / NTSC"
  },
  {
    "id": "m33q7pqm",
    "player": "cgtoad625yt",
    "player_location": "us",
    "region": "USA / NTSC"
  },
  {
    "id": "mkk18dlm",
    "player": "iangaming_YT",
    "player_location": "us",
    "region": "USA / NTSC"
  },
  {
    "id": "mkkwdplm",
    "player": "Cysse",
    "player_location": "fr",
    "region": "EUR / PAL"
  },
  {
    "id": "yjprok3y",
    "player": "Zockermaschine4001",
    "player_location": "de",
    "region": "EUR / PAL"
  },
  {
    "id": "m7x66p5y",
    "player": "Osian27",
    "player_location": "gb/wls",
    "region": null
  },
  {
    "id": "y8xxepdm",
    "player": "KingGaloomba",
    "player_location": "us",
    "region": "USA / NTSC"
  },
  {
    "id": "yv08l1ez",
    "player": "FirePuma",
    "player_location": null,
    "region": "EUR / PAL"
  },
  {
    "id": "znjrwrlm",
    "player": "RadGamer",
    "player_location": "us",
    "region": "USA / NTSC"
  }
]