[
  {
    "id": "1zq0331y",
    "player": "skyfly151",
    "player_location": "us",
    "region": "USA / NTSC"
  },
  {
    "id": "z0e52v9m",
    "player": "LivinLikeLoca",
    "player_location": "us",
    "region": "USA / NTSC"
  },
  {
    "id": "meko8o0m",
    "player": "ValakTurtle",
    "player_location": "us",
    "region": "USA / NTSC"
  },
  {
    "id": "zq6wlnxy",
    "player": "dinkydana",
    "player_location": "us",
    "region": null
  },
  {
    "id": "zgnjvdny",
    "player": "Fxdgamer",
    "player_location": "us",
    "region": "USA / NTSC"
  },
  {
    "id": "z03q5r8z",
    "player": "Rayray72",
    "player_location": "us",
    "region": "USA / NTSC"
  },
  {
    "id": "z1167vjz",
    "player": "Azure_Mirage",
    "player_location": "cn",
    "region": "CHN / PAL"
  },
  {
    "id": "y2q43x9y",
    "player": "flashliquidizer",
    "player_location": "us",
    "region": "USA / NTSC"
  },
  {
    "id": "yoj1el1m",
    "player": "JonnyBlox",
    "player_location": "us",
    "region": "USA / NTSC"
  },
  {
    "id": "m7gq3x0m",
    "player": "Remor",
    "player_location": "cn",
    "region": "CHN / PAL"
  },
  {
    "id": "meo3kx2z",
    "player": "roppen",
    "player_location": "us",
    "region": "USA / NTSC"
  },
  {
    "id": "zgw9pxjy",
    "player": "LoremIpsumDocet",
    "player_location": "fr",
    "region": null
  },
  {
    "id": "mk8lo03m",
    "player": "Octoboy",
    "player_location": "fr",
    "region": "EUR / PAL"
  },
  {
    "id": "y91771km",
    "player": "Sir_Epic",
    "player_location": "us",
    "region": "USA / NTSC"
  },
  {
    "id": "ywdqer2z",
    "player": "GamefreakPierre",
    "player_location": "at",
    "region": "EUR / PAL"
  },
  {
    "id": "zpl8qxrm",
    "player": "DoubleABattery",
    "player_location": "us",
    "region": null
  },
  {
    "id": "mr95764m",
    "player": "diude7",
    "player_location": "de",
    "region": "EUR / PAL"
  },
  {
    "id": "y9nl79rz",
    "player": "MXDSpeed",
    "player_location": "gb/nir",
    "region": "EUR / PAL"
  },
  {
    "id": "zp32l5rm",
    "player": "infinite666",
    "player_location": "si",
    "region": null
  },
  {
    "id": "yo97120y",
    "player": "GUN0",
    "player_location": "nl",
    "region": "EUR / PAL"
  },
  {
    "id": "me93770z",
    "player": "OfficialHRS",
    "player_location": "us",
    "region": "USA / NTSC"
  },
  {
    "id": "yo9rk17y",
    "player": "RelShi",
    "player_location": "au",
    "region": null
  },
  {
    "id": "ydr6ko0z",
    "player": "Gribbon1020",
    "player_location": "us",
    "region": "USA / NTSC"
  },
  {
    "id": "zx6p78gz",
    "player": "CrunchyCrumbles",
    "player_location": "us",
    "region": "USA / NTSC"
  },
  {
    "id": "y8d1p0nz",
    "player": "NinjaSir",
    "player_location": "us",
    "region": "USA / NTSC"
  },
  {
    "id": "z0ro02ez",
    "player": "TiredWoomy",
    "player_location": "gb/eng",
    "region": "EUR / PAL"
  },
  {
    "id": "mkgkjn1y",
    "player": "Dozer",
    "player_location": "tr",
    "region": null
  },
  {
    "id": "y2xjq07m",
    "player": "Tru3P1ay3r",
    "player_location": "gb/eng",
    "region": "EUR / PAL"
  },
  {
    "id": "me418j2y",
    "player": "KenshiZeppeli",
    "player_location": "jp",
    "region": "USA / NTSC"
  },
  {
    "id": "y6d4o56m",
    "player": "JokerTropical",
    "player_location": "ca",
    "region": "USA / NTSC"
  },
  {
    "id": "zxovd0ez",
    "player": "PortalGaming",
    "player_location": "fr",
    "region": "EUR / PAL"
  },
  {
    "id": "y271k35z",
    "player": "RonnyDeStrooper",
    "player_location": "be",
    "region": "EUR / PAL"
  },
  {
    "id": "y8e6vddy",
    "player": "NoOffensive",
    "player_location": "sk",
    "region": "EUR / PAL"
  },
  {
    "id": "y8jpp5wz",
    "player": "Swim_gaming",
    "player_location": "gb/eng",
    "region": null
  },
  {
    "id": "yjxp65dz",
    "player": "TheXV1",
    "player_location": "gb/eng",
    "region": "EUR / PAL"
  },
  {
    "id": "zp2g37ry",
    "player": "oleksiy73",
    "player_location": "ua",
    "region": "EUR / PAL"
  },
  {
    "id": "zq08p75y",
    "player": "Wardiepao",
    "player_location": "bn",
    "region": "USA / NTSC"
  },
  {
    "id": "zgd9370z",
    "player": "Bonnie360",
    "player_location": "us",
    "region": "USA / NTSC"
  },
  {
    "id": "yor5657y",
    "player": "Ambience",
    "player_location": "us",
    "region": "USA / NTSC"
  },
  {
    "id": "mr7kd9gz",
    "player": "Bartti01",
    "player_location": "pl",
    "region": "EUR / PAL"
  },
  {
    "id": "yvr6718z",
    "player": "tymson",
    "player_location": null,
    "region": "EUR / PAL"
  },
  {
    "id": "z523kpez",
    "player": "Cker",
    "player_location": "tr",
    "region": "EUR / PAL"
  },
  {
    "id": "m33e96wm",
    "player": "Throwaway_Account",
    "player_location": "us",
    "region": "EUR / PAL"
  },
  {
    "id": "z1pwdxgz",
    "player": "Blaziken",
    "player_location": "us",
    "region": "USA / NTSC"
  },
  {
    "id": "yjd267ny",
    "player": "Dazander3254",
    "player_location": null,
    "region": null
  },
  {
    "id": "zq9loexy",
    "player": "LollyLord",
    "player_location": null,
    "region": "USA / NTSC"
  },
  {
    "id": "m7xrp85y",
    "player": "Mathigamercrack",
    "player_location": "pe",
    "region": null
  }
]