[
  {
    "id": "me4l1n2y",
    "player": "BostonBrew",
    "player_location": "us",
    "region": "JPN / NTSC"
  },
  {
    "id": "8yv1016y",
    "player": "T3tsuya",
    "player_location": "us",
    "region": "USA / NTSC"
  },
  {
    "id": "6yjg9xgy",
    "player": "Ryohta",
    "player_location": "us",
    "region": "USA / NTSC"
  },
  {
    "id": "9yong55z",
    "player": "Bobochet",
    "player_location": "us",
    "region": "USA / NTSC"
  },
  {
    "id": "yjl5kr3z",
    "player": "diamine",
    "player_location": "jp",
    "region": "JPN / NTSC"
  }
]