[
  {
    "id": "y4e1k0dm",
    "player": "teddyras",
    "player_location": "us",
    "region": "USA / NTSC"
  },
  {
    "id": "zn0kj39y",
    "player": "seri",
    "player_location": "jp",
    "region": "JPN / NTSC"
  },
  {
    "id": "zqv3dw1m",
    "player": "miso_nicomi",
    "player_location": "jp",
    "region": "JPN / NTSC"
  },
  {
    "id": "ydrql5vz",
    "player": "Kikiran",
    "player_location": "ca",
    "region": null
  },
  {
    "id": "zx82p58m",
    "player": "QualiaArchives",
    "player_location": "jp",
    "region": "JPN / NTSC"
  },
  {
    "id": "yv86nvxm",
    "player": "nsmring_kkp",
    "player_location": null,
    "region": "JPN / NTSC"
  }
]