[
  {
    "id": "z1o3dqwm",
    "player": "Saria_100",
    "player_location": "us",
    "region": null
  },
  {
    "id": "yj17nx3y",
    "player": "Splazergames",
    "player_location": "us",
    "region": "JPN / NTSC"
  },
  {
    "id": "z1o0n4rm",
    "player": "jovin",
    "player_location": "us",
    "region": "JPN / NTSC"
  },
  {
    "id": "ywd14j0z",
    "player": "Flauke",
    "player_location": "ca",
    "region": "JPN / NTSC"
  },
  {
    "id": "y8rqp8wm",
    "player": "DevvGameZ",
    "player_location": "us",
    "region": "USA / NTSC"
  },
  {
    "id": "m755de9z",
    "player": "StarlightKick",
    "player_location": "us",
    "region": "JPN / NTSC"
  },
  {
    "id": "yd17x60y",
    "player": "ElectricMiles",
    "player_location": "us",
    "region": "JPN / NTSC"
  },
  {
    "id": "z53l07jy",
    "player": "PabloRuns",
    "player_location": "nl",
    "region": "JPN / NTSC"
  },
  {
    "id": "mk8woqlm",
    "player": "RedsMSR",
    "player_location": "ca",
    "region": "JPN / NTSC"
  },
  {
    "id": "ywqg9lny",
    "player": "A2Rhombus",
    "player_location": "us",
    "region": "JPN / NTSC"
  },
  {
    "id": "zgg139ez",
    "player": "Shicely",
    "player_location": "ca",
    "region": "USA / NTSC"
  }
]