[
  {
    "id": "yj3odenz",
    "player": "Demolition14",
    "player_location": "gb/eng",
    "region": "EUR / PAL"
  },
  {
    "id": "z578eonm",
    "player": "shirokirby",
    "player_location": "jp",
    "region": "JPN / NTSC"
  },
  {
    "id": "ylrdx1ry",
    "player": "RexBmx",
    "player_location": "us",
    "region": "USA / NTSC"
  },
  {
    "id": "zqv0wwxm",
    "player": "Sorendo",
    "player_location": "fr",
    "region": "EUR / PAL"
  },
  {
    "id": "zp2qwk8y",
    "player": "Kayato",
    "player_location": "um",
    "region": "USA / NTSC"
  }
]