[
  {
    "id": "7yl2dn3z",
    "player": "hhrocker5515",
    "player_location": "us",
    "region": "USA / NTSC"
  },
  {
    "id": "7z0jgd9y",
    "player": "fech8763",
    "player_location": "us",
    "region": "USA / NTSC"
  },
  {
    "id": "nz1ko5jy",
    "player": "DaBlueWolf",
    "player_location": "us",
    "region": "USA / NTSC"
  },
  {
    "id": "9yo51v7z",
    "player": "spinful",
    "player_location": "us",
    "region": "JPN / NTSC"
  },
  {
    "id": "y8qdqwny",
    "player": "Momothebowler",
    "player_location": "us",
    "region": "USA / NTSC"
  },
  {
    "id": "zpq87dry",
    "player": "UsernameDeauthorized",
    "player_location": "us",
    "region": "USA / NTSC"
  },
  {
    "id": "z0ed8g8m",
    "player": "gamingguy63",
    "player_location": "us",
    "region": "USA / NTSC"
  },
  {
    "id": "y97wqqnm",
    "player": "Wurtweakle",
    "player_location": "us",
    "region": "USA / NTSC"
  },
  {
    "id": "z15pvl9y",
    "player": "Ninjacop",
    "player_location": "us",
    "region": null
  },
  {
    "id": "y234epwm",
    "player": "Jeb",
    "player_location": "us",
    "region": "USA / NTSC"
  },
  {
    "id": "y202577m",
    "player": "BubbleBass",
    "player_location": "us",
    "region": "USA / NTSC"
  },
  {
    "id": "z51726jm",
    "player": "Sandmanfan",
    "player_location": "us",
    "region": "USA / NTSC"
  },
  {
    "id": "mk93025z",
    "player": "Ghost1280",
    "player_location": "us",
    "region": "USA / NTSC"
  },
  {
    "id": "y48j8lqm",
    "player": "CornbreadSnake",
    "player_location": "us",
    "region": "USA / NTSC"
  },
  {
    "id": "zg7g0w0z",
    "player": "Bazralian",
    "player_location": "us",
    "region": "USA / NTSC"
  },
  {
    "id": "mexn1x0z",
    "player": "actualchatterteeth",
    "player_location": "us",
    "region": "USA / NTSC"
  },
  {
    "id": "mr8rw0gy",
    "player": "Psychoboot",
    "player_location": "us",
    "region": "USA / NTSC"
  },
  {
    "id": "y894vldm",
    "player": "TediousThrone",
    "player_location": null,
    "region": null
  },
  {
    "id": "mkeok13m",
    "player": "MONKAMONK1322",
    "player_location": "us",
    "region": "USA / NTSC"
  },
  {
    "id": "zp42rorz",
    "player": "specialfmvcroc53",
    "player_location": "us",
    "region": "USA / NTSC"
  },
  {
    "id": "y95nxr2z",
    "player": "Bloopiero",
    "player_location": "us",
    "region": "USA / NTSC"
  },
  {
    "id": "zgv015nz",
    "player": "swaagdude",
    "player_location": null,
    "region": "USA / NTSC"
  },
  {
    "id": "z0575r9m",
    "player": "Khlo\u00eb",
    "player_location": "us",
    "region": "USA / NTSC"
  },
  {
    "id": "z05wn0em",
    "player": "Sex",
    "player_location": "gn",
    "region": "USA / NTSC"
  },
  {
    "id": "yw8ev93y",
    "player": "Purple",
    "player_location": "gb/wls",
    "region": "USA / NTSC"
  },
  {
    "id": "yok2vjdz",
    "player": "NosColludimus",
    "player_location": "de",
    "region": "USA / NTSC"
  },
  {
    "id": "ylkx79rz",
    "player": "Americanburger",
    "player_location": "us",
    "region": "USA / NTSC"
  },
  {
    "id": "yd56930m",
    "player": "sethmannerz15",
    "player_location": "br",
    "region": "USA / NTSC"
  },
  {
    "id": "y821qvdy",
    "player": "Adamslow",
    "player_location": "us",
    "region": "USA / NTSC"
  },
  {
    "id": "z15jv1wy",
    "player": "TacoJayden",
    "player_location": "br",
    "region": "USA / NTSC"
  },
  {
    "id": "mrr6dk8m",
    "player": "grape",
    "player_location": null,
    "region": "USA / NTSC"
  },
  {
    "id": "meo7n48z",
    "player": "HoonGoons",
    "player_location": "us",
    "region": "USA / NTSC"
  },
  {
    "id": "zpr8gkvm",
    "player": "ACoolPerson",
    "player_location": null,
    "region": "EUR / PAL"
  },
  {
    "id": "m7g0l2em",
    "player": "CardonHacer",
    "player_location": "us",
    "region": "USA / NTSC"
  },
  {
    "id": "meold98z",
    "player": "pretty_average",
    "player_location": "gb",
    "region": "USA / NTSC"
  },
  {
    "id": "y82xg2ny",
    "player": "wxpu",
    "player_location": "us",
    "region": "USA / NTSC"
  },
  {
    "id": "ydwg160m",
    "player": "Jenny_",
    "player_location": "us",
    "region": "USA / NTSC"
  },
  {
    "id": "z0leknoz",
    "player": "RedsMSR",
    "player_location": "ca",
    "region": "USA / NTSC"
  },
  {
    "id": "yv6xe78z",
    "player": "VenusMoons",
    "player_location": "us",
    "region": "USA / NTSC"
  },
  {
    "id": "y8x96n5m",
    "player": "jovin",
    "player_location": "us",
    "region": "USA / NTSC"
  },
  {
    "id": "yd5olp0m",
    "player": "DarkSR",
    "player_location": "us",
    "region": "USA / NTSC"
  },
  {
    "id": "y25l6gjy",
    "player": "TERPU",
    "player_location": "rs",
    "region": null
  },
  {
    "id": "y90r5wry",
    "player": "Inv4d3d",
    "player_location": "de",
    "region": "USA / NTSC"
  },
  {
    "id": "znkdox7z",
    "player": "TheLimeFilms",
    "player_location": "us",
    "region": "EUR / PAL"
  },
  {
    "id": "y8rjepxm",
    "player": "Latte",
    "player_location": "us",
    "region": "USA / NTSC"
  },
  {
    "id": "y91x7rkm",
    "player": "Dreemer",
    "player_location": "us",
    "region": "USA / NTSC"
  },
  {
    "id": "zn35j47y",
    "player": "Trevosow",
    "player_location": "br",
    "region": "USA / NTSC"
  },
  {
    "id": "z53lkr5y",
    "player": "BigChungus",
    "player_location": "gn",
    "region": "USA / NTSC"
  },
  {
    "id": "y8dr52dz",
    "player": "spongyruns",
    "player_location": "us",
    "region": "USA / NTSC"
  },
  {
    "id": "y4r872dz",
    "player": "OmegaInterface",
    "player_location": "us",
    "region": "USA / NTSC"
  },
  {
    "id": "y2xojn6m",
    "player": "N/A",
    "player_location": null,
    "region": null
  },
  {
    "id": "z5d58wem",
    "player": "Jackalacka",
    "player_location": "us",
    "region": "USA / NTSC"
  },
  {
    "id": "y477ro3y",
    "player": "TallTarnation",
    "player_location": "at",
    "region": "EUR / PAL"
  },
  {
    "id": "z123llry",
    "player": "Dalton-L",
    "player_location": "us",
    "region": "USA / NTSC"
  },
  {
    "id": "m76el0ey",
    "player": "Ace7950",
    "player_location": "us",
    "region": "USA / NTSC"
  },
  {
    "id": "y801pddm",
    "player": "SafeAR",
    "player_location": "us",
    "region": null
  },
  {
    "id": "z0n6rwom",
    "player": "VarietyPassion",
    "player_location": "ca",
    "region": "USA / NTSC"
  },
  {
    "id": "z0n9rgom",
    "player": "Hoby",
    "player_location": "us",
    "region": "USA / NTSC"
  }
]