[
  {
    "id": "zx73jrey",
    "player": "davinaturd432",
    "player_location": "us",
    "region": "USA / NTSC"
  },
  {
    "id": "zgp83jvz",
    "player": "BudderDuck",
    "player_location": null,
    "region": null
  },
  {
    "id": "y60q3ojy",
    "player": "Pinny_",
    "player_location": null,
    "region": "EUR / PAL"
  },
  {
    "id": "me30k08z",
    "player": "weiu",
    "player_location": null,
    "region": null
  },
  {
    "id": "m33wpv4m",
    "player": "Cupcaeke",
    "player_location": "us",
    "region": "USA / NTSC"
  }
]