[
  {
    "id": "pzgjngvz",
    "player": "Scottimus432",
    "player_location": null,
    "region": "USA / NTSC"
  },
  {
    "id": "y952x1nz",
    "player": "Anko",
    "player_location": "ru",
    "region": "USA / NTSC"
  },
  {
    "id": "y816pxdz",
    "player": "Tavetendo",
    "player_location": "us",
    "region": "USA / NTSC"
  },
  {
    "id": "y8198w1z",
    "player": "sYn",
    "player_location": "us",
    "region": "USA / NTSC"
  },
  {
    "id": "zqwno9rz",
    "player": "JacoboTheChocobo",
    "player_location": "us",
    "region": "USA / NTSC"
  }
]