[
  {
    "id": "pzg7e1jz",
    "player": "ShadowJacky",
    "player_location": "us",
    "region": "USA / NTSC"
  },
  {
    "id": "zg73xgvz",
    "player": "vorpal",
    "player_location": "us",
    "region": "USA / NTSC"
  },
  {
    "id": "2yw43j0z",
    "player": "Sweft",
    "player_location": "fr",
    "region": "USA / NTSC"
  },
  {
    "id": "8yv9244z",
    "player": "Athens",
    "player_location": "us",
    "region": "USA / NTSC"
  },
  {
    "id": "oy2kegjy",
    "player": "SegaJunkie",
    "player_location": "au",
    "region": "USA / NTSC"
  },
  {
    "id": "2ywjq7pz",
    "player": "Wallyzorde",
    "player_location": "br",
    "region": "USA / NTSC"
  },
  {
    "id": "7z0or44z",
    "player": "HSXP",
    "player_location": "us",
    "region": "USA / NTSC"
  },
  {
    "id": "m7glrl9m",
    "player": "Drakodan",
    "player_location": "gb/eng",
    "region": "USA / NTSC"
  },
  {
    "id": "1zx72dky",
    "player": "AND4H",
    "player_location": "us",
    "region": "USA / NTSC"
  },
  {
    "id": "1zq77vrm",
    "player": "Onclemol",
    "player_location": null,
    "region": "USA / NTSC"
  },
  {
    "id": "kz52qw5z",
    "player": "HappySquid89",
    "player_location": "de",
    "region": "USA / NTSC"
  },
  {
    "id": "y6557jjz",
    "player": "Sonikkustar",
    "player_location": "us",
    "region": "USA / NTSC"
  },
  {
    "id": "0zng1olm",
    "player": "Reabs",
    "player_location": "us",
    "region": "USA / NTSC"
  },
  {
    "id": "9mr5pngy",
    "player": "cornshaq",
    "player_location": "us",
    "region": "USA / NTSC"
  },
  {
    "id": "1zx5roem",
    "player": "Wolfman11983",
    "player_location": null,
    "region": "USA / NTSC"
  },
  {
    "id": "oy2r405m",
    "player": "K.S.",
    "player_location": "us",
    "region": "USA / NTSC"
  },
  {
    "id": "7z0k4o9m",
    "player": "mikwuyma",
    "player_location": "us",
    "region": "USA / NTSC"
  },
  {
    "id": "1zx1v5gy",
    "player": "Govenorphatt",
    "player_location": "au",
    "region": "USA / NTSC"
  },
  {
    "id": "y233o35m",
    "player": "IDGeek121",
    "player_location": "us",
    "region": "USA / NTSC"
  },
  {
    "id": "yo2448jz",
    "player": "dagronSR",
    "player_location": "ca",
    "region": "USA / NTSC"
  },
  {
    "id": "yo40l4dm",
    "player": "turbogilman",
    "player_location": "us",
    "region": "USA / NTSC"
  },
  {
    "id": "z5ogdrdy",
    "player": "Jared E Oswald",
    "player_location": null,
    "region": "USA / NTSC"
  },
  {
    "id": "y97435nm",
    "player": "Jakazam",
    "player_location": "us",
    "region": "USA / NTSC"
  },
  {
    "id": "m3o9okgm",
    "player": "Acmlm",
    "player_location": "ca/qc",
    "region": "USA / NTSC"
  },
  {
    "id": "mre679dy",
    "player": "DukeLionXIV",
    "player_location": "us",
    "region": "USA / NTSC"
  },
  {
    "id": "y6p1p7jm",
    "player": "ChefSaber",
    "player_location": "us",
    "region": "USA / NTSC"
  },
  {
    "id": "z03gv9ez",
    "player": "Mannix86",
    "player_location": "ca",
    "region": "USA / NTSC"
  },
  {
    "id": "zp4q218z",
    "player": "JordanTheLass",
    "player_location": "us",
    "region": "USA / NTSC"
  },
  {
    "id": "z57vww5m",
    "player": "Mave3rick",
    "player_location": "de",
    "region": "USA / NTSC"
  },
  {
    "id": "m310q06z",
    "player": "ShinGraywords",
    "player_location": "us",
    "region": "USA / NTSC"
  },
  {
    "id": "m31j2vgz",
    "player": "Blasco",
    "player_location": "it",
    "region": "USA / NTSC"
  },
  {
    "id": "mrk4j18y",
    "player": "01garland01",
    "player_location": "eu",
    "region": "USA / NTSC"
  },
  {
    "id": "yd0qxv0z",
    "player": "SebK",
    "player_location": "uy",
    "region": "USA / NTSC"
  },
  {
    "id": "zgw28eey",
    "player": "Shime",
    "player_location": "br",
    "region": "USA / NTSC"
  },
  {
    "id": "y65v15jz",
    "player": "That_Cute_Boi_Prower",
    "player_location": "us",
    "region": "EUR / PAL"
  },
  {
    "id": "y91x89km",
    "player": "Chubbus",
    "player_location": "us",
    "region": "USA / NTSC"
  },
  {
    "id": "m75r88wz",
    "player": "Cykette",
    "player_location": "us",
    "region": "USA / NTSC"
  },
  {
    "id": "z5rvwojy",
    "player": "DarkMagicX2",
    "player_location": "us",
    "region": "USA / NTSC"
  },
  {
    "id": "mrn7vwgy",
    "player": "Kabloomers",
    "player_location": "us",
    "region": "USA / NTSC"
  },
  {
    "id": "yle4jj3z",
    "player": "march_tv",
    "player_location": "us",
    "region": "USA / NTSC"
  },
  {
    "id": "z0o1l78z",
    "player": "zyzex_remix",
    "player_location": "us",
    "region": null
  },
  {
    "id": "z0op3r9z",
    "player": "CarpyCat",
    "player_location": "us",
    "region": "USA / NTSC"
  },
  {
    "id": "z0pk4dey",
    "player": "Gundampilotspaz",
    "player_location": null,
    "region": "USA / NTSC"
  },
  {
    "id": "zpd264vz",
    "player": "ScageRock",
    "player_location": "us",
    "region": "USA / NTSC"
  },
  {
    "id": "yol352dy",
    "player": "Nippo",
    "player_location": "us",
    "region": "USA / NTSC"
  }
]