[
  {
    "id": "emk8x9lm",
    "player": "Crystallum",
    "player_location": "ca/qc",
    "region": "USA / NTSC"
  },
  {
    "id": "7z03188z",
    "player": "I_LoveSnoopy",
    "player_location": "pe",
    "region": "USA / NTSC"
  },
  {
    "id": "pm3ge5gz",
    "player": "much_olmec",
    "player_location": "us",
    "region": "USA / NTSC"
  },
  {
    "id": "m76l8ewy",
    "player": "ExtraEmily",
    "player_location": "us",
    "region": "USA / NTSC"
  },
  {
    "id": "mrk3ld2y",
    "player": "ThatRaisinTho",
    "player_location": "us",
    "region": "USA / NTSC"
  },
  {
    "id": "m3399rwm",
    "player": "Willster",
    "player_location": "us",
    "region": "USA / NTSC"
  },
  {
    "id": "m751lg4z",
    "player": "P4ntz",
    "player_location": "ca",
    "region": "USA / NTSC"
  },
  {
    "id": "z0l83wez",
    "player": "Viscivous",
    "player_location": "ie",
    "region": "EUR / PAL"
  },
  {
    "id": "y6r6w8py",
    "player": "Citrine",
    "player_location": "gb/eng",
    "region": "EUR / PAL"
  },
  {
    "id": "yj6r5pnz",
    "player": "LightYagami",
    "player_location": "us",
    "region": null
  },
  {
    "id": "y2vxlwwz",
    "player": "Bjinrunner",
    "player_location": "mx",
    "region": null
  },
  {
    "id": "mr6d1g2m",
    "player": "Gasu",
    "player_location": "ch",
    "region": "USA / NTSC"
  },
  {
    "id": "ylq707xz",
    "player": "dexterwj",
    "player_location": "ca",
    "region": "USA / NTSC"
  },
  {
    "id": "m7d2dl5m",
    "player": "namestay",
    "player_location": "ca",
    "region": null
  },
  {
    "id": "y27w4xwz",
    "player": "Dominotheninja",
    "player_location": "us",
    "region": "USA / NTSC"
  },
  {
    "id": "me45px9y",
    "player": "disaptmnt",
    "player_location": "us",
    "region": "USA / NTSC"
  },
  {
    "id": "zx7v4w5y",
    "player": "DarkerLord16",
    "player_location": "us",
    "region": "USA / NTSC"
  },
  {
    "id": "y9vvk22m",
    "player": "Speedwalkr",
    "player_location": "us",
    "region": "USA / NTSC"
  },
  {
    "id": "z1po7vrz",
    "player": "SnealthQueen",
    "player_location": "us",
    "region": "USA / NTSC"
  },
  {
    "id": "y2e08jwy",
    "player": "melparty",
    "player_location": null,
    "region": "USA / NTSC"
  }
]