[
  {
    "id": "y238347m",
    "player": "JoshKeys",
    "player_location": null,
    "region": "JPN / NTSC"
  },
  {
    "id": "m3ddwjwz",
    "player": "Kat_kunoichi",
    "player_location": "it",
    "region": "USA / NTSC"
  },
  {
    "id": "zxv92e8y",
    "player": "michael_mario1",
    "player_location": "au",
    "region": "USA / NTSC"
  },
  {
    "id": "y233wg6m",
    "player": "RottDawg",
    "player_location": null,
    "region": "USA / NTSC"
  },
  {
    "id": "m79pg10y",
    "player": "99er",
    "player_location": "ca",
    "region": "USA / NTSC"
  },
  {
    "id": "y9725vrm",
    "player": "Cynical_Zen",
    "player_location": "us",
    "region": "USA / NTSC"
  },
  {
    "id": "mr4p748z",
    "player": "starcrytas",
    "player_location": "us",
    "region": "USA / NTSC"
  },
  {
    "id": "y8exjpxy",
    "player": "AdirondackRick",
    "player_location": "us",
    "region": "USA / NTSC"
  },
  {
    "id": "yo461g0m",
    "player": "konkuu",
    "player_location": "jp",
    "region": "JPN / NTSC"
  },
  {
    "id": "m3d6dqqz",
    "player": "FFRPro21",
    "player_location": "ca",
    "region": "USA / NTSC"
  },
  {
    "id": "y8q5vody",
    "player": "death_taxes_n64",
    "player_location": "us",
    "region": "USA / NTSC"
  },
  {
    "id": "mk9egp3z",
    "player": "LarviStar",
    "player_location": "us",
    "region": "USA / NTSC"
  },
  {
    "id": "yjk7p67m",
    "player": "NihilistComedyHour",
    "player_location": "eo",
    "region": "USA / NTSC"
  },
  {
    "id": "y893355m",
    "player": "k0zzx",
    "player_location": "sr",
    "region": "USA / NTSC"
  },
  {
    "id": "m3gx3g4z",
    "player": "decrazyo",
    "player_location": "us",
    "region": "USA / NTSC"
  },
  {
    "id": "yj4w13oy",
    "player": "Angrylarry",
    "player_location": "us",
    "region": "USA / NTSC"
  },
  {
    "id": "z037lw4z",
    "player": "kaiten619",
    "player_location": "ph",
    "region": "USA / NTSC"
  },
  {
    "id": "me8l9r3m",
    "player": "terkylol12",
    "player_location": "cl",
    "region": "USA / NTSC"
  },
  {
    "id": "zg78pdjz",
    "player": "bentglasstube",
    "player_location": "us",
    "region": "USA / NTSC"
  },
  {
    "id": "znrwgn3y",
    "player": "YoBGS",
    "player_location": "us",
    "region": "USA / NTSC"
  },
  {
    "id": "m7qowj0z",
    "player": "OddPandemonium",
    "player_location": "us",
    "region": "USA / NTSC"
  },
  {
    "id": "m314e46z",
    "player": "CriscoWild",
    "player_location": "us",
    "region": "USA / NTSC"
  },
  {
    "id": "yw47n5pz",
    "player": "smartalec24",
    "player_location": "us",
    "region": "JPN / NTSC"
  },
  {
    "id": "znk43v7z",
    "player": "Shauny7188",
    "player_location": "ca",
    "region": "USA / NTSC"
  },
  {
    "id": "y251dp5y",
    "player": "Jesteq",
    "player_location": "fi",
    "region": "USA / NTSC"
  },
  {
    "id": "zqw59oxz",
    "player": "okmaydog",
    "player_location": "us",
    "region": "USA / NTSC"
  },
  {
    "id": "y4e53j2m",
    "player": "OminousBagel",
    "player_location": "gb/eng",
    "region": "USA / NTSC"
  },
  {
    "id": "z1ond99m",
    "player": "JonnyLink",
    "player_location": "us",
    "region": "USA / NTSC"
  },
  {
    "id": "yv9x2rxz",
    "player": "Overswarm",
    "player_location": "us",
    "region": "USA / NTSC"
  },
  {
    "id": "y8rpjl5m",
    "player": "ItsAlti",
    "player_location": "us",
    "region": "USA / NTSC"
  },
  {
    "id": "y6rgv31y",
    "player": "MagicK",
    "player_location": "ca/qc",
    "region": "USA / NTSC"
  },
  {
    "id": "yd9x3kxz",
    "player": "ShesChardcore",
    "player_location": "us",
    "region": "USA / NTSC"
  },
  {
    "id": "z536e8ey",
    "player": "bonjin11111",
    "player_location": "jp",
    "region": "JPN / NTSC"
  },
  {
    "id": "ylokj9ny",
    "player": "dsquid89",
    "player_location": "us",
    "region": "USA / NTSC"
  },
  {
    "id": "zp3d2wvm",
    "player": "BennisMaximus",
    "player_location": "pt",
    "region": "USA / NTSC"
  },
  {
    "id": "y42ow33m",
    "player": "Dellowood",
    "player_location": "us",
    "region": "USA / NTSC"
  },
  {
    "id": "yo7xxrdm",
    "player": "shiLo_afRo",
    "player_location": "jp",
    "region": "JPN / NTSC"
  },
  {
    "id": "zgrn620m",
    "player": "attakei",
    "player_location": "jp",
    "region": "JPN / NTSC"
  },
  {
    "id": "zp83nvry",
    "player": "Sircrunch",
    "player_location": "us",
    "region": "USA / NTSC"
  },
  {
    "id": "zgd3jkdz",
    "player": "asasumi",
    "player_location": "jp",
    "region": "JPN / NTSC"
  },
  {
    "id": "ywjn1r9z",
    "player": "OrkPresident",
    "player_location": "es",
    "region": "USA / NTSC"
  },
  {
    "id": "z0o8xx9z",
    "player": "Narbris",
    "player_location": null,
    "region": "USA / NTSC"
  },
  {
    "id": "z0o296jz",
    "player": "HosteL",
    "player_location": "ru",
    "region": "USA / NTSC"
  },
  {
    "id": "znpkl77m",
    "player": "silverrain64",
    "player_location": "us",
    "region": "USA / NTSC"
  },
  {
    "id": "y4qo262m",
    "player": "Movellandrone",
    "player_location": "gb/eng",
    "region": "USA / NTSC"
  },
  {
    "id": "znpvo33m",
    "player": "Okamikaze",
    "player_location": "gb",
    "region": "USA / NTSC"
  },
  {
    "id": "zq7nevrm",
    "player": "B_Good",
    "player_location": "ca",
    "region": "USA / NTSC"
  },
  {
    "id": "zg2nx3jy",
    "player": "Teru",
    "player_location": "jp",
    "region": "JPN / NTSC"
  },
  {
    "id": "znj3vp9m",
    "player": "YimBob7",
    "player_location": null,
    "region": "USA / NTSC"
  }
]