[
  {
    "id": "yj1eolgy",
    "player": "FrostySR",
    "player_location": null,
    "region": "EUR / PAL"
  },
  {
    "id": "zgx1pxjm",
    "player": "Dorkshove",
    "player_location": "us",
    "region": null
  },
  {
    "id": "z0600e4z",
    "player": "Jaypin88",
    "player_location": "ca",
    "region": null
  },
  {
    "id": "y2v8l67z",
    "player": "Otterstone_Gamer",
    "player_location": "us",
    "region": null
  },
  {
    "id": "y668ok1y",
    "player": "RodG",
    "player_location": "us",
    "region": "EUR / PAL"
  },
  {
    "id": "zqgl9w1m",
    "player": "Jacob1",
    "player_location": "ca",
    "region": null
  },
  {
    "id": "yo7kpr7m",
    "player": "ShesChardcore",
    "player_location": "us",
    "region": null
  },
  {
    "id": "zxl5nqgz",
    "player": "daff",
    "player_location": "ru",
    "region": null
  }
]