[
  {
    "id": "y25pe56y",
    "player": "Cyclone_Aeroblast",
    "player_location": "us",
    "region": "USA / NTSC"
  },
  {
    "id": "ylk7dqkz",
    "player": "poshi",
    "player_location": "jp",
    "region": "JPN / NTSC"
  },
  {
    "id": "zx20p98m",
    "player": "tyamegane",
    "player_location": "jp",
    "region": "JPN / NTSC"
  },
  {
    "id": "yd0wr0jz",
    "player": "YUDAI",
    "player_location": "jp",
    "region": "JPN / NTSC"
  },
  {
    "id": "y697dn1y",
    "player": "maroon361",
    "player_location": "jp",
    "region": "JPN / NTSC"
  },
  {
    "id": "mk75ovvy",
    "player": "Uracil4nf",
    "player_location": "jp",
    "region": "JPN / NTSC"
  },
  {
    "id": "me3kr99z",
    "player": "AByssan__",
    "player_location": "jp",
    "region": "JPN / NTSC"
  },
  {
    "id": "y88r8x5y",
    "player": "HomuraYuuki",
    "player_location": "jp",
    "region": "JPN / NTSC"
  },
  {
    "id": "z1q3w8gy",
    "player": "HuckleberryFinn",
    "player_location": "es",
    "region": "EUR / PAL"
  }
]