[
  {
    "id": "z5o2dgey",
    "player": "Jesse_Lee",
    "player_location": "us",
    "region": "USA / NTSC"
  },
  {
    "id": "y6709ejm",
    "player": "/Y\\ad/Y\\atty",
    "player_location": null,
    "region": "USA / NTSC"
  },
  {
    "id": "ydqdev0m",
    "player": "Ace9921",
    "player_location": null,
    "region": "USA / NTSC"
  },
  {
    "id": "mk4k5o5y",
    "player": "White Phoenix",
    "player_location": null,
    "region": "USA / NTSC"
  },
  {
    "id": "zq67v28y",
    "player": "Raul Vader",
    "player_location": null,
    "region": "USA / NTSC"
  },
  {
    "id": "yjkp5qnm",
    "player": "GMIX6809",
    "player_location": null,
    "region": "USA / NTSC"
  },
  {
    "id": "y23p7rwm",
    "player": "Zachary1021",
    "player_location": null,
    "region": "USA / NTSC"
  },
  {
    "id": "yvq78oom",
    "player": "SteveZero",
    "player_location": "us",
    "region": "USA / NTSC"
  },
  {
    "id": "znqgxd9z",
    "player": "IvanOdintsoff",
    "player_location": "br",
    "region": "USA / NTSC"
  }
]