[
  {
    "id": "me661j9z",
    "player": "Stratosfire",
    "player_location": "gb/eng",
    "region": "EUR / PAL"
  },
  {
    "id": "yj613qnz",
    "player": "Blackout99mc",
    "player_location": "au",
    "region": "JPN / NTSC"
  },
  {
    "id": "z1ox1pwm",
    "player": "TheFeralMarshmallow",
    "player_location": "us",
    "region": "USA / NTSC"
  },
  {
    "id": "zxdxk1ey",
    "player": "Jrlin345",
    "player_location": "us",
    "region": "USA / NTSC"
  },
  {
    "id": "zpl1x7vm",
    "player": "DragonPen77",
    "player_location": "us",
    "region": "USA / NTSC"
  },
  {
    "id": "zn3qx5vy",
    "player": "lacenbows",
    "player_location": "us",
    "region": "USA / NTSC"
  },
  {
    "id": "yd0lrpwz",
    "player": "Rover67",
    "player_location": null,
    "region": "USA / NTSC"
  },
  {
    "id": "zno9k4vy",
    "player": "Gasu",
    "player_location": "ch",
    "region": "USA / NTSC"
  },
  {
    "id": "ylq688nz",
    "player": "HIKARU",
    "player_location": "kr",
    "region": "USA / NTSC"
  },
  {
    "id": "yw3g8e0m",
    "player": "Ava_Epic_Fast",
    "player_location": "ie",
    "region": "EUR / PAL"
  }
]