[
  {
    "id": "y2xg5q5m",
    "player": "Jaguar_King",
    "player_location": "us",
    "region": "USA / NTSC"
  },
  {
    "id": "emk614xz",
    "player": "Lunatix",
    "player_location": "fr",
    "region": "USA / NTSC"
  },
  {
    "id": "ydqn7q0m",
    "player": "CamperCarl",
    "player_location": "au",
    "region": "JPN / NTSC"
  },
  {
    "id": "y2dnvq7z",
    "player": "Dumple",
    "player_location": "us",
    "region": "USA / NTSC"
  },
  {
    "id": "mr1odg8z",
    "player": "KungFusedMike",
    "player_location": "us",
    "region": "JPN / NTSC"
  },
  {
    "id": "z5rp3djy",
    "player": "[us]joshthefunkdoc",
    "player_location": null,
    "region": "USA / NTSC"
  },
  {
    "id": "yv1pwl4y",
    "player": "[jp]Oppa Suppa",
    "player_location": null,
    "region": "JPN / NTSC"
  },
  {
    "id": "zgrdqrvm",
    "player": "[fi]rotta",
    "player_location": null,
    "region": null
  },
  {
    "id": "z07d61ey",
    "player": "Sir_VG",
    "player_location": "us",
    "region": "JPN / NTSC"
  },
  {
    "id": "yjx234gz",
    "player": "ghostlygrrrl",
    "player_location": "us",
    "region": "JPN / NTSC"
  },
  {
    "id": "zgqrr6ey",
    "player": "Yace",
    "player_location": "fr",
    "region": "USA / NTSC"
  },
  {
    "id": "yv0oq4xz",
    "player": "Coco Loco",
    "player_location": null,
    "region": "USA / NTSC"
  },
  {
    "id": "mrr7q28m",
    "player": "AgentWyvern",
    "player_location": "gb",
    "region": "JPN / NTSC"
  },
  {
    "id": "y9xgjq2y",
    "player": "seitei3",
    "player_location": "jp",
    "region": "JPN / NTSC"
  }
]