[
  {
    "id": "wzprw0rm",
    "player": "SasukeUzumaki",
    "player_location": null,
    "region": null
  },
  {
    "id": "1zq82o8z",
    "player": "Vain Rose",
    "player_location": null,
    "region": null
  },
  {
    "id": "y4wgk0qm",
    "player": "FelipeNascimento83",
    "player_location": "br",
    "region": null
  },
  {
    "id": "ywdox40z",
    "player": "Kromer",
    "player_location": "br",
    "region": null
  },
  {
    "id": "yo91owdy",
    "player": "Peanutfan22",
    "player_location": "us",
    "region": "USA / NTSC"
  },
  {
    "id": "zq1kl65m",
    "player": "elmagogamer",
    "player_location": "ar",
    "region": null
  },
  {
    "id": "zggl8wvz",
    "player": "ImAceOfSpades",
    "player_location": "us",
    "region": "USA / NTSC"
  },
  {
    "id": "yolj1k7y",
    "player": "Shredmachine",
    "player_location": "se",
    "region": null
  }
]