[
  {
    "id": "0y6wl0pz",
    "player": "Dick_Johnson",
    "player_location": "us",
    "region": "USA / NTSC"
  },
  {
    "id": "7z021kom",
    "player": "Wolexi",
    "player_location": "fi",
    "region": "EUR / PAL"
  },
  {
    "id": "dy4vw9qy",
    "player": "ItzAlrite",
    "player_location": "us",
    "region": null
  },
  {
    "id": "pm38xn6y",
    "player": "Alreko",
    "player_location": "no",
    "region": "EUR / PAL"
  },
  {
    "id": "y8q241xy",
    "player": "Turkeysub",
    "player_location": null,
    "region": "USA / NTSC"
  },
  {
    "id": "y67drvjm",
    "player": "HydroooV2",
    "player_location": "us",
    "region": "USA / NTSC"
  },
  {
    "id": "yvg1e3xy",
    "player": "UltimateNinjaToad",
    "player_location": "gb/eng",
    "region": "EUR / PAL"
  },
  {
    "id": "y670ql1m",
    "player": "Fieltor",
    "player_location": "fr",
    "region": "EUR / PAL"
  },
  {
    "id": "z136d97m",
    "player": "megaunivers",
    "player_location": null,
    "region": "USA / NTSC"
  },
  {
    "id": "yw1o8p9z",
    "player": "G3RR1T",
    "player_location": "de",
    "region": "EUR / PAL"
  },
  {
    "id": "m7p1w0em",
    "player": "Dr.Game",
    "player_location": "us",
    "region": "USA / NTSC"
  },
  {
    "id": "y2q31p5y",
    "player": "Tippi",
    "player_location": "gb/eng",
    "region": "EUR / PAL"
  },
  {
    "id": "y2q34pjy",
    "player": "Typical_Bro",
    "player_location": "us",
    "region": "USA / NTSC"
  },
  {
    "id": "y89p1j5m",
    "player": "Nate9000",
    "player_location": "us",
    "region": null
  },
  {
    "id": "y6pnkjpm",
    "player": "Cmdr",
    "player_location": "us",
    "region": "USA / NTSC"
  },
  {
    "id": "m3o3nndm",
    "player": "thebudderdanny",
    "player_location": "us",
    "region": "USA / NTSC"
  },
  {
    "id": "y436g82z",
    "player": "Thomatensaus",
    "player_location": "nl",
    "region": "EUR / PAL"
  },
  {
    "id": "zq3qjv1y",
    "player": "Athasinator",
    "player_location": "us",
    "region": "USA / NTSC"
  },
  {
    "id": "y6lrpo0y",
    "player": "Tification",
    "player_location": "no",
    "region": "EUR / PAL"
  },
  {
    "id": "zqrnok5y",
    "player": "mattounou",
    "player_location": "fr",
    "region": null
  },
  {
    "id": "zpl5p1xm",
    "player": "Supreme_Leader",
    "player_location": "au",
    "region": null
  },
  {
    "id": "yw0p8qpm",
    "player": "FATBEAST",
    "player_location": "us",
    "region": "USA / NTSC"
  },
  {
    "id": "ylqvw62z",
    "player": "Blaze_a_",
    "player_location": "gb/eng",
    "region": null
  },
  {
    "id": "y9l5nqry",
    "player": "PixelBoy26",
    "player_location": "de",
    "region": null
  },
  {
    "id": "ywj3oo0z",
    "player": "FrostySR",
    "player_location": null,
    "region": "EUR / PAL"
  }
]