[
  {
    "id": "9yo920jy",
    "player": "agjents",
    "player_location": "lv",
    "region": null
  },
  {
    "id": "yvgjqpoy",
    "player": "sharingankakashi420",
    "player_location": "us",
    "region": null
  },
  {
    "id": "y8qlep1y",
    "player": "Keburisu",
    "player_location": "lv",
    "region": null
  },
  {
    "id": "yv37qk6z",
    "player": "uokashi",
    "player_location": "jp",
    "region": null
  },
  {
    "id": "m36ex94m",
    "player": "banj",
    "player_location": "de",
    "region": "EUR / PAL"
  },
  {
    "id": "zgv6wqnz",
    "player": "stoic_rose",
    "player_location": "us",
    "region": null
  },
  {
    "id": "mejv7g3y",
    "player": "Juest",
    "player_location": "ar",
    "region": "USA / NTSC"
  },
  {
    "id": "mk5d1oxm",
    "player": "Abhinandan_Abhi",
    "player_location": null,
    "region": null
  },
  {
    "id": "mkeojp1m",
    "player": "Platinum_mad",
    "player_location": "us",
    "region": "USA / NTSC"
  }
]