[
  {
    "id": "0zn4w83m",
    "player": "Jindeathwalk",
    "player_location": null,
    "region": "USA / NTSC"
  },
  {
    "id": "y67pkp6m",
    "player": "Seya27",
    "player_location": "fr",
    "region": "USA / NTSC"
  },
  {
    "id": "y2qk755y",
    "player": "Z3R01337",
    "player_location": "us",
    "region": "USA / NTSC"
  },
  {
    "id": "m7pn6nwm",
    "player": "AJ408",
    "player_location": "gb/eng",
    "region": "USA / NTSC"
  },
  {
    "id": "zgq88kny",
    "player": "aleksaster",
    "player_location": "ca",
    "region": null
  }
]