[
  {
    "id": "kz50xljy",
    "player": "Mr.Brewballs",
    "player_location": "us",
    "region": "USA / NTSC"
  },
  {
    "id": "0zn1q59m",
    "player": "bluecheetah",
    "player_location": "us",
    "region": "USA / NTSC"
  },
  {
    "id": "zq3roq5y",
    "player": "vadimL",
    "player_location": "ru",
    "region": null
  },
  {
    "id": "me61r50z",
    "player": "OverlordDen",
    "player_location": "ru",
    "region": "EUR / PAL"
  },
  {
    "id": "m7gjxjem",
    "player": "TankRebuild",
    "player_location": "cl",
    "region": null
  },
  {
    "id": "y256j86y",
    "player": "Heliowolf",
    "player_location": "gb/eng",
    "region": "EUR / PAL"
  },
  {
    "id": "mr69q6gm",
    "player": "AuroraSunny763",
    "player_location": null,
    "region": "EUR / PAL"
  },
  {
    "id": "z1r7x8wm",
    "player": "DanayaGold73",
    "player_location": "gr",
    "region": "EUR / PAL"
  },
  {
    "id": "m3l5wxgm",
    "player": "EleonoraNightFury750",
    "player_location": "ru",
    "region": "EUR / PAL"
  },
  {
    "id": "yjgeg4dy",
    "player": "EleonoraFuryofStorm",
    "player_location": null,
    "region": "EUR / PAL"
  },
  {
    "id": "ylr13jky",
    "player": "AuroraIce163",
    "player_location": "ru",
    "region": "EUR / PAL"
  },
  {
    "id": "yvop498z",
    "player": "LegendElectra777",
    "player_location": "fr",
    "region": "EUR / PAL"
  },
  {
    "id": "y9ve2v2m",
    "player": "FakeFairytale",
    "player_location": "nl",
    "region": "EUR / PAL"
  },
  {
    "id": "zx7806gy",
    "player": "NemezidaRevenge122",
    "player_location": "gr",
    "region": "EUR / PAL"
  },
  {
    "id": "znqrd38z",
    "player": "Kenway79",
    "player_location": "ru",
    "region": "EUR / PAL"
  },
  {
    "id": "m3lox36m",
    "player": "RassassanatorYT",
    "player_location": null,
    "region": null
  }
]