[
  {
    "id": "y675p41m",
    "player": "Jaychalke",
    "player_location": "us",
    "region": "USA / NTSC"
  },
  {
    "id": "yd33e4xz",
    "player": "KoroPandaFuego",
    "player_location": "us",
    "region": "USA / NTSC"
  },
  {
    "id": "y45wo3km",
    "player": "Inkjet",
    "player_location": "us",
    "region": null
  },
  {
    "id": "yv3d394z",
    "player": "d3adkid",
    "player_location": "in",
    "region": null
  },
  {
    "id": "yo3jl0dy",
    "player": "linuro",
    "player_location": "eo",
    "region": null
  },
  {
    "id": "y2ve847z",
    "player": "Yepbasic",
    "player_location": "us",
    "region": null
  }
]