[
  {
    "id": "0y6n59qz",
    "player": "VincentWeir",
    "player_location": "us",
    "region": "USA / NTSC"
  },
  {
    "id": "0y6gg2qm",
    "player": "Pauliii23",
    "player_location": "at",
    "region": "EUR / PAL"
  },
  {
    "id": "m3d92odz",
    "player": "VFudge",
    "player_location": null,
    "region": "USA / NTSC"
  },
  {
    "id": "y671j7pm",
    "player": "TheFlyingPengwn",
    "player_location": "ca",
    "region": "USA / NTSC"
  },
  {
    "id": "y674nlqm",
    "player": "DasDerf",
    "player_location": "de",
    "region": "EUR / PAL"
  },
  {
    "id": "y8q4wwny",
    "player": "Dario149",
    "player_location": "de",
    "region": "EUR / PAL"
  },
  {
    "id": "z0e800jm",
    "player": "ZirconEagle16",
    "player_location": "us",
    "region": "USA / NTSC"
  },
  {
    "id": "m7dqvnwm",
    "player": "Anth_LJA",
    "player_location": "fr",
    "region": "EUR / PAL"
  },
  {
    "id": "mke1531m",
    "player": "Milozaki",
    "player_location": "de",
    "region": "EUR / PAL"
  }
]