[
  {
    "id": "oy2e7o9y",
    "player": "Ewil",
    "player_location": "cz",
    "region": null
  },
  {
    "id": "nz1g29rz",
    "player": "Microwav",
    "player_location": "gb/eng",
    "region": null
  },
  {
    "id": "6yj5qwdm",
    "player": "SRK",
    "player_location": "lv",
    "region": null
  },
  {
    "id": "0znndx9z",
    "player": "Alien",
    "player_location": "fr",
    "region": "EUR / PAL"
  },
  {
    "id": "1zxxqj8z",
    "player": "S.",
    "player_location": "ua",
    "region": null
  },
  {
    "id": "8yv76d8y",
    "player": "basil1116",
    "player_location": "jp",
    "region": null
  },
  {
    "id": "7z084p9m",
    "player": "BIGV10",
    "player_location": "ru",
    "region": "EUR / PAL"
  },
  {
    "id": "emk6465z",
    "player": "Kshrc",
    "player_location": "br",
    "region": "USA / NTSC"
  },
  {
    "id": "6yj0n97z",
    "player": "MrStalin",
    "player_location": "ru",
    "region": "EUR / PAL"
  },
  {
    "id": "pm3ejn6y",
    "player": "Nimputs",
    "player_location": "de",
    "region": null
  },
  {
    "id": "yw116w3z",
    "player": "Kanwa",
    "player_location": "cl",
    "region": "EUR / PAL"
  },
  {
    "id": "mk49k63y",
    "player": "Dagnel",
    "player_location": "us",
    "region": "USA / NTSC"
  },
  {
    "id": "m79g1rey",
    "player": "Lonne",
    "player_location": "gb/sct",
    "region": "USA / NTSC"
  },
  {
    "id": "z135grgm",
    "player": "Tolunay",
    "player_location": "tr",
    "region": "USA / NTSC"
  },
  {
    "id": "mk401r3y",
    "player": "jv",
    "player_location": "fr",
    "region": "USA / NTSC"
  },
  {
    "id": "yvg74kxy",
    "player": "Loyka32",
    "player_location": "tr",
    "region": "EUR / PAL"
  },
  {
    "id": "z11o8gwz",
    "player": "GreenBomber",
    "player_location": "us",
    "region": "USA / NTSC"
  },
  {
    "id": "y9x1832y",
    "player": "NLGxNarsan",
    "player_location": "ru",
    "region": null
  },
  {
    "id": "yl4ovqnm",
    "player": "TubewayArmy",
    "player_location": "cz",
    "region": "USA / NTSC"
  },
  {
    "id": "zg728j0z",
    "player": "LukyBR",
    "player_location": "br",
    "region": "USA / NTSC"
  },
  {
    "id": "y89xqrwm",
    "player": "WilcoWH",
    "player_location": "au",
    "region": "USA / NTSC"
  },
  {
    "id": "yo2d0l0z",
    "player": "Gelemboy",
    "player_location": "hu",
    "region": "EUR / PAL"
  },
  {
    "id": "m7qk32wz",
    "player": "TDOG20",
    "player_location": "de",
    "region": "EUR / PAL"
  },
  {
    "id": "y6pv5k6m",
    "player": "rigitek",
    "player_location": "ru",
    "region": "EUR / PAL"
  },
  {
    "id": "yd1v2lxy",
    "player": "TheReal",
    "player_location": "ru",
    "region": "USA / NTSC"
  },
  {
    "id": "ylvex2xm",
    "player": "Palach",
    "player_location": "ru",
    "region": null
  },
  {
    "id": "mex8xw2z",
    "player": "SAVINSKOE",
    "player_location": "ru",
    "region": "EUR / PAL"
  },
  {
    "id": "y811d6dz",
    "player": "PokerFacowaty",
    "player_location": "pl",
    "region": "EUR / PAL"
  },
  {
    "id": "y48o5lkm",
    "player": "thereisnofuture",
    "player_location": "ru",
    "region": "USA / NTSC"
  },
  {
    "id": "mrene52y",
    "player": "Voust",
    "player_location": "pl",
    "region": "USA / NTSC"
  },
  {
    "id": "znrqqk3y",
    "player": "renason",
    "player_location": "sk",
    "region": "USA / NTSC"
  },
  {
    "id": "z57kg7gm",
    "player": "f1ninh0",
    "player_location": "br",
    "region": "USA / NTSC"
  },
  {
    "id": "z01x0d9y",
    "player": "tdp2612",
    "player_location": "gb/eng",
    "region": "EUR / PAL"
  },
  {
    "id": "zn3wervy",
    "player": "Shiinyu",
    "player_location": "bg",
    "region": "USA / NTSC"
  },
  {
    "id": "m7g58q0m",
    "player": "1Dozerboi",
    "player_location": "de",
    "region": "USA / NTSC"
  },
  {
    "id": "yw83443y",
    "player": "ChaosintheDarkness",
    "player_location": "ca",
    "region": "USA / NTSC"
  },
  {
    "id": "zqwdqn9z",
    "player": "CyberRacerKAI",
    "player_location": "cn",
    "region": null
  },
  {
    "id": "yd5kqrjm",
    "player": "wortex",
    "player_location": "pl",
    "region": "USA / NTSC"
  },
  {
    "id": "m7ge544m",
    "player": "EMxSakura",
    "player_location": "cn",
    "region": null
  },
  {
    "id": "m7ge2n5m",
    "player": "edyisrdy",
    "player_location": "ru",
    "region": "USA / NTSC"
  },
  {
    "id": "y90rqe2y",
    "player": "N/A",
    "player_location": null,
    "region": null
  },
  {
    "id": "y965ed2y",
    "player": "goldenONX",
    "player_location": "ro",
    "region": null
  },
  {
    "id": "yo6x04jy",
    "player": "Yanush",
    "player_location": "pl",
    "region": "USA / NTSC"
  },
  {
    "id": "zxl2pk5z",
    "player": "Jigsaw",
    "player_location": null,
    "region": null
  },
  {
    "id": "zx81pqem",
    "player": "SlivenKage",
    "player_location": "bg",
    "region": "JPN / NTSC"
  },
  {
    "id": "m756n0ez",
    "player": "F0C4LHUD0",
    "player_location": "br",
    "region": null
  },
  {
    "id": "zxlj24ez",
    "player": "J0nny0",
    "player_location": null,
    "region": "USA / NTSC"
  },
  {
    "id": "zxdr025y",
    "player": "Kamirss",
    "player_location": "pl",
    "region": "EUR / PAL"
  },
  {
    "id": "ylo91wny",
    "player": "WoodstackerCZ",
    "player_location": "cz",
    "region": "USA / NTSC"
  },
  {
    "id": "yd9190vz",
    "player": "Fabimundee",
    "player_location": "de",
    "region": "USA / NTSC"
  },
  {
    "id": "yj1l9pny",
    "player": "Pyhut_CZ",
    "player_location": "cz",
    "region": "EUR / PAL"
  },
  {
    "id": "yd9e04qz",
    "player": "joseacangas",
    "player_location": "es",
    "region": "USA / NTSC"
  },
  {
    "id": "zx6np8qz",
    "player": "Trigger",
    "player_location": "gb/eng",
    "region": "EUR / PAL"
  },
  {
    "id": "ylo25p2y",
    "player": "M0mdeck",
    "player_location": "pl",
    "region": "USA / NTSC"
  },
  {
    "id": "y9nrngez",
    "player": "sapledarp",
    "player_location": "rs",
    "region": "USA / NTSC"
  },
  {
    "id": "zn7eewlm",
    "player": "PokeMAHsteR",
    "player_location": "bd",
    "region": "USA / NTSC"
  },
  {
    "id": "zgrv6xjm",
    "player": "mudda",
    "player_location": "au",
    "region": "USA / NTSC"
  },
  {
    "id": "mke7e93m",
    "player": "Piotrunio",
    "player_location": "pl",
    "region": null
  },
  {
    "id": "mkg3w9xy",
    "player": "Neoooo",
    "player_location": "ba",
    "region": "USA / NTSC"
  },
  {
    "id": "y8d5rdnz",
    "player": "Sarky",
    "player_location": null,
    "region": "USA / NTSC"
  },
  {
    "id": "zn00nely",
    "player": "NewBlueFlu",
    "player_location": "in",
    "region": "USA / NTSC"
  },
  {
    "id": "z07q6eey",
    "player": "CaveL1ghter",
    "player_location": "at",
    "region": "USA / NTSC"
  },
  {
    "id": "mke8k55m",
    "player": "Gman369",
    "player_location": "lb",
    "region": "USA / NTSC"
  },
  {
    "id": "zgd6n7jz",
    "player": "RealPerson",
    "player_location": "in",
    "region": "CHN / PAL"
  },
  {
    "id": "zn70q6vm",
    "player": "AardappelMASTER",
    "player_location": "nl",
    "region": "USA / NTSC"
  },
  {
    "id": "yornor7y",
    "player": "FeelsBadSkillz",
    "player_location": "it",
    "region": "USA / NTSC"
  },
  {
    "id": "z1p411wz",
    "player": "chiwie",
    "player_location": "rs",
    "region": "USA / NTSC"
  },
  {
    "id": "m7x26j9y",
    "player": "Richardd",
    "player_location": "ve",
    "region": null
  },
  {
    "id": "yop2qp5m",
    "player": "xgamero",
    "player_location": "sk",
    "region": null
  },
  {
    "id": "mkk8gq1m",
    "player": "Severe_Punisher",
    "player_location": null,
    "region": "USA / NTSC"
  },
  {
    "id": "zp9ldxgm",
    "player": "mcV3R7",
    "player_location": null,
    "region": "EUR / PAL"
  },
  {
    "id": "y4xeqrqz",
    "player": "SMRxzeksed",
    "player_location": "ru",
    "region": "USA / NTSC"
  },
  {
    "id": "yd15eljy",
    "player": "bloodshotta",
    "player_location": "ru",
    "region": "EUR / PAL"
  },
  {
    "id": "znq0en7z",
    "player": "LokyZen",
    "player_location": "ro",
    "region": "USA / NTSC"
  },
  {
    "id": "mkd5el3y",
    "player": "ssjoen",
    "player_location": "nl",
    "region": "USA / NTSC"
  },
  {
    "id": "y6x2vvpy",
    "player": "SchmooMaster",
    "player_location": "us",
    "region": "USA / NTSC"
  },
  {
    "id": "yl15ng3m",
    "player": "SMSTRIPLEXXX",
    "player_location": "br",
    "region": "USA / NTSC"
  },
  {
    "id": "yl185kkm",
    "player": "Zero_Two02",
    "player_location": "cn",
    "region": "CHN / PAL"
  },
  {
    "id": "mro8e47m",
    "player": "KoSxNotorious",
    "player_location": "tr",
    "region": null
  },
  {
    "id": "yv862d8m",
    "player": "Cousin",
    "player_location": "fr",
    "region": "EUR / PAL"
  }
]