[
  {
    "id": "1zx4dgey",
    "player": "Oblimix",
    "player_location": "fo",
    "region": "EUR / PAL"
  },
  {
    "id": "9yojppdm",
    "player": "DarkLynx2130",
    "player_location": null,
    "region": "USA / NTSC"
  },
  {
    "id": "znq50pvz",
    "player": "micsoul",
    "player_location": "us",
    "region": "USA / NTSC"
  },
  {
    "id": "0zn204vz",
    "player": "Bobbykaze",
    "player_location": "ca",
    "region": "USA / NTSC"
  },
  {
    "id": "m3xnx7qm",
    "player": "Art_Izon",
    "player_location": "us",
    "region": "USA / NTSC"
  },
  {
    "id": "me1k1q3y",
    "player": "zerodux",
    "player_location": "br",
    "region": null
  },
  {
    "id": "yjdqpj3y",
    "player": "Ris_Grestar",
    "player_location": "us",
    "region": "USA / NTSC"
  }
]