[
  {
    "id": "7ylq4wrz",
    "player": "\u3055\u307cP",
    "player_location": null,
    "region": null
  },
  {
    "id": "1zqq408z",
    "player": "LightningLuke81",
    "player_location": "us",
    "region": null
  },
  {
    "id": "ylrg6qxy",
    "player": "arkthunder",
    "player_location": "jp",
    "region": null
  },
  {
    "id": "zxl52eez",
    "player": "WKRN",
    "player_location": "jp",
    "region": null
  },
  {
    "id": "m36vwjdm",
    "player": "r_iwn",
    "player_location": "jp",
    "region": null
  }
]