[
  {
    "id": "dy4rpldz",
    "player": "zettovyker",
    "player_location": null,
    "region": "USA / NTSC"
  },
  {
    "id": "9me3xw9z",
    "player": "MaxAttax13",
    "player_location": "us",
    "region": "USA / NTSC"
  },
  {
    "id": "oy28q1wy",
    "player": "Gabgab2222",
    "player_location": "ca/qc",
    "region": "USA / NTSC"
  },
  {
    "id": "yjkj0d7m",
    "player": "UltimateGamer353",
    "player_location": "us",
    "region": "USA / NTSC"
  },
  {
    "id": "yvj4rw8y",
    "player": "KirbeGames",
    "player_location": "us",
    "region": "USA / NTSC"
  },
  {
    "id": "y455wnqm",
    "player": "echo50",
    "player_location": "jp",
    "region": "USA / NTSC"
  },
  {
    "id": "yjk4dvom",
    "player": "mus1c.m4n",
    "player_location": "us",
    "region": "USA / NTSC"
  },
  {
    "id": "y433xj3z",
    "player": "crumbskull",
    "player_location": "us",
    "region": "USA / NTSC"
  },
  {
    "id": "z131vlgm",
    "player": "Plywood",
    "player_location": "us",
    "region": "USA / NTSC"
  },
  {
    "id": "z1358kwm",
    "player": "Kevy1885",
    "player_location": "us",
    "region": "USA / NTSC"
  },
  {
    "id": "m3d7dr6z",
    "player": "Kipikinson",
    "player_location": "au",
    "region": "EUR / PAL"
  },
  {
    "id": "y9731rvm",
    "player": "Jayguy",
    "player_location": null,
    "region": "USA / NTSC"
  },
  {
    "id": "y45g7vnm",
    "player": "EpicWinFacePie",
    "player_location": "us",
    "region": "EUR / PAL"
  },
  {
    "id": "z0enlv4m",
    "player": "heil",
    "player_location": null,
    "region": "USA / NTSC"
  },
  {
    "id": "y232757m",
    "player": "rickthetick",
    "player_location": "us",
    "region": "USA / NTSC"
  },
  {
    "id": "y8qokwny",
    "player": "Splinter6",
    "player_location": "us",
    "region": "USA / NTSC"
  },
  {
    "id": "m79ek9wy",
    "player": "OgreAchievers",
    "player_location": "us",
    "region": "USA / NTSC"
  },
  {
    "id": "zxv0975y",
    "player": "MaterializedGaming",
    "player_location": "us",
    "region": "USA / NTSC"
  },
  {
    "id": "y97geqvm",
    "player": "syl3nt_m4rtyr",
    "player_location": "us",
    "region": "USA / NTSC"
  },
  {
    "id": "y2qqjvwy",
    "player": "CharlieC",
    "player_location": "de",
    "region": "EUR / PAL"
  },
  {
    "id": "zn8d477z",
    "player": "Icesan",
    "player_location": "us",
    "region": "USA / NTSC"
  },
  {
    "id": "zp0n7xnm",
    "player": "Bash573",
    "player_location": "us",
    "region": "USA / NTSC"
  },
  {
    "id": "mr8qrdgy",
    "player": "taelsdoll",
    "player_location": "us",
    "region": "USA / NTSC"
  },
  {
    "id": "y2qq559y",
    "player": "LeBowlinFan",
    "player_location": "us",
    "region": "USA / NTSC"
  },
  {
    "id": "zx4480ey",
    "player": "Scrumbo",
    "player_location": "us",
    "region": "USA / NTSC"
  },
  {
    "id": "zp00wqnm",
    "player": "BahnDaten",
    "player_location": null,
    "region": "USA / NTSC"
  },
  {
    "id": "mk99qrxz",
    "player": "SuperVillainDoom",
    "player_location": "us",
    "region": "USA / NTSC"
  },
  {
    "id": "y89rw5xm",
    "player": "DirtyDillers",
    "player_location": "se",
    "region": "EUR / PAL"
  },
  {
    "id": "yd3e51qz",
    "player": "SomeBoredHuman",
    "player_location": "us",
    "region": "USA / NTSC"
  },
  {
    "id": "z03ql24z",
    "player": "stoic_rose",
    "player_location": "us",
    "region": "USA / NTSC"
  },
  {
    "id": "yd3wrexz",
    "player": "Caidren",
    "player_location": "us",
    "region": "USA / NTSC"
  },
  {
    "id": "y92lgqrz",
    "player": "grftrf",
    "player_location": "us",
    "region": "USA / NTSC"
  },
  {
    "id": "y43qnodz",
    "player": "pinglefingle",
    "player_location": null,
    "region": "USA / NTSC"
  },
  {
    "id": "m3okqpwm",
    "player": "Makii",
    "player_location": "us",
    "region": "USA / NTSC"
  },
  {
    "id": "yvj7g58y",
    "player": "GameTimeFun",
    "player_location": "us",
    "region": "USA / NTSC"
  },
  {
    "id": "z01w7vjy",
    "player": "avasio",
    "player_location": null,
    "region": "USA / NTSC"
  },
  {
    "id": "zxk93kkm",
    "player": "ILYARANX",
    "player_location": "ru",
    "region": "USA / NTSC"
  },
  {
    "id": "mre63l2y",
    "player": "mishok",
    "player_location": "ru",
    "region": null
  },
  {
    "id": "znr4708y",
    "player": "NotThatSuperman",
    "player_location": null,
    "region": "EUR / PAL"
  },
  {
    "id": "y81vodnz",
    "player": "RappinDogga",
    "player_location": "au",
    "region": "USA / NTSC"
  },
  {
    "id": "yj3gpq7z",
    "player": "Dogmander25",
    "player_location": "us",
    "region": "USA / NTSC"
  },
  {
    "id": "zp427p8z",
    "player": "FixMyReview",
    "player_location": "ru",
    "region": "EUR / PAL"
  },
  {
    "id": "m7q0g3wz",
    "player": "Tenfive6",
    "player_location": "us",
    "region": "USA / NTSC"
  },
  {
    "id": "mre2707y",
    "player": "Glitch23",
    "player_location": "us",
    "region": null
  },
  {
    "id": "z1jlpd9z",
    "player": "picel_broth",
    "player_location": "gb/eng",
    "region": "EUR / PAL"
  },
  {
    "id": "yd6jjgxz",
    "player": "Mangombage",
    "player_location": "ph",
    "region": "USA / NTSC"
  },
  {
    "id": "yj3w66oz",
    "player": "churipputori",
    "player_location": "br",
    "region": "USA / NTSC"
  },
  {
    "id": "yw8p0j0y",
    "player": "lunar.",
    "player_location": "au",
    "region": "EUR / PAL"
  },
  {
    "id": "z1jv32gz",
    "player": "MysteryMeatwad",
    "player_location": "us",
    "region": "JPN / NTSC"
  },
  {
    "id": "yd640ljz",
    "player": "abitofgrey",
    "player_location": "us",
    "region": "USA / NTSC"
  },
  {
    "id": "z1opdd7m",
    "player": "Dipity",
    "player_location": "ca/qc",
    "region": "USA / NTSC"
  },
  {
    "id": "znke07vz",
    "player": "zig019",
    "player_location": "us",
    "region": "USA / NTSC"
  },
  {
    "id": "mk314wxz",
    "player": "Trainyyyyy",
    "player_location": null,
    "region": "USA / NTSC"
  },
  {
    "id": "yv6n8lez",
    "player": "ViceVertigo",
    "player_location": null,
    "region": "USA / NTSC"
  },
  {
    "id": "zgw6730y",
    "player": "Pericles",
    "player_location": "cl",
    "region": "USA / NTSC"
  },
  {
    "id": "yw82930y",
    "player": "ToastyMann",
    "player_location": "us",
    "region": "USA / NTSC"
  },
  {
    "id": "y8rdl71m",
    "player": "Eric_Joice_YT",
    "player_location": "us",
    "region": "USA / NTSC"
  },
  {
    "id": "y8rlj41m",
    "player": "CrashCroshAppleSauce",
    "player_location": "us",
    "region": "JPN / NTSC"
  },
  {
    "id": "z53xk1ey",
    "player": "dum_dum",
    "player_location": "se",
    "region": "USA / NTSC"
  },
  {
    "id": "ylv19wrm",
    "player": "MIDISLAPPER",
    "player_location": null,
    "region": "USA / NTSC"
  },
  {
    "id": "yj62o33z",
    "player": "ElectroPindsvinet",
    "player_location": "dk",
    "region": "USA / NTSC"
  },
  {
    "id": "y6rq6n0y",
    "player": "ChickenDog",
    "player_location": "us",
    "region": null
  },
  {
    "id": "y6reoppy",
    "player": "CitadelChamp",
    "player_location": "us",
    "region": "USA / NTSC"
  },
  {
    "id": "zxdj2xqy",
    "player": "uniseth",
    "player_location": "us",
    "region": "USA / NTSC"
  },
  {
    "id": "y6rj256y",
    "player": "Picksul",
    "player_location": "us",
    "region": "USA / NTSC"
  },
  {
    "id": "zn36349y",
    "player": "MorAgy",
    "player_location": "fr",
    "region": "EUR / PAL"
  },
  {
    "id": "me98679z",
    "player": "doublechris",
    "player_location": "us",
    "region": "USA / NTSC"
  },
  {
    "id": "yo93jp0y",
    "player": "Gyrex",
    "player_location": "us",
    "region": "USA / NTSC"
  },
  {
    "id": "zp3lq4gm",
    "player": "ChrisIz",
    "player_location": null,
    "region": "USA / NTSC"
  },
  {
    "id": "znop799y",
    "player": "cduke08",
    "player_location": "us",
    "region": "USA / NTSC"
  },
  {
    "id": "yv20x58m",
    "player": "PeteDorr",
    "player_location": "us",
    "region": "USA / NTSC"
  },
  {
    "id": "z18gv4wy",
    "player": "QtYuri",
    "player_location": null,
    "region": null
  },
  {
    "id": "y9nxqjvz",
    "player": "glugglejug",
    "player_location": "us",
    "region": "USA / NTSC"
  },
  {
    "id": "znoe2e7y",
    "player": "ZashXQ",
    "player_location": "us",
    "region": "USA / NTSC"
  },
  {
    "id": "zgx9jljm",
    "player": "kiwithebird",
    "player_location": "il",
    "region": "EUR / PAL"
  },
  {
    "id": "yv2eq68m",
    "player": "absolute_sin",
    "player_location": "us",
    "region": "USA / NTSC"
  },
  {
    "id": "zq1rk0rm",
    "player": "eldorre",
    "player_location": "ar",
    "region": "USA / NTSC"
  },
  {
    "id": "y2xrj66m",
    "player": "OhHyucc",
    "player_location": "ie",
    "region": "EUR / PAL"
  },
  {
    "id": "yo7klv5m",
    "player": "NotTem",
    "player_location": "pl",
    "region": "EUR / PAL"
  },
  {
    "id": "yo7pop7m",
    "player": "DirtyBoiGaming",
    "player_location": "us",
    "region": "USA / NTSC"
  },
  {
    "id": "yjgpqxny",
    "player": "Avaa",
    "player_location": "us",
    "region": "USA / NTSC"
  },
  {
    "id": "zggoq5nz",
    "player": "Parappa_rapgod",
    "player_location": "us",
    "region": "USA / NTSC"
  },
  {
    "id": "z1x18v7m",
    "player": "agewar",
    "player_location": "us",
    "region": null
  },
  {
    "id": "yder64qm",
    "player": "Sasha_K29",
    "player_location": "ru",
    "region": "USA / NTSC"
  },
  {
    "id": "z07xqr4y",
    "player": "Scrat",
    "player_location": "us",
    "region": "USA / NTSC"
  },
  {
    "id": "z07dwj8y",
    "player": "FloppyDiskTM",
    "player_location": null,
    "region": "USA / NTSC"
  },
  {
    "id": "zp8x2kny",
    "player": "PaullyBoiPlays",
    "player_location": "ro",
    "region": "USA / NTSC"
  },
  {
    "id": "yvoep44z",
    "player": "Ackleeeeeleley",
    "player_location": "br",
    "region": null
  },
  {
    "id": "y69kx76y",
    "player": "djirishboywindu",
    "player_location": "ie",
    "region": "EUR / PAL"
  },
  {
    "id": "zn0dl13y",
    "player": "Arthurdelatableronde",
    "player_location": "fr",
    "region": "EUR / PAL"
  },
  {
    "id": "ywj44onz",
    "player": "BrickLock19",
    "player_location": "us",
    "region": "USA / NTSC"
  },
  {
    "id": "ydww720m",
    "player": "IgromanNikitok",
    "player_location": "ru",
    "region": "USA / NTSC"
  },
  {
    "id": "mr65894m",
    "player": "seruran_blue",
    "player_location": "jp",
    "region": "JPN / NTSC"
  },
  {
    "id": "z0o24q9z",
    "player": "ref417",
    "player_location": "jp",
    "region": null
  },
  {
    "id": "z1pdppjz",
    "player": "cardiffe",
    "player_location": "ru",
    "region": "USA / NTSC"
  },
  {
    "id": "ydd30kxy",
    "player": "RedKero",
    "player_location": "cl",
    "region": "USA / NTSC"
  },
  {
    "id": "z522dg5z",
    "player": "Jaypro64",
    "player_location": null,
    "region": "USA / NTSC"
  },
  {
    "id": "y60x821y",
    "player": "hjjc",
    "player_location": "ar",
    "region": "USA / NTSC"
  },
  {
    "id": "yw3nj4pm",
    "player": "FunkySquad332",
    "player_location": null,
    "region": "EUR / PAL"
  },
  {
    "id": "y6x88g6y",
    "player": "Limbando",
    "player_location": null,
    "region": "USA / NTSC"
  },
  {
    "id": "zxnv41km",
    "player": "SunshineGlassesYT",
    "player_location": null,
    "region": "USA / NTSC"
  },
  {
    "id": "m72g50ez",
    "player": "LucasBoiBoi",
    "player_location": null,
    "region": null
  },
  {
    "id": "mro9n77m",
    "player": "MansterMan",
    "player_location": null,
    "region": "USA / NTSC"
  }
]