[
  {
    "id": "pzg8w6dy",
    "player": "Richard",
    "player_location": null,
    "region": "EUR / PAL"
  },
  {
    "id": "wzpprogz",
    "player": "B2Y_Chris",
    "player_location": null,
    "region": "USA / NTSC"
  },
  {
    "id": "8m73gley",
    "player": "J_Aleksey",
    "player_location": null,
    "region": "EUR / PAL"
  },
  {
    "id": "kz5kjwnz",
    "player": "EG_Jakob",
    "player_location": null,
    "region": "EUR / PAL"
  },
  {
    "id": "0znx2n8y",
    "player": "zhester",
    "player_location": "ru",
    "region": "EUR / PAL"
  },
  {
    "id": "yvgog2xy",
    "player": "AJValentine",
    "player_location": "gb/eng",
    "region": null
  },
  {
    "id": "yo221p1z",
    "player": "BHSarchangelPHS",
    "player_location": "kr",
    "region": "KOR / NTSC"
  }
]