[
  {
    "id": "yv2k8qxm",
    "player": "Jubilee",
    "player_location": "us",
    "region": "USA / NTSC"
  },
  {
    "id": "ydrdv5qz",
    "player": "MrRandomized",
    "player_location": "ca",
    "region": null
  },
  {
    "id": "ywqr253y",
    "player": "MansterMan",
    "player_location": null,
    "region": "USA / NTSC"
  },
  {
    "id": "z5v9v55m",
    "player": "Speedwalkr",
    "player_location": "us",
    "region": "USA / NTSC"
  },
  {
    "id": "yod0487m",
    "player": "coachcudd",
    "player_location": "us",
    "region": "USA / NTSC"
  }
]