[
  {
    "id": "m3nkdwwy",
    "player": "ShinyQuagsire",
    "player_location": "us",
    "region": "USA / NTSC"
  },
  {
    "id": "z50e9nny",
    "player": "Cypothingy",
    "player_location": "us",
    "region": "USA / NTSC"
  },
  {
    "id": "ylo6gdky",
    "player": "Jaypin88",
    "player_location": "ca",
    "region": "USA / NTSC"
  },
  {
    "id": "m3nko76y",
    "player": "thegoodjakeward",
    "player_location": "us",
    "region": "USA / NTSC"
  },
  {
    "id": "zn12508m",
    "player": "Fire_Onyx",
    "player_location": "rs",
    "region": "EUR / PAL"
  },
  {
    "id": "yjxe103z",
    "player": "Ventus",
    "player_location": "us",
    "region": "USA / NTSC"
  },
  {
    "id": "yjpnrxgy",
    "player": "DragonKurask",
    "player_location": "us",
    "region": "USA / NTSC"
  },
  {
    "id": "m3x99jdm",
    "player": "TailsFiraga",
    "player_location": "us",
    "region": "USA / NTSC"
  },
  {
    "id": "zgq583vy",
    "player": "RayMKV",
    "player_location": null,
    "region": "USA / NTSC"
  }
]