[
  {
    "id": "yoj88q1m",
    "player": "Dani\u00eblHarteveld",
    "player_location": "nl",
    "region": "EUR / PAL"
  },
  {
    "id": "y821xldy",
    "player": "Randonlyh",
    "player_location": null,
    "region": null
  },
  {
    "id": "mk2qo9vm",
    "player": "R0main",
    "player_location": "fr",
    "region": "EUR / PAL"
  },
  {
    "id": "z5jjew5m",
    "player": "GLXQ",
    "player_location": "gb",
    "region": null
  },
  {
    "id": "z15vgljy",
    "player": "SaltyNic",
    "player_location": "de",
    "region": "EUR / PAL"
  },
  {
    "id": "zp4oe8gz",
    "player": "Gloggekawa",
    "player_location": "de",
    "region": "EUR / PAL"
  },
  {
    "id": "yl05k6ry",
    "player": "weberrich",
    "player_location": "de",
    "region": "EUR / PAL"
  },
  {
    "id": "yw05n80m",
    "player": "wakanameko",
    "player_location": "jp",
    "region": null
  },
  {
    "id": "z07pv84y",
    "player": "Toad4Smash",
    "player_location": "us",
    "region": "USA / NTSC"
  },
  {
    "id": "z0rg929z",
    "player": "KKOJJGSS",
    "player_location": "in",
    "region": null
  },
  {
    "id": "m371xw4z",
    "player": "McKiddy",
    "player_location": "us",
    "region": "USA / NTSC"
  },
  {
    "id": "y93xp9ny",
    "player": "brtCBR",
    "player_location": "jp",
    "region": "JPN / NTSC"
  },
  {
    "id": "z5e5noez",
    "player": "maksimry",
    "player_location": "us",
    "region": "USA / NTSC"
  }
]