[
  {
    "id": "znrk069y",
    "player": "Carpenter",
    "player_location": "us",
    "region": "USA / NTSC"
  },
  {
    "id": "z57oprem",
    "player": "JC",
    "player_location": "us",
    "region": null
  },
  {
    "id": "z15r2kwy",
    "player": "Lyon",
    "player_location": "es",
    "region": null
  },
  {
    "id": "mre6377y",
    "player": "Chrioden",
    "player_location": "fr",
    "region": "EUR / PAL"
  },
  {
    "id": "zgk7760y",
    "player": "bbc4lyf",
    "player_location": "au",
    "region": null
  },
  {
    "id": "y202d2wm",
    "player": "luis_sera",
    "player_location": "fr",
    "region": null
  },
  {
    "id": "yd6qppwz",
    "player": "Zeewey",
    "player_location": "rs",
    "region": "EUR / PAL"
  },
  {
    "id": "meo1l69z",
    "player": "Ninetails",
    "player_location": "pe",
    "region": null
  },
  {
    "id": "z1j53pwz",
    "player": "Outrage",
    "player_location": "us",
    "region": null
  },
  {
    "id": "mkeke51m",
    "player": "Windmill",
    "player_location": "nl",
    "region": "EUR / PAL"
  },
  {
    "id": "y951kqrz",
    "player": "BenSpeedRun",
    "player_location": "sg",
    "region": null
  },
  {
    "id": "y951462z",
    "player": "ForTheChase",
    "player_location": "us",
    "region": "JPN / NTSC"
  },
  {
    "id": "m31nojqz",
    "player": "TrichaelMan",
    "player_location": "us",
    "region": null
  },
  {
    "id": "y95nx7nz",
    "player": "Mysterion_06_",
    "player_location": "de",
    "region": "EUR / PAL"
  },
  {
    "id": "y21xxg7z",
    "player": "Stirliing",
    "player_location": "us",
    "region": null
  },
  {
    "id": "mre100gy",
    "player": "WagnerBrasil",
    "player_location": "br",
    "region": "EUR / PAL"
  },
  {
    "id": "zxke5lkm",
    "player": "Liannightmare",
    "player_location": "mx",
    "region": "USA / NTSC"
  },
  {
    "id": "y818kkdz",
    "player": "blaze8876",
    "player_location": null,
    "region": "EUR / PAL"
  },
  {
    "id": "m7qw01wz",
    "player": "kKriiM",
    "player_location": null,
    "region": null
  },
  {
    "id": "mre6lj7y",
    "player": "Elemental Overload",
    "player_location": null,
    "region": null
  },
  {
    "id": "y21041jz",
    "player": "Wipefinger",
    "player_location": "de",
    "region": null
  },
  {
    "id": "yw4j7d2z",
    "player": "chirorx",
    "player_location": "jp",
    "region": null
  },
  {
    "id": "z1j24ojz",
    "player": "witchakorn",
    "player_location": "th",
    "region": "USA / NTSC"
  },
  {
    "id": "y6ln4rqy",
    "player": "iSILENTOscarito",
    "player_location": "mx",
    "region": "USA / NTSC"
  },
  {
    "id": "yv3qk9xz",
    "player": "TheLastColossus",
    "player_location": "br",
    "region": "USA / NTSC"
  },
  {
    "id": "yj3x023z",
    "player": "HsyperSasuke",
    "player_location": "br",
    "region": null
  },
  {
    "id": "zp42jw8z",
    "player": "Khomchik",
    "player_location": "ua",
    "region": null
  },
  {
    "id": "znr7ne8y",
    "player": "bigvin51",
    "player_location": "us",
    "region": "USA / NTSC"
  },
  {
    "id": "yl0e8lky",
    "player": "Shortyy",
    "player_location": "gb/eng",
    "region": "EUR / PAL"
  },
  {
    "id": "zp42jp8z",
    "player": "Ismshah",
    "player_location": null,
    "region": "EUR / PAL"
  },
  {
    "id": "zxklel8m",
    "player": "graggrag",
    "player_location": "gb/eng",
    "region": "EUR / PAL"
  },
  {
    "id": "m316e6qz",
    "player": "WEEPISTOK WEEPclan",
    "player_location": null,
    "region": "EUR / PAL"
  },
  {
    "id": "y418p8ky",
    "player": "Renan - Rk_32",
    "player_location": null,
    "region": null
  },
  {
    "id": "z01ovo8y",
    "player": "Tonyreed88",
    "player_location": null,
    "region": null
  },
  {
    "id": "zgkd4pny",
    "player": "SaiyanGaming420",
    "player_location": null,
    "region": "USA / NTSC"
  },
  {
    "id": "zp4279rz",
    "player": "CaraDeChiste",
    "player_location": "co",
    "region": "USA / NTSC"
  },
  {
    "id": "zqr0x78y",
    "player": "RuvikzAkumu",
    "player_location": "us",
    "region": "EUR / PAL"
  },
  {
    "id": "z01ovp8y",
    "player": "GAMEMOVIEcojp",
    "player_location": null,
    "region": "JPN / NTSC"
  },
  {
    "id": "zqw8pdrz",
    "player": "Phaero",
    "player_location": "at",
    "region": null
  },
  {
    "id": "y95l4xnz",
    "player": "AlanSnyder28",
    "player_location": null,
    "region": "USA / NTSC"
  },
  {
    "id": "mk2ejd5m",
    "player": "Sunblade",
    "player_location": "de",
    "region": "EUR / PAL"
  },
  {
    "id": "m316exqz",
    "player": "Auddy",
    "player_location": "us",
    "region": "USA / NTSC"
  },
  {
    "id": "yj3xndnz",
    "player": "Tenpo072",
    "player_location": null,
    "region": "JPN / NTSC"
  },
  {
    "id": "y27q6q9z",
    "player": "DerekT21288",
    "player_location": "gb/sct",
    "region": null
  },
  {
    "id": "zqr7k31y",
    "player": "StandardToaster",
    "player_location": "us",
    "region": "USA / NTSC"
  },
  {
    "id": "y21p9q7z",
    "player": "Spiralout1123211",
    "player_location": null,
    "region": null
  },
  {
    "id": "znrpw4vy",
    "player": "sarou",
    "player_location": "fi",
    "region": "EUR / PAL"
  },
  {
    "id": "yojpv25m",
    "player": "Ston3d",
    "player_location": null,
    "region": "EUR / PAL"
  },
  {
    "id": "z1jpd1wz",
    "player": "DESCAMPS",
    "player_location": null,
    "region": "EUR / PAL"
  },
  {
    "id": "y6l03l0y",
    "player": "(Itl) Fran",
    "player_location": null,
    "region": "EUR / PAL"
  },
  {
    "id": "yv3r438z",
    "player": "John Psycho",
    "player_location": null,
    "region": "EUR / PAL"
  },
  {
    "id": "zgkp3kjy",
    "player": "Ayi-R",
    "player_location": "fr",
    "region": "EUR / PAL"
  },
  {
    "id": "yojpvj5m",
    "player": "Derek Taylor",
    "player_location": null,
    "region": "EUR / PAL"
  },
  {
    "id": "y81832xz",
    "player": "Leeziano",
    "player_location": null,
    "region": "USA / NTSC"
  },
  {
    "id": "yv3r468z",
    "player": "AIN",
    "player_location": null,
    "region": "USA / NTSC"
  },
  {
    "id": "yl073kxy",
    "player": "'kip'",
    "player_location": null,
    "region": "USA / NTSC"
  },
  {
    "id": "mex3vo2z",
    "player": "renvi",
    "player_location": null,
    "region": "USA / NTSC"
  },
  {
    "id": "yd6d85xz",
    "player": "squllroina",
    "player_location": null,
    "region": "USA / NTSC"
  },
  {
    "id": "z1jpd5wz",
    "player": "Alex-T",
    "player_location": null,
    "region": "USA / NTSC"
  },
  {
    "id": "mk2kl8lm",
    "player": "Tim Bright",
    "player_location": null,
    "region": "USA / NTSC"
  },
  {
    "id": "z57253jm",
    "player": "Darkside X",
    "player_location": null,
    "region": "USA / NTSC"
  },
  {
    "id": "zqr7k41y",
    "player": "scottimus432",
    "player_location": null,
    "region": "USA / NTSC"
  },
  {
    "id": "zxk7wnem",
    "player": "\u30e2\u30b0",
    "player_location": null,
    "region": "JPN / NTSC"
  },
  {
    "id": "m313kqdz",
    "player": "torao",
    "player_location": null,
    "region": "JPN / NTSC"
  },
  {
    "id": "m313kkdz",
    "player": "\u308f\u3044\u308f\u3044\u82b8\u68a6\u9986",
    "player_location": null,
    "region": "EUR / PAL"
  },
  {
    "id": "zgkp8eey",
    "player": "MemoryHunter",
    "player_location": "in",
    "region": "USA / NTSC"
  },
  {
    "id": "yojpon0m",
    "player": "Eze blue",
    "player_location": null,
    "region": "USA / NTSC"
  },
  {
    "id": "zp49pwxz",
    "player": "TheZomberHD",
    "player_location": "mx",
    "region": "USA / NTSC"
  },
  {
    "id": "z01pxx9y",
    "player": "DerekVader",
    "player_location": null,
    "region": "EUR / PAL"
  },
  {
    "id": "zxk7wwem",
    "player": "El_Demonio",
    "player_location": "us",
    "region": "USA / NTSC"
  },
  {
    "id": "m313k0dz",
    "player": "ShangaiGirlMizuno",
    "player_location": null,
    "region": "JPN / NTSC"
  },
  {
    "id": "z01pxd9y",
    "player": "\u84ee",
    "player_location": null,
    "region": "JPN / NTSC"
  },
  {
    "id": "yw43nwnz",
    "player": "HKGoldenMr.A",
    "player_location": null,
    "region": null
  },
  {
    "id": "yl07lxxy",
    "player": "You-Hei 'Cab' Muro",
    "player_location": null,
    "region": "JPN / NTSC"
  },
  {
    "id": "zgkp8ojy",
    "player": "725natsuko",
    "player_location": null,
    "region": "JPN / NTSC"
  },
  {
    "id": "z572kljm",
    "player": "'ZENO'",
    "player_location": null,
    "region": "JPN / NTSC"
  },
  {
    "id": "yv3rvn8z",
    "player": "Sashi Ryusou",
    "player_location": null,
    "region": "EUR / PAL"
  },
  {
    "id": "zp49pkvz",
    "player": "Tidthier",
    "player_location": null,
    "region": "EUR / PAL"
  },
  {
    "id": "zxk7w0km",
    "player": "\u9593\u306b\u5408\u308f\u306a\u3044\uff01\uff01\uff01",
    "player_location": null,
    "region": "JPN / NTSC"
  },
  {
    "id": "yv3r74xz",
    "player": "Imovel",
    "player_location": "br",
    "region": "USA / NTSC"
  },
  {
    "id": "z1j9j1wz",
    "player": "Croneus",
    "player_location": "us",
    "region": "USA / NTSC"
  },
  {
    "id": "yojq0jdm",
    "player": "Samurai_Soul",
    "player_location": "br",
    "region": null
  },
  {
    "id": "yv358rxz",
    "player": "MPK",
    "player_location": "br",
    "region": null
  },
  {
    "id": "y95g85ez",
    "player": "SneakySlug",
    "player_location": "us",
    "region": "USA / NTSC"
  },
  {
    "id": "z05rvrjm",
    "player": "Meozinho",
    "player_location": "br",
    "region": "JPN / NTSC"
  },
  {
    "id": "y90213ky",
    "player": "Pratchaya",
    "player_location": "th",
    "region": null
  },
  {
    "id": "y82qng5y",
    "player": "Juazz",
    "player_location": "us",
    "region": "USA / NTSC"
  },
  {
    "id": "ylk0r82z",
    "player": "JorJ\u00e3o",
    "player_location": "br",
    "region": null
  },
  {
    "id": "zqgko7rm",
    "player": "GodOfEvil",
    "player_location": "br",
    "region": "USA / NTSC"
  },
  {
    "id": "y82v24ny",
    "player": "Ruddshow",
    "player_location": "br",
    "region": null
  },
  {
    "id": "z158o89y",
    "player": "Marknav2",
    "player_location": "mx",
    "region": "USA / NTSC"
  },
  {
    "id": "yok9qxdz",
    "player": "C4ADUS",
    "player_location": "vi",
    "region": null
  },
  {
    "id": "y4wrgxdm",
    "player": "PedroMoZocaSNXSpeeD",
    "player_location": null,
    "region": null
  },
  {
    "id": "y694r9qy",
    "player": "Sawken",
    "player_location": "ar",
    "region": null
  },
  {
    "id": "y25081jy",
    "player": "jessezin_18",
    "player_location": "br",
    "region": null
  },
  {
    "id": "m356pkwy",
    "player": "jacket4554",
    "player_location": "ru",
    "region": null
  },
  {
    "id": "meo3v9qz",
    "player": "dolph",
    "player_location": "jp",
    "region": null
  },
  {
    "id": "m35ld1gy",
    "player": "tarik",
    "player_location": "br",
    "region": "USA / NTSC"
  },
  {
    "id": "y8r3r61m",
    "player": "DrumsetWereWolf",
    "player_location": "uy",
    "region": null
  },
  {
    "id": "y4wpw8nm",
    "player": "juanriplaygames",
    "player_location": "es",
    "region": "EUR / PAL"
  },
  {
    "id": "y4e85jkm",
    "player": "168metal",
    "player_location": "cn",
    "region": null
  },
  {
    "id": "me6kej8z",
    "player": "Simo",
    "player_location": "gb",
    "region": "EUR / PAL"
  },
  {
    "id": "zgvr3xjz",
    "player": "andresfgp13",
    "player_location": "cl",
    "region": "USA / NTSC"
  },
  {
    "id": "zxo25ngz",
    "player": "HinakoShijou",
    "player_location": null,
    "region": "JPN / NTSC"
  },
  {
    "id": "yd055nxz",
    "player": "SilverBite",
    "player_location": null,
    "region": "USA / NTSC"
  },
  {
    "id": "me66xo3z",
    "player": "CrownedRengar",
    "player_location": "us",
    "region": "USA / NTSC"
  },
  {
    "id": "yj65g8oz",
    "player": "tomo22",
    "player_location": "jp",
    "region": "JPN / NTSC"
  },
  {
    "id": "y6r0ov6y",
    "player": "Jefer011",
    "player_location": "br",
    "region": null
  },
  {
    "id": "zq141k9m",
    "player": "shimarisu",
    "player_location": "jp",
    "region": null
  },
  {
    "id": "y2dgk09z",
    "player": "Joaco_bc",
    "player_location": "ar",
    "region": null
  },
  {
    "id": "zplkevvm",
    "player": "JIEIJIEI",
    "player_location": "jp",
    "region": "JPN / NTSC"
  },
  {
    "id": "m37jdr6z",
    "player": "hi_8104",
    "player_location": "jp",
    "region": null
  },
  {
    "id": "m3lo2eqm",
    "player": "Pro_RequiemSNX",
    "player_location": "br",
    "region": null
  },
  {
    "id": "yd0x0e0z",
    "player": "PudimMzk",
    "player_location": "br",
    "region": "USA / NTSC"
  },
  {
    "id": "zpl7nenm",
    "player": "BrunoFerreiraDiniz",
    "player_location": "br",
    "region": null
  },
  {
    "id": "zgv4750z",
    "player": "Smoke2k",
    "player_location": "br",
    "region": null
  },
  {
    "id": "zxdeqrqy",
    "player": "FenyxSmoke2k",
    "player_location": "br",
    "region": null
  },
  {
    "id": "ylo931ny",
    "player": "Z_BAKA",
    "player_location": "br",
    "region": "EUR / PAL"
  },
  {
    "id": "yv2jp6xm",
    "player": "RenanSNX",
    "player_location": "br",
    "region": null
  },
  {
    "id": "y9ngr5nz",
    "player": "murtinya",
    "player_location": "br",
    "region": null
  },
  {
    "id": "yo9070jy",
    "player": "ClearlyBrogan",
    "player_location": "gb",
    "region": "EUR / PAL"
  },
  {
    "id": "y42q8g3m",
    "player": "shisui_uchiha",
    "player_location": "mx",
    "region": "USA / NTSC"
  },
  {
    "id": "ylol69ky",
    "player": "richardian",
    "player_location": "us",
    "region": "JPN / NTSC"
  },
  {
    "id": "y2v29n9z",
    "player": "GansoBruh",
    "player_location": "br",
    "region": "EUR / PAL"
  },
  {
    "id": "zx6548qz",
    "player": "ImSniperkiller",
    "player_location": "us",
    "region": null
  },
  {
    "id": "m784x65z",
    "player": "Griffon",
    "player_location": "us",
    "region": "USA / NTSC"
  },
  {
    "id": "y6000j6y",
    "player": "MateoUsh27",
    "player_location": "ar",
    "region": null
  },
  {
    "id": "y6d5ll1m",
    "player": "ForthDegree",
    "player_location": "us",
    "region": "USA / NTSC"
  },
  {
    "id": "y8dvl31z",
    "player": "guiPT",
    "player_location": "pt",
    "region": "EUR / PAL"
  },
  {
    "id": "mkgelq3y",
    "player": "Bluefoxjp",
    "player_location": "jp",
    "region": null
  },
  {
    "id": "mkgk2dly",
    "player": "JDKoite",
    "player_location": "py",
    "region": null
  },
  {
    "id": "yv1p59ey",
    "player": "mr_mayhem88",
    "player_location": "us",
    "region": "USA / NTSC"
  },
  {
    "id": "mkgwnk1y",
    "player": "WickedJester24",
    "player_location": "us",
    "region": "USA / NTSC"
  },
  {
    "id": "z1r0qvrm",
    "player": "DarllanSNX",
    "player_location": "br",
    "region": null
  },
  {
    "id": "yjdwr17y",
    "player": "jonsku1",
    "player_location": "fi",
    "region": "EUR / PAL"
  },
  {
    "id": "mkgng8ly",
    "player": "KrossH",
    "player_location": "cl",
    "region": "USA / NTSC"
  },
  {
    "id": "ydrxxlxz",
    "player": "Jirkaaa",
    "player_location": "gb",
    "region": "EUR / PAL"
  },
  {
    "id": "yo63611y",
    "player": "MrJones",
    "player_location": "br",
    "region": null
  },
  {
    "id": "yj5x4kgm",
    "player": "AyKayJee",
    "player_location": "tr",
    "region": null
  },
  {
    "id": "ylren7ky",
    "player": "XodaRapX",
    "player_location": "br",
    "region": null
  },
  {
    "id": "zp8wl3xy",
    "player": "Hikee",
    "player_location": "br",
    "region": null
  },
  {
    "id": "y69qq61y",
    "player": "Dam12",
    "player_location": "gb",
    "region": "USA / NTSC"
  },
  {
    "id": "mk5o5dlm",
    "player": "Zaknafein_MA",
    "player_location": "es",
    "region": "EUR / PAL"
  },
  {
    "id": "y6914v0y",
    "player": "teu_biohazard4",
    "player_location": "jp",
    "region": null
  },
  {
    "id": "mr696wgm",
    "player": "EthanWinters",
    "player_location": "br",
    "region": "EUR / PAL"
  },
  {
    "id": "m7w815ez",
    "player": "CiBoo3999",
    "player_location": "us",
    "region": "USA / NTSC"
  },
  {
    "id": "y6n82x6z",
    "player": "greasy_rhys",
    "player_location": "gb",
    "region": "EUR / PAL"
  },
  {
    "id": "yorqdq1y",
    "player": "adamyounis1",
    "player_location": "eg",
    "region": null
  },
  {
    "id": "zp26rdny",
    "player": "LeoHNRK",
    "player_location": "br",
    "region": null
  },
  {
    "id": "mkknl11m",
    "player": "Asterxyx",
    "player_location": null,
    "region": "USA / NTSC"
  },
  {
    "id": "m33gxdgm",
    "player": "FluxKamikaze",
    "player_location": null,
    "region": "USA / NTSC"
  },
  {
    "id": "zx7ol7qy",
    "player": "EfendiUlquiorra",
    "player_location": "tr",
    "region": null
  },
  {
    "id": "y4q82j2m",
    "player": "Leeroy_xz",
    "player_location": "ar",
    "region": null
  },
  {
    "id": "y2p6n09z",
    "player": "Noid",
    "player_location": "us",
    "region": null
  },
  {
    "id": "y4qk3gqm",
    "player": "Distrust357",
    "player_location": "mx",
    "region": "USA / NTSC"
  },
  {
    "id": "mrrgrd7m",
    "player": "MineZowSki",
    "player_location": "tw",
    "region": null
  },
  {
    "id": "zx824xem",
    "player": "TallestLemon",
    "player_location": "ee",
    "region": "USA / NTSC"
  },
  {
    "id": "m7x1vq0y",
    "player": "KarmaDope",
    "player_location": null,
    "region": "EUR / PAL"
  },
  {
    "id": "y2edrgjy",
    "player": "NYR9",
    "player_location": "id",
    "region": null
  },
  {
    "id": "m3x5vwqm",
    "player": "MikeWavRR",
    "player_location": "us",
    "region": null
  },
  {
    "id": "z5x37qdy",
    "player": "Youcri",
    "player_location": "jp",
    "region": "JPN / NTSC"
  },
  {
    "id": "y8xrgnnm",
    "player": "MinerEh",
    "player_location": "lb",
    "region": null
  },
  {
    "id": "zpd2r1gz",
    "player": "DogTwinkie",
    "player_location": "aq",
    "region": null
  },
  {
    "id": "m3x681dm",
    "player": "Shadow_re4",
    "player_location": "us",
    "region": "USA / NTSC"
  },
  {
    "id": "z0lp4j8z",
    "player": "Svinet",
    "player_location": "dk",
    "region": "EUR / PAL"
  },
  {
    "id": "mkd6qo3y",
    "player": "TomyFoxy2014",
    "player_location": "ar",
    "region": null
  },
  {
    "id": "meexweqm",
    "player": "SD23",
    "player_location": "us",
    "region": "JPN / NTSC"
  },
  {
    "id": "y2j1207z",
    "player": "GoddessofTourniquet9",
    "player_location": "eu",
    "region": "JPN / NTSC"
  },
  {
    "id": "zxn9nwgm",
    "player": "Woodys_Roundup5",
    "player_location": "us",
    "region": "JPN / NTSC"
  },
  {
    "id": "y2j3q1jz",
    "player": "TheRealSashaBanks",
    "player_location": null,
    "region": "JPN / NTSC"
  },
  {
    "id": "ydg5nrxy",
    "player": "KLAHITS",
    "player_location": null,
    "region": null
  }
]