[
  {
    "id": "zprqplnm",
    "player": "Palmer",
    "player_location": "us",
    "region": null
  },
  {
    "id": "zqwkg8rz",
    "player": "Erave",
    "player_location": "us",
    "region": "USA / NTSC"
  },
  {
    "id": "y253gw9y",
    "player": "THEWicKedViKing",
    "player_location": "us",
    "region": null
  },
  {
    "id": "yok4qe7z",
    "player": "chet_stead",
    "player_location": "us",
    "region": "USA / NTSC"
  },
  {
    "id": "y4w7v6nm",
    "player": "AlexAshpool",
    "player_location": "ca",
    "region": null
  }
]