[
  {
    "id": "z0erv8em",
    "player": "Kanri",
    "player_location": null,
    "region": "EUR / PAL"
  },
  {
    "id": "zx268k8m",
    "player": "PinkPajamas",
    "player_location": "us",
    "region": "USA / NTSC"
  },
  {
    "id": "7z0gv48y",
    "player": "KMB_chimera",
    "player_location": "jp",
    "region": "JPN / NTSC"
  },
  {
    "id": "dy4pllny",
    "player": "ChampionBeef",
    "player_location": "us",
    "region": "USA / NTSC"
  },
  {
    "id": "znrqg27y",
    "player": "otogitune",
    "player_location": "jp",
    "region": "JPN / NTSC"
  },
  {
    "id": "z1prdx7z",
    "player": "Freedom_Pulse",
    "player_location": "us",
    "region": "USA / NTSC"
  }
]