[
  {
    "id": "zpdjggvz",
    "player": "CarcinogenSDA",
    "player_location": "us",
    "region": "JPN / NTSC"
  },
  {
    "id": "7yl9rw2y",
    "player": "Xerobladedge",
    "player_location": "us",
    "region": "USA / NTSC"
  },
  {
    "id": "emk985xz",
    "player": "HammerHead",
    "player_location": "tr",
    "region": "USA / NTSC"
  },
  {
    "id": "2yw4wrpz",
    "player": "Vexx",
    "player_location": "ca",
    "region": "USA / NTSC"
  },
  {
    "id": "dy4w913m",
    "player": "TheLevelBest",
    "player_location": "us",
    "region": "USA / NTSC"
  },
  {
    "id": "nz1k2owy",
    "player": "bldagl",
    "player_location": "us",
    "region": "JPN / NTSC"
  },
  {
    "id": "zq90go9y",
    "player": "BenSimWise",
    "player_location": "gb",
    "region": "JPN / NTSC"
  },
  {
    "id": "dy4669dz",
    "player": "Bawkbasoup",
    "player_location": "ca",
    "region": "JPN / NTSC"
  },
  {
    "id": "y8qol0dy",
    "player": "DrMaxtermind",
    "player_location": "us",
    "region": "JPN / NTSC"
  },
  {
    "id": "pzgo20dm",
    "player": "Bobochet",
    "player_location": "us",
    "region": "USA / NTSC"
  },
  {
    "id": "9men5l2m",
    "player": "UndeadMarksmanX",
    "player_location": "us",
    "region": "USA / NTSC"
  },
  {
    "id": "yo49515m",
    "player": "Beckski93",
    "player_location": "gb",
    "region": "JPN / NTSC"
  },
  {
    "id": "pyd4glwy",
    "player": "RawDerps",
    "player_location": "us",
    "region": "JPN / NTSC"
  },
  {
    "id": "ydq6vljm",
    "player": "Khomchik",
    "player_location": "ua",
    "region": "JPN / NTSC"
  },
  {
    "id": "y23dor9m",
    "player": "crazygamingdayz",
    "player_location": "us",
    "region": "JPN / NTSC"
  },
  {
    "id": "yw1ner0z",
    "player": "Zooball",
    "player_location": "gb/wls",
    "region": "JPN / NTSC"
  },
  {
    "id": "m79w805y",
    "player": "Maniatikiller",
    "player_location": "cl",
    "region": "JPN / NTSC"
  },
  {
    "id": "y23n7ewm",
    "player": "Awesomessprime",
    "player_location": "us",
    "region": "JPN / NTSC"
  },
  {
    "id": "yd3rj7qz",
    "player": "CkriZz666",
    "player_location": "mx",
    "region": "USA / NTSC"
  },
  {
    "id": "zpqjnrgy",
    "player": "zenix",
    "player_location": "es",
    "region": "JPN / NTSC"
  },
  {
    "id": "y67kqp0m",
    "player": "carska",
    "player_location": "fi",
    "region": "JPN / NTSC"
  },
  {
    "id": "yvj9806y",
    "player": "Bitchfert",
    "player_location": "mx",
    "region": "JPN / NTSC"
  },
  {
    "id": "me82180m",
    "player": "NaruSnake",
    "player_location": "fr",
    "region": "JPN / NTSC"
  },
  {
    "id": "y2qjwe5y",
    "player": "Smokethebear",
    "player_location": null,
    "region": "JPN / NTSC"
  },
  {
    "id": "z1jod17z",
    "player": "HopelessJenova",
    "player_location": "gb/eng",
    "region": "JPN / NTSC"
  },
  {
    "id": "mre405gy",
    "player": "Plushy_",
    "player_location": "gb/eng",
    "region": "USA / NTSC"
  },
  {
    "id": "m375dv6z",
    "player": "Sawnek",
    "player_location": "gb",
    "region": "JPN / NTSC"
  },
  {
    "id": "yv31kqez",
    "player": "Rakazik",
    "player_location": "re",
    "region": "JPN / NTSC"
  },
  {
    "id": "zp48lkrz",
    "player": "impasta",
    "player_location": "fr",
    "region": "JPN / NTSC"
  },
  {
    "id": "m317rxgz",
    "player": "LennyHalk",
    "player_location": "br",
    "region": "USA / NTSC"
  },
  {
    "id": "y6l023jy",
    "player": "SurplusMeats",
    "player_location": "us",
    "region": "JPN / NTSC"
  },
  {
    "id": "zp47nxvz",
    "player": "Doitsuchan",
    "player_location": "mx",
    "region": "JPN / NTSC"
  },
  {
    "id": "z5d732nm",
    "player": "LeviTheRelentless",
    "player_location": "us",
    "region": "JPN / NTSC"
  },
  {
    "id": "zqve578m",
    "player": "EddventureTime58",
    "player_location": "gb/sct",
    "region": "JPN / NTSC"
  },
  {
    "id": "mrepk72y",
    "player": "Punchy",
    "player_location": "gb/eng",
    "region": "JPN / NTSC"
  },
  {
    "id": "me484q2y",
    "player": "deserteagle417",
    "player_location": "us",
    "region": "JPN / NTSC"
  },
  {
    "id": "m7g90oem",
    "player": "Paxh",
    "player_location": "cl",
    "region": "JPN / NTSC"
  },
  {
    "id": "yjlkq8nz",
    "player": "Bulkich",
    "player_location": "ru",
    "region": "JPN / NTSC"
  },
  {
    "id": "m35lne4y",
    "player": "razzer_wolf",
    "player_location": "us",
    "region": null
  },
  {
    "id": "ylv70p3m",
    "player": "Alek97",
    "player_location": "br",
    "region": "JPN / NTSC"
  },
  {
    "id": "zgwjn2vy",
    "player": "vergil20gaming",
    "player_location": "gb/nir",
    "region": "JPN / NTSC"
  },
  {
    "id": "z5d3vpnm",
    "player": "Raclesis",
    "player_location": "us",
    "region": "JPN / NTSC"
  },
  {
    "id": "y8rqq6xm",
    "player": "RaceKing1900",
    "player_location": "tw",
    "region": "JPN / NTSC"
  },
  {
    "id": "y6rqp76y",
    "player": "thxlive",
    "player_location": "br",
    "region": "JPN / NTSC"
  },
  {
    "id": "m3x00jdm",
    "player": "JIEIJIEI",
    "player_location": "jp",
    "region": "JPN / NTSC"
  },
  {
    "id": "y66rlo0y",
    "player": "Swordfish4649",
    "player_location": "jp",
    "region": "JPN / NTSC"
  },
  {
    "id": "y669nkjy",
    "player": "Metsudo_no_Kiba",
    "player_location": "pt",
    "region": "JPN / NTSC"
  },
  {
    "id": "z50v88ny",
    "player": "silentkaster",
    "player_location": "us",
    "region": "USA / NTSC"
  },
  {
    "id": "yv1g3xoy",
    "player": "NaifuFlowers",
    "player_location": "cl",
    "region": "JPN / NTSC"
  },
  {
    "id": "mke40q5m",
    "player": "wuslamclan",
    "player_location": "gb",
    "region": "JPN / NTSC"
  },
  {
    "id": "m77gop4m",
    "player": "Simmonshire",
    "player_location": "us",
    "region": "USA / NTSC"
  },
  {
    "id": "y47ewo3y",
    "player": "LanceLM",
    "player_location": "es/cn",
    "region": "JPN / NTSC"
  },
  {
    "id": "yvo9518z",
    "player": "JSR_",
    "player_location": "us",
    "region": "JPN / NTSC"
  },
  {
    "id": "yo6lx50y",
    "player": "Noseworthy",
    "player_location": "us",
    "region": "JPN / NTSC"
  },
  {
    "id": "zq0xnx8y",
    "player": "Sjotyme",
    "player_location": "us",
    "region": "USA / NTSC"
  },
  {
    "id": "m7x6184y",
    "player": "demomorg",
    "player_location": "gb/eng",
    "region": "JPN / NTSC"
  }
]