[
  {
    "id": "mejl3x9y",
    "player": "GTNima",
    "player_location": "ca",
    "region": null
  },
  {
    "id": "y2jqn4wz",
    "player": "Grayson1048",
    "player_location": "mx",
    "region": "USA / NTSC"
  },
  {
    "id": "m362v74m",
    "player": "Arkhlon_X",
    "player_location": "br",
    "region": "USA / NTSC"
  },
  {
    "id": "z1pp53gz",
    "player": "MetsuRjKen",
    "player_location": "us",
    "region": "USA / NTSC"
  },
  {
    "id": "m7x4jr5y",
    "player": "TheGodfatherDictator",
    "player_location": "ca/qc",
    "region": null
  }
]