[
  {
    "id": "0y60v06y",
    "player": "LightningLuke81",
    "player_location": "us",
    "region": "USA / NTSC"
  },
  {
    "id": "z03e134z",
    "player": "Athias",
    "player_location": "us",
    "region": "USA / NTSC"
  },
  {
    "id": "znrdj0ly",
    "player": "elveskz",
    "player_location": "br",
    "region": "USA / NTSC"
  },
  {
    "id": "z5x8lrey",
    "player": "respectablefool",
    "player_location": null,
    "region": "USA / NTSC"
  },
  {
    "id": "znqx0x9z",
    "player": "birdman",
    "player_location": null,
    "region": "USA / NTSC"
  }
]