[
  {
    "id": "8yved96m",
    "player": "Highspirits",
    "player_location": "us",
    "region": "USA / NTSC"
  },
  {
    "id": "y67ed21m",
    "player": "Hawkeye1701",
    "player_location": "us",
    "region": "USA / NTSC"
  },
  {
    "id": "mek5p32m",
    "player": "Ranmaru",
    "player_location": "jp",
    "region": "JPN / NTSC"
  },
  {
    "id": "znodek7y",
    "player": "bobdedbuilder",
    "player_location": "us",
    "region": "USA / NTSC"
  },
  {
    "id": "yo3vx75y",
    "player": "atchoum006",
    "player_location": null,
    "region": "EUR / PAL"
  },
  {
    "id": "y93kkjey",
    "player": "TheCowness",
    "player_location": "us",
    "region": "USA / NTSC"
  },
  {
    "id": "ylep5rkz",
    "player": "Moulin",
    "player_location": "jp",
    "region": "JPN / NTSC"
  }
]