[
  {
    "id": "oy2091jm",
    "player": "darbian",
    "player_location": "us",
    "region": "USA / NTSC"
  },
  {
    "id": "emk80e1m",
    "player": "AlfredoSalza",
    "player_location": "cl",
    "region": "JPN / NTSC"
  },
  {
    "id": "m7qlg3ez",
    "player": "RedRose",
    "player_location": "fr",
    "region": "USA / NTSC"
  },
  {
    "id": "9yo7kxjm",
    "player": "authorblues",
    "player_location": "us",
    "region": "USA / NTSC"
  },
  {
    "id": "wzp18knz",
    "player": "indiepctv",
    "player_location": "us",
    "region": "USA / NTSC"
  },
  {
    "id": "yd14rqjy",
    "player": "LeHulk",
    "player_location": "fr",
    "region": "USA / NTSC"
  },
  {
    "id": "jy9x1jvy",
    "player": "Tooshi",
    "player_location": "us",
    "region": "USA / NTSC"
  },
  {
    "id": "0znqjjvz",
    "player": "thedarkraziel",
    "player_location": "fr",
    "region": "USA / NTSC"
  },
  {
    "id": "pydlrpvz",
    "player": "crazeyawesome",
    "player_location": "us",
    "region": "USA / NTSC"
  },
  {
    "id": "zgn9o3dy",
    "player": "mrcab55",
    "player_location": "us",
    "region": "USA / NTSC"
  },
  {
    "id": "yl99eoky",
    "player": "Aldriel",
    "player_location": "fi",
    "region": "USA / NTSC"
  },
  {
    "id": "zxvk618y",
    "player": "ShadowPanda",
    "player_location": "se",
    "region": "USA / NTSC"
  },
  {
    "id": "z0ewj68m",
    "player": "GameJesters",
    "player_location": "us",
    "region": "USA / NTSC"
  },
  {
    "id": "yo42050m",
    "player": "ossiran",
    "player_location": "us",
    "region": "USA / NTSC"
  },
  {
    "id": "z0l46vez",
    "player": "Reabs",
    "player_location": "us",
    "region": "USA / NTSC"
  },
  {
    "id": "z5o38qjy",
    "player": "Yen24",
    "player_location": "ca",
    "region": "USA / NTSC"
  },
  {
    "id": "yo438v5m",
    "player": "Volwrath",
    "player_location": "ca",
    "region": "USA / NTSC"
  },
  {
    "id": "yo4prl1m",
    "player": "EatingCtrlV",
    "player_location": "ca",
    "region": "USA / NTSC"
  },
  {
    "id": "zxvxxv5y",
    "player": "bdf1337",
    "player_location": "us",
    "region": "USA / NTSC"
  },
  {
    "id": "z0ej3dem",
    "player": "Meduka",
    "player_location": "br",
    "region": "USA / NTSC"
  },
  {
    "id": "yvglon4y",
    "player": "fezzyfezz",
    "player_location": "us",
    "region": "USA / NTSC"
  },
  {
    "id": "zgn6qeny",
    "player": "AustinBlalock",
    "player_location": "us",
    "region": "USA / NTSC"
  },
  {
    "id": "zpq59nvy",
    "player": "Claireic",
    "player_location": "us",
    "region": "USA / NTSC"
  },
  {
    "id": "y674991m",
    "player": "FlannelKat",
    "player_location": "us",
    "region": "USA / NTSC"
  },
  {
    "id": "zxvrn05y",
    "player": "infinitemystery",
    "player_location": null,
    "region": "USA / NTSC"
  },
  {
    "id": "zx490jqy",
    "player": "Mickey_Mage",
    "player_location": null,
    "region": "USA / NTSC"
  },
  {
    "id": "yl4k66rm",
    "player": "ZebraUnicorn",
    "player_location": "us",
    "region": "USA / NTSC"
  },
  {
    "id": "z0nekw8m",
    "player": "Dogveloper",
    "player_location": "br",
    "region": "USA / NTSC"
  },
  {
    "id": "zn4ll43m",
    "player": "Austinc5904",
    "player_location": null,
    "region": "USA / NTSC"
  },
  {
    "id": "zn4p5w9m",
    "player": "yugge",
    "player_location": "se",
    "region": "USA / NTSC"
  },
  {
    "id": "yvj82e4y",
    "player": "SoraTakarai",
    "player_location": "mx",
    "region": "USA / NTSC"
  },
  {
    "id": "yj4v7ldy",
    "player": "KLM1187",
    "player_location": "us",
    "region": "USA / NTSC"
  },
  {
    "id": "zqr8oexy",
    "player": "SuperBigKMart",
    "player_location": "ca/qc",
    "region": "USA / NTSC"
  },
  {
    "id": "y818pj1z",
    "player": "Maublack",
    "player_location": "pe",
    "region": "USA / NTSC"
  },
  {
    "id": "mr8gv18y",
    "player": "Rayeo",
    "player_location": "us",
    "region": "USA / NTSC"
  },
  {
    "id": "m780wl5z",
    "player": "chris_speedruns",
    "player_location": "at",
    "region": "USA / NTSC"
  },
  {
    "id": "yw401jnz",
    "player": "Viper26231",
    "player_location": "us",
    "region": "USA / NTSC"
  },
  {
    "id": "yw4k9gpz",
    "player": "maharaMosura",
    "player_location": "ar",
    "region": "USA / NTSC"
  },
  {
    "id": "zqr5449y",
    "player": "puke7",
    "player_location": "us",
    "region": "USA / NTSC"
  },
  {
    "id": "y814pvdz",
    "player": "Tristal",
    "player_location": "us",
    "region": "USA / NTSC"
  },
  {
    "id": "y9130gnm",
    "player": "deserteagle417",
    "player_location": "us",
    "region": "JPN / NTSC"
  },
  {
    "id": "z15oxnwy",
    "player": "Aulnecoeur",
    "player_location": "fr",
    "region": "USA / NTSC"
  },
  {
    "id": "m35n5qgy",
    "player": "MagicK",
    "player_location": "ca/qc",
    "region": "USA / NTSC"
  },
  {
    "id": "y82vndwy",
    "player": "skunkoff",
    "player_location": "fr",
    "region": null
  },
  {
    "id": "zqw14rxz",
    "player": "Jolenou",
    "player_location": "fr",
    "region": null
  },
  {
    "id": "m35r7pqy",
    "player": "Stefler",
    "player_location": "fr",
    "region": "USA / NTSC"
  },
  {
    "id": "y4wr8g3m",
    "player": "JyKin",
    "player_location": "fr",
    "region": "USA / NTSC"
  },
  {
    "id": "y6599q0z",
    "player": "Ker_Pouic-Pouic",
    "player_location": "fr",
    "region": null
  },
  {
    "id": "y82e8r5y",
    "player": "Mc166",
    "player_location": "fr",
    "region": "USA / NTSC"
  },
  {
    "id": "m356o8wy",
    "player": "Contos",
    "player_location": "fr",
    "region": "EUR / PAL"
  },
  {
    "id": "znkq419z",
    "player": "Slynxy",
    "player_location": "fr",
    "region": "USA / NTSC"
  },
  {
    "id": "z5jko3dm",
    "player": "Moliman",
    "player_location": "ca/qc",
    "region": "USA / NTSC"
  },
  {
    "id": "z05q9e9m",
    "player": "Oursenplush",
    "player_location": "fr",
    "region": "EUR / PAL"
  },
  {
    "id": "yokx620z",
    "player": "Tylgar",
    "player_location": "fr",
    "region": "USA / NTSC"
  },
  {
    "id": "z5jgkldm",
    "player": "giygasblues",
    "player_location": null,
    "region": "USA / NTSC"
  },
  {
    "id": "y4wp37dm",
    "player": "Lyliya",
    "player_location": "fr",
    "region": null
  },
  {
    "id": "y825x41y",
    "player": "Axodo",
    "player_location": "fr",
    "region": "USA / NTSC"
  },
  {
    "id": "zq4kew1m",
    "player": "VinnySC10",
    "player_location": "us",
    "region": "USA / NTSC"
  },
  {
    "id": "zxgv315y",
    "player": "LD_SPEEDRUNS",
    "player_location": "br",
    "region": "USA / NTSC"
  },
  {
    "id": "mr9pp37m",
    "player": "superlinkgod",
    "player_location": "fr",
    "region": null
  },
  {
    "id": "y9nj99rz",
    "player": "ZordonPrime",
    "player_location": "de",
    "region": "USA / NTSC"
  },
  {
    "id": "y66gre1y",
    "player": "LockedOnRangers",
    "player_location": "us",
    "region": null
  },
  {
    "id": "zx6qlk5z",
    "player": "MrCorrish",
    "player_location": "de",
    "region": null
  },
  {
    "id": "z5rln1ey",
    "player": "Mumu_Didi",
    "player_location": "fr",
    "region": "USA / NTSC"
  },
  {
    "id": "zn010wly",
    "player": "chebyshev",
    "player_location": "jp",
    "region": "JPN / NTSC"
  },
  {
    "id": "z5de7pdm",
    "player": "QuinnNoble",
    "player_location": "us",
    "region": "USA / NTSC"
  },
  {
    "id": "z0pd9poy",
    "player": "JuegAriel",
    "player_location": "es",
    "region": "USA / NTSC"
  },
  {
    "id": "ydevx8qm",
    "player": "Dennsen86",
    "player_location": "de",
    "region": "USA / NTSC"
  },
  {
    "id": "me4r2wqy",
    "player": "RetroTorpedo",
    "player_location": "de",
    "region": "USA / NTSC"
  },
  {
    "id": "mr61dk8m",
    "player": "Der_Goatbuster",
    "player_location": "de",
    "region": "USA / NTSC"
  },
  {
    "id": "z0op9qjz",
    "player": "Stewacidal",
    "player_location": "us",
    "region": "USA / NTSC"
  },
  {
    "id": "zgq4r7ey",
    "player": "SecondPlace92",
    "player_location": "us",
    "region": "USA / NTSC"
  },
  {
    "id": "me369o8z",
    "player": "DougRedfield87",
    "player_location": "us",
    "region": "USA / NTSC"
  },
  {
    "id": "m33gvgdm",
    "player": "reg03MiRA",
    "player_location": "jp",
    "region": "JPN / NTSC"
  },
  {
    "id": "mkd3gvvy",
    "player": "FabledGames",
    "player_location": "us",
    "region": null
  },
  {
    "id": "yw6g29nm",
    "player": "sYn",
    "player_location": "us",
    "region": "USA / NTSC"
  },
  {
    "id": "zpdj90gz",
    "player": "crystalfos",
    "player_location": "us",
    "region": "USA / NTSC"
  },
  {
    "id": "zxnk59qm",
    "player": "Hen",
    "player_location": "de",
    "region": "USA / NTSC"
  },
  {
    "id": "ylno37nz",
    "player": "Andim",
    "player_location": "de",
    "region": "USA / NTSC"
  }
]