[
  {
    "id": "z05745om",
    "player": "DeZero",
    "player_location": "fr",
    "region": "EUR / PAL"
  },
  {
    "id": "7yl1nrmp",
    "player": "neskamikaze",
    "player_location": null,
    "region": "USA / NTSC"
  },
  {
    "id": "y8qndgdy",
    "player": "Halodude",
    "player_location": "us",
    "region": "USA / NTSC"
  },
  {
    "id": "z03gjp8z",
    "player": "Kobral",
    "player_location": "de",
    "region": "JPN / NTSC"
  },
  {
    "id": "6yj8d3md",
    "player": "jelloknifee",
    "player_location": "us",
    "region": "USA / NTSC"
  },
  {
    "id": "9mee19m7",
    "player": "Nilgus",
    "player_location": null,
    "region": "USA / NTSC"
  },
  {
    "id": "8yv3ll6z",
    "player": "heikin_fan_club",
    "player_location": "jp",
    "region": "JPN / NTSC"
  },
  {
    "id": "wzpgd8zq",
    "player": "HentaiMaster",
    "player_location": "us",
    "region": "EUR / PAL"
  },
  {
    "id": "pydg1wyn",
    "player": "DeepBlueKay",
    "player_location": null,
    "region": null
  },
  {
    "id": "jy96xvy4",
    "player": "SpookySpeedster",
    "player_location": null,
    "region": "JPN / NTSC"
  },
  {
    "id": "nz1qggye",
    "player": "Seven4835",
    "player_location": null,
    "region": "USA / NTSC"
  },
  {
    "id": "emkvdvy6",
    "player": "kero",
    "player_location": "ch",
    "region": "USA / NTSC"
  },
  {
    "id": "8m72x0z0",
    "player": "LevelZeroToInfinity",
    "player_location": null,
    "region": "USA / NTSC"
  },
  {
    "id": "1zxn8qmx",
    "player": "Dworim",
    "player_location": "fi",
    "region": "USA / NTSC"
  },
  {
    "id": "kz5exgzr",
    "player": "Rider43",
    "player_location": null,
    "region": "USA / NTSC"
  },
  {
    "id": "pm3lxwm0",
    "player": "Danblast86",
    "player_location": null,
    "region": "USA / NTSC"
  },
  {
    "id": "dy4gxnyl",
    "player": "Neoshine",
    "player_location": null,
    "region": "USA / NTSC"
  },
  {
    "id": "9mexdp3z",
    "player": "TuxedoMob",
    "player_location": "us",
    "region": "USA / NTSC"
  },
  {
    "id": "oy2jj9zd",
    "player": "Lyrae",
    "player_location": "fr",
    "region": "USA / NTSC"
  },
  {
    "id": "9mr7x92z",
    "player": "Dr4gonBlitz",
    "player_location": "us",
    "region": "USA / NTSC"
  },
  {
    "id": "8y80pdm1",
    "player": "Duuurn",
    "player_location": null,
    "region": "USA / NTSC"
  },
  {
    "id": "8yvgoq6y",
    "player": "TruthUnarmed",
    "player_location": "ca",
    "region": "USA / NTSC"
  },
  {
    "id": "emk0jlz6",
    "player": "SapphireYoshi",
    "player_location": "us",
    "region": "USA / NTSC"
  },
  {
    "id": "7ylx4xyp",
    "player": "Darko",
    "player_location": null,
    "region": "USA / NTSC"
  },
  {
    "id": "pm3d5pqz",
    "player": "JM",
    "player_location": "ca",
    "region": "USA / NTSC"
  },
  {
    "id": "0zn4gwvm",
    "player": "metrokenshin",
    "player_location": "us",
    "region": "USA / NTSC"
  },
  {
    "id": "1zq3508y",
    "player": "Henkbob",
    "player_location": "nl",
    "region": "USA / NTSC"
  },
  {
    "id": "pyd90gqz",
    "player": "Broedgeman",
    "player_location": "de",
    "region": "JPN / NTSC"
  },
  {
    "id": "8yvekq8m",
    "player": "Theguesst",
    "player_location": "us",
    "region": "USA / NTSC"
  },
  {
    "id": "8y81w1wz",
    "player": "Anton",
    "player_location": "fr",
    "region": "USA / NTSC"
  },
  {
    "id": "0y6lvvpy",
    "player": "SuprRooster",
    "player_location": "pr",
    "region": "USA / NTSC"
  },
  {
    "id": "8y81ww1z",
    "player": "Carlitonator",
    "player_location": null,
    "region": "EUR / PAL"
  },
  {
    "id": "9yokq41z",
    "player": "Dalton",
    "player_location": "us",
    "region": "USA / NTSC"
  },
  {
    "id": "wzprl8xm",
    "player": "imbatman94",
    "player_location": "ca",
    "region": "USA / NTSC"
  },
  {
    "id": "1zx2j2gm",
    "player": "BlueishOdin0304",
    "player_location": "ca/qc",
    "region": "USA / NTSC"
  },
  {
    "id": "7yl1543m",
    "player": "thelvl99charmander",
    "player_location": "us",
    "region": "USA / NTSC"
  },
  {
    "id": "y8dl3ldz",
    "player": "Mr_Shasta",
    "player_location": "us",
    "region": "USA / NTSC"
  },
  {
    "id": "7z0n6d4m",
    "player": "Allegro",
    "player_location": "us",
    "region": "JPN / NTSC"
  },
  {
    "id": "jy91d9vm",
    "player": "froZen50464",
    "player_location": "ca/qc",
    "region": "USA / NTSC"
  },
  {
    "id": "pzgxxe0m",
    "player": "evanw4",
    "player_location": "us",
    "region": "USA / NTSC"
  },
  {
    "id": "7ylo9wry",
    "player": "Pappy",
    "player_location": "ca/qc",
    "region": "USA / NTSC"
  },
  {
    "id": "jy9kprnz",
    "player": "MrKvikur",
    "player_location": "de",
    "region": null
  },
  {
    "id": "8yv2o88m",
    "player": "CowlScatman",
    "player_location": "us",
    "region": "USA / NTSC"
  },
  {
    "id": "yvgo8exy",
    "player": "Hypelastika",
    "player_location": "ba",
    "region": null
  },
  {
    "id": "7z06n4jz",
    "player": "Manikku",
    "player_location": "us",
    "region": "USA / NTSC"
  },
  {
    "id": "kz50nojy",
    "player": "Rubixmagic",
    "player_location": "us",
    "region": "USA / NTSC"
  },
  {
    "id": "y23on86m",
    "player": "Kinnin11",
    "player_location": "nl",
    "region": "EUR / PAL"
  },
  {
    "id": "9yo70pdm",
    "player": "bbqsauz",
    "player_location": "us",
    "region": "EUR / PAL"
  },
  {
    "id": "2ywq2v0y",
    "player": "eddiesaurus87",
    "player_location": "us",
    "region": "USA / NTSC"
  },
  {
    "id": "2ywkg63y",
    "player": "Beefster09",
    "player_location": "us",
    "region": "EUR / PAL"
  },
  {
    "id": "0y62180z",
    "player": "Woutt64",
    "player_location": "be",
    "region": "USA / NTSC"
  },
  {
    "id": "pyde7kxm",
    "player": "eferrer686",
    "player_location": "mx",
    "region": "USA / NTSC"
  },
  {
    "id": "7z0gvo9y",
    "player": "ebloodycandy",
    "player_location": "us",
    "region": "USA / NTSC"
  },
  {
    "id": "mek04x2m",
    "player": "Zelgan",
    "player_location": "us",
    "region": "USA / NTSC"
  },
  {
    "id": "jy9v2pkm",
    "player": "iycewynd",
    "player_location": "us",
    "region": "USA / NTSC"
  },
  {
    "id": "dy4q2lkm",
    "player": "Beld_X",
    "player_location": "es",
    "region": "USA / NTSC"
  },
  {
    "id": "pzgqdkey",
    "player": "A2Rhombus",
    "player_location": "us",
    "region": "USA / NTSC"
  },
  {
    "id": "8y807x1m",
    "player": "cresbalm",
    "player_location": "us",
    "region": "USA / NTSC"
  },
  {
    "id": "y676vv6m",
    "player": "Famarok",
    "player_location": "se",
    "region": "EUR / PAL"
  },
  {
    "id": "kz5pdo5m",
    "player": "Keverage",
    "player_location": "us",
    "region": "USA / NTSC"
  },
  {
    "id": "8y8plv1z",
    "player": "Cypress",
    "player_location": "us",
    "region": "USA / NTSC"
  },
  {
    "id": "9mrv6k8z",
    "player": "Ouro",
    "player_location": "us",
    "region": "JPN / NTSC"
  },
  {
    "id": "9mrdp82z",
    "player": "Mayazumi",
    "player_location": "cl",
    "region": "JPN / NTSC"
  },
  {
    "id": "9yo0k80y",
    "player": "Kaffemugg2",
    "player_location": null,
    "region": "EUR / PAL"
  },
  {
    "id": "pydne7vm",
    "player": "revenues",
    "player_location": "se",
    "region": "USA / NTSC"
  },
  {
    "id": "0znedq3z",
    "player": "BaronHaynes",
    "player_location": null,
    "region": "USA / NTSC"
  },
  {
    "id": "pydx1kxz",
    "player": "crazeyawesome",
    "player_location": "us",
    "region": "USA / NTSC"
  },
  {
    "id": "7z0dwpey",
    "player": "tzoonami",
    "player_location": "us",
    "region": "USA / NTSC"
  },
  {
    "id": "wzp60d8m",
    "player": "nasio13",
    "player_location": "es",
    "region": "EUR / PAL"
  },
  {
    "id": "wzp69prm",
    "player": "Hayden",
    "player_location": "fr",
    "region": "EUR / PAL"
  },
  {
    "id": "0y683dpz",
    "player": "nilasmondaise",
    "player_location": "fr",
    "region": "USA / NTSC"
  },
  {
    "id": "7z0dj39y",
    "player": "joel2451",
    "player_location": "ca/qc",
    "region": "EUR / PAL"
  },
  {
    "id": "0y61wj1m",
    "player": "localmocal",
    "player_location": "us",
    "region": "USA / NTSC"
  },
  {
    "id": "z13769jm",
    "player": "Scrub_Busta",
    "player_location": "us",
    "region": "JPN / NTSC"
  },
  {
    "id": "yvg4x56y",
    "player": "EliRossOfficial",
    "player_location": "us",
    "region": "USA / NTSC"
  },
  {
    "id": "0y6k6q6z",
    "player": "squeezypop",
    "player_location": "us",
    "region": "USA / NTSC"
  },
  {
    "id": "nz1vq7gz",
    "player": "Ventus",
    "player_location": "us",
    "region": "USA / NTSC"
  },
  {
    "id": "9mr02d2m",
    "player": "BoatsandJoes",
    "player_location": "us",
    "region": "USA / NTSC"
  },
  {
    "id": "mrej3kdy",
    "player": "chooch23",
    "player_location": "us",
    "region": "USA / NTSC"
  },
  {
    "id": "6yjqdpnm",
    "player": "Kaons",
    "player_location": "us",
    "region": "USA / NTSC"
  },
  {
    "id": "yl0l5xxy",
    "player": "GarbitheGlitcheress",
    "player_location": "us",
    "region": "USA / NTSC"
  },
  {
    "id": "9yo8jw1z",
    "player": "Hawkeye",
    "player_location": null,
    "region": "EUR / PAL"
  },
  {
    "id": "1zqn2j9z",
    "player": "DanTheEnigma",
    "player_location": "us",
    "region": "USA / NTSC"
  },
  {
    "id": "dy4vd5ny",
    "player": "Frenchyy",
    "player_location": "us",
    "region": "USA / NTSC"
  },
  {
    "id": "oy2onl9m",
    "player": "AceOfArrows",
    "player_location": "us",
    "region": "USA / NTSC"
  },
  {
    "id": "dy4doxky",
    "player": "Sten",
    "player_location": "au",
    "region": "USA / NTSC"
  },
  {
    "id": "mk233w3m",
    "player": "FasterSuperSonic",
    "player_location": "us",
    "region": "USA / NTSC"
  },
  {
    "id": "yvgjw74y",
    "player": "Kyzirado",
    "player_location": null,
    "region": "USA / NTSC"
  },
  {
    "id": "9me5dg8m",
    "player": "SRKaral",
    "player_location": null,
    "region": "EUR / PAL"
  },
  {
    "id": "pyd733wy",
    "player": "Duckstroyer",
    "player_location": "us",
    "region": "USA / NTSC"
  },
  {
    "id": "kz5qj0gz",
    "player": "mrcab55",
    "player_location": "us",
    "region": "USA / NTSC"
  },
  {
    "id": "m3o984wm",
    "player": "thomasyim99",
    "player_location": "hk",
    "region": null
  },
  {
    "id": "zxvn8p8y",
    "player": "Tron_Javolta",
    "player_location": "vh",
    "region": "USA / NTSC"
  },
  {
    "id": "2ywl9n2m",
    "player": "Cursetyl",
    "player_location": "us",
    "region": "EUR / PAL"
  },
  {
    "id": "8yvwowxm",
    "player": "AQ_Noops",
    "player_location": "us",
    "region": "USA / NTSC"
  },
  {
    "id": "2ywl3lnm",
    "player": "Peribat",
    "player_location": null,
    "region": "EUR / PAL"
  },
  {
    "id": "emkjd33y",
    "player": "Fretzi",
    "player_location": null,
    "region": "JPN / NTSC"
  },
  {
    "id": "m3d97nwz",
    "player": "kirbyfan5009",
    "player_location": "us",
    "region": "USA / NTSC"
  },
  {
    "id": "ydqqrwjm",
    "player": "KrustyKong",
    "player_location": "us",
    "region": "USA / NTSC"
  },
  {
    "id": "y977d12m",
    "player": "Klausowitsch",
    "player_location": "at",
    "region": "USA / NTSC"
  },
  {
    "id": "z0e5qo4m",
    "player": "TheWarlordShogun",
    "player_location": "us",
    "region": "USA / NTSC"
  },
  {
    "id": "zq64k88y",
    "player": "Aceron12",
    "player_location": "de",
    "region": "EUR / PAL"
  },
  {
    "id": "z5o383ey",
    "player": "east",
    "player_location": "us",
    "region": "USA / NTSC"
  },
  {
    "id": "yd1ooewy",
    "player": "Darksol88",
    "player_location": "us",
    "region": "USA / NTSC"
  },
  {
    "id": "zxvgq75y",
    "player": "1-up",
    "player_location": "us",
    "region": "USA / NTSC"
  },
  {
    "id": "yvjkvqxy",
    "player": "MKCocoon",
    "player_location": "ca",
    "region": "USA / NTSC"
  },
  {
    "id": "y973v9em",
    "player": "MarioMan",
    "player_location": "us",
    "region": "USA / NTSC"
  },
  {
    "id": "mk45195y",
    "player": "Vipr",
    "player_location": "us",
    "region": "USA / NTSC"
  },
  {
    "id": "zn80lx3z",
    "player": "Suzuri",
    "player_location": "jp",
    "region": "JPN / NTSC"
  },
  {
    "id": "m79ww10y",
    "player": "Epicpokefan13",
    "player_location": "us",
    "region": "USA / NTSC"
  },
  {
    "id": "yl97oe2y",
    "player": "capitalist17",
    "player_location": "us",
    "region": "USA / NTSC"
  },
  {
    "id": "y413qn3y",
    "player": "MaugzSR",
    "player_location": "us",
    "region": "USA / NTSC"
  },
  {
    "id": "z137x69m",
    "player": "Pottsachu",
    "player_location": "us",
    "region": "USA / NTSC"
  },
  {
    "id": "z5o86p5y",
    "player": "Abyss",
    "player_location": "us",
    "region": "USA / NTSC"
  },
  {
    "id": "y8qpdw5y",
    "player": "Macimo30",
    "player_location": "ca",
    "region": "USA / NTSC"
  },
  {
    "id": "m79j1g0y",
    "player": "PsyNTest",
    "player_location": null,
    "region": "USA / NTSC"
  },
  {
    "id": "ydqoo6jm",
    "player": "kenyy1994",
    "player_location": "tw",
    "region": "USA / NTSC"
  },
  {
    "id": "yo456d7m",
    "player": "heltinsurance",
    "player_location": "us",
    "region": "USA / NTSC"
  },
  {
    "id": "y213qj7z",
    "player": "Sharky2107",
    "player_location": "us",
    "region": "USA / NTSC"
  },
  {
    "id": "mekpj09m",
    "player": "[cn]\u963f\u71d0\u9171",
    "player_location": null,
    "region": "USA / NTSC"
  },
  {
    "id": "y8q4ve5y",
    "player": "TheRainmakers",
    "player_location": "us",
    "region": "USA / NTSC"
  },
  {
    "id": "z0eg039m",
    "player": "DarkShadows59",
    "player_location": "us",
    "region": "USA / NTSC"
  },
  {
    "id": "y43dq8kz",
    "player": "TheGreatToddman",
    "player_location": "us",
    "region": "USA / NTSC"
  },
  {
    "id": "y45do7qm",
    "player": "speedman",
    "player_location": "us",
    "region": "USA / NTSC"
  },
  {
    "id": "z13errgm",
    "player": "lozplyr89",
    "player_location": "us",
    "region": "USA / NTSC"
  },
  {
    "id": "mk33p4lz",
    "player": "Rox",
    "player_location": "us",
    "region": "USA / NTSC"
  },
  {
    "id": "m794pj5y",
    "player": "wooperpls",
    "player_location": "us",
    "region": "USA / NTSC"
  },
  {
    "id": "zxvr39ey",
    "player": "J0hn",
    "player_location": "us",
    "region": "USA / NTSC"
  },
  {
    "id": "y4w8w3dm",
    "player": "Moxieclaws",
    "player_location": "us",
    "region": "USA / NTSC"
  },
  {
    "id": "zpqj1ggy",
    "player": "FuzzyGames",
    "player_location": "us",
    "region": "USA / NTSC"
  },
  {
    "id": "y81qr6dz",
    "player": "Realer",
    "player_location": "us",
    "region": "USA / NTSC"
  },
  {
    "id": "y81qrv5z",
    "player": "bluebomber285",
    "player_location": "us",
    "region": "USA / NTSC"
  },
  {
    "id": "y97r8dvm",
    "player": "Sir_VG",
    "player_location": "us",
    "region": "USA / NTSC"
  },
  {
    "id": "zn8dk8lz",
    "player": "mapler90210",
    "player_location": "us",
    "region": "USA / NTSC"
  },
  {
    "id": "y43395dz",
    "player": "strobo",
    "player_location": "jp",
    "region": "JPN / NTSC"
  },
  {
    "id": "yd08gd0z",
    "player": "MusiQuil",
    "player_location": "us",
    "region": "USA / NTSC"
  },
  {
    "id": "y9226qrz",
    "player": "Lilnysavage",
    "player_location": "cl",
    "region": "USA / NTSC"
  },
  {
    "id": "y892prnm",
    "player": "Peanutfan22",
    "player_location": "us",
    "region": "USA / NTSC"
  },
  {
    "id": "zx4keq8y",
    "player": "STARWHAL",
    "player_location": null,
    "region": "USA / NTSC"
  },
  {
    "id": "z056j18m",
    "player": "TheTerrificTracy",
    "player_location": "us",
    "region": "USA / NTSC"
  },
  {
    "id": "y2p1x5jz",
    "player": "AidanMse",
    "player_location": "ca",
    "region": "JPN / NTSC"
  },
  {
    "id": "z0362p8z",
    "player": "Lego1upmushroom",
    "player_location": "us",
    "region": "USA / NTSC"
  },
  {
    "id": "y89ewgxm",
    "player": "Cosmichero",
    "player_location": "us",
    "region": "USA / NTSC"
  },
  {
    "id": "zx4oqrky",
    "player": "NotKain",
    "player_location": "us",
    "region": "USA / NTSC"
  },
  {
    "id": "zn404elm",
    "player": "Kirasd",
    "player_location": "cl",
    "region": "USA / NTSC"
  },
  {
    "id": "yd31l30z",
    "player": "JustFruitSalad",
    "player_location": "us",
    "region": "USA / NTSC"
  },
  {
    "id": "yj49v5gy",
    "player": "Benja",
    "player_location": "cl",
    "region": "USA / NTSC"
  },
  {
    "id": "yw8r3g2y",
    "player": "prohybrid",
    "player_location": "ca",
    "region": "USA / NTSC"
  },
  {
    "id": "zn31jd9y",
    "player": "7C",
    "player_location": "jp",
    "region": "JPN / NTSC"
  },
  {
    "id": "zp07qpvm",
    "player": "Tri4ced",
    "player_location": "us",
    "region": "USA / NTSC"
  },
  {
    "id": "m7qpv89z",
    "player": "FunkyCat229",
    "player_location": "us",
    "region": "USA / NTSC"
  },
  {
    "id": "yd68wkxz",
    "player": "mmohasa",
    "player_location": "gl",
    "region": "EUR / PAL"
  },
  {
    "id": "y6p42e1m",
    "player": "NerdyNester",
    "player_location": "us",
    "region": "USA / NTSC"
  },
  {
    "id": "zp4nlgxz",
    "player": "NachoBrado",
    "player_location": "us",
    "region": "USA / NTSC"
  },
  {
    "id": "zq3lg39y",
    "player": "thiivdan",
    "player_location": "us",
    "region": "USA / NTSC"
  },
  {
    "id": "y21g5k6z",
    "player": "LaurieDBunnykins",
    "player_location": "us",
    "region": "USA / NTSC"
  },
  {
    "id": "mr83ndgy",
    "player": "KinzoHoriki",
    "player_location": "us",
    "region": "USA / NTSC"
  },
  {
    "id": "z1jd8jrz",
    "player": "Dragolina",
    "player_location": null,
    "region": "EUR / PAL"
  },
  {
    "id": "y957g2ez",
    "player": "GZ",
    "player_location": null,
    "region": "JPN / NTSC"
  },
  {
    "id": "yl04j63y",
    "player": "Yu-ki",
    "player_location": "jp",
    "region": "JPN / NTSC"
  },
  {
    "id": "yd6n67vz",
    "player": "Gobkat",
    "player_location": "fr",
    "region": "EUR / PAL"
  },
  {
    "id": "z01dd48y",
    "player": "DunkelGotik",
    "player_location": "br",
    "region": "USA / NTSC"
  },
  {
    "id": "m31woxwz",
    "player": "pyrist",
    "player_location": "de",
    "region": null
  },
  {
    "id": "mr4p477z",
    "player": "Zela_",
    "player_location": "us",
    "region": "JPN / NTSC"
  },
  {
    "id": "z07w75jy",
    "player": "Wakaza",
    "player_location": "jp",
    "region": "JPN / NTSC"
  },
  {
    "id": "y41dwqdy",
    "player": "Zappiestlemon9",
    "player_location": "us",
    "region": "USA / NTSC"
  },
  {
    "id": "mexq7vqz",
    "player": "Reabs",
    "player_location": "us",
    "region": "USA / NTSC"
  },
  {
    "id": "yw884q3y",
    "player": "pletty",
    "player_location": "jp",
    "region": "JPN / NTSC"
  },
  {
    "id": "z01v58oy",
    "player": "Bluegh",
    "player_location": "us",
    "region": "USA / NTSC"
  },
  {
    "id": "z01v5koy",
    "player": "Pokepowerz",
    "player_location": "us",
    "region": "USA / NTSC"
  },
  {
    "id": "yd6keljz",
    "player": "hgfin",
    "player_location": "us",
    "region": "USA / NTSC"
  },
  {
    "id": "zxddxpey",
    "player": "Rioyner",
    "player_location": "us",
    "region": "JPN / NTSC"
  },
  {
    "id": "z5jvjj5m",
    "player": "ZahwanA25",
    "player_location": "bn",
    "region": "USA / NTSC"
  },
  {
    "id": "y82rgjny",
    "player": "Demolition14",
    "player_location": "gb/eng",
    "region": "JPN / NTSC"
  },
  {
    "id": "m35oqkwy",
    "player": "Rickgame",
    "player_location": null,
    "region": "JPN / NTSC"
  },
  {
    "id": "z151637y",
    "player": "GoodPiggy",
    "player_location": "ca",
    "region": "USA / NTSC"
  },
  {
    "id": "y82181ny",
    "player": "LeggoEgo",
    "player_location": "us",
    "region": "USA / NTSC"
  },
  {
    "id": "zx2p7eem",
    "player": "Grample",
    "player_location": "us",
    "region": "USA / NTSC"
  },
  {
    "id": "znk0133z",
    "player": "SumoChess",
    "player_location": "jp",
    "region": "JPN / NTSC"
  },
  {
    "id": "y255w7wy",
    "player": "Rubicks",
    "player_location": "fr",
    "region": "EUR / PAL"
  },
  {
    "id": "y4wj132m",
    "player": "migi-hidari",
    "player_location": "jp",
    "region": "JPN / NTSC"
  },
  {
    "id": "zqw9609z",
    "player": "meowtactic",
    "player_location": "us",
    "region": "USA / NTSC"
  },
  {
    "id": "z1568v9y",
    "player": "Tulipa",
    "player_location": "br",
    "region": "JPN / NTSC"
  },
  {
    "id": "m3333pgm",
    "player": "FarmingSim",
    "player_location": "us",
    "region": "USA / NTSC"
  },
  {
    "id": "znj4wgvm",
    "player": "Makura_kirby",
    "player_location": "jp",
    "region": "JPN / NTSC"
  },
  {
    "id": "y2j13qwz",
    "player": "Glass",
    "player_location": "us",
    "region": "USA / NTSC"
  },
  {
    "id": "yd09n5qz",
    "player": "stfff",
    "player_location": "us",
    "region": "USA / NTSC"
  },
  {
    "id": "y916jvkm",
    "player": "SilentHero",
    "player_location": "us",
    "region": "USA / NTSC"
  },
  {
    "id": "yo3dv91y",
    "player": "GnomeD",
    "player_location": "fr",
    "region": "EUR / PAL"
  },
  {
    "id": "y8rkrp5m",
    "player": "Lairar",
    "player_location": "de",
    "region": "JPN / NTSC"
  },
  {
    "id": "y8rg13xm",
    "player": "fbMarcel",
    "player_location": "de",
    "region": "EUR / PAL"
  },
  {
    "id": "zx6k4pgz",
    "player": "TG",
    "player_location": "ca",
    "region": "USA / NTSC"
  },
  {
    "id": "ywq035ny",
    "player": "lostinspeedruns",
    "player_location": "it",
    "region": "USA / NTSC"
  },
  {
    "id": "znokp57y",
    "player": "kennoli",
    "player_location": "us",
    "region": "USA / NTSC"
  },
  {
    "id": "yo924x5y",
    "player": "A.Stizzle",
    "player_location": "ca",
    "region": "USA / NTSC"
  },
  {
    "id": "znpweq9m",
    "player": "miririi6",
    "player_location": "jp",
    "region": "JPN / NTSC"
  },
  {
    "id": "yde026xm",
    "player": "NachoTheAdventurer",
    "player_location": "ar",
    "region": "USA / NTSC"
  },
  {
    "id": "zno30j3y",
    "player": "Johnnybiz",
    "player_location": "us",
    "region": "USA / NTSC"
  },
  {
    "id": "m7885n9z",
    "player": "Future34",
    "player_location": "gb/eng",
    "region": "USA / NTSC"
  },
  {
    "id": "yv2rggom",
    "player": "Ocarinist_Drew",
    "player_location": "us",
    "region": "USA / NTSC"
  },
  {
    "id": "zgxeq3vm",
    "player": "JoshTGR",
    "player_location": "us",
    "region": "USA / NTSC"
  },
  {
    "id": "y66wjv0y",
    "player": "Usyuuu",
    "player_location": "jp",
    "region": "JPN / NTSC"
  },
  {
    "id": "y66k1e0y",
    "player": "ConorT5",
    "player_location": "us",
    "region": "USA / NTSC"
  },
  {
    "id": "y6d8660m",
    "player": "op_T1c",
    "player_location": "ph",
    "region": "USA / NTSC"
  },
  {
    "id": "ydw8k30m",
    "player": "OmniMitch",
    "player_location": "us",
    "region": "JPN / NTSC"
  },
  {
    "id": "me4ljv9y",
    "player": "witchgear",
    "player_location": "us",
    "region": "USA / NTSC"
  },
  {
    "id": "me4w6p9y",
    "player": "ZordonPrime",
    "player_location": "de",
    "region": "JPN / NTSC"
  },
  {
    "id": "y4895v2m",
    "player": "JoeKing647",
    "player_location": "us",
    "region": "USA / NTSC"
  },
  {
    "id": "yvqrl1em",
    "player": "Ugyugyu2",
    "player_location": "us",
    "region": "USA / NTSC"
  },
  {
    "id": "y9xq7ory",
    "player": "Tomonari_pos",
    "player_location": "jp",
    "region": "JPN / NTSC"
  },
  {
    "id": "zp9q498m",
    "player": "Dwindling",
    "player_location": "us",
    "region": "USA / NTSC"
  },
  {
    "id": "y9v9ewvm",
    "player": "LudicrousSpeed",
    "player_location": null,
    "region": "USA / NTSC"
  },
  {
    "id": "m767x8wy",
    "player": "Odyssey397",
    "player_location": null,
    "region": null
  },
  {
    "id": "mr77vddz",
    "player": "Atsuneko",
    "player_location": "us",
    "region": "USA / NTSC"
  },
  {
    "id": "yl7pge3m",
    "player": "SphynxKat",
    "player_location": "us",
    "region": "USA / NTSC"
  },
  {
    "id": "yl1x8e3m",
    "player": "Pyrowulf13",
    "player_location": "us",
    "region": null
  },
  {
    "id": "y80q7v5m",
    "player": "GlitchAston",
    "player_location": "us",
    "region": "USA / NTSC"
  },
  {
    "id": "yw6odr9m",
    "player": "snrZora",
    "player_location": "fi",
    "region": null
  },
  {
    "id": "ydg8dl0y",
    "player": "BiscuitALaTriscuit",
    "player_location": "us",
    "region": "USA / NTSC"
  },
  {
    "id": "mkv9p91y",
    "player": "Solidarity5",
    "player_location": null,
    "region": "USA / NTSC"
  }
]