[
  {
    "id": "6yjkvngm",
    "player": "bertin",
    "player_location": null,
    "region": "USA / NTSC"
  },
  {
    "id": "z11vv0rz",
    "player": "werster",
    "player_location": "au",
    "region": "JPN / NTSC"
  },
  {
    "id": "pm3jxjwz",
    "player": "Punchy",
    "player_location": "gb/eng",
    "region": "JPN / NTSC"
  },
  {
    "id": "zq628kxy",
    "player": "MetalVolt",
    "player_location": "us",
    "region": "USA / NTSC"
  },
  {
    "id": "pzg17qez",
    "player": "Kap",
    "player_location": "us",
    "region": "USA / NTSC"
  },
  {
    "id": "y8q9np5y",
    "player": "Z-Block",
    "player_location": "us",
    "region": "USA / NTSC"
  },
  {
    "id": "y97r0q2m",
    "player": "Sonikkustar",
    "player_location": "us",
    "region": "USA / NTSC"
  },
  {
    "id": "mk31p65z",
    "player": "HorouIchigo",
    "player_location": "pt",
    "region": "JPN / NTSC"
  },
  {
    "id": "zx2jjqkm",
    "player": "ShiimaRin",
    "player_location": "us",
    "region": "JPN / NTSC"
  },
  {
    "id": "zg7qqgez",
    "player": "Mastakirby",
    "player_location": "us",
    "region": "USA / NTSC"
  },
  {
    "id": "y21v9jjz",
    "player": "JoeyBaby69",
    "player_location": "us",
    "region": "JPN / NTSC"
  },
  {
    "id": "m750e80z",
    "player": "NeoKnuck",
    "player_location": null,
    "region": "JPN / NTSC"
  },
  {
    "id": "zq42vv1m",
    "player": "Megspeedy",
    "player_location": null,
    "region": "USA / NTSC"
  },
  {
    "id": "m78d1j0z",
    "player": "zyzex_remix",
    "player_location": "us",
    "region": "JPN / NTSC"
  },
  {
    "id": "y66o0l1y",
    "player": "wreaver",
    "player_location": "mx",
    "region": "JPN / NTSC"
  },
  {
    "id": "mkgwkely",
    "player": "Toms_-",
    "player_location": "fr",
    "region": "EUR / PAL"
  },
  {
    "id": "zx8n1gkm",
    "player": "Matsuri",
    "player_location": "ca",
    "region": "JPN / NTSC"
  },
  {
    "id": "m36d3ogm",
    "player": "SuperSonic",
    "player_location": "us",
    "region": "JPN / NTSC"
  },
  {
    "id": "z0o4349z",
    "player": "DanielHall",
    "player_location": "gb",
    "region": "JPN / NTSC"
  },
  {
    "id": "zgp20enz",
    "player": "ScottyDX",
    "player_location": "gb",
    "region": "JPN / NTSC"
  },
  {
    "id": "yopq94dm",
    "player": "kkdevk",
    "player_location": "mx",
    "region": "JPN / NTSC"
  },
  {
    "id": "yl72wdnm",
    "player": "spanieldaniel98",
    "player_location": "gb",
    "region": "EUR / PAL"
  },
  {
    "id": "m332e9gm",
    "player": "Ellie_TheCure",
    "player_location": "us",
    "region": "EUR / PAL"
  },
  {
    "id": "z0p2e3oy",
    "player": "Kandii",
    "player_location": "us",
    "region": "USA / NTSC"
  },
  {
    "id": "m3x759qm",
    "player": "MoD1982",
    "player_location": "gb/eng",
    "region": "JPN / NTSC"
  },
  {
    "id": "y6xq790y",
    "player": "3gotistical",
    "player_location": "gb/eng",
    "region": "JPN / NTSC"
  },
  {
    "id": "yodk6o7m",
    "player": "CubbyCat",
    "player_location": "us",
    "region": null
  },
  {
    "id": "yw63653m",
    "player": "n0ne_2_0ne",
    "player_location": "us",
    "region": "JPN / NTSC"
  },
  {
    "id": "y2eg3p7y",
    "player": "Mr_Esketit",
    "player_location": "nz",
    "region": "JPN / NTSC"
  },
  {
    "id": "z0ln948z",
    "player": "eandis",
    "player_location": "ru",
    "region": "JPN / NTSC"
  },
  {
    "id": "y9x6v8ey",
    "player": "Teeejj",
    "player_location": "gb/eng",
    "region": "JPN / NTSC"
  },
  {
    "id": "zpdw13gz",
    "player": "Toogs",
    "player_location": "us",
    "region": "JPN / NTSC"
  }
]