[
  {
    "id": "7z01r9y5",
    "player": "Togain",
    "player_location": "us",
    "region": "USA / NTSC"
  },
  {
    "id": "nz1589ye",
    "player": "Ambasa221",
    "player_location": null,
    "region": "JPN / NTSC"
  },
  {
    "id": "emk3g1z6",
    "player": "Crash41596",
    "player_location": "vn",
    "region": "USA / NTSC"
  },
  {
    "id": "zxkovngm",
    "player": "Ryohta",
    "player_location": "us",
    "region": "JPN / NTSC"
  },
  {
    "id": "pyd5rjmn",
    "player": "Beuchiism",
    "player_location": "es",
    "region": "EUR / PAL"
  },
  {
    "id": "zqw3o6xz",
    "player": "BmanRulesYou21",
    "player_location": "us",
    "region": "JPN / NTSC"
  },
  {
    "id": "pm35n4y0",
    "player": "Unizushi",
    "player_location": "jp",
    "region": "JPN / NTSC"
  },
  {
    "id": "dy4w2dml",
    "player": "JambalayaBob",
    "player_location": null,
    "region": "USA / NTSC"
  },
  {
    "id": "1zqwgxzl",
    "player": "Cham",
    "player_location": null,
    "region": "JPN / NTSC"
  },
  {
    "id": "nz15r9ye",
    "player": "Winder",
    "player_location": null,
    "region": "JPN / NTSC"
  },
  {
    "id": "7z05rem5",
    "player": "KeyKagimura",
    "player_location": "jp",
    "region": "JPN / NTSC"
  },
  {
    "id": "0y65dpz7",
    "player": "Surreal",
    "player_location": "us",
    "region": "USA / NTSC"
  },
  {
    "id": "8y82d1y1",
    "player": "TOTOzigemm",
    "player_location": "us",
    "region": "USA / NTSC"
  },
  {
    "id": "8yv616zo",
    "player": "Ihavenoname248",
    "player_location": "us",
    "region": "USA / NTSC"
  },
  {
    "id": "pzgx2wvm",
    "player": "ahbeef",
    "player_location": "us",
    "region": "JPN / NTSC"
  },
  {
    "id": "2yw8q0y4",
    "player": "Jumpyluff",
    "player_location": "us",
    "region": "USA / NTSC"
  },
  {
    "id": "6yjlggzd",
    "player": "\u5fa1\u8336\u9e92\u9e9f",
    "player_location": null,
    "region": "JPN / NTSC"
  },
  {
    "id": "jy909ky4",
    "player": "PTstriker",
    "player_location": null,
    "region": "USA / NTSC"
  },
  {
    "id": "1zqgg71m",
    "player": "kintonians",
    "player_location": "jp",
    "region": "JPN / NTSC"
  },
  {
    "id": "7z0nkpem",
    "player": "Squid",
    "player_location": "gb/eng",
    "region": "JPN / NTSC"
  },
  {
    "id": "0y6lp7py",
    "player": "Tbwalke",
    "player_location": "us",
    "region": "USA / NTSC"
  },
  {
    "id": "9me6ql9z",
    "player": "Knightofzero",
    "player_location": "us",
    "region": "JPN / NTSC"
  },
  {
    "id": "oy2xkk5m",
    "player": "downiebrownie_",
    "player_location": "us",
    "region": "JPN / NTSC"
  },
  {
    "id": "0y6rr90y",
    "player": "mie_Dax",
    "player_location": "us",
    "region": "JPN / NTSC"
  },
  {
    "id": "kz5rdqgy",
    "player": "Aeken21",
    "player_location": "ca",
    "region": "USA / NTSC"
  },
  {
    "id": "jy998vey",
    "player": "Earlcash05",
    "player_location": null,
    "region": "EUR / PAL"
  },
  {
    "id": "0zn1vp7m",
    "player": "earlcash05",
    "player_location": "fr",
    "region": "EUR / PAL"
  },
  {
    "id": "2yw5lo9y",
    "player": "Baunsgaard",
    "player_location": "dk",
    "region": "JPN / NTSC"
  },
  {
    "id": "oy2jw05z",
    "player": "Riekelt",
    "player_location": "nl",
    "region": "EUR / PAL"
  },
  {
    "id": "0znqk53z",
    "player": "FoxoftheFlame",
    "player_location": "us",
    "region": "USA / NTSC"
  },
  {
    "id": "y48gqvqm",
    "player": "Tyzerra",
    "player_location": "gb",
    "region": "JPN / NTSC"
  },
  {
    "id": "wzpv5gnz",
    "player": "EnhanceDarkness",
    "player_location": "ca",
    "region": "EUR / PAL"
  },
  {
    "id": "zxkgqekm",
    "player": "popo_sr",
    "player_location": "us",
    "region": "USA / NTSC"
  },
  {
    "id": "wzpo81rm",
    "player": "medo_cai",
    "player_location": "es",
    "region": "EUR / PAL"
  },
  {
    "id": "7z00lgez",
    "player": "NekoCoffee",
    "player_location": "it",
    "region": "JPN / NTSC"
  },
  {
    "id": "1zxpe9qy",
    "player": "taco_swauce",
    "player_location": "us",
    "region": "EUR / PAL"
  },
  {
    "id": "7yl557xz",
    "player": "Bonzorio",
    "player_location": "gb/eng",
    "region": "EUR / PAL"
  },
  {
    "id": "7ylwpd3z",
    "player": "GameJesters",
    "player_location": "us",
    "region": "USA / NTSC"
  },
  {
    "id": "zpqne7gy",
    "player": "juusou",
    "player_location": "jp",
    "region": "JPN / NTSC"
  },
  {
    "id": "z15lx7ry",
    "player": "El_Dorado",
    "player_location": "jp",
    "region": "JPN / NTSC"
  },
  {
    "id": "m3dnrxgz",
    "player": "bradellic",
    "player_location": "ca",
    "region": "EUR / PAL"
  },
  {
    "id": "z13xp4rm",
    "player": "ThatOneTengu",
    "player_location": "ca",
    "region": "EUR / PAL"
  },
  {
    "id": "m7p9489m",
    "player": "xenyztw",
    "player_location": "fr",
    "region": "JPN / NTSC"
  },
  {
    "id": "zpq9wery",
    "player": "azaaasu",
    "player_location": "jp",
    "region": "JPN / NTSC"
  },
  {
    "id": "y23vnj9m",
    "player": "BuffaloPrime",
    "player_location": "us",
    "region": "USA / NTSC"
  },
  {
    "id": "yd6we1xz",
    "player": "Evertrn",
    "player_location": "se",
    "region": "JPN / NTSC"
  },
  {
    "id": "zgnl94ny",
    "player": "eednob",
    "player_location": "us",
    "region": "USA / NTSC"
  },
  {
    "id": "mk91j1xz",
    "player": "as-as",
    "player_location": "jp",
    "region": "JPN / NTSC"
  },
  {
    "id": "mrrop3dm",
    "player": "Hornlitz",
    "player_location": "ca",
    "region": "JPN / NTSC"
  },
  {
    "id": "ylevvjxz",
    "player": "Itsdevildude",
    "player_location": "gb/eng",
    "region": "JPN / NTSC"
  },
  {
    "id": "y2qp8k9y",
    "player": "u_an",
    "player_location": "jp",
    "region": "JPN / NTSC"
  },
  {
    "id": "zp0pvjnm",
    "player": "Joshipgirl",
    "player_location": "im",
    "region": "EUR / PAL"
  },
  {
    "id": "yvjx62ey",
    "player": "Gvts",
    "player_location": "cl",
    "region": "JPN / NTSC"
  },
  {
    "id": "y9xvwgky",
    "player": "WntLuna",
    "player_location": "jp",
    "region": "JPN / NTSC"
  },
  {
    "id": "z09vxw9z",
    "player": "tonykordatos",
    "player_location": "gr",
    "region": "JPN / NTSC"
  },
  {
    "id": "m31778qz",
    "player": "IggyPoppo",
    "player_location": "gb/eng",
    "region": "JPN / NTSC"
  },
  {
    "id": "yoklxn0z",
    "player": "Stormcat22",
    "player_location": "us",
    "region": "EUR / PAL"
  },
  {
    "id": "y69j26py",
    "player": "Lawman",
    "player_location": "au",
    "region": "JPN / NTSC"
  },
  {
    "id": "y823dlxy",
    "player": "f3rgo66",
    "player_location": "us",
    "region": "USA / NTSC"
  },
  {
    "id": "zpr437nm",
    "player": "SacredScythee",
    "player_location": "ca",
    "region": "EUR / PAL"
  },
  {
    "id": "y4wl2ddm",
    "player": "YuriSR",
    "player_location": "nz",
    "region": "JPN / NTSC"
  },
  {
    "id": "ylkx902z",
    "player": "TastyAndDylicious",
    "player_location": "us",
    "region": "JPN / NTSC"
  },
  {
    "id": "me4q1g8y",
    "player": "SRGTsilent",
    "player_location": "us",
    "region": "JPN / NTSC"
  },
  {
    "id": "ylv4g62m",
    "player": "XtremeBrett",
    "player_location": null,
    "region": "EUR / PAL"
  },
  {
    "id": "ywkg5x3y",
    "player": "SioN",
    "player_location": "fi",
    "region": "JPN / NTSC"
  },
  {
    "id": "m757jlez",
    "player": "Shadowninja",
    "player_location": "us",
    "region": "EUR / PAL"
  },
  {
    "id": "mr9dq0gm",
    "player": "coupsbubbles",
    "player_location": "au",
    "region": "EUR / PAL"
  },
  {
    "id": "znp8wgvm",
    "player": "SaraHyde",
    "player_location": "je",
    "region": "JPN / NTSC"
  },
  {
    "id": "m364o16m",
    "player": "EliasF",
    "player_location": "fi",
    "region": "EUR / PAL"
  },
  {
    "id": "zp2710vy",
    "player": "Tohelot",
    "player_location": "fi",
    "region": "EUR / PAL"
  },
  {
    "id": "m36njngm",
    "player": "Mornings",
    "player_location": "dk",
    "region": "EUR / PAL"
  },
  {
    "id": "z0opxn4z",
    "player": "Dedede_DO",
    "player_location": "jp",
    "region": "JPN / NTSC"
  },
  {
    "id": "m76lq59y",
    "player": "Quivs",
    "player_location": "us",
    "region": "JPN / NTSC"
  },
  {
    "id": "z52klvgz",
    "player": "Reky",
    "player_location": null,
    "region": "JPN / NTSC"
  },
  {
    "id": "yw6ejr9m",
    "player": "ivirj",
    "player_location": "mx",
    "region": "EUR / PAL"
  },
  {
    "id": "zpgnl4vz",
    "player": "zazami",
    "player_location": "jp",
    "region": "JPN / NTSC"
  },
  {
    "id": "zg2x700y",
    "player": "Drunk_Kami",
    "player_location": "us",
    "region": "JPN / NTSC"
  }
]