[
  {
    "id": "yw4pgenz",
    "player": "Cmdr",
    "player_location": "us",
    "region": "USA / NTSC"
  },
  {
    "id": "y8q9q31y",
    "player": "belac_sow",
    "player_location": null,
    "region": "USA / NTSC"
  },
  {
    "id": "zq6x681y",
    "player": "BaldrOfTheNorse",
    "player_location": "us",
    "region": null
  },
  {
    "id": "y2q7powy",
    "player": "Quirky",
    "player_location": null,
    "region": "USA / NTSC"
  },
  {
    "id": "zgkngoey",
    "player": "Haloinator297",
    "player_location": "us",
    "region": "USA / NTSC"
  },
  {
    "id": "y2j9ql7z",
    "player": "suzer808",
    "player_location": null,
    "region": null
  }
]