[
  {
    "id": "1zqp7krm",
    "player": "Marty GaMusic",
    "player_location": null,
    "region": "EUR / PAL"
  },
  {
    "id": "jy9elqez",
    "player": "\u30e9\u30a4\u30c8\u30cb\u30f3\u30b0-GAME",
    "player_location": null,
    "region": "JPN / NTSC"
  },
  {
    "id": "1zx0lrez",
    "player": "clickNdragster",
    "player_location": null,
    "region": "USA / NTSC"
  },
  {
    "id": "1zqp0lrm",
    "player": "ObsidianMadman",
    "player_location": null,
    "region": "USA / NTSC"
  },
  {
    "id": "oy280o5y",
    "player": "Kid Ophoven",
    "player_location": null,
    "region": "USA / NTSC"
  },
  {
    "id": "7ylje8nm",
    "player": "fraserthelaser",
    "player_location": null,
    "region": "USA / NTSC"
  },
  {
    "id": "8yv7qwoy",
    "player": "AprilSR",
    "player_location": null,
    "region": "USA / NTSC"
  },
  {
    "id": "0zng7d7m",
    "player": "Michael McGinnis",
    "player_location": null,
    "region": "USA / NTSC"
  },
  {
    "id": "wzpo27xm",
    "player": "Mitch (UK)",
    "player_location": null,
    "region": "EUR / PAL"
  },
  {
    "id": "dy4nq93m",
    "player": "Dillon Davis",
    "player_location": null,
    "region": "USA / NTSC"
  },
  {
    "id": "0zn55j9z",
    "player": "Frikkinfriks14",
    "player_location": "us",
    "region": "USA / NTSC"
  },
  {
    "id": "0y6jvejm",
    "player": "JDH16100",
    "player_location": null,
    "region": "USA / NTSC"
  },
  {
    "id": "pzg6ljnm",
    "player": "Carlos723 Rubio",
    "player_location": null,
    "region": null
  },
  {
    "id": "jy9ejpnz",
    "player": "Guy Cutting",
    "player_location": null,
    "region": "USA / NTSC"
  },
  {
    "id": "y2355d5m",
    "player": "Otwoh",
    "player_location": "fr",
    "region": "EUR / PAL"
  },
  {
    "id": "zn8lrq3z",
    "player": "NihilistComedyHour",
    "player_location": "eo",
    "region": null
  },
  {
    "id": "m7p9qgem",
    "player": "CardboardAirplane",
    "player_location": "us",
    "region": "USA / NTSC"
  },
  {
    "id": "zxkl4x8m",
    "player": "Otterstone_Gamer",
    "player_location": "us",
    "region": "USA / NTSC"
  },
  {
    "id": "z1j2259z",
    "player": "TuckerStudios",
    "player_location": "us",
    "region": "USA / NTSC"
  },
  {
    "id": "y4ro50nz",
    "player": "Jacob1",
    "player_location": "ca",
    "region": null
  }
]