[
  {
    "id": "0znpk87m",
    "player": "travisfreeman",
    "player_location": "us",
    "region": "USA / NTSC"
  },
  {
    "id": "y2q78x6y",
    "player": "Salvatius",
    "player_location": "cz",
    "region": "EUR / PAL"
  },
  {
    "id": "mk7knd5y",
    "player": "Temessong",
    "player_location": "fi",
    "region": null
  },
  {
    "id": "zqg7o98m",
    "player": "Lil_Broomsticc",
    "player_location": "be",
    "region": null
  },
  {
    "id": "me7rg59y",
    "player": "ozgurkk35",
    "player_location": "tr",
    "region": null
  },
  {
    "id": "zp8nvlgy",
    "player": "curbi",
    "player_location": "ro",
    "region": "EUR / PAL"
  },
  {
    "id": "yjxnr8dz",
    "player": "Okfinegood",
    "player_location": "mx",
    "region": null
  },
  {
    "id": "yl1g6exm",
    "player": "DJSillylegs00",
    "player_location": null,
    "region": "USA / NTSC"
  },
  {
    "id": "zg2kxpny",
    "player": "WolfGaming2203",
    "player_location": "vn",
    "region": null
  },
  {
    "id": "y2j570wz",
    "player": "am666",
    "player_location": "fi",
    "region": null
  }
]