[
  {
    "id": "yw3g9l3m",
    "player": "senseigodtv",
    "player_location": "nl",
    "region": null
  },
  {
    "id": "yvrx8o6z",
    "player": "almond",
    "player_location": "jp",
    "region": "JPN / NTSC"
  },
  {
    "id": "yjde1qny",
    "player": "theoretically_moss",
    "player_location": "us",
    "region": "USA / NTSC"
  },
  {
    "id": "m3341lqm",
    "player": "ItssTyler",
    "player_location": "us",
    "region": "USA / NTSC"
  },
  {
    "id": "yw6vdq0m",
    "player": "AitoYumeshika",
    "player_location": null,
    "region": "JPN / NTSC"
  },
  {
    "id": "m3xo1k4m",
    "player": "genpoe",
    "player_location": null,
    "region": "USA / NTSC"
  },
  {
    "id": "z0lodw9z",
    "player": "Marbels",
    "player_location": null,
    "region": "USA / NTSC"
  },
  {
    "id": "yl1ovg2m",
    "player": "Alexander_Highwind",
    "player_location": null,
    "region": "JPN / NTSC"
  },
  {
    "id": "znqnkkvz",
    "player": "Hiromaru",
    "player_location": null,
    "region": null
  },
  {
    "id": "y6x4gxpy",
    "player": "TasmaniaJones",
    "player_location": "au",
    "region": "EUR / PAL"
  },
  {
    "id": "y8xx03wm",
    "player": "raglas",
    "player_location": "jp",
    "region": "JPN / NTSC"
  },
  {
    "id": "y8xenxwm",
    "player": "eternoizegaming",
    "player_location": null,
    "region": "USA / NTSC"
  },
  {
    "id": "z0log7oz",
    "player": "Kaido1119",
    "player_location": "jp",
    "region": "JPN / NTSC"
  },
  {
    "id": "yl1nje3m",
    "player": "robin_kirisame",
    "player_location": "jp",
    "region": "JPN / NTSC"
  },
  {
    "id": "y9xekg2y",
    "player": "KuroAsterisk",
    "player_location": "us",
    "region": "USA / NTSC"
  }
]