[
  {
    "id": "kz5665ny",
    "player": "halfcoordinated",
    "player_location": "us",
    "region": "USA / NTSC"
  },
  {
    "id": "6yjr4qoz",
    "player": "MASH",
    "player_location": "ca",
    "region": "USA / NTSC"
  },
  {
    "id": "9medok8y",
    "player": "Vulcairn",
    "player_location": "fr",
    "region": null
  },
  {
    "id": "0zn6189y",
    "player": "CasulBreloom",
    "player_location": "us",
    "region": "USA / NTSC"
  },
  {
    "id": "9yo5we1z",
    "player": "tamago0141",
    "player_location": "jp",
    "region": "JPN / NTSC"
  },
  {
    "id": "1zxp0wgy",
    "player": "PB_Speedruns",
    "player_location": "us",
    "region": "USA / NTSC"
  },
  {
    "id": "7z02l9jm",
    "player": "Crunk",
    "player_location": "us",
    "region": "USA / NTSC"
  },
  {
    "id": "nz1e10jy",
    "player": "Nzadnilbad",
    "player_location": "us",
    "region": "JPN / NTSC"
  },
  {
    "id": "nz144ljz",
    "player": "Dworim",
    "player_location": "fi",
    "region": "JPN / NTSC"
  },
  {
    "id": "oy267e6m",
    "player": "l555444333222",
    "player_location": "us",
    "region": "USA / NTSC"
  },
  {
    "id": "pm3872dy",
    "player": "Tarian",
    "player_location": "tw",
    "region": "JPN / NTSC"
  },
  {
    "id": "9meqn4qm",
    "player": "Ryanide",
    "player_location": "us",
    "region": "USA / NTSC"
  },
  {
    "id": "9mrwvr4y",
    "player": "rzao",
    "player_location": "tw",
    "region": "JPN / NTSC"
  },
  {
    "id": "7ylgj8rm",
    "player": "zaarock",
    "player_location": "fi",
    "region": "JPN / NTSC"
  },
  {
    "id": "m79w45wy",
    "player": "AB3",
    "player_location": "jp",
    "region": "JPN / NTSC"
  },
  {
    "id": "emkjpg3y",
    "player": "StringHirroka",
    "player_location": "ca",
    "region": "USA / NTSC"
  },
  {
    "id": "zp0w9ngm",
    "player": "toufoo1021",
    "player_location": "jp",
    "region": "JPN / NTSC"
  },
  {
    "id": "yvgq18xy",
    "player": "Blades",
    "player_location": "tr",
    "region": "EUR / PAL"
  },
  {
    "id": "y4593o2m",
    "player": "Sylestria",
    "player_location": "us",
    "region": "USA / NTSC"
  },
  {
    "id": "y23qpj9m",
    "player": "PixsiJai",
    "player_location": "ca",
    "region": "USA / NTSC"
  },
  {
    "id": "dy4p66ny",
    "player": "Draxkane",
    "player_location": "fr",
    "region": "EUR / PAL"
  },
  {
    "id": "zxvvo85y",
    "player": "moneto",
    "player_location": null,
    "region": "JPN / NTSC"
  },
  {
    "id": "y8qqxj5y",
    "player": "Xianglian",
    "player_location": "jp",
    "region": "JPN / NTSC"
  },
  {
    "id": "7ylgwgrm",
    "player": "Soliel",
    "player_location": "us",
    "region": "USA / NTSC"
  },
  {
    "id": "y23dqo6m",
    "player": "Lexicona",
    "player_location": "us",
    "region": "USA / NTSC"
  },
  {
    "id": "y23959wm",
    "player": "miyuripyon",
    "player_location": "us",
    "region": "USA / NTSC"
  },
  {
    "id": "2ywl77pm",
    "player": "EngiRTA",
    "player_location": null,
    "region": "USA / NTSC"
  },
  {
    "id": "emkj67xy",
    "player": "Boxy2142",
    "player_location": "us",
    "region": "USA / NTSC"
  },
  {
    "id": "y97719km",
    "player": "Redloko",
    "player_location": "nl",
    "region": "EUR / PAL"
  },
  {
    "id": "m3nolw4y",
    "player": "Boobam",
    "player_location": "jp",
    "region": "JPN / NTSC"
  },
  {
    "id": "y6734xqm",
    "player": "sk84uhlivin",
    "player_location": "us",
    "region": "USA / NTSC"
  },
  {
    "id": "mk4l81ly",
    "player": "Summerqt",
    "player_location": "gb/eng",
    "region": "EUR / PAL"
  },
  {
    "id": "mekvj68m",
    "player": "tehPHEN",
    "player_location": "ca",
    "region": "USA / NTSC"
  },
  {
    "id": "zxvvq8qy",
    "player": "DB_",
    "player_location": "us",
    "region": "USA / NTSC"
  },
  {
    "id": "zn8qo68z",
    "player": "-MarbleSoda-",
    "player_location": "us",
    "region": "USA / NTSC"
  },
  {
    "id": "z0eelk9m",
    "player": "Fayaine",
    "player_location": "de",
    "region": "EUR / PAL"
  },
  {
    "id": "m3d9j3qz",
    "player": "LastHit",
    "player_location": "au",
    "region": "JPN / NTSC"
  },
  {
    "id": "zn8wjg7z",
    "player": "Vayastrike",
    "player_location": "us",
    "region": "USA / NTSC"
  },
  {
    "id": "y677k90m",
    "player": "Hollow555",
    "player_location": "gb/sct",
    "region": "EUR / PAL"
  },
  {
    "id": "zn8w6ovz",
    "player": "Turkinwif",
    "player_location": "us",
    "region": "USA / NTSC"
  },
  {
    "id": "y8qqd3ny",
    "player": "Raenilol",
    "player_location": "ch",
    "region": "EUR / PAL"
  },
  {
    "id": "zpqreegy",
    "player": "FrostedCakeBear",
    "player_location": "us",
    "region": "USA / NTSC"
  },
  {
    "id": "mrqqkw4y",
    "player": "Dragonplayer62",
    "player_location": "de",
    "region": "EUR / PAL"
  },
  {
    "id": "m7995g0y",
    "player": "Natty",
    "player_location": "gb",
    "region": "EUR / PAL"
  },
  {
    "id": "y8q8r9dy",
    "player": "icefire",
    "player_location": "us",
    "region": "USA / NTSC"
  },
  {
    "id": "yl99oery",
    "player": "Beardy",
    "player_location": "us",
    "region": "USA / NTSC"
  },
  {
    "id": "y233709m",
    "player": "Trineas",
    "player_location": "de",
    "region": "EUR / PAL"
  },
  {
    "id": "y977l3vm",
    "player": "Theodrassil",
    "player_location": "gb/eng",
    "region": "EUR / PAL"
  },
  {
    "id": "yjk4rg7m",
    "player": "Mylexsi",
    "player_location": "gb/eng",
    "region": "EUR / PAL"
  },
  {
    "id": "yl94e43y",
    "player": "MeltySorbet",
    "player_location": "us",
    "region": "USA / NTSC"
  },
  {
    "id": "zn840n9z",
    "player": "Mortalities",
    "player_location": "ca",
    "region": "USA / NTSC"
  },
  {
    "id": "m79qq84y",
    "player": "Witchs_Hex",
    "player_location": null,
    "region": "USA / NTSC"
  },
  {
    "id": "yvgl534y",
    "player": "Archulak",
    "player_location": "ca",
    "region": "USA / NTSC"
  },
  {
    "id": "ydq08rxm",
    "player": "Fog",
    "player_location": "ca",
    "region": "USA / NTSC"
  },
  {
    "id": "y67rdo0m",
    "player": "Pikashockz",
    "player_location": null,
    "region": "USA / NTSC"
  },
  {
    "id": "mrqele7y",
    "player": "-Myluo-",
    "player_location": "fr",
    "region": "EUR / PAL"
  },
  {
    "id": "mr874jdy",
    "player": "Lairar",
    "player_location": "de",
    "region": "EUR / PAL"
  },
  {
    "id": "mk2r723m",
    "player": "mosthealer",
    "player_location": "id",
    "region": "USA / NTSC"
  },
  {
    "id": "m356w3wy",
    "player": "Kanaris",
    "player_location": "au",
    "region": "EUR / PAL"
  },
  {
    "id": "y45en3qm",
    "player": "TheMillion",
    "player_location": "fi",
    "region": "USA / NTSC"
  },
  {
    "id": "yjk1j8nm",
    "player": "MikeWave",
    "player_location": "us",
    "region": "USA / NTSC"
  },
  {
    "id": "z0endw4m",
    "player": "SimonLeGrand",
    "player_location": "fr",
    "region": null
  },
  {
    "id": "y230xjjm",
    "player": "Fullest",
    "player_location": "us",
    "region": "USA / NTSC"
  },
  {
    "id": "yjk2vg3m",
    "player": "Datto",
    "player_location": "fr",
    "region": "EUR / PAL"
  },
  {
    "id": "zpq35g8y",
    "player": "Crono",
    "player_location": "us",
    "region": "USA / NTSC"
  },
  {
    "id": "ydq9p0qm",
    "player": "Marjhak",
    "player_location": "vh",
    "region": "USA / NTSC"
  },
  {
    "id": "yl9ll4ry",
    "player": "mt",
    "player_location": "us",
    "region": "USA / NTSC"
  },
  {
    "id": "zpq21wny",
    "player": "Kasserne",
    "player_location": "dk",
    "region": "EUR / PAL"
  },
  {
    "id": "m796rl4y",
    "player": "ShabuShabu",
    "player_location": "us",
    "region": null
  },
  {
    "id": "zq693r1y",
    "player": "Mytherium",
    "player_location": "ca/qc",
    "region": "USA / NTSC"
  },
  {
    "id": "m7942xwy",
    "player": "Remetsu",
    "player_location": "fi",
    "region": "EUR / PAL"
  },
  {
    "id": "ydqev30m",
    "player": "Dokaive",
    "player_location": "kr",
    "region": null
  },
  {
    "id": "ydqw6j0m",
    "player": "Panpipes",
    "player_location": "au",
    "region": "EUR / PAL"
  },
  {
    "id": "zpq21lxy",
    "player": "TheOOT",
    "player_location": "us",
    "region": "USA / NTSC"
  },
  {
    "id": "me66gxqz",
    "player": "BlueMetal",
    "player_location": "us",
    "region": "USA / NTSC"
  },
  {
    "id": "yl979gny",
    "player": "Narski",
    "player_location": "us",
    "region": "USA / NTSC"
  },
  {
    "id": "yw19rk9z",
    "player": "He_Who_Is_Me",
    "player_location": "us",
    "region": "USA / NTSC"
  },
  {
    "id": "mr88l5gy",
    "player": "azorokazu",
    "player_location": "ca",
    "region": "USA / NTSC"
  },
  {
    "id": "y236kkwm",
    "player": "XeroGoFast",
    "player_location": "gb",
    "region": "EUR / PAL"
  },
  {
    "id": "zxv88dey",
    "player": "ZeCryptic",
    "player_location": "no",
    "region": "EUR / PAL"
  },
  {
    "id": "z11p857z",
    "player": "wschseng",
    "player_location": "at",
    "region": "EUR / PAL"
  },
  {
    "id": "y67q6rqm",
    "player": "MeiiKo",
    "player_location": "fr",
    "region": "EUR / PAL"
  },
  {
    "id": "m3dkdxwz",
    "player": "DarkInfestor",
    "player_location": "us",
    "region": "USA / NTSC"
  },
  {
    "id": "zn8ek67z",
    "player": "SgtPeperoni",
    "player_location": "ca",
    "region": "USA / NTSC"
  },
  {
    "id": "y456152m",
    "player": "HighriseHD",
    "player_location": "de",
    "region": "EUR / PAL"
  },
  {
    "id": "zq68281y",
    "player": "ItsKasa",
    "player_location": "ca",
    "region": "USA / NTSC"
  },
  {
    "id": "y2q979jy",
    "player": "Henny022",
    "player_location": "de",
    "region": "EUR / PAL"
  },
  {
    "id": "zq6qg85y",
    "player": "Free",
    "player_location": "ca",
    "region": "USA / NTSC"
  },
  {
    "id": "yw12vk2z",
    "player": "Grokken",
    "player_location": "se",
    "region": "EUR / PAL"
  },
  {
    "id": "yw12qvpz",
    "player": "F\u00e4mjii",
    "player_location": "fi",
    "region": "EUR / PAL"
  },
  {
    "id": "ydqo96qm",
    "player": "unity_b",
    "player_location": "gb",
    "region": "EUR / PAL"
  },
  {
    "id": "y65p4j1z",
    "player": "Danflesh",
    "player_location": "ru",
    "region": "EUR / PAL"
  },
  {
    "id": "yjkvjnnm",
    "player": "Tektheist",
    "player_location": "gb/eng",
    "region": null
  },
  {
    "id": "y97qk6nm",
    "player": "Icymimi",
    "player_location": "no",
    "region": "EUR / PAL"
  },
  {
    "id": "zq3n3o1y",
    "player": "winsuper",
    "player_location": "gb/eng",
    "region": "EUR / PAL"
  },
  {
    "id": "zg75d3jz",
    "player": "Littz",
    "player_location": "us",
    "region": "USA / NTSC"
  },
  {
    "id": "y6px0rpm",
    "player": "Cyx",
    "player_location": "ca",
    "region": "USA / NTSC"
  },
  {
    "id": "zx425ogy",
    "player": "Slammin",
    "player_location": "ar",
    "region": null
  },
  {
    "id": "y8q55pwy",
    "player": "Dragonead",
    "player_location": "us",
    "region": "USA / NTSC"
  },
  {
    "id": "y43583kz",
    "player": "Reliictz",
    "player_location": "de",
    "region": "EUR / PAL"
  },
  {
    "id": "mre5wp7y",
    "player": "fernandonerygamer",
    "player_location": "br",
    "region": "USA / NTSC"
  },
  {
    "id": "m3og6xdm",
    "player": "FudgeQT",
    "player_location": "se",
    "region": "EUR / PAL"
  },
  {
    "id": "mk7j103y",
    "player": "Amei",
    "player_location": "gb/eng",
    "region": "EUR / PAL"
  },
  {
    "id": "y2qqgvwy",
    "player": "DaleDukk",
    "player_location": "us",
    "region": "USA / NTSC"
  },
  {
    "id": "mk9pqr5z",
    "player": "Qusteka",
    "player_location": "hk",
    "region": null
  },
  {
    "id": "z51o17nm",
    "player": "ladybunne",
    "player_location": "au",
    "region": "EUR / PAL"
  },
  {
    "id": "z07d608y",
    "player": "gamecmdr",
    "player_location": "us",
    "region": "USA / NTSC"
  },
  {
    "id": "y2q1j29y",
    "player": "littletonbi",
    "player_location": "jp",
    "region": "JPN / NTSC"
  },
  {
    "id": "zg7k8gnz",
    "player": "angelkof",
    "player_location": "br",
    "region": "EUR / PAL"
  },
  {
    "id": "zx4xje8y",
    "player": "knotts",
    "player_location": "us",
    "region": "USA / NTSC"
  },
  {
    "id": "y2q5689y",
    "player": "0Bennyman",
    "player_location": "gb/eng",
    "region": "EUR / PAL"
  },
  {
    "id": "m3og53gm",
    "player": "Cromanson50",
    "player_location": "us",
    "region": "USA / NTSC"
  },
  {
    "id": "y6r32dqy",
    "player": "Ampi",
    "player_location": "de",
    "region": "EUR / PAL"
  },
  {
    "id": "z039dqez",
    "player": "rekyuu",
    "player_location": "us",
    "region": "USA / NTSC"
  },
  {
    "id": "y92ng2rz",
    "player": "ergwano",
    "player_location": "at",
    "region": "EUR / PAL"
  },
  {
    "id": "mkgl7dvy",
    "player": "Bubzia",
    "player_location": "de",
    "region": "EUR / PAL"
  },
  {
    "id": "yvjvlroy",
    "player": "Leniane",
    "player_location": "nl",
    "region": "EUR / PAL"
  },
  {
    "id": "yd152qvy",
    "player": "shinytentacruel",
    "player_location": "us",
    "region": "USA / NTSC"
  },
  {
    "id": "z01wq04y",
    "player": "FlingyFlongyBouncu",
    "player_location": "de",
    "region": "EUR / PAL"
  },
  {
    "id": "zq389j9y",
    "player": "KC",
    "player_location": null,
    "region": "USA / NTSC"
  },
  {
    "id": "mk9d8lxz",
    "player": "bingbingBOPOMOFO",
    "player_location": null,
    "region": "CHN / PAL"
  },
  {
    "id": "zq39kk1y",
    "player": "effee",
    "player_location": "us",
    "region": "USA / NTSC"
  },
  {
    "id": "yl0prvxy",
    "player": "TheChikin",
    "player_location": "us",
    "region": "USA / NTSC"
  },
  {
    "id": "yl4np22m",
    "player": "RedWolf_170",
    "player_location": "fi",
    "region": "EUR / PAL"
  },
  {
    "id": "z03xj69z",
    "player": "Angrahl",
    "player_location": "fr",
    "region": "EUR / PAL"
  },
  {
    "id": "meo7ng3z",
    "player": "Seifer",
    "player_location": null,
    "region": "EUR / PAL"
  },
  {
    "id": "y43l9gdz",
    "player": "Kahuna678",
    "player_location": "us",
    "region": "USA / NTSC"
  },
  {
    "id": "z03q6d4z",
    "player": "Loxia",
    "player_location": "jp",
    "region": "JPN / NTSC"
  },
  {
    "id": "zgx4jqjm",
    "player": "Herrsupersmart",
    "player_location": "is",
    "region": "EUR / PAL"
  },
  {
    "id": "y43jdrdz",
    "player": "Echstr",
    "player_location": "se",
    "region": "EUR / PAL"
  },
  {
    "id": "mr8dep8y",
    "player": "jakx102",
    "player_location": "us",
    "region": "USA / NTSC"
  },
  {
    "id": "yjlj547z",
    "player": "kyoslilmonster",
    "player_location": "us",
    "region": "USA / NTSC"
  },
  {
    "id": "mk2w84lm",
    "player": "CoricXeltaer",
    "player_location": "us",
    "region": "USA / NTSC"
  },
  {
    "id": "yoj6gk1m",
    "player": "Muranieum",
    "player_location": "au",
    "region": "EUR / PAL"
  },
  {
    "id": "znqj87vz",
    "player": "Tonsu",
    "player_location": "fi",
    "region": "EUR / PAL"
  },
  {
    "id": "zp4rqpnz",
    "player": "CloneofShade",
    "player_location": "au",
    "region": "EUR / PAL"
  },
  {
    "id": "zp49v98z",
    "player": "DrDevinRX",
    "player_location": "us",
    "region": "USA / NTSC"
  },
  {
    "id": "mreqq9dy",
    "player": "Evalia",
    "player_location": "dk",
    "region": "EUR / PAL"
  },
  {
    "id": "me1llrqy",
    "player": "Chien",
    "player_location": "jp",
    "region": "JPN / NTSC"
  },
  {
    "id": "y20r3g6m",
    "player": "tsugoiichan",
    "player_location": "us",
    "region": "USA / NTSC"
  },
  {
    "id": "y819wjnz",
    "player": "Mitsushi",
    "player_location": "fr",
    "region": "EUR / PAL"
  },
  {
    "id": "y95x72rz",
    "player": "gbchan",
    "player_location": "ca",
    "region": "USA / NTSC"
  },
  {
    "id": "z1jrr6jz",
    "player": "ghlegend195",
    "player_location": "us",
    "region": "USA / NTSC"
  },
  {
    "id": "znr1xx7y",
    "player": "Ranger_RHEC",
    "player_location": "us",
    "region": "USA / NTSC"
  },
  {
    "id": "zqr1n2xy",
    "player": "Vongrak",
    "player_location": "au",
    "region": "USA / NTSC"
  },
  {
    "id": "y8ejwndy",
    "player": "Isum1644",
    "player_location": "us",
    "region": "USA / NTSC"
  },
  {
    "id": "z056vojm",
    "player": "TheCrazyLand",
    "player_location": "dk",
    "region": "EUR / PAL"
  },
  {
    "id": "y4qeoknm",
    "player": "kriss_1827",
    "player_location": "us",
    "region": null
  },
  {
    "id": "yojx971m",
    "player": "webs2d",
    "player_location": "us",
    "region": "USA / NTSC"
  },
  {
    "id": "zp46kxvz",
    "player": "SephorianBlue",
    "player_location": "de",
    "region": "EUR / PAL"
  },
  {
    "id": "z57865em",
    "player": "iqcarriedgamer",
    "player_location": "us",
    "region": "USA / NTSC"
  },
  {
    "id": "yw4wx6nz",
    "player": "RodG",
    "player_location": "us",
    "region": "USA / NTSC"
  },
  {
    "id": "yj39q1gz",
    "player": "Ban3010",
    "player_location": "br",
    "region": null
  },
  {
    "id": "zxk06j5m",
    "player": "mxcrossfire",
    "player_location": "gb",
    "region": "EUR / PAL"
  },
  {
    "id": "z1j66qwz",
    "player": "Tyfuzzle25",
    "player_location": "gb/eng",
    "region": "EUR / PAL"
  },
  {
    "id": "y81lj05z",
    "player": "Jitaenow",
    "player_location": "it",
    "region": "EUR / PAL"
  },
  {
    "id": "zx2952em",
    "player": "koinu93",
    "player_location": "us",
    "region": "USA / NTSC"
  },
  {
    "id": "z5xq97dy",
    "player": "Percyy",
    "player_location": "de",
    "region": "EUR / PAL"
  },
  {
    "id": "y41pev2y",
    "player": "hitoccchi",
    "player_location": null,
    "region": "USA / NTSC"
  },
  {
    "id": "y6lkjvjy",
    "player": "Phio",
    "player_location": "us",
    "region": "USA / NTSC"
  },
  {
    "id": "z05wjg9m",
    "player": "Asiern",
    "player_location": "es/pv",
    "region": "EUR / PAL"
  },
  {
    "id": "mk5lgxxm",
    "player": "Batacraft",
    "player_location": "fr",
    "region": "EUR / PAL"
  },
  {
    "id": "znkwrgvz",
    "player": "moonRTA",
    "player_location": "gb",
    "region": "EUR / PAL"
  },
  {
    "id": "m35ggjgy",
    "player": "RazorNRM",
    "player_location": "us",
    "region": "USA / NTSC"
  },
  {
    "id": "m357gj6y",
    "player": "aloyark",
    "player_location": "us",
    "region": "USA / NTSC"
  },
  {
    "id": "z1o8jj9m",
    "player": "eocampos",
    "player_location": "py",
    "region": "EUR / PAL"
  },
  {
    "id": "yv2w4exm",
    "player": "MellowFira",
    "player_location": "ie",
    "region": "EUR / PAL"
  },
  {
    "id": "yd06odqz",
    "player": "Dunkdun",
    "player_location": "us",
    "region": "USA / NTSC"
  },
  {
    "id": "yj5612dm",
    "player": "Olson",
    "player_location": "pl",
    "region": "EUR / PAL"
  },
  {
    "id": "zxdvqvey",
    "player": "Saro",
    "player_location": "es",
    "region": "EUR / PAL"
  },
  {
    "id": "yd0578jz",
    "player": "SestralSR",
    "player_location": "gb/eng",
    "region": "EUR / PAL"
  },
  {
    "id": "m3g5rqdz",
    "player": "J0nny0",
    "player_location": null,
    "region": "EUR / PAL"
  },
  {
    "id": "m3g5rvgz",
    "player": "GalacticMatt_o7",
    "player_location": null,
    "region": "USA / NTSC"
  },
  {
    "id": "zq4wj39m",
    "player": "Grove",
    "player_location": "ca",
    "region": "USA / NTSC"
  },
  {
    "id": "z097ex8z",
    "player": "Malpaga",
    "player_location": "fr",
    "region": "EUR / PAL"
  },
  {
    "id": "zxdleqqy",
    "player": "JeffTheBigLizard",
    "player_location": "gb",
    "region": "EUR / PAL"
  },
  {
    "id": "y9l5l9ny",
    "player": "Jeakerek",
    "player_location": "pl",
    "region": "EUR / PAL"
  },
  {
    "id": "yj5rqddm",
    "player": "Galasrinie",
    "player_location": "au",
    "region": "EUR / PAL"
  },
  {
    "id": "mk8j6o3m",
    "player": "IRejkt",
    "player_location": "us",
    "region": "USA / NTSC"
  },
  {
    "id": "y8v3jqxz",
    "player": "Tako.similyface",
    "player_location": "de",
    "region": "EUR / PAL"
  },
  {
    "id": "me9vqx3z",
    "player": "HHalcyon",
    "player_location": "us",
    "region": "USA / NTSC"
  },
  {
    "id": "zx708e8y",
    "player": "ta_bo_",
    "player_location": "jp",
    "region": "JPN / NTSC"
  },
  {
    "id": "zn1kj1lm",
    "player": "benck135",
    "player_location": "im",
    "region": "USA / NTSC"
  },
  {
    "id": "zn14n77m",
    "player": "YugiBye",
    "player_location": "gb/eng",
    "region": "EUR / PAL"
  },
  {
    "id": "y2vg72jz",
    "player": "umi",
    "player_location": "jp",
    "region": "JPN / NTSC"
  },
  {
    "id": "z062294z",
    "player": "Zelriv",
    "player_location": "fr",
    "region": "EUR / PAL"
  },
  {
    "id": "z0newvjm",
    "player": "Rompelevels",
    "player_location": "es/ct",
    "region": "EUR / PAL"
  },
  {
    "id": "zp3jj5nm",
    "player": "ssjbasedgoddo",
    "player_location": "us",
    "region": "USA / NTSC"
  },
  {
    "id": "y6dr221m",
    "player": "xFinchy",
    "player_location": "gb/eng",
    "region": "USA / NTSC"
  },
  {
    "id": "m3rr774m",
    "player": "miau7",
    "player_location": "es/cn",
    "region": "EUR / PAL"
  },
  {
    "id": "z1rqde9m",
    "player": "Fugi477",
    "player_location": "us",
    "region": "USA / NTSC"
  },
  {
    "id": "yv06v8ez",
    "player": "Valeriaaa_CHAN",
    "player_location": "de",
    "region": "EUR / PAL"
  },
  {
    "id": "zx7839gy",
    "player": "jasper3108",
    "player_location": "de",
    "region": null
  },
  {
    "id": "z1gok2jz",
    "player": "L0ok_At_Me",
    "player_location": "ua",
    "region": "EUR / PAL"
  },
  {
    "id": "me175q9y",
    "player": "SuperGanon",
    "player_location": "de",
    "region": "EUR / PAL"
  },
  {
    "id": "m771n1em",
    "player": "ChunkyM",
    "player_location": "gb/eng",
    "region": "EUR / PAL"
  },
  {
    "id": "ydex64jm",
    "player": "Travie2Shoes",
    "player_location": "us",
    "region": "USA / NTSC"
  },
  {
    "id": "zq7erp8m",
    "player": "StephiSR",
    "player_location": "es",
    "region": "EUR / PAL"
  },
  {
    "id": "mk510l5m",
    "player": "Scoofed",
    "player_location": "au",
    "region": "EUR / PAL"
  },
  {
    "id": "ylrn40ny",
    "player": "KuribohKin",
    "player_location": "gb/eng",
    "region": "EUR / PAL"
  },
  {
    "id": "z5d8ee5m",
    "player": "Nartax",
    "player_location": "fr",
    "region": "EUR / PAL"
  },
  {
    "id": "mkd3r5xy",
    "player": "Jaynoo",
    "player_location": "tr",
    "region": "EUR / PAL"
  },
  {
    "id": "ywkxvw2y",
    "player": "Sumimae",
    "player_location": "de",
    "region": "EUR / PAL"
  },
  {
    "id": "m36vln4m",
    "player": "HeroLAT",
    "player_location": "us",
    "region": "USA / NTSC"
  },
  {
    "id": "y60vjgpy",
    "player": "gaibian",
    "player_location": "cn",
    "region": "CHN / PAL"
  },
  {
    "id": "y88q5qny",
    "player": "BuXiang",
    "player_location": "cn",
    "region": "CHN / PAL"
  },
  {
    "id": "m7xr9x0y",
    "player": "zanaroo123",
    "player_location": "au",
    "region": "USA / NTSC"
  },
  {
    "id": "z0p91w8y",
    "player": "LilyRosaliina",
    "player_location": "fr",
    "region": "EUR / PAL"
  },
  {
    "id": "z1px0ljz",
    "player": "JackGoesFast",
    "player_location": null,
    "region": "USA / NTSC"
  },
  {
    "id": "z0pl3jjy",
    "player": "Ashley93o",
    "player_location": "us",
    "region": "USA / NTSC"
  },
  {
    "id": "z0plxvoy",
    "player": "Zeruda",
    "player_location": "de",
    "region": "EUR / PAL"
  },
  {
    "id": "me3e92qz",
    "player": "sharkandthreequarter",
    "player_location": null,
    "region": "USA / NTSC"
  },
  {
    "id": "zq9venry",
    "player": "yuyu7",
    "player_location": null,
    "region": null
  },
  {
    "id": "m72p48ez",
    "player": "Hellbufl",
    "player_location": "de",
    "region": null
  },
  {
    "id": "zq9v1o1y",
    "player": "Cali319",
    "player_location": "es",
    "region": "EUR / PAL"
  },
  {
    "id": "y8xx591m",
    "player": "asparashos",
    "player_location": "gr",
    "region": "USA / NTSC"
  },
  {
    "id": "yv08vx6z",
    "player": "Starnyx",
    "player_location": "hr",
    "region": "EUR / PAL"
  },
  {
    "id": "y8x6931m",
    "player": "Zachrzan",
    "player_location": "pl",
    "region": "EUR / PAL"
  },
  {
    "id": "yw6g3nnm",
    "player": "CrimsonPudding",
    "player_location": "tr",
    "region": "EUR / PAL"
  },
  {
    "id": "yl1w5g2m",
    "player": "lcarus",
    "player_location": "de",
    "region": "EUR / PAL"
  },
  {
    "id": "zq9q28xy",
    "player": "chusommontero",
    "player_location": "es",
    "region": "EUR / PAL"
  },
  {
    "id": "mee63r0m",
    "player": "EruElle",
    "player_location": "gb/sct",
    "region": "EUR / PAL"
  },
  {
    "id": "yj860ggm",
    "player": "Entrobbit",
    "player_location": null,
    "region": "EUR / PAL"
  }
]