[
  {
    "id": "y894q4wm",
    "player": "MatttInTheHat",
    "player_location": "ca",
    "region": null
  },
  {
    "id": "zg7eronz",
    "player": "MetalVolt",
    "player_location": "us",
    "region": null
  },
  {
    "id": "z0rveejz",
    "player": "SRGTsilent",
    "player_location": "us",
    "region": "EUR / PAL"
  },
  {
    "id": "mr8q6j4y",
    "player": "Wazz",
    "player_location": "gb/eng",
    "region": null
  },
  {
    "id": "z019j09y",
    "player": "Gamesfan34260",
    "player_location": "gb/eng",
    "region": null
  },
  {
    "id": "y6lr5ppy",
    "player": "Rubii",
    "player_location": "bm",
    "region": null
  },
  {
    "id": "z5j12dgm",
    "player": "Romeckus",
    "player_location": "us",
    "region": "JPN / NTSC"
  },
  {
    "id": "z50eep5y",
    "player": "TyPier",
    "player_location": "us",
    "region": "USA / NTSC"
  },
  {
    "id": "mr6e3kdm",
    "player": "DepressionEX",
    "player_location": "us",
    "region": "USA / NTSC"
  }
]