[
  {
    "id": "y4xo07qz",
    "player": "IzzyThePenguin",
    "player_location": "gb/eng",
    "region": "USA / NTSC"
  },
  {
    "id": "y67qe8qm",
    "player": "acegamersam",
    "player_location": "ca/qc",
    "region": "USA / NTSC"
  },
  {
    "id": "8m74woem",
    "player": "ekkosangen",
    "player_location": "ca",
    "region": "USA / NTSC"
  },
  {
    "id": "y8qno1dy",
    "player": "Gatorbox",
    "player_location": "us",
    "region": "USA / NTSC"
  },
  {
    "id": "zgqknley",
    "player": "manticor5",
    "player_location": "cl",
    "region": "USA / NTSC"
  },
  {
    "id": "y957wevz",
    "player": "fidx",
    "player_location": "br",
    "region": "JPN / NTSC"
  },
  {
    "id": "znr4x93y",
    "player": "z_tox",
    "player_location": "us",
    "region": "USA / NTSC"
  },
  {
    "id": "z5jg3ggm",
    "player": "PaulSaltine",
    "player_location": "ca",
    "region": "USA / NTSC"
  },
  {
    "id": "zprx1rvm",
    "player": "Dumple",
    "player_location": "us",
    "region": "JPN / NTSC"
  },
  {
    "id": "mr9j5egm",
    "player": "RitaH",
    "player_location": "br",
    "region": "USA / NTSC"
  },
  {
    "id": "yv95ggxz",
    "player": "kreestin",
    "player_location": "us",
    "region": "USA / NTSC"
  },
  {
    "id": "yl166ekm",
    "player": "Patersonman",
    "player_location": "ca",
    "region": "USA / NTSC"
  },
  {
    "id": "m36jg94m",
    "player": "garrek",
    "player_location": "es",
    "region": "EUR / PAL"
  },
  {
    "id": "zx8njnqm",
    "player": "ConfusedRoth",
    "player_location": "us",
    "region": "USA / NTSC"
  },
  {
    "id": "yln3nx3z",
    "player": "ShivaPSOBB",
    "player_location": "de",
    "region": "USA / NTSC"
  },
  {
    "id": "mkdxgv3y",
    "player": "iKiiQ",
    "player_location": "fr",
    "region": "EUR / PAL"
  },
  {
    "id": "y96118ky",
    "player": "tommy_ibrk",
    "player_location": "jp",
    "region": "USA / NTSC"
  }
]