[
  {
    "id": "zg743o0z",
    "player": "Darkhorse",
    "player_location": "us",
    "region": "USA / NTSC"
  },
  {
    "id": "z157e4jy",
    "player": "dou8le",
    "player_location": "us",
    "region": "USA / NTSC"
  },
  {
    "id": "znknxn8z",
    "player": "jellygoober",
    "player_location": "us",
    "region": null
  },
  {
    "id": "z50kp25y",
    "player": "Zuiopp",
    "player_location": "de",
    "region": "EUR / PAL"
  },
  {
    "id": "y8rde5nm",
    "player": "woodenspoon",
    "player_location": "us",
    "region": "USA / NTSC"
  },
  {
    "id": "zx6d57gz",
    "player": "MattyAlanEstock",
    "player_location": "us",
    "region": "USA / NTSC"
  },
  {
    "id": "yd929xwz",
    "player": "andypanther",
    "player_location": "ch",
    "region": "USA / NTSC"
  },
  {
    "id": "zn7w8gvm",
    "player": "BMac_Attack_64",
    "player_location": "us",
    "region": "USA / NTSC"
  }
]