[
  {
    "id": "y9lw08ny",
    "player": "manticor5",
    "player_location": "cl",
    "region": "USA / NTSC"
  },
  {
    "id": "y6l2v1jy",
    "player": "FelipeNascimento83",
    "player_location": "br",
    "region": "USA / NTSC"
  },
  {
    "id": "z054jj8m",
    "player": "Jesus82050615",
    "player_location": "ca/qc",
    "region": "USA / NTSC"
  },
  {
    "id": "zxgkqp5y",
    "player": "SoapyNome",
    "player_location": "us",
    "region": "USA / NTSC"
  },
  {
    "id": "y99wkwny",
    "player": "Commodore64Brannigan",
    "player_location": "gb/sct",
    "region": "USA / NTSC"
  },
  {
    "id": "yl7orrkm",
    "player": "grendalsbane",
    "player_location": "gb/eng",
    "region": "USA / NTSC"
  },
  {
    "id": "y20p4n6m",
    "player": "Patersonman",
    "player_location": "ca",
    "region": "USA / NTSC"
  },
  {
    "id": "m76g2n0y",
    "player": "pengge1981",
    "player_location": "cn",
    "region": "JPN / NTSC"
  }
]