[
  {
    "id": "m79qgw4y",
    "player": "aiqiyou",
    "player_location": null,
    "region": "JPN / NTSC"
  },
  {
    "id": "yl9e532y",
    "player": "83eggs",
    "player_location": "cn",
    "region": "JPN / NTSC"
  },
  {
    "id": "mek5jd0m",
    "player": "NihilistComedyHour",
    "player_location": "eo",
    "region": "JPN / NTSC"
  },
  {
    "id": "yl4krpxm",
    "player": "5mon",
    "player_location": "gb",
    "region": "JPN / NTSC"
  },
  {
    "id": "mred3k2y",
    "player": "spyriel",
    "player_location": "fi",
    "region": "JPN / NTSC"
  },
  {
    "id": "y9925wry",
    "player": "GonzaloRunner",
    "player_location": "ar",
    "region": "JPN / NTSC"
  },
  {
    "id": "ywkkd79y",
    "player": "Daroach",
    "player_location": "cn",
    "region": null
  },
  {
    "id": "m77xxl9m",
    "player": "JoePulito",
    "player_location": "us",
    "region": "JPN / NTSC"
  },
  {
    "id": "y203o6jm",
    "player": "konitama",
    "player_location": "jp",
    "region": "JPN / NTSC"
  },
  {
    "id": "zgq0dgjy",
    "player": "hobby_joggers",
    "player_location": "us",
    "region": "JPN / NTSC"
  }
]