[
  {
    "id": "zpq42gxy",
    "player": "LaurieDBunnykins",
    "player_location": "us",
    "region": "USA / NTSC"
  },
  {
    "id": "y8qrxnxy",
    "player": "dalebale",
    "player_location": "us",
    "region": "USA / NTSC"
  },
  {
    "id": "yvg25oey",
    "player": "Smajet",
    "player_location": "us",
    "region": "USA / NTSC"
  },
  {
    "id": "yvg0v26y",
    "player": "blueYOSHI",
    "player_location": "ch",
    "region": "USA / NTSC"
  },
  {
    "id": "mrq36n2y",
    "player": "Vyseoflegends9002",
    "player_location": "us",
    "region": "USA / NTSC"
  },
  {
    "id": "y8q56eny",
    "player": "KirbyQT",
    "player_location": "de",
    "region": "EUR / PAL"
  },
  {
    "id": "z5o9p45y",
    "player": "LeddaZ",
    "player_location": "it",
    "region": "EUR / PAL"
  },
  {
    "id": "me4j989y",
    "player": "FunkyYosh",
    "player_location": "be",
    "region": "EUR / PAL"
  },
  {
    "id": "zg7vp00z",
    "player": "hats_are_nice",
    "player_location": "us",
    "region": "USA / NTSC"
  },
  {
    "id": "ywpxrlpz",
    "player": "Otterstone_Gamer",
    "player_location": "us",
    "region": "USA / NTSC"
  },
  {
    "id": "m3ov366m",
    "player": "evilmask",
    "player_location": null,
    "region": "EUR / PAL"
  },
  {
    "id": "z51ke2jm",
    "player": "FieryVenom64",
    "player_location": "us",
    "region": "USA / NTSC"
  },
  {
    "id": "y2qwk59y",
    "player": "Thatchbro",
    "player_location": "no",
    "region": "EUR / PAL"
  },
  {
    "id": "mk9j0qvz",
    "player": "Caidren",
    "player_location": "us",
    "region": "USA / NTSC"
  },
  {
    "id": "y6lx911y",
    "player": "Mishka",
    "player_location": "no",
    "region": "USA / NTSC"
  },
  {
    "id": "yw4w7o2z",
    "player": "JezzaProto",
    "player_location": "gb/eng",
    "region": "EUR / PAL"
  },
  {
    "id": "y82nknny",
    "player": "7H3",
    "player_location": "ca",
    "region": null
  },
  {
    "id": "y6rknq1y",
    "player": "yoshiboi.official",
    "player_location": "us",
    "region": "USA / NTSC"
  },
  {
    "id": "yv2le9em",
    "player": "Ratusdu69",
    "player_location": "fr",
    "region": "EUR / PAL"
  },
  {
    "id": "me7vkx8y",
    "player": "GeneralJF",
    "player_location": "fr",
    "region": "EUR / PAL"
  },
  {
    "id": "y99743ey",
    "player": "killerkun...",
    "player_location": "jp",
    "region": "JPN / NTSC"
  },
  {
    "id": "mkg550xy",
    "player": "KAGIC",
    "player_location": "jp",
    "region": "JPN / NTSC"
  },
  {
    "id": "mkgeql3y",
    "player": "Yoshiabel",
    "player_location": "es/ct",
    "region": "EUR / PAL"
  },
  {
    "id": "mkgvwvvy",
    "player": "Yayamon",
    "player_location": "fr",
    "region": "EUR / PAL"
  },
  {
    "id": "y27q125z",
    "player": "Pivotlime",
    "player_location": "au",
    "region": "EUR / PAL"
  },
  {
    "id": "yvoeo18z",
    "player": "FrostySR",
    "player_location": null,
    "region": "EUR / PAL"
  },
  {
    "id": "zxl9plez",
    "player": "FreeFrance",
    "player_location": "us",
    "region": "USA / NTSC"
  },
  {
    "id": "mkexxnlm",
    "player": "carlos14",
    "player_location": null,
    "region": null
  },
  {
    "id": "yl79g22m",
    "player": "henrymac",
    "player_location": null,
    "region": null
  },
  {
    "id": "z1q3o2ry",
    "player": "IceBoundBelt110",
    "player_location": "us",
    "region": "USA / NTSC"
  }
]