[
  {
    "id": "jy903ey4",
    "player": "gonya707",
    "player_location": "es",
    "region": "USA / NTSC"
  },
  {
    "id": "8yv3474z",
    "player": "BmanRulesYou21",
    "player_location": "us",
    "region": "JPN / NTSC"
  },
  {
    "id": "zpqnl7ry",
    "player": "eednob",
    "player_location": "us",
    "region": "USA / NTSC"
  },
  {
    "id": "8y8lo6wm",
    "player": "OTFree",
    "player_location": "us",
    "region": "USA / NTSC"
  },
  {
    "id": "yw4l903z",
    "player": "SRGTsilent",
    "player_location": "us",
    "region": "JPN / NTSC"
  },
  {
    "id": "zx7nex8y",
    "player": "Bobbykaze",
    "player_location": "ca",
    "region": "USA / NTSC"
  },
  {
    "id": "yvolppoz",
    "player": "0DaphPunk0",
    "player_location": "us",
    "region": "USA / NTSC"
  },
  {
    "id": "yd1k97jy",
    "player": "zazami",
    "player_location": "jp",
    "region": "JPN / NTSC"
  }
]