[
  {
    "id": "m799o30y",
    "player": "Drazerk",
    "player_location": "gb/eng",
    "region": "EUR / PAL"
  },
  {
    "id": "mekkgw9m",
    "player": "Saiyanz",
    "player_location": "au",
    "region": null
  },
  {
    "id": "m312l66z",
    "player": "ColeQuil",
    "player_location": "us",
    "region": "USA / NTSC"
  },
  {
    "id": "0zn0eg9y",
    "player": "Irico358",
    "player_location": null,
    "region": "USA / NTSC"
  },
  {
    "id": "nz1xk7jm",
    "player": "Bl00dyBizkitz",
    "player_location": "us",
    "region": "USA / NTSC"
  },
  {
    "id": "y925xerz",
    "player": "WolfL1nk",
    "player_location": "de",
    "region": "USA / NTSC"
  },
  {
    "id": "y6lkvr0y",
    "player": "desa",
    "player_location": "de",
    "region": "EUR / PAL"
  },
  {
    "id": "yvjl6doy",
    "player": "Sonicshadowsilver2",
    "player_location": "us",
    "region": "USA / NTSC"
  },
  {
    "id": "y89nv5xm",
    "player": "irico358",
    "player_location": null,
    "region": null
  },
  {
    "id": "yj4o2o7y",
    "player": "Gonenow",
    "player_location": null,
    "region": "JPN / NTSC"
  },
  {
    "id": "zqrj4oxy",
    "player": "InsertLogic",
    "player_location": "je",
    "region": "EUR / PAL"
  },
  {
    "id": "yv65248z",
    "player": "Rafarquero",
    "player_location": "es",
    "region": "USA / NTSC"
  },
  {
    "id": "y2x91k5m",
    "player": "RapidRecharge",
    "player_location": "us",
    "region": "USA / NTSC"
  },
  {
    "id": "y4x98vdz",
    "player": "imjv08",
    "player_location": "us",
    "region": "USA / NTSC"
  },
  {
    "id": "y9xjqkvy",
    "player": "Ivanavi",
    "player_location": "es",
    "region": "EUR / PAL"
  }
]