[
  {
    "id": "0y6x2py7",
    "player": "Sny8",
    "player_location": "fr",
    "region": "USA / NTSC"
  },
  {
    "id": "pm3jljqz",
    "player": "Anwonu",
    "player_location": "br",
    "region": "USA / NTSC"
  },
  {
    "id": "1zqo7qxy",
    "player": "Kinnin11",
    "player_location": "nl",
    "region": "JPN / NTSC"
  },
  {
    "id": "2ywvn0z4",
    "player": "romscout",
    "player_location": "us",
    "region": null
  },
  {
    "id": "6yj8wgmd",
    "player": "Sventy",
    "player_location": null,
    "region": null
  },
  {
    "id": "pzggjqdz",
    "player": "kirbymastah",
    "player_location": "us",
    "region": "USA / NTSC"
  },
  {
    "id": "y9l19dey",
    "player": "Mr_Shasta",
    "player_location": "us",
    "region": "KOR / NTSC"
  },
  {
    "id": "6yjkpn7m",
    "player": "Kobral",
    "player_location": "de",
    "region": "EUR / PAL"
  },
  {
    "id": "pm3d2lqz",
    "player": "J2xp",
    "player_location": "us",
    "region": "USA / NTSC"
  },
  {
    "id": "z5o979ey",
    "player": "Theguesst",
    "player_location": "us",
    "region": "JPN / NTSC"
  },
  {
    "id": "wzpqj7gy",
    "player": "Allegro",
    "player_location": "us",
    "region": "USA / NTSC"
  },
  {
    "id": "8m7qwj5z",
    "player": "Broedgeman",
    "player_location": "de",
    "region": "EUR / PAL"
  },
  {
    "id": "oy2vx19z",
    "player": "thelvl99charmander",
    "player_location": "us",
    "region": "USA / NTSC"
  },
  {
    "id": "9yoo29jy",
    "player": "Rallis",
    "player_location": "us",
    "region": "USA / NTSC"
  },
  {
    "id": "0zn63rly",
    "player": "T-Trax",
    "player_location": "ca",
    "region": "USA / NTSC"
  },
  {
    "id": "nz1j5vjz",
    "player": "eddiesaurus87",
    "player_location": "us",
    "region": "USA / NTSC"
  },
  {
    "id": "0znr7g9y",
    "player": "TheFredster32",
    "player_location": null,
    "region": null
  },
  {
    "id": "dy4wv6nm",
    "player": "MOOSEWHISKER",
    "player_location": null,
    "region": "USA / NTSC"
  },
  {
    "id": "1zxlklgz",
    "player": "Fredward",
    "player_location": "us",
    "region": "USA / NTSC"
  },
  {
    "id": "2yw31x0m",
    "player": "mamgar",
    "player_location": "us",
    "region": "USA / NTSC"
  },
  {
    "id": "pyd099vz",
    "player": "MutantCreeper",
    "player_location": "us",
    "region": "USA / NTSC"
  },
  {
    "id": "y236g49m",
    "player": "ProfanedGlitch",
    "player_location": "us",
    "region": "JPN / NTSC"
  },
  {
    "id": "2ywq2w3y",
    "player": "blimlimlim",
    "player_location": "us",
    "region": "USA / NTSC"
  },
  {
    "id": "jy9n05ez",
    "player": "Lyrae",
    "player_location": "fr",
    "region": null
  },
  {
    "id": "oy2v6dwz",
    "player": "limga",
    "player_location": "ph",
    "region": "USA / NTSC"
  },
  {
    "id": "7z0rdd9z",
    "player": "Glass",
    "player_location": "us",
    "region": "USA / NTSC"
  },
  {
    "id": "jy9vrgrm",
    "player": "dekutony",
    "player_location": "gt",
    "region": "USA / NTSC"
  },
  {
    "id": "pyd157vy",
    "player": "Woutt64",
    "player_location": "be",
    "region": "EUR / PAL"
  },
  {
    "id": "emk5wrlm",
    "player": "LivingTimeLord",
    "player_location": "us",
    "region": null
  },
  {
    "id": "1zqlnl5y",
    "player": "flatline",
    "player_location": "gl",
    "region": "USA / NTSC"
  },
  {
    "id": "nz12dxry",
    "player": "Scraf",
    "player_location": "us",
    "region": "USA / NTSC"
  },
  {
    "id": "7z0o0vjz",
    "player": "Envy_Wabbit",
    "player_location": "us",
    "region": "USA / NTSC"
  },
  {
    "id": "8yv8rjom",
    "player": "Kyzirado",
    "player_location": null,
    "region": "JPN / NTSC"
  },
  {
    "id": "y8qeo7xy",
    "player": "ahbeef",
    "player_location": "us",
    "region": "USA / NTSC"
  },
  {
    "id": "emkv2r1y",
    "player": "Gabgab2222",
    "player_location": "ca/qc",
    "region": "USA / NTSC"
  },
  {
    "id": "7z0npd8m",
    "player": "Granolant",
    "player_location": "us",
    "region": "USA / NTSC"
  },
  {
    "id": "pydjoejy",
    "player": "GoombaMaster636",
    "player_location": "us",
    "region": "USA / NTSC"
  },
  {
    "id": "m78rj74z",
    "player": "tails41yoshi",
    "player_location": "pt",
    "region": "USA / NTSC"
  },
  {
    "id": "0znv0d3m",
    "player": "Viviana",
    "player_location": "us",
    "region": "USA / NTSC"
  },
  {
    "id": "y8qve6xy",
    "player": "GamersGame227",
    "player_location": "us",
    "region": null
  },
  {
    "id": "pzgejvdy",
    "player": "Zwataketa",
    "player_location": "us",
    "region": "USA / NTSC"
  },
  {
    "id": "pm3q8e6y",
    "player": "Azumarill",
    "player_location": "ca",
    "region": "USA / NTSC"
  },
  {
    "id": "8m73rqwy",
    "player": "Veiyr",
    "player_location": "us",
    "region": "USA / NTSC"
  },
  {
    "id": "y456kdnm",
    "player": "Booo_",
    "player_location": "us",
    "region": "USA / NTSC"
  },
  {
    "id": "yojqxr0m",
    "player": "KentuckyWallChicken",
    "player_location": "us",
    "region": "USA / NTSC"
  },
  {
    "id": "0y6qlrjz",
    "player": "micajoeh",
    "player_location": "ca",
    "region": "EUR / PAL"
  },
  {
    "id": "6yjodkdz",
    "player": "ThinMintGod",
    "player_location": "us",
    "region": null
  },
  {
    "id": "1zq8999z",
    "player": "RainbowQuartz",
    "player_location": "us",
    "region": "USA / NTSC"
  },
  {
    "id": "mr83pv4y",
    "player": "Radio16",
    "player_location": "us",
    "region": "USA / NTSC"
  },
  {
    "id": "7z0dgd9y",
    "player": "MrPandaBear321",
    "player_location": "us",
    "region": "USA / NTSC"
  },
  {
    "id": "yo45j2jm",
    "player": "AaroNX",
    "player_location": "us",
    "region": "USA / NTSC"
  },
  {
    "id": "6yjqq6dm",
    "player": "SwagMuffin",
    "player_location": "ca",
    "region": "USA / NTSC"
  },
  {
    "id": "pm3jjo4z",
    "player": "Docile_Pillow",
    "player_location": "us",
    "region": "USA / NTSC"
  },
  {
    "id": "pm3vl76z",
    "player": "GarbitheGlitcheress",
    "player_location": "us",
    "region": "JPN / NTSC"
  },
  {
    "id": "pydl7vxz",
    "player": "Abyssal_Neptune",
    "player_location": "us",
    "region": "USA / NTSC"
  },
  {
    "id": "1zq237xz",
    "player": "Ventus",
    "player_location": "us",
    "region": "USA / NTSC"
  },
  {
    "id": "0zn9k3ly",
    "player": "Patafoin",
    "player_location": "fr",
    "region": "EUR / PAL"
  },
  {
    "id": "8m7eo9ez",
    "player": "Aphid-Kirby",
    "player_location": null,
    "region": "USA / NTSC"
  },
  {
    "id": "9yoen40z",
    "player": "Kaons",
    "player_location": "us",
    "region": "JPN / NTSC"
  },
  {
    "id": "pm3v1e6z",
    "player": "ryji",
    "player_location": null,
    "region": "USA / NTSC"
  },
  {
    "id": "dy4n7ndm",
    "player": "IblisTheIblis",
    "player_location": null,
    "region": "USA / NTSC"
  },
  {
    "id": "nz17nj7z",
    "player": "Dawgup",
    "player_location": "us",
    "region": "USA / NTSC"
  },
  {
    "id": "8m7vnv0m",
    "player": "DoubleFire",
    "player_location": "us",
    "region": "USA / NTSC"
  },
  {
    "id": "y6794rjm",
    "player": "IlluminaTea",
    "player_location": "us",
    "region": "USA / NTSC"
  },
  {
    "id": "oy28ow7y",
    "player": "Miles.exe",
    "player_location": "us",
    "region": "USA / NTSC"
  },
  {
    "id": "wzp505vy",
    "player": "Galliro",
    "player_location": "ca",
    "region": "USA / NTSC"
  },
  {
    "id": "y974v6vm",
    "player": "GoodNight",
    "player_location": "us",
    "region": "USA / NTSC"
  },
  {
    "id": "6yjrv4gz",
    "player": "Solmization",
    "player_location": "us",
    "region": "USA / NTSC"
  },
  {
    "id": "wzpel18y",
    "player": "Virizic",
    "player_location": "us",
    "region": "USA / NTSC"
  },
  {
    "id": "9yogno7m",
    "player": "fence123",
    "player_location": "us",
    "region": "USA / NTSC"
  },
  {
    "id": "yo431r1m",
    "player": "Volcarona333",
    "player_location": "ca",
    "region": "USA / NTSC"
  },
  {
    "id": "pydkneqm",
    "player": "The_KillR_vibE",
    "player_location": "us",
    "region": "USA / NTSC"
  },
  {
    "id": "yj4dp4gy",
    "player": "Garry2scary",
    "player_location": "ca",
    "region": "USA / NTSC"
  },
  {
    "id": "ydqqr30m",
    "player": "_-_STAR_fox_-_",
    "player_location": "us",
    "region": "USA / NTSC"
  },
  {
    "id": "m3ddr9qz",
    "player": "CGsadboy",
    "player_location": null,
    "region": "USA / NTSC"
  },
  {
    "id": "y677e30m",
    "player": "Laser-face",
    "player_location": "us",
    "region": "USA / NTSC"
  },
  {
    "id": "y977wgkm",
    "player": "BirdyBlaze",
    "player_location": null,
    "region": "USA / NTSC"
  },
  {
    "id": "mekkq3qm",
    "player": "Evsid",
    "player_location": "us",
    "region": "USA / NTSC"
  },
  {
    "id": "y23qdw7m",
    "player": "Primal-Spire",
    "player_location": "us",
    "region": "USA / NTSC"
  },
  {
    "id": "m3dogxdz",
    "player": "DuckHuntDork",
    "player_location": "us",
    "region": "USA / NTSC"
  },
  {
    "id": "zxv4j6gy",
    "player": "QuaintDeath",
    "player_location": "us",
    "region": "USA / NTSC"
  },
  {
    "id": "z13qk7jm",
    "player": "MKCocoon",
    "player_location": "ca",
    "region": "USA / NTSC"
  },
  {
    "id": "y453j43m",
    "player": "AstralHoatzin",
    "player_location": "us",
    "region": "USA / NTSC"
  },
  {
    "id": "mrqe8x4y",
    "player": "RB04",
    "player_location": null,
    "region": "USA / NTSC"
  },
  {
    "id": "m7p94x5m",
    "player": "lordand98",
    "player_location": "us",
    "region": null
  },
  {
    "id": "yo42e91m",
    "player": "MasterOfCubes",
    "player_location": "us",
    "region": "USA / NTSC"
  },
  {
    "id": "zpq0o68y",
    "player": "tachuri",
    "player_location": "us",
    "region": "USA / NTSC"
  },
  {
    "id": "ydq6dnvm",
    "player": "Thatchbro",
    "player_location": "no",
    "region": "USA / NTSC"
  },
  {
    "id": "zq6rvk8y",
    "player": "chooch23",
    "player_location": "us",
    "region": "USA / NTSC"
  },
  {
    "id": "yv6g3dez",
    "player": "localmocal",
    "player_location": "us",
    "region": "JPN / NTSC"
  },
  {
    "id": "z5oe7ddy",
    "player": "Zoroarkfilms",
    "player_location": "us",
    "region": "USA / NTSC"
  },
  {
    "id": "z0e54l8m",
    "player": "Okamikaras",
    "player_location": "us",
    "region": "USA / NTSC"
  },
  {
    "id": "mek6vjqm",
    "player": "Lambda",
    "player_location": "us",
    "region": "USA / NTSC"
  },
  {
    "id": "mk71q2vy",
    "player": "MuteD",
    "player_location": "us",
    "region": "USA / NTSC"
  },
  {
    "id": "z5o218gy",
    "player": "JoeyS111",
    "player_location": "us",
    "region": "USA / NTSC"
  },
  {
    "id": "z0e969em",
    "player": "ViviBloom",
    "player_location": "us",
    "region": "USA / NTSC"
  },
  {
    "id": "z13o289m",
    "player": "coolamp",
    "player_location": "us",
    "region": "USA / NTSC"
  },
  {
    "id": "zgnvdojy",
    "player": "brycen01",
    "player_location": "us",
    "region": "USA / NTSC"
  },
  {
    "id": "z5o327gy",
    "player": "Xechwill",
    "player_location": "us",
    "region": "USA / NTSC"
  },
  {
    "id": "y81px6wz",
    "player": "GijsVanDenBroek",
    "player_location": "nl",
    "region": "EUR / PAL"
  },
  {
    "id": "m79e7xwy",
    "player": "Avgn_Gamer",
    "player_location": "us",
    "region": "USA / NTSC"
  },
  {
    "id": "m3o3dn6m",
    "player": "BCP",
    "player_location": "hk",
    "region": "USA / NTSC"
  },
  {
    "id": "yo4dn47m",
    "player": "ExecutiveElf",
    "player_location": "us",
    "region": "USA / NTSC"
  },
  {
    "id": "zpqee2vy",
    "player": "SYZekrom",
    "player_location": "ca",
    "region": "USA / NTSC"
  },
  {
    "id": "y230vd5m",
    "player": "Epicpokefan13",
    "player_location": "us",
    "region": "USA / NTSC"
  },
  {
    "id": "zxvordgy",
    "player": "TwilightKing432",
    "player_location": "us",
    "region": "USA / NTSC"
  },
  {
    "id": "y8qj251y",
    "player": "FruityDee",
    "player_location": "do",
    "region": "USA / NTSC"
  },
  {
    "id": "y97l61km",
    "player": "Ps3pic",
    "player_location": "us",
    "region": "USA / NTSC"
  },
  {
    "id": "mek341qm",
    "player": "Merb1000",
    "player_location": "us",
    "region": "USA / NTSC"
  },
  {
    "id": "yl97683y",
    "player": "Glazetrodon",
    "player_location": "us",
    "region": "USA / NTSC"
  },
  {
    "id": "yl433p2m",
    "player": "RothXQuasar",
    "player_location": "us",
    "region": "USA / NTSC"
  },
  {
    "id": "y8q033xy",
    "player": "Ruma05",
    "player_location": "jp",
    "region": "JPN / NTSC"
  },
  {
    "id": "zn89v1vz",
    "player": "Morpha64",
    "player_location": "us",
    "region": "USA / NTSC"
  },
  {
    "id": "mekl8d0m",
    "player": "JasenTheTimeWizard",
    "player_location": "us",
    "region": "USA / NTSC"
  },
  {
    "id": "yw1npg0z",
    "player": "Snappey",
    "player_location": "gb",
    "region": "EUR / PAL"
  },
  {
    "id": "z0ed5l4m",
    "player": "Samster68",
    "player_location": "us",
    "region": "USA / NTSC"
  },
  {
    "id": "z0e46p4m",
    "player": "Haxacube",
    "player_location": "ca",
    "region": "USA / NTSC"
  },
  {
    "id": "yv6d1oez",
    "player": "piersontheraven",
    "player_location": "us",
    "region": "USA / NTSC"
  },
  {
    "id": "yo4g367m",
    "player": "Nattooooo",
    "player_location": "jp",
    "region": null
  },
  {
    "id": "z5oggldy",
    "player": "explosion47",
    "player_location": null,
    "region": "USA / NTSC"
  },
  {
    "id": "y8qoj41y",
    "player": "AidanMse",
    "player_location": "ca",
    "region": "USA / NTSC"
  },
  {
    "id": "m33okgdm",
    "player": "mixto83",
    "player_location": "es",
    "region": null
  },
  {
    "id": "yl9jq5ny",
    "player": "scuba_doo",
    "player_location": "us",
    "region": "USA / NTSC"
  },
  {
    "id": "mrqdj58y",
    "player": "DanitheDemon",
    "player_location": "us",
    "region": "USA / NTSC"
  },
  {
    "id": "yvgep0ey",
    "player": "wooperpls",
    "player_location": "us",
    "region": "USA / NTSC"
  },
  {
    "id": "mek27w3m",
    "player": "enigma380",
    "player_location": "us",
    "region": "USA / NTSC"
  },
  {
    "id": "mekp5v9m",
    "player": "Jurekmc",
    "player_location": "es",
    "region": "USA / NTSC"
  },
  {
    "id": "z130rn9m",
    "player": "4",
    "player_location": null,
    "region": "EUR / PAL"
  },
  {
    "id": "z11d947z",
    "player": "liklbit01",
    "player_location": null,
    "region": null
  },
  {
    "id": "zg7qp80z",
    "player": "Sylvie010",
    "player_location": "us",
    "region": "JPN / NTSC"
  },
  {
    "id": "yo48x20m",
    "player": "SawaYoshi",
    "player_location": "jp",
    "region": "JPN / NTSC"
  },
  {
    "id": "z03egwez",
    "player": "LiveCrimson",
    "player_location": "ca",
    "region": null
  },
  {
    "id": "y674dopm",
    "player": "HyrulianPichu",
    "player_location": null,
    "region": null
  },
  {
    "id": "mk94voxz",
    "player": "Hobez",
    "player_location": "us",
    "region": "USA / NTSC"
  },
  {
    "id": "mk4n2wly",
    "player": "Megalo314",
    "player_location": null,
    "region": "JPN / NTSC"
  },
  {
    "id": "y674n86m",
    "player": "Narvy",
    "player_location": "br",
    "region": "USA / NTSC"
  },
  {
    "id": "z134r2gm",
    "player": "ooinuDK",
    "player_location": "jp",
    "region": "JPN / NTSC"
  },
  {
    "id": "yo4g6p7m",
    "player": "Super10ZX",
    "player_location": null,
    "region": "USA / NTSC"
  },
  {
    "id": "yjkvrldm",
    "player": "DeltaKrow",
    "player_location": "br",
    "region": "USA / NTSC"
  },
  {
    "id": "zq6on71y",
    "player": "LunarDragon91",
    "player_location": "us",
    "region": "USA / NTSC"
  },
  {
    "id": "y97r21vm",
    "player": "Seponebobuass",
    "player_location": "id",
    "region": "USA / NTSC"
  },
  {
    "id": "yl98gqny",
    "player": "B31JS",
    "player_location": "us",
    "region": "USA / NTSC"
  },
  {
    "id": "y4392qdz",
    "player": "Spacenin",
    "player_location": "us",
    "region": "USA / NTSC"
  },
  {
    "id": "y6pp4kpm",
    "player": "PinkCow",
    "player_location": "us",
    "region": "USA / NTSC"
  },
  {
    "id": "y89qqv1m",
    "player": "TheLaggingGamer",
    "player_location": "us",
    "region": "USA / NTSC"
  },
  {
    "id": "yo2j6w1z",
    "player": "DeratedDesign",
    "player_location": "us",
    "region": "USA / NTSC"
  },
  {
    "id": "z1116lrz",
    "player": "Victikirby15",
    "player_location": "us",
    "region": "USA / NTSC"
  },
  {
    "id": "z50419jy",
    "player": "StarPower117",
    "player_location": "us",
    "region": null
  },
  {
    "id": "yodok4dm",
    "player": "moto",
    "player_location": "jp",
    "region": "JPN / NTSC"
  },
  {
    "id": "yvj3l2ey",
    "player": "D_E_S_P_A_C_I_TO",
    "player_location": "us",
    "region": "USA / NTSC"
  },
  {
    "id": "y925qknz",
    "player": "EvasyGD",
    "player_location": "us",
    "region": "USA / NTSC"
  },
  {
    "id": "zx42kdey",
    "player": "Mr.Plebian101",
    "player_location": "us",
    "region": "USA / NTSC"
  },
  {
    "id": "m3o5gn4m",
    "player": "Yoshister",
    "player_location": "us",
    "region": "USA / NTSC"
  },
  {
    "id": "zp0lkxgm",
    "player": "purplephoton",
    "player_location": "us",
    "region": "JPN / NTSC"
  },
  {
    "id": "mk9364xz",
    "player": "1-STAR",
    "player_location": "fr",
    "region": "EUR / PAL"
  },
  {
    "id": "y89v3g5m",
    "player": "Meatshack",
    "player_location": "us",
    "region": "USA / NTSC"
  },
  {
    "id": "yv3o6xez",
    "player": "takka",
    "player_location": "jp",
    "region": "JPN / NTSC"
  },
  {
    "id": "me89dxqm",
    "player": "IrmaoDoBlumi",
    "player_location": "br",
    "region": "USA / NTSC"
  },
  {
    "id": "mk9g565z",
    "player": "BlumiTheGhost",
    "player_location": "br",
    "region": "USA / NTSC"
  },
  {
    "id": "mk97pgvz",
    "player": "PandicMan",
    "player_location": "de",
    "region": "EUR / PAL"
  },
  {
    "id": "y89vln1m",
    "player": "SpicyMan",
    "player_location": "us",
    "region": "USA / NTSC"
  },
  {
    "id": "zn412gvm",
    "player": "Sundust",
    "player_location": "sg",
    "region": null
  },
  {
    "id": "yo26rr0z",
    "player": "Coolguy1260",
    "player_location": "us",
    "region": "USA / NTSC"
  },
  {
    "id": "zq3v9n9y",
    "player": "MetaKnight256",
    "player_location": "us",
    "region": "USA / NTSC"
  },
  {
    "id": "yo26gw0z",
    "player": "Steeeeeee",
    "player_location": "us",
    "region": "USA / NTSC"
  },
  {
    "id": "zq309ery",
    "player": "Toddles9",
    "player_location": "us",
    "region": "USA / NTSC"
  },
  {
    "id": "y2qgn27y",
    "player": "Kankato",
    "player_location": null,
    "region": null
  },
  {
    "id": "y43qjv2z",
    "player": "JustLeeBelmont",
    "player_location": "pr",
    "region": "USA / NTSC"
  },
  {
    "id": "yo2dnx1z",
    "player": "AsrielDreemurrBR",
    "player_location": "br",
    "region": "EUR / PAL"
  },
  {
    "id": "mk2gr33m",
    "player": "dads_cookies",
    "player_location": "ca",
    "region": "USA / NTSC"
  },
  {
    "id": "z03qq8jz",
    "player": "Fearunit",
    "player_location": "us",
    "region": "USA / NTSC"
  },
  {
    "id": "y2qj099y",
    "player": "TheBlumlink99",
    "player_location": "fr",
    "region": "EUR / PAL"
  },
  {
    "id": "m7qq2dwz",
    "player": "CinnamonStyx",
    "player_location": null,
    "region": "USA / NTSC"
  },
  {
    "id": "zg70e7jz",
    "player": "Darkmon",
    "player_location": "us",
    "region": "USA / NTSC"
  },
  {
    "id": "me82g0qm",
    "player": "Just0so",
    "player_location": "us",
    "region": "USA / NTSC"
  },
  {
    "id": "zgker5vy",
    "player": "redyoshi777",
    "player_location": "us",
    "region": "USA / NTSC"
  },
  {
    "id": "mk91383z",
    "player": "Tinho",
    "player_location": "us",
    "region": "USA / NTSC"
  },
  {
    "id": "y21d4q5z",
    "player": "Shiny",
    "player_location": "us",
    "region": "USA / NTSC"
  },
  {
    "id": "z11v6njz",
    "player": "Crispyboi1990",
    "player_location": "ca",
    "region": null
  },
  {
    "id": "ywp2ropz",
    "player": "Speedrunner0218",
    "player_location": "us",
    "region": "USA / NTSC"
  },
  {
    "id": "zx400k5y",
    "player": "Jet217974",
    "player_location": "us",
    "region": "USA / NTSC"
  },
  {
    "id": "y8277wxy",
    "player": "brendo2505",
    "player_location": null,
    "region": "USA / NTSC"
  },
  {
    "id": "mexrr2qz",
    "player": "WoofMasterArf",
    "player_location": "us",
    "region": "USA / NTSC"
  },
  {
    "id": "yl48gg3m",
    "player": "ptoil",
    "player_location": "us",
    "region": "USA / NTSC"
  },
  {
    "id": "zq3o031y",
    "player": "sodesuka",
    "player_location": "co",
    "region": "USA / NTSC"
  },
  {
    "id": "yd3kddwz",
    "player": "Joebone",
    "player_location": "us",
    "region": "USA / NTSC"
  },
  {
    "id": "zx4ex2ky",
    "player": "Zorroark",
    "player_location": "au",
    "region": "EUR / PAL"
  },
  {
    "id": "y95on5nz",
    "player": "bnmc",
    "player_location": "us",
    "region": "USA / NTSC"
  },
  {
    "id": "mk225j3m",
    "player": "jag2791",
    "player_location": "ca",
    "region": "USA / NTSC"
  },
  {
    "id": "zp4lnv8z",
    "player": "Stegoratops",
    "player_location": null,
    "region": "EUR / PAL"
  },
  {
    "id": "y6ld23jy",
    "player": "when_unique_username",
    "player_location": "us",
    "region": "USA / NTSC"
  },
  {
    "id": "m7q800ez",
    "player": "bluerapids12",
    "player_location": "us",
    "region": "USA / NTSC"
  },
  {
    "id": "y81vx81z",
    "player": "waddledee6",
    "player_location": "ca",
    "region": "USA / NTSC"
  },
  {
    "id": "yv3o2nez",
    "player": "EerieMaizono",
    "player_location": "nl",
    "region": "EUR / PAL"
  },
  {
    "id": "z012v14y",
    "player": "DonutSpood02",
    "player_location": "ca",
    "region": null
  },
  {
    "id": "zgkq6dvy",
    "player": "CathyCat",
    "player_location": "us",
    "region": null
  },
  {
    "id": "mr6xd72m",
    "player": "warmersnow",
    "player_location": "us",
    "region": "USA / NTSC"
  },
  {
    "id": "z5728xnm",
    "player": "Viteza777",
    "player_location": "us",
    "region": "USA / NTSC"
  },
  {
    "id": "yl07x43y",
    "player": "Immazamasu",
    "player_location": "nl",
    "region": "USA / NTSC"
  },
  {
    "id": "mrexj2dy",
    "player": "Coolgum15",
    "player_location": "us",
    "region": "USA / NTSC"
  },
  {
    "id": "y4wk9jdm",
    "player": "Idratherbedead9",
    "player_location": "us",
    "region": "USA / NTSC"
  },
  {
    "id": "z059np4m",
    "player": "MrRibcage",
    "player_location": "ca",
    "region": "USA / NTSC"
  },
  {
    "id": "yd6n81wz",
    "player": "Hibnotix",
    "player_location": "gb",
    "region": "EUR / PAL"
  },
  {
    "id": "z010wo4y",
    "player": "7C",
    "player_location": "jp",
    "region": "JPN / NTSC"
  },
  {
    "id": "ylvx32nm",
    "player": "alexb.1721",
    "player_location": "mx",
    "region": "USA / NTSC"
  },
  {
    "id": "mk21loxm",
    "player": "Wilsondude",
    "player_location": "us",
    "region": "USA / NTSC"
  },
  {
    "id": "zxkx91km",
    "player": "Chuterix",
    "player_location": "us",
    "region": "USA / NTSC"
  },
  {
    "id": "z1j6rgrz",
    "player": "Edwordo13",
    "player_location": "us",
    "region": "USA / NTSC"
  },
  {
    "id": "y6r5lrpy",
    "player": "ShyBombSexy",
    "player_location": "br",
    "region": "EUR / PAL"
  },
  {
    "id": "y82xrvdy",
    "player": "cabbage_tamana",
    "player_location": "jp",
    "region": "JPN / NTSC"
  },
  {
    "id": "yojq75dm",
    "player": "ao2425",
    "player_location": "jp",
    "region": "JPN / NTSC"
  },
  {
    "id": "y81n7wxz",
    "player": "DotMP5",
    "player_location": null,
    "region": "EUR / PAL"
  },
  {
    "id": "z57wewgm",
    "player": "Borb1048",
    "player_location": "us",
    "region": "USA / NTSC"
  },
  {
    "id": "z1j47dgz",
    "player": "Guilherme945",
    "player_location": "br",
    "region": "USA / NTSC"
  },
  {
    "id": "ywq79wny",
    "player": "XenoTriggerEevee",
    "player_location": "us",
    "region": "USA / NTSC"
  },
  {
    "id": "y823rgxy",
    "player": "TheDoc789",
    "player_location": "us",
    "region": "USA / NTSC"
  },
  {
    "id": "z15dwwgy",
    "player": "Yumba",
    "player_location": "us",
    "region": "USA / NTSC"
  },
  {
    "id": "zqw3rvxz",
    "player": "MarshAngelArt",
    "player_location": "gb/eng",
    "region": "USA / NTSC"
  },
  {
    "id": "z15rodgy",
    "player": "zigzagoon11",
    "player_location": "es",
    "region": "EUR / PAL"
  },
  {
    "id": "z5jdjnem",
    "player": "Dinomighty",
    "player_location": null,
    "region": "USA / NTSC"
  },
  {
    "id": "y4wq122m",
    "player": "aidanbraidan",
    "player_location": "us",
    "region": "USA / NTSC"
  },
  {
    "id": "zx26k6em",
    "player": "machi2244",
    "player_location": "jp",
    "region": "JPN / NTSC"
  },
  {
    "id": "mk3rq15z",
    "player": "Shiro785",
    "player_location": "jp",
    "region": "JPN / NTSC"
  },
  {
    "id": "yw80l32y",
    "player": "JacobA",
    "player_location": "us",
    "region": "USA / NTSC"
  },
  {
    "id": "yvo2d46z",
    "player": "Nippo",
    "player_location": "us",
    "region": "KOR / NTSC"
  },
  {
    "id": "z057r48m",
    "player": "rust_ay",
    "player_location": "us",
    "region": "JPN / NTSC"
  },
  {
    "id": "m7g67d4m",
    "player": "Danny_inaba",
    "player_location": "jp",
    "region": "JPN / NTSC"
  },
  {
    "id": "y65n511z",
    "player": "u1kirby",
    "player_location": "jp",
    "region": "JPN / NTSC"
  },
  {
    "id": "zpr2lwnm",
    "player": "rexbot2",
    "player_location": "us",
    "region": "USA / NTSC"
  },
  {
    "id": "yw83663y",
    "player": "A.R.",
    "player_location": "us",
    "region": "JPN / NTSC"
  },
  {
    "id": "mk3kdr3z",
    "player": "Zarcam",
    "player_location": "es",
    "region": "EUR / PAL"
  },
  {
    "id": "y82x2q1y",
    "player": "Shaboomski919",
    "player_location": "ca",
    "region": "USA / NTSC"
  },
  {
    "id": "znkj99vz",
    "player": "SonicBlur23",
    "player_location": "ca",
    "region": "USA / NTSC"
  },
  {
    "id": "mk3vjo1z",
    "player": "DarkNess102",
    "player_location": "pe",
    "region": null
  },
  {
    "id": "zqwjov5z",
    "player": "Lustrijilla",
    "player_location": "es",
    "region": "EUR / PAL"
  },
  {
    "id": "z5jpg4dm",
    "player": "SpaceViking1411",
    "player_location": "nl",
    "region": "EUR / PAL"
  },
  {
    "id": "z05qq48m",
    "player": "warpynstar",
    "player_location": "us",
    "region": "USA / NTSC"
  },
  {
    "id": "mk5462vm",
    "player": "HIKARU",
    "player_location": "kr",
    "region": "KOR / NTSC"
  },
  {
    "id": "y2d158jz",
    "player": "Fuzz409",
    "player_location": "ca",
    "region": null
  },
  {
    "id": "y658ex0z",
    "player": "Demolition14",
    "player_location": "gb/eng",
    "region": "JPN / NTSC"
  },
  {
    "id": "z5j90knm",
    "player": "UmbreSR",
    "player_location": "us",
    "region": "USA / NTSC"
  },
  {
    "id": "znk5n2vz",
    "player": "zLooke",
    "player_location": "us",
    "region": "USA / NTSC"
  },
  {
    "id": "mr976q2m",
    "player": "Future34",
    "player_location": "gb/eng",
    "region": "USA / NTSC"
  },
  {
    "id": "y90r6evy",
    "player": "TimSin",
    "player_location": "us",
    "region": "USA / NTSC"
  },
  {
    "id": "y2dd1x5z",
    "player": "KirbySSU",
    "player_location": "us",
    "region": "USA / NTSC"
  },
  {
    "id": "m37v4x4z",
    "player": "Wakaza",
    "player_location": "jp",
    "region": "KOR / NTSC"
  },
  {
    "id": "zq4wev8m",
    "player": "Sonicrojas321",
    "player_location": "mx",
    "region": "USA / NTSC"
  },
  {
    "id": "y8r1grxm",
    "player": "Kryuga",
    "player_location": "ca",
    "region": "USA / NTSC"
  },
  {
    "id": "mr9kjl8m",
    "player": "MusiQuil",
    "player_location": "us",
    "region": "USA / NTSC"
  },
  {
    "id": "y4ewq7nm",
    "player": "WolfQueenKyuri",
    "player_location": null,
    "region": "USA / NTSC"
  },
  {
    "id": "ywdd052z",
    "player": "Speedyisnowtaken",
    "player_location": "au",
    "region": "USA / NTSC"
  },
  {
    "id": "mk878n5m",
    "player": "Loirif",
    "player_location": "ca",
    "region": "USA / NTSC"
  },
  {
    "id": "yo36v0jy",
    "player": "DanteTrysSpeedruns",
    "player_location": "us",
    "region": "USA / NTSC"
  },
  {
    "id": "yo378w0y",
    "player": "ItsSkyDragonz",
    "player_location": "us",
    "region": "USA / NTSC"
  },
  {
    "id": "mr96rg4m",
    "player": "LookMomIDidIt",
    "player_location": "us",
    "region": "USA / NTSC"
  },
  {
    "id": "ywdko50z",
    "player": "yeahitsjdog",
    "player_location": null,
    "region": "USA / NTSC"
  },
  {
    "id": "z181ngjy",
    "player": "emcra1d",
    "player_location": "us",
    "region": "USA / NTSC"
  },
  {
    "id": "y8r8w2nm",
    "player": "Eltunas64",
    "player_location": "mx",
    "region": null
  },
  {
    "id": "y6nro70z",
    "player": "MikeD03",
    "player_location": "us",
    "region": "USA / NTSC"
  },
  {
    "id": "z5d0w75m",
    "player": "Clomy17",
    "player_location": "jp",
    "region": "KOR / NTSC"
  },
  {
    "id": "m3gq51dz",
    "player": "Beep",
    "player_location": "br",
    "region": "USA / NTSC"
  },
  {
    "id": "mr9l237m",
    "player": "MaxwellGii",
    "player_location": "mx",
    "region": null
  },
  {
    "id": "z09q24oz",
    "player": "AcreateCRI",
    "player_location": "nl",
    "region": "EUR / PAL"
  },
  {
    "id": "zq4pwqxm",
    "player": "Lunchbox_Boi",
    "player_location": "ca/qc",
    "region": "USA / NTSC"
  },
  {
    "id": "yd04gdxz",
    "player": "Audiovideo64",
    "player_location": "us",
    "region": "USA / NTSC"
  },
  {
    "id": "y2d63qwz",
    "player": "Trenntt",
    "player_location": "us",
    "region": "USA / NTSC"
  },
  {
    "id": "me6qlv0z",
    "player": "Plasma6270",
    "player_location": "us",
    "region": "USA / NTSC"
  },
  {
    "id": "z1o445gm",
    "player": "AquaLord",
    "player_location": "us",
    "region": "USA / NTSC"
  },
  {
    "id": "z183g1wy",
    "player": "Rose_Xorn",
    "player_location": "us",
    "region": "USA / NTSC"
  },
  {
    "id": "znqxgnvz",
    "player": "Thomasdb05",
    "player_location": "nl",
    "region": "USA / NTSC"
  },
  {
    "id": "yo9w725y",
    "player": "bluelimits",
    "player_location": "us",
    "region": "JPN / NTSC"
  },
  {
    "id": "y9n5ex2z",
    "player": "DistructiveNick",
    "player_location": null,
    "region": "USA / NTSC"
  },
  {
    "id": "y422w2dm",
    "player": "OreoSR",
    "player_location": "us",
    "region": "USA / NTSC"
  },
  {
    "id": "m3n5gp6y",
    "player": "orgeboi69",
    "player_location": "us",
    "region": "USA / NTSC"
  },
  {
    "id": "mk788kxy",
    "player": "TheTurtle2131",
    "player_location": null,
    "region": "USA / NTSC"
  },
  {
    "id": "zno37w9y",
    "player": "Lil_low_lil_slow",
    "player_location": "us",
    "region": null
  },
  {
    "id": "z0664gez",
    "player": "The_amazing_kirbo",
    "player_location": "gt",
    "region": "JPN / NTSC"
  },
  {
    "id": "y8vdgenz",
    "player": "MeanBEANS",
    "player_location": "gg",
    "region": "EUR / PAL"
  },
  {
    "id": "mr4lp0dz",
    "player": "PierreJ",
    "player_location": "fr",
    "region": "EUR / PAL"
  },
  {
    "id": "yv2oe8em",
    "player": "SoaringSloth",
    "player_location": "us",
    "region": "USA / NTSC"
  },
  {
    "id": "zqg0389m",
    "player": "Rayquaza50",
    "player_location": "us",
    "region": "USA / NTSC"
  },
  {
    "id": "y66ojqpy",
    "player": "Blockay47665",
    "player_location": "us",
    "region": "USA / NTSC"
  },
  {
    "id": "ywq0800y",
    "player": "Arventic",
    "player_location": "mx",
    "region": null
  },
  {
    "id": "znoer09y",
    "player": "mobu_ngo",
    "player_location": "jp",
    "region": "JPN / NTSC"
  },
  {
    "id": "y9ndnl2z",
    "player": "CloudySkies17695",
    "player_location": "us",
    "region": "USA / NTSC"
  },
  {
    "id": "zp97lvgm",
    "player": "kennoli",
    "player_location": "us",
    "region": "USA / NTSC"
  },
  {
    "id": "y664xvjy",
    "player": "drewbedoobi",
    "player_location": null,
    "region": "JPN / NTSC"
  },
  {
    "id": "z1rd5jrm",
    "player": "Nighty-Night",
    "player_location": "us",
    "region": "USA / NTSC"
  },
  {
    "id": "m7xl2x4y",
    "player": "YoBo_937",
    "player_location": "fr",
    "region": "EUR / PAL"
  },
  {
    "id": "me7xplqy",
    "player": "SimVYo",
    "player_location": "ca/qc",
    "region": "USA / NTSC"
  },
  {
    "id": "z0r9v1ez",
    "player": "PrayingMantisKungFu",
    "player_location": "us",
    "region": "USA / NTSC"
  },
  {
    "id": "m3rred4m",
    "player": "computerfan0",
    "player_location": "ie",
    "region": "USA / NTSC"
  },
  {
    "id": "zq101vxm",
    "player": "SamEboi",
    "player_location": "us",
    "region": "USA / NTSC"
  },
  {
    "id": "zp81x8ny",
    "player": "iBlueKirby",
    "player_location": "cl",
    "region": "USA / NTSC"
  },
  {
    "id": "z5rx6jdy",
    "player": "WooffleDee",
    "player_location": "us",
    "region": "USA / NTSC"
  },
  {
    "id": "ydd302jy",
    "player": "gab_gabriel",
    "player_location": "ph",
    "region": "USA / NTSC"
  },
  {
    "id": "y4rl69kz",
    "player": "KingCobra08",
    "player_location": "us",
    "region": "USA / NTSC"
  },
  {
    "id": "z1rwrn9m",
    "player": "kirbykama",
    "player_location": "jp",
    "region": "JPN / NTSC"
  },
  {
    "id": "yv1k4k8y",
    "player": "Xstrider31",
    "player_location": "us",
    "region": "USA / NTSC"
  },
  {
    "id": "me4px6qy",
    "player": "Orisver",
    "player_location": "mx",
    "region": "USA / NTSC"
  },
  {
    "id": "y93kk3ky",
    "player": "Alphaneo",
    "player_location": "fr",
    "region": "EUR / PAL"
  },
  {
    "id": "zq1x291m",
    "player": "Gucchi",
    "player_location": "jp",
    "region": "JPN / NTSC"
  },
  {
    "id": "y8e13kxy",
    "player": "Beanpaste",
    "player_location": null,
    "region": null
  },
  {
    "id": "ywkdxe3y",
    "player": "jacket94",
    "player_location": "cl",
    "region": "USA / NTSC"
  },
  {
    "id": "y939xxvy",
    "player": "Lojen",
    "player_location": "us",
    "region": "USA / NTSC"
  },
  {
    "id": "z1xr7pjm",
    "player": "Poyo_Kirby",
    "player_location": null,
    "region": "USA / NTSC"
  },
  {
    "id": "y69nwq1y",
    "player": "misterm12345",
    "player_location": "ca",
    "region": "JPN / NTSC"
  },
  {
    "id": "zqv5o9xm",
    "player": "Sheide",
    "player_location": "jp",
    "region": null
  },
  {
    "id": "m77xv20m",
    "player": "PitchHorsa",
    "player_location": "uy",
    "region": "USA / NTSC"
  },
  {
    "id": "zp8g0dny",
    "player": "NeoKad",
    "player_location": "ca/qc",
    "region": "USA / NTSC"
  },
  {
    "id": "zn0xjp7y",
    "player": "Kurtis",
    "player_location": null,
    "region": "USA / NTSC"
  },
  {
    "id": "z07qgeoy",
    "player": "seankim",
    "player_location": "kr",
    "region": "KOR / NTSC"
  },
  {
    "id": "y47jkedy",
    "player": "Leafeoff_",
    "player_location": "us",
    "region": "USA / NTSC"
  },
  {
    "id": "zgrjj10m",
    "player": "Some_RandomPerson",
    "player_location": "us",
    "region": "USA / NTSC"
  },
  {
    "id": "zxnvqv5m",
    "player": "dosboxfalco",
    "player_location": "us",
    "region": "USA / NTSC"
  },
  {
    "id": "mk5jq8xm",
    "player": "OnyxFlower",
    "player_location": "us",
    "region": "USA / NTSC"
  },
  {
    "id": "zxl909qz",
    "player": "fozzie79",
    "player_location": "us",
    "region": "USA / NTSC"
  },
  {
    "id": "y4894q3m",
    "player": "rubydoctor2315",
    "player_location": "gb/eng",
    "region": "EUR / PAL"
  },
  {
    "id": "y6npdpqz",
    "player": "Deplorable",
    "player_location": "us",
    "region": "USA / NTSC"
  },
  {
    "id": "yjxoqqdz",
    "player": "Rowann",
    "player_location": "us",
    "region": "USA / NTSC"
  },
  {
    "id": "zgdxn2jz",
    "player": "CloverDragon",
    "player_location": "us",
    "region": "USA / NTSC"
  },
  {
    "id": "yvqqoq6m",
    "player": "SitoSteak",
    "player_location": null,
    "region": "USA / NTSC"
  },
  {
    "id": "zq9qjp1y",
    "player": "kirbysuperstarmaster",
    "player_location": "us",
    "region": null
  },
  {
    "id": "y6nxkoqz",
    "player": "MutantThunder",
    "player_location": "ca",
    "region": "USA / NTSC"
  },
  {
    "id": "ydw2e0jm",
    "player": "ChorusKids",
    "player_location": "us",
    "region": "USA / NTSC"
  },
  {
    "id": "y9vv57vm",
    "player": "daniel0114",
    "player_location": "kr",
    "region": "KOR / NTSC"
  },
  {
    "id": "yorg5g1y",
    "player": "Labrys",
    "player_location": "us",
    "region": "KOR / NTSC"
  },
  {
    "id": "yvq7ovxm",
    "player": "MapleBear",
    "player_location": "ca",
    "region": null
  },
  {
    "id": "ydwppjvm",
    "player": "Meta",
    "player_location": "ca",
    "region": null
  },
  {
    "id": "z0o4dkjz",
    "player": "DoReMika",
    "player_location": "nl",
    "region": "USA / NTSC"
  },
  {
    "id": "zq0xkx1y",
    "player": "Fluffygo",
    "player_location": null,
    "region": null
  },
  {
    "id": "y9l4ejry",
    "player": "ndrocca",
    "player_location": "ca",
    "region": "USA / NTSC"
  },
  {
    "id": "zn7d673m",
    "player": "Jake02",
    "player_location": "us",
    "region": "USA / NTSC"
  },
  {
    "id": "m36pe5qm",
    "player": "IDontGiveAWhale",
    "player_location": "us",
    "region": null
  },
  {
    "id": "ywjlvopz",
    "player": "Cyanon",
    "player_location": "us",
    "region": "USA / NTSC"
  },
  {
    "id": "y20loj9m",
    "player": "josuray",
    "player_location": "us",
    "region": "USA / NTSC"
  },
  {
    "id": "znp87rvm",
    "player": "FortTheo",
    "player_location": "fr",
    "region": "JPN / NTSC"
  },
  {
    "id": "m769j09y",
    "player": "ricdesi",
    "player_location": "us",
    "region": "USA / NTSC"
  },
  {
    "id": "z52o985z",
    "player": "cheeser_",
    "player_location": null,
    "region": "JPN / NTSC"
  },
  {
    "id": "yw3pd89m",
    "player": "AbelSR",
    "player_location": "pr",
    "region": "USA / NTSC"
  },
  {
    "id": "yop2nq7m",
    "player": "bigladhd",
    "player_location": null,
    "region": null
  },
  {
    "id": "yopko95m",
    "player": "GreigaBeastDS",
    "player_location": "us",
    "region": "USA / NTSC"
  },
  {
    "id": "zp99l1gm",
    "player": "PisSadeN",
    "player_location": "kr",
    "region": "KOR / NTSC"
  },
  {
    "id": "zx7oloqy",
    "player": "StepGamer",
    "player_location": "it",
    "region": "EUR / PAL"
  },
  {
    "id": "z0p7j78y",
    "player": "Rox",
    "player_location": "us",
    "region": "USA / NTSC"
  },
  {
    "id": "z1p2kdwz",
    "player": "eonaegis",
    "player_location": "nl",
    "region": "USA / NTSC"
  },
  {
    "id": "z52v14ez",
    "player": "ApoLuke72",
    "player_location": "ch",
    "region": "EUR / PAL"
  },
  {
    "id": "y2pewl7z",
    "player": "Blue_Kirb",
    "player_location": null,
    "region": "USA / NTSC"
  },
  {
    "id": "yl76pjnm",
    "player": "QwertytheOverlord",
    "player_location": null,
    "region": "USA / NTSC"
  },
  {
    "id": "z528djnz",
    "player": "Lesios",
    "player_location": null,
    "region": "USA / NTSC"
  },
  {
    "id": "m33jq86m",
    "player": "breadybowl",
    "player_location": "us",
    "region": "USA / NTSC"
  },
  {
    "id": "zx7jg7ky",
    "player": "willowallo",
    "player_location": null,
    "region": "USA / NTSC"
  },
  {
    "id": "yjp7dw7y",
    "player": "TitanVHS2",
    "player_location": "br",
    "region": "USA / NTSC"
  },
  {
    "id": "y8847qwy",
    "player": "PabloGM64s",
    "player_location": "mx",
    "region": "USA / NTSC"
  },
  {
    "id": "zq7o199m",
    "player": "Luigifan64d",
    "player_location": "us",
    "region": "USA / NTSC"
  },
  {
    "id": "zqe68rxz",
    "player": "Shadeheart",
    "player_location": "ca",
    "region": null
  },
  {
    "id": "zq91x58y",
    "player": "Crnbry_wtr",
    "player_location": "ca",
    "region": "USA / NTSC"
  },
  {
    "id": "y8xo3w5m",
    "player": "Kabula04",
    "player_location": "br",
    "region": null
  },
  {
    "id": "zx85365m",
    "player": "Yosh6425",
    "player_location": null,
    "region": "KOR / NTSC"
  },
  {
    "id": "znq6wv8z",
    "player": "ItzMiron",
    "player_location": "pl",
    "region": null
  },
  {
    "id": "y6xwv1qy",
    "player": "aki18888",
    "player_location": null,
    "region": "JPN / NTSC"
  },
  {
    "id": "zxn950km",
    "player": "Zed2004",
    "player_location": "us",
    "region": "USA / NTSC"
  },
  {
    "id": "z0lvr9oz",
    "player": "sugarhighhhH",
    "player_location": null,
    "region": "USA / NTSC"
  },
  {
    "id": "mkv2425y",
    "player": "Yummer",
    "player_location": null,
    "region": null
  },
  {
    "id": "m729xq4z",
    "player": "BumbbleBrii",
    "player_location": "au",
    "region": "USA / NTSC"
  },
  {
    "id": "mkv90nvy",
    "player": "lozplyr89",
    "player_location": "us",
    "region": "USA / NTSC"
  },
  {
    "id": "y962x4ky",
    "player": "Luczas",
    "player_location": "nl",
    "region": null
  },
  {
    "id": "y6o6r61y",
    "player": "Chirazen",
    "player_location": "fr",
    "region": "EUR / PAL"
  }
]