[
  {
    "id": "zpq62gry",
    "player": "Gerrick1",
    "player_location": "us",
    "region": "USA / NTSC"
  },
  {
    "id": "z0p3n9oy",
    "player": "BOWIEtheHERO",
    "player_location": "gb",
    "region": "USA / NTSC"
  },
  {
    "id": "y4eg2oqm",
    "player": "nero_takenoko",
    "player_location": "jp",
    "region": "JPN / NTSC"
  },
  {
    "id": "mrqlgldy",
    "player": "mid",
    "player_location": "jp",
    "region": "JPN / NTSC"
  },
  {
    "id": "z0184oey",
    "player": "Symm",
    "player_location": "gb",
    "region": "USA / NTSC"
  }
]