[
  {
    "id": "mrojg42m",
    "player": "Kap",
    "player_location": "us",
    "region": "USA / NTSC"
  },
  {
    "id": "y2e4enwy",
    "player": "LightningLeon",
    "player_location": "us",
    "region": "USA / NTSC"
  },
  {
    "id": "zq9l155y",
    "player": "a_variety_pack",
    "player_location": "us",
    "region": "USA / NTSC"
  },
  {
    "id": "yjdvxr3y",
    "player": "UltimaWeaponSR",
    "player_location": "cl",
    "region": "USA / NTSC"
  },
  {
    "id": "me152n2y",
    "player": "Reclaimer",
    "player_location": "us",
    "region": "USA / NTSC"
  },
  {
    "id": "y8x5dqdm",
    "player": "Vanerek",
    "player_location": "mx",
    "region": "USA / NTSC"
  },
  {
    "id": "z0nw69om",
    "player": "HiST",
    "player_location": "jp",
    "region": "JPN / NTSC"
  },
  {
    "id": "y96732ry",
    "player": "AceKrana",
    "player_location": "nl",
    "region": "EUR / PAL"
  },
  {
    "id": "yj867kgm",
    "player": "DarkRedDove",
    "player_location": "us",
    "region": "USA / NTSC"
  },
  {
    "id": "z5e013gz",
    "player": "Cornelius2017",
    "player_location": "us",
    "region": "USA / NTSC"
  }
]