[
  {
    "id": "mr63xedm",
    "player": "HalcyonHaley",
    "player_location": "us",
    "region": "JPN / NTSC"
  },
  {
    "id": "yl75j82m",
    "player": "EJ125",
    "player_location": "us",
    "region": "JPN / NTSC"
  },
  {
    "id": "y608gkqy",
    "player": "minimini352",
    "player_location": "gb/eng",
    "region": "JPN / NTSC"
  },
  {
    "id": "zq7kqd9m",
    "player": "PK_Slam",
    "player_location": "us",
    "region": "JPN / NTSC"
  },
  {
    "id": "yw3onepm",
    "player": "Ganny",
    "player_location": "de",
    "region": "JPN / NTSC"
  },
  {
    "id": "me3d0v9z",
    "player": "ZootySuzy",
    "player_location": "us",
    "region": null
  },
  {
    "id": "me3d0k9z",
    "player": "iwabi74",
    "player_location": "jp",
    "region": "JPN / NTSC"
  },
  {
    "id": "z52nk5gz",
    "player": "Bokoblins",
    "player_location": "us",
    "region": "JPN / NTSC"
  },
  {
    "id": "y2p6k96z",
    "player": "DeanMachine",
    "player_location": "us",
    "region": "JPN / NTSC"
  },
  {
    "id": "y60wq31y",
    "player": "Demon",
    "player_location": "se",
    "region": "JPN / NTSC"
  },
  {
    "id": "y88lk35y",
    "player": "Thunderbolt",
    "player_location": "jp",
    "region": "JPN / NTSC"
  },
  {
    "id": "z1p0k3gz",
    "player": "Chasetopher",
    "player_location": "us",
    "region": "JPN / NTSC"
  },
  {
    "id": "y9vgk2vm",
    "player": "Kryptek",
    "player_location": "ch",
    "region": "JPN / NTSC"
  },
  {
    "id": "yop8o27m",
    "player": "Karaage",
    "player_location": "jp",
    "region": "JPN / NTSC"
  }
]