[
  {
    "id": "1zx2k6em",
    "player": "SwordofSeals",
    "player_location": "gb",
    "region": "USA / NTSC"
  },
  {
    "id": "pm37qdwz",
    "player": "Hypnoshark",
    "player_location": "gb/eng",
    "region": "EUR / PAL"
  },
  {
    "id": "zx6k07gz",
    "player": "Paulmall",
    "player_location": "au",
    "region": "USA / NTSC"
  },
  {
    "id": "7z0jnk4y",
    "player": "yp",
    "player_location": "ca",
    "region": "USA / NTSC"
  },
  {
    "id": "9yonl87z",
    "player": "cantrick",
    "player_location": "us",
    "region": "USA / NTSC"
  },
  {
    "id": "kz56wr5y",
    "player": "eggmanface",
    "player_location": "au",
    "region": "EUR / PAL"
  },
  {
    "id": "zpqwg8vy",
    "player": "PinkHusky",
    "player_location": "us",
    "region": "EUR / PAL"
  },
  {
    "id": "mk4px2vy",
    "player": "MasterLeoBlue",
    "player_location": "us",
    "region": "USA / NTSC"
  },
  {
    "id": "yd9qx2qz",
    "player": "Thermospore",
    "player_location": "us",
    "region": "USA / NTSC"
  },
  {
    "id": "y97q5prm",
    "player": "Cyberdemon531",
    "player_location": "us",
    "region": "USA / NTSC"
  },
  {
    "id": "zgr328nm",
    "player": "Cheftoad",
    "player_location": "au",
    "region": "EUR / PAL"
  },
  {
    "id": "y6pr5ppm",
    "player": "N/A",
    "player_location": null,
    "region": null
  },
  {
    "id": "z513pxnm",
    "player": "KZ_FREW",
    "player_location": "us",
    "region": "USA / NTSC"
  },
  {
    "id": "y89relwm",
    "player": "Jayrude",
    "player_location": "gb/eng",
    "region": "USA / NTSC"
  },
  {
    "id": "yj48rdgy",
    "player": "CrypticJacknife",
    "player_location": null,
    "region": "EUR / PAL"
  },
  {
    "id": "y817q7wz",
    "player": "AQLGamers",
    "player_location": "it",
    "region": null
  },
  {
    "id": "mr9p5d4m",
    "player": "PeterDibble",
    "player_location": "us",
    "region": "USA / NTSC"
  },
  {
    "id": "zplj0ovm",
    "player": "Joshipgirl",
    "player_location": "im",
    "region": "EUR / PAL"
  }
]