[
  {
    "id": "2ywwgopy",
    "player": "ConnorCordell",
    "player_location": "us",
    "region": "USA / NTSC"
  },
  {
    "id": "9yoq087z",
    "player": "\u604b\u6210",
    "player_location": null,
    "region": "JPN / NTSC"
  },
  {
    "id": "pydvnpwy",
    "player": "BlueMetal",
    "player_location": "us",
    "region": "JPN / NTSC"
  },
  {
    "id": "yvg4eley",
    "player": "xenier",
    "player_location": "us",
    "region": "USA / NTSC"
  },
  {
    "id": "z09w989z",
    "player": "K_E_I",
    "player_location": "gb",
    "region": "EUR / PAL"
  }
]