[
  {
    "id": "0zn9ddly",
    "player": "Ink_",
    "player_location": "us",
    "region": "USA / NTSC"
  },
  {
    "id": "9me2vj3m",
    "player": "dm1184",
    "player_location": "us",
    "region": "USA / NTSC"
  },
  {
    "id": "8y85ljwy",
    "player": "Augora",
    "player_location": "us",
    "region": "USA / NTSC"
  },
  {
    "id": "m3doel6z",
    "player": "NerdyNester",
    "player_location": "us",
    "region": "USA / NTSC"
  },
  {
    "id": "yv31glez",
    "player": "Altermentality",
    "player_location": "us",
    "region": "USA / NTSC"
  },
  {
    "id": "z0r89k4z",
    "player": "SageTodd",
    "player_location": "us",
    "region": "USA / NTSC"
  },
  {
    "id": "zq02ge9y",
    "player": "KenshinTrek",
    "player_location": "ec",
    "region": "USA / NTSC"
  },
  {
    "id": "y2020d9m",
    "player": "MasterDK",
    "player_location": "br",
    "region": "USA / NTSC"
  },
  {
    "id": "ydd3dkvy",
    "player": "poitspark",
    "player_location": "au",
    "region": "USA / NTSC"
  }
]