[
  {
    "id": "0znr8p9y",
    "player": "Wingilbert",
    "player_location": null,
    "region": "USA / NTSC"
  },
  {
    "id": "yo48lljm",
    "player": "Dyne_Nuitari",
    "player_location": "ca",
    "region": "USA / NTSC"
  },
  {
    "id": "yo94qj0y",
    "player": "Rexdawn",
    "player_location": "us",
    "region": "USA / NTSC"
  },
  {
    "id": "zn4w19vm",
    "player": "pnt_Nanaireo",
    "player_location": "jp",
    "region": "JPN / NTSC"
  },
  {
    "id": "zq36xp8y",
    "player": "moka",
    "player_location": "jp",
    "region": "JPN / NTSC"
  },
  {
    "id": "y822d3ny",
    "player": "ethanasiatv",
    "player_location": null,
    "region": "USA / NTSC"
  },
  {
    "id": "y9x26l2y",
    "player": "aircleaner",
    "player_location": null,
    "region": "JPN / NTSC"
  }
]