[
  {
    "id": "y95941rz",
    "player": "Deln",
    "player_location": "ca/qc",
    "region": "JPN / NTSC"
  },
  {
    "id": "1zx12wey",
    "player": "Fawkes1989",
    "player_location": "ca",
    "region": "USA / NTSC"
  },
  {
    "id": "y21p9o5z",
    "player": "NakaTeleeli",
    "player_location": "us",
    "region": "JPN / NTSC"
  },
  {
    "id": "m3geje4z",
    "player": "vanni_van",
    "player_location": "us",
    "region": "JPN / NTSC"
  },
  {
    "id": "m3njx54y",
    "player": "sveniroth",
    "player_location": "vh",
    "region": "JPN / NTSC"
  },
  {
    "id": "zg2kngvy",
    "player": "Amune138",
    "player_location": "us",
    "region": "JPN / NTSC"
  }
]