[
  {
    "id": "y891155m",
    "player": "Gamester5001",
    "player_location": "us",
    "region": "USA / NTSC"
  },
  {
    "id": "y2q57owy",
    "player": "DeMoNFLiP84",
    "player_location": "us",
    "region": "USA / NTSC"
  },
  {
    "id": "y2qqrl5y",
    "player": "Bogdan_mk",
    "player_location": "mk",
    "region": "EUR / PAL"
  },
  {
    "id": "me88pr0m",
    "player": "Verlisify",
    "player_location": "us",
    "region": "USA / NTSC"
  },
  {
    "id": "y2q1dk7y",
    "player": "MattyPlays",
    "player_location": "gb/eng",
    "region": "EUR / PAL"
  },
  {
    "id": "y8919pwm",
    "player": "exzoo2K",
    "player_location": "de",
    "region": "EUR / PAL"
  },
  {
    "id": "yd39e0jz",
    "player": "jpfisher116",
    "player_location": "us",
    "region": "USA / NTSC"
  },
  {
    "id": "yj433gdy",
    "player": "Mr.MeteorMash",
    "player_location": "de",
    "region": "EUR / PAL"
  },
  {
    "id": "zn4kd58m",
    "player": "ditm",
    "player_location": null,
    "region": null
  },
  {
    "id": "m7pqgl5m",
    "player": "PokeMelon123",
    "player_location": "us",
    "region": "USA / NTSC"
  },
  {
    "id": "yl4knokm",
    "player": "Jonale12",
    "player_location": "lt",
    "region": "EUR / PAL"
  },
  {
    "id": "y891rlwm",
    "player": "Asteroid21",
    "player_location": null,
    "region": "USA / NTSC"
  },
  {
    "id": "m7pqelem",
    "player": "sheakens",
    "player_location": null,
    "region": "USA / NTSC"
  },
  {
    "id": "yd36drwz",
    "player": "Punchin_Treez",
    "player_location": "us",
    "region": "USA / NTSC"
  },
  {
    "id": "zqr6jw9y",
    "player": "TuffHunter",
    "player_location": "us",
    "region": "USA / NTSC"
  },
  {
    "id": "yj4lj5oy",
    "player": "Fiddler",
    "player_location": "gb/eng",
    "region": "EUR / PAL"
  },
  {
    "id": "zp04xogm",
    "player": "Stubby1208",
    "player_location": "us",
    "region": "USA / NTSC"
  },
  {
    "id": "y2q1rewy",
    "player": "1nv1s1b7e",
    "player_location": "fr",
    "region": "EUR / PAL"
  },
  {
    "id": "y431053z",
    "player": "BananaBoy180",
    "player_location": "us",
    "region": "USA / NTSC"
  },
  {
    "id": "m7pqvo0m",
    "player": "Cybertronlaser",
    "player_location": "us",
    "region": "USA / NTSC"
  },
  {
    "id": "yj4llo7y",
    "player": "ageotime",
    "player_location": "gb/wls",
    "region": "EUR / PAL"
  },
  {
    "id": "m3o5jo6m",
    "player": "Dakota_94",
    "player_location": "ca",
    "region": null
  },
  {
    "id": "yl4k34nm",
    "player": "Erren_M",
    "player_location": null,
    "region": "USA / NTSC"
  },
  {
    "id": "yl4k193m",
    "player": "Marlon",
    "player_location": "ph",
    "region": "EUR / PAL"
  },
  {
    "id": "m3o5oq6m",
    "player": "andyobryan",
    "player_location": "us",
    "region": "USA / NTSC"
  },
  {
    "id": "yj4lk87y",
    "player": "F1R3-SUNB34M",
    "player_location": null,
    "region": "USA / NTSC"
  },
  {
    "id": "y6p5711m",
    "player": "Bouquifus69",
    "player_location": "us",
    "region": "USA / NTSC"
  },
  {
    "id": "z035369z",
    "player": "GreenChairdram9",
    "player_location": "ca",
    "region": "USA / NTSC"
  },
  {
    "id": "zg7wx2jz",
    "player": "JonasWuyts",
    "player_location": null,
    "region": "EUR / PAL"
  },
  {
    "id": "m7p5d74m",
    "player": "KwisatzHadirach",
    "player_location": null,
    "region": "USA / NTSC"
  },
  {
    "id": "y43w123z",
    "player": "RayXrt",
    "player_location": "us",
    "region": "USA / NTSC"
  },
  {
    "id": "yo236p0z",
    "player": "DESTROYlavazza",
    "player_location": "it",
    "region": "EUR / PAL"
  },
  {
    "id": "yd355evz",
    "player": "resshin",
    "player_location": "my",
    "region": "JPN / NTSC"
  },
  {
    "id": "zp0rrwvm",
    "player": "Bentton741",
    "player_location": "us",
    "region": "USA / NTSC"
  },
  {
    "id": "zp01d08m",
    "player": "manster",
    "player_location": "at",
    "region": "EUR / PAL"
  },
  {
    "id": "z51jp5dm",
    "player": "GhostlordTV",
    "player_location": "us",
    "region": "USA / NTSC"
  },
  {
    "id": "z035734z",
    "player": "WutinPladimir",
    "player_location": null,
    "region": "EUR / PAL"
  },
  {
    "id": "m7g7do5m",
    "player": "Maelmc",
    "player_location": "fr",
    "region": "EUR / PAL"
  },
  {
    "id": "zp0r2r8m",
    "player": "zanpiques",
    "player_location": "id",
    "region": null
  },
  {
    "id": "yd35dgvz",
    "player": "LordVadercraft",
    "player_location": "us",
    "region": "USA / NTSC"
  },
  {
    "id": "mr8k708y",
    "player": "Soxses",
    "player_location": null,
    "region": "USA / NTSC"
  },
  {
    "id": "yd35g8qz",
    "player": "Umad",
    "player_location": null,
    "region": "USA / NTSC"
  },
  {
    "id": "yl4k8wrm",
    "player": "TheDude133",
    "player_location": "us",
    "region": "USA / NTSC"
  },
  {
    "id": "mr890r2y",
    "player": "SloppyDoinks",
    "player_location": "us",
    "region": "USA / NTSC"
  },
  {
    "id": "z036eooz",
    "player": "MiT_Epona",
    "player_location": "kr",
    "region": "USA / NTSC"
  },
  {
    "id": "zx4d4v5y",
    "player": "korntim",
    "player_location": null,
    "region": "EUR / PAL"
  },
  {
    "id": "z51j6q5m",
    "player": "PapaPack",
    "player_location": "us",
    "region": "USA / NTSC"
  },
  {
    "id": "y920r7ez",
    "player": "gitmuny",
    "player_location": "au",
    "region": null
  },
  {
    "id": "m3o5876m",
    "player": "WimpyWater",
    "player_location": null,
    "region": "EUR / PAL"
  },
  {
    "id": "yo306n1y",
    "player": "Superness",
    "player_location": "us",
    "region": "USA / NTSC"
  },
  {
    "id": "zn4klx8m",
    "player": "Guava",
    "player_location": "us",
    "region": "USA / NTSC"
  },
  {
    "id": "m3ogkl4m",
    "player": "zalamah",
    "player_location": null,
    "region": "USA / NTSC"
  },
  {
    "id": "zx4d98gy",
    "player": "geribo",
    "player_location": null,
    "region": "JPN / NTSC"
  },
  {
    "id": "zq346xxy",
    "player": "Rockstomb",
    "player_location": "us",
    "region": "USA / NTSC"
  },
  {
    "id": "yo23j17z",
    "player": "ownedblood",
    "player_location": "us",
    "region": "USA / NTSC"
  },
  {
    "id": "y89r2pwm",
    "player": "greeeen",
    "player_location": null,
    "region": "JPN / NTSC"
  },
  {
    "id": "y9210qnz",
    "player": "Droooops",
    "player_location": "us",
    "region": "USA / NTSC"
  },
  {
    "id": "yj461doy",
    "player": "ArCpawn",
    "player_location": "us",
    "region": "USA / NTSC"
  },
  {
    "id": "m3og6wgm",
    "player": "esprs123",
    "player_location": "jp",
    "region": "JPN / NTSC"
  },
  {
    "id": "z039q8ez",
    "player": "JustinTymeHD",
    "player_location": "us",
    "region": "USA / NTSC"
  },
  {
    "id": "mr89o42y",
    "player": "Seltaeb",
    "player_location": "us",
    "region": "USA / NTSC"
  },
  {
    "id": "zx4d17gy",
    "player": "Leponi1",
    "player_location": "gb/eng",
    "region": "EUR / PAL"
  },
  {
    "id": "yj4134gy",
    "player": "MrStu82",
    "player_location": "gb/eng",
    "region": null
  },
  {
    "id": "m7p5ko0m",
    "player": "Wertypoo",
    "player_location": null,
    "region": "USA / NTSC"
  },
  {
    "id": "z1183e9z",
    "player": "loveicetea",
    "player_location": "nl",
    "region": "EUR / PAL"
  },
  {
    "id": "zq3g2g8y",
    "player": "kabayaki",
    "player_location": "jp",
    "region": "JPN / NTSC"
  },
  {
    "id": "mk97j7lz",
    "player": "TheRealTimSwoft",
    "player_location": null,
    "region": "EUR / PAL"
  },
  {
    "id": "m7p8280m",
    "player": "Congolover",
    "player_location": "ca",
    "region": null
  },
  {
    "id": "me87n03m",
    "player": "Agent4hire42",
    "player_location": "us",
    "region": "USA / NTSC"
  },
  {
    "id": "z037pqjz",
    "player": "Machstix",
    "player_location": "us",
    "region": "USA / NTSC"
  },
  {
    "id": "y8rl8p5m",
    "player": "Eurostep_irvin",
    "player_location": "us",
    "region": "USA / NTSC"
  },
  {
    "id": "y2qj86jy",
    "player": "darian2hunter",
    "player_location": "gb/sct",
    "region": "EUR / PAL"
  },
  {
    "id": "y415n33y",
    "player": "tjski",
    "player_location": "us",
    "region": "USA / NTSC"
  },
  {
    "id": "z519p3dm",
    "player": "bluerapids12",
    "player_location": "us",
    "region": "USA / NTSC"
  },
  {
    "id": "m31o66wz",
    "player": "Dracaarys",
    "player_location": "fr",
    "region": "EUR / PAL"
  },
  {
    "id": "z1jjd19z",
    "player": "Conemeli",
    "player_location": "us",
    "region": "USA / NTSC"
  },
  {
    "id": "yd66qrvz",
    "player": "Orda-Y",
    "player_location": null,
    "region": "EUR / PAL"
  },
  {
    "id": "zgkv5xjy",
    "player": "Curley",
    "player_location": "sg",
    "region": "USA / NTSC"
  },
  {
    "id": "y95n5wnz",
    "player": "NY_Target7",
    "player_location": "us",
    "region": "USA / NTSC"
  },
  {
    "id": "zqr1d8ry",
    "player": "ComradeThundah",
    "player_location": "nl",
    "region": "EUR / PAL"
  },
  {
    "id": "yl0r5lry",
    "player": "NukeMh",
    "player_location": "us",
    "region": "USA / NTSC"
  },
  {
    "id": "y6rn0e0y",
    "player": "imasian",
    "player_location": "au",
    "region": null
  },
  {
    "id": "zqwr4gxz",
    "player": "Isprettybad",
    "player_location": "gr",
    "region": "EUR / PAL"
  },
  {
    "id": "m7ggp10m",
    "player": "Daroach",
    "player_location": "cn",
    "region": null
  },
  {
    "id": "y25x2w9y",
    "player": "stealthstack",
    "player_location": "us",
    "region": "USA / NTSC"
  },
  {
    "id": "y82e3ewy",
    "player": "P-M-M-",
    "player_location": null,
    "region": "EUR / PAL"
  },
  {
    "id": "z1oj99gm",
    "player": "Hogg",
    "player_location": "us",
    "region": "USA / NTSC"
  },
  {
    "id": "z05nn14m",
    "player": "OIAGYT",
    "player_location": "sk",
    "region": "EUR / PAL"
  },
  {
    "id": "zprg638m",
    "player": "Wezz131",
    "player_location": null,
    "region": null
  },
  {
    "id": "z1508dwy",
    "player": "WhiteShadow740",
    "player_location": "us",
    "region": "USA / NTSC"
  },
  {
    "id": "zqwx139z",
    "player": "Meloeter",
    "player_location": null,
    "region": "USA / NTSC"
  },
  {
    "id": "yv6w658z",
    "player": "sonnysdk",
    "player_location": "us",
    "region": "USA / NTSC"
  },
  {
    "id": "zx2ew2km",
    "player": "Guyizzy",
    "player_location": "mx",
    "region": null
  },
  {
    "id": "mr91xj8m",
    "player": "Flipnamazing",
    "player_location": "us",
    "region": "USA / NTSC"
  },
  {
    "id": "yo3d3p5y",
    "player": "REKT1029",
    "player_location": null,
    "region": "EUR / PAL"
  },
  {
    "id": "zpl764xm",
    "player": "SlinkList",
    "player_location": "nl",
    "region": "EUR / PAL"
  },
  {
    "id": "m3n9g5qy",
    "player": "Eekhoorn15Joost",
    "player_location": "nl",
    "region": "EUR / PAL"
  },
  {
    "id": "z50xp1ey",
    "player": "Frogadire830",
    "player_location": "us",
    "region": "USA / NTSC"
  },
  {
    "id": "yo9qjv5y",
    "player": "sim149",
    "player_location": null,
    "region": null
  },
  {
    "id": "ylq0p9nz",
    "player": "tricksterR",
    "player_location": "my",
    "region": null
  },
  {
    "id": "y8v51w1z",
    "player": "FadaMonkey",
    "player_location": "au",
    "region": null
  },
  {
    "id": "zq1k4w8m",
    "player": "JencoJJ",
    "player_location": "us",
    "region": "USA / NTSC"
  },
  {
    "id": "me7x7l3y",
    "player": "An_Icicle",
    "player_location": null,
    "region": "USA / NTSC"
  },
  {
    "id": "zp1ln9vz",
    "player": "Rubickspark",
    "player_location": null,
    "region": null
  },
  {
    "id": "me77rn8y",
    "player": "ShesChardcore",
    "player_location": "us",
    "region": "USA / NTSC"
  },
  {
    "id": "zp1220rz",
    "player": "TRLittleToaster",
    "player_location": "us",
    "region": null
  },
  {
    "id": "zpgl0rrz",
    "player": "MattBab4",
    "player_location": "au",
    "region": null
  },
  {
    "id": "z5rp7xdy",
    "player": "Slamuel",
    "player_location": "au",
    "region": null
  },
  {
    "id": "y4rpjjqz",
    "player": "Astlatic",
    "player_location": "nl",
    "region": "EUR / PAL"
  },
  {
    "id": "zq0x54xy",
    "player": "Drew",
    "player_location": "ca",
    "region": null
  },
  {
    "id": "yvq4lvxm",
    "player": "SilverKylin",
    "player_location": null,
    "region": null
  },
  {
    "id": "ywj1053z",
    "player": "Frysank",
    "player_location": "us",
    "region": "USA / NTSC"
  },
  {
    "id": "yvq388em",
    "player": "CooperWilson",
    "player_location": "au",
    "region": null
  },
  {
    "id": "zq0vl71y",
    "player": "duchdhgverg",
    "player_location": "ru",
    "region": null
  },
  {
    "id": "zq00ro8y",
    "player": "xWxtermelon",
    "player_location": "us",
    "region": "USA / NTSC"
  },
  {
    "id": "me3egn3z",
    "player": "RedDragon_36",
    "player_location": "ca",
    "region": null
  },
  {
    "id": "zgd8d60z",
    "player": "Tacodino642",
    "player_location": null,
    "region": "USA / NTSC"
  },
  {
    "id": "zq08vq9y",
    "player": "Hello0070",
    "player_location": null,
    "region": null
  },
  {
    "id": "m7wov8wz",
    "player": "Mightyboom",
    "player_location": "no",
    "region": "EUR / PAL"
  },
  {
    "id": "m7wrp8wz",
    "player": "JonahTatis",
    "player_location": null,
    "region": null
  },
  {
    "id": "yl73eo2m",
    "player": "Anodymous",
    "player_location": "hk",
    "region": null
  },
  {
    "id": "yopj90dm",
    "player": "thelocolocal",
    "player_location": null,
    "region": "USA / NTSC"
  },
  {
    "id": "m336jedm",
    "player": "Anythingguy",
    "player_location": null,
    "region": null
  },
  {
    "id": "y2p2ovjz",
    "player": "Kementari",
    "player_location": null,
    "region": "USA / NTSC"
  },
  {
    "id": "y6xgd8jy",
    "player": "Ceremobius",
    "player_location": null,
    "region": "USA / NTSC"
  },
  {
    "id": "yjd3vrny",
    "player": "Dilaancito",
    "player_location": null,
    "region": "EUR / PAL"
  },
  {
    "id": "zpd3d8rz",
    "player": "Daniomanio1",
    "player_location": null,
    "region": null
  },
  {
    "id": "yv0xj46z",
    "player": "Lugiamaster0249",
    "player_location": "us",
    "region": "USA / NTSC"
  },
  {
    "id": "yl1w3k2m",
    "player": "J0ltC0la",
    "player_location": null,
    "region": null
  },
  {
    "id": "yodg0q1m",
    "player": "EndingSoon",
    "player_location": null,
    "region": null
  }
]