[
  {
    "id": "z0e30n4m",
    "player": "Tanya",
    "player_location": null,
    "region": "EUR / PAL"
  },
  {
    "id": "mek47n8m",
    "player": "Gross-Standards",
    "player_location": "es",
    "region": "EUR / PAL"
  },
  {
    "id": "zq6jx2ry",
    "player": "LennonFree",
    "player_location": "us",
    "region": "USA / NTSC"
  },
  {
    "id": "y66g15jy",
    "player": "JoeKoh27",
    "player_location": "my",
    "region": "JPN / NTSC"
  },
  {
    "id": "yv3n4r4z",
    "player": "Stikam",
    "player_location": "ru",
    "region": "EUR / PAL"
  },
  {
    "id": "z1odg79m",
    "player": "KAZ826a",
    "player_location": "jp",
    "region": "JPN / NTSC"
  },
  {
    "id": "m3go8gdz",
    "player": "RitaH",
    "player_location": "br",
    "region": "USA / NTSC"
  },
  {
    "id": "mrn5dw4y",
    "player": "ViperUK",
    "player_location": "gb/eng",
    "region": "EUR / PAL"
  },
  {
    "id": "y669jx1y",
    "player": "Akiraty",
    "player_location": "jp",
    "region": "JPN / NTSC"
  },
  {
    "id": "zx6j7dez",
    "player": "Phi_Nozomu",
    "player_location": "gb/nir",
    "region": "USA / NTSC"
  },
  {
    "id": "mr18xo4z",
    "player": "Ecdycis",
    "player_location": "us",
    "region": "USA / NTSC"
  },
  {
    "id": "zq1g7prm",
    "player": "Kevin700P",
    "player_location": "fr",
    "region": "EUR / PAL"
  },
  {
    "id": "yvq9pg8m",
    "player": "Deathmones",
    "player_location": "gb/eng",
    "region": "JPN / NTSC"
  },
  {
    "id": "yjp2gxdy",
    "player": "annes",
    "player_location": "kr",
    "region": "JPN / NTSC"
  }
]