[
  {
    "id": "oy28q4jy",
    "player": "Sonikkustar",
    "player_location": "us",
    "region": "USA / NTSC"
  },
  {
    "id": "yvgnlley",
    "player": "wolfiekohaku",
    "player_location": "gb/eng",
    "region": "EUR / PAL"
  },
  {
    "id": "zx4ewdky",
    "player": "turbogilman",
    "player_location": "us",
    "region": "USA / NTSC"
  },
  {
    "id": "z1jgqp7z",
    "player": "SauceRainShinobi",
    "player_location": "us",
    "region": "USA / NTSC"
  },
  {
    "id": "zgwxd50y",
    "player": "DerHirte",
    "player_location": "at",
    "region": "EUR / PAL"
  },
  {
    "id": "zgk47pdy",
    "player": "stylo",
    "player_location": null,
    "region": "USA / NTSC"
  },
  {
    "id": "m7qrkvwz",
    "player": "TG_CoopZilla",
    "player_location": "gb/eng",
    "region": "EUR / PAL"
  }
]