[
  {
    "id": "9yojq0dm",
    "player": "MHFsilver",
    "player_location": "us",
    "region": "USA / NTSC"
  },
  {
    "id": "9yo77r5m",
    "player": "Schneeheide",
    "player_location": "de",
    "region": "EUR / PAL"
  },
  {
    "id": "yvjedqoy",
    "player": "LoveBot",
    "player_location": "dk",
    "region": "JPN / NTSC"
  },
  {
    "id": "yw4dqw2z",
    "player": "Ronald",
    "player_location": "nl",
    "region": "EUR / PAL"
  },
  {
    "id": "mr1xd87z",
    "player": "chris_speedruns",
    "player_location": "at",
    "region": "JPN / NTSC"
  }
]