[
  {
    "id": "zn8326vz",
    "player": "MirrorMeddle",
    "player_location": "us",
    "region": "USA / NTSC"
  },
  {
    "id": "zq6krl8y",
    "player": "Elavion",
    "player_location": "pl",
    "region": "USA / NTSC"
  },
  {
    "id": "yw1n2w2z",
    "player": "Mr357",
    "player_location": "us",
    "region": "USA / NTSC"
  },
  {
    "id": "mk4kpr3y",
    "player": "Znium16",
    "player_location": "fr",
    "region": "EUR / PAL"
  },
  {
    "id": "ydqqv4jm",
    "player": "Brongle",
    "player_location": "gb",
    "region": null
  },
  {
    "id": "m79940wy",
    "player": "EpikRainjer",
    "player_location": "us",
    "region": "USA / NTSC"
  },
  {
    "id": "m3dw1vdz",
    "player": "MovingTarget_086",
    "player_location": "us",
    "region": "USA / NTSC"
  },
  {
    "id": "yo4e4rdm",
    "player": "ForgottenGlory",
    "player_location": "us",
    "region": null
  },
  {
    "id": "mekrpr3m",
    "player": "Minkey",
    "player_location": "nl",
    "region": null
  },
  {
    "id": "y41gneny",
    "player": "Krazey",
    "player_location": "us",
    "region": "USA / NTSC"
  },
  {
    "id": "yvg580ey",
    "player": "cojo",
    "player_location": "us",
    "region": "USA / NTSC"
  },
  {
    "id": "yo4er71m",
    "player": "apple1417",
    "player_location": "nz",
    "region": null
  },
  {
    "id": "y23nn2jm",
    "player": "Ornery Ike",
    "player_location": "ca",
    "region": "USA / NTSC"
  },
  {
    "id": "y8qo47ny",
    "player": "Mining",
    "player_location": "us",
    "region": "USA / NTSC"
  },
  {
    "id": "yo2vrjjz",
    "player": "angelzor",
    "player_location": "fr",
    "region": "EUR / PAL"
  },
  {
    "id": "zq6p108y",
    "player": "thunderkill",
    "player_location": "fi",
    "region": "EUR / PAL"
  },
  {
    "id": "zpqo89ry",
    "player": "MewsSnep",
    "player_location": "us",
    "region": "USA / NTSC"
  },
  {
    "id": "yo4erw0m",
    "player": "SniperGuy",
    "player_location": null,
    "region": "USA / NTSC"
  },
  {
    "id": "mk4wvwvy",
    "player": "Aldriel",
    "player_location": "fi",
    "region": null
  },
  {
    "id": "y67j806m",
    "player": "Silverig",
    "player_location": "gb/eng",
    "region": null
  },
  {
    "id": "ylklpjxz",
    "player": "salvner",
    "player_location": "gb/eng",
    "region": null
  },
  {
    "id": "zxkl1rem",
    "player": "yayfornuke",
    "player_location": "de",
    "region": "EUR / PAL"
  },
  {
    "id": "yo454g1m",
    "player": "BadgerofWar",
    "player_location": "nz",
    "region": null
  },
  {
    "id": "z1j47vjz",
    "player": "Niateph",
    "player_location": "fr",
    "region": null
  },
  {
    "id": "zx6jovez",
    "player": "clove",
    "player_location": "us",
    "region": "USA / NTSC"
  },
  {
    "id": "zn86ke7z",
    "player": "Papers2",
    "player_location": "us",
    "region": null
  },
  {
    "id": "y2367o5m",
    "player": "DrakfilesGamign",
    "player_location": "us",
    "region": "USA / NTSC"
  },
  {
    "id": "y454rxnm",
    "player": "PardryllGaming",
    "player_location": "us",
    "region": "USA / NTSC"
  },
  {
    "id": "yd3q5ejz",
    "player": "Epicrocker",
    "player_location": "us",
    "region": "USA / NTSC"
  },
  {
    "id": "m794jpey",
    "player": "77tornado77",
    "player_location": "fi",
    "region": "EUR / PAL"
  },
  {
    "id": "me8xr42m",
    "player": "Alrik",
    "player_location": "fi",
    "region": "EUR / PAL"
  },
  {
    "id": "z092ke4z",
    "player": "kkaktuss",
    "player_location": "fi",
    "region": null
  },
  {
    "id": "y6ppvrqm",
    "player": "Whatyoudexpect",
    "player_location": "us",
    "region": "USA / NTSC"
  },
  {
    "id": "y6pp81pm",
    "player": "xd_RealiX",
    "player_location": "fi",
    "region": "EUR / PAL"
  },
  {
    "id": "mr86vd8y",
    "player": "ThatRandomGuy2323",
    "player_location": null,
    "region": null
  },
  {
    "id": "zp0xp2vm",
    "player": "Willow_xd",
    "player_location": "fr",
    "region": "EUR / PAL"
  },
  {
    "id": "yd3o4p0z",
    "player": "Gabouli",
    "player_location": "fr",
    "region": "EUR / PAL"
  },
  {
    "id": "y43k9ldz",
    "player": "Kalus",
    "player_location": "ca",
    "region": "USA / NTSC"
  },
  {
    "id": "zx4w6eey",
    "player": "Marivahlio",
    "player_location": "nl",
    "region": "EUR / PAL"
  },
  {
    "id": "ywpn610z",
    "player": "Pixel0100",
    "player_location": "au",
    "region": null
  },
  {
    "id": "yj4w58ny",
    "player": "czdell",
    "player_location": "us",
    "region": "USA / NTSC"
  },
  {
    "id": "zg78690z",
    "player": "ElViniD",
    "player_location": "ch",
    "region": null
  },
  {
    "id": "zx4wnxgy",
    "player": "Juryo",
    "player_location": "ca",
    "region": null
  },
  {
    "id": "mk9qqn5z",
    "player": "madeincanada70",
    "player_location": "ca",
    "region": "USA / NTSC"
  },
  {
    "id": "yl4l832m",
    "player": "S1ippery",
    "player_location": "us",
    "region": "USA / NTSC"
  },
  {
    "id": "ywpgj70z",
    "player": "Nephadeo",
    "player_location": "fr",
    "region": "EUR / PAL"
  },
  {
    "id": "z518d15m",
    "player": "Rykirel",
    "player_location": "ca",
    "region": "USA / NTSC"
  },
  {
    "id": "ywpgj8nz",
    "player": "OaklesFINE",
    "player_location": null,
    "region": "USA / NTSC"
  },
  {
    "id": "zp0669vm",
    "player": "Mogule",
    "player_location": "us",
    "region": "USA / NTSC"
  },
  {
    "id": "z03dqrez",
    "player": "LadyLotsOfLuv",
    "player_location": "us",
    "region": "USA / NTSC"
  },
  {
    "id": "z518l3nm",
    "player": "Syntaxxor",
    "player_location": "us",
    "region": "USA / NTSC"
  },
  {
    "id": "y21rv7wz",
    "player": "HurricaneSYG",
    "player_location": "gb/eng",
    "region": "EUR / PAL"
  },
  {
    "id": "y92jq5nz",
    "player": "yoloswagbaylife",
    "player_location": null,
    "region": "USA / NTSC"
  },
  {
    "id": "y2qwe99y",
    "player": "Rinkusu",
    "player_location": "fr",
    "region": "EUR / PAL"
  },
  {
    "id": "yl4j8j2m",
    "player": "Zela_",
    "player_location": "us",
    "region": "USA / NTSC"
  },
  {
    "id": "m3ovqkqm",
    "player": "Thunder68",
    "player_location": "fr",
    "region": "EUR / PAL"
  },
  {
    "id": "meow462z",
    "player": "ajchimaera",
    "player_location": "nz",
    "region": null
  },
  {
    "id": "z51622em",
    "player": "AlphaKeko0815",
    "player_location": "de",
    "region": "EUR / PAL"
  },
  {
    "id": "m7pjpj9m",
    "player": "OfficialDumbass",
    "player_location": "us",
    "region": "USA / NTSC"
  },
  {
    "id": "zp0j2xgm",
    "player": "mpg0907",
    "player_location": "nl",
    "region": "EUR / PAL"
  },
  {
    "id": "m31d906z",
    "player": "ToonSair",
    "player_location": "us",
    "region": "USA / NTSC"
  },
  {
    "id": "mexv95qz",
    "player": "Quiv",
    "player_location": "au",
    "region": null
  },
  {
    "id": "znrwjv8y",
    "player": "auldmordu",
    "player_location": "gb/sct",
    "region": "EUR / PAL"
  },
  {
    "id": "y82276wy",
    "player": "0nlybac0n",
    "player_location": "us",
    "region": "USA / NTSC"
  },
  {
    "id": "zxk2wpem",
    "player": "DeadHawky",
    "player_location": "gb/nir",
    "region": "EUR / PAL"
  },
  {
    "id": "mex6553z",
    "player": "Nibruz",
    "player_location": "fi",
    "region": "EUR / PAL"
  },
  {
    "id": "z5725kgm",
    "player": "entrygreen",
    "player_location": "dk",
    "region": "EUR / PAL"
  },
  {
    "id": "y81n8dwz",
    "player": "tehxenor",
    "player_location": "aq",
    "region": null
  },
  {
    "id": "y6lg91py",
    "player": "swaagdude",
    "player_location": null,
    "region": "USA / NTSC"
  },
  {
    "id": "yj3rgrdz",
    "player": "Phynx",
    "player_location": "de",
    "region": "EUR / PAL"
  },
  {
    "id": "mk2wn51m",
    "player": "bokimoto",
    "player_location": "us",
    "region": "USA / NTSC"
  },
  {
    "id": "mrk3462y",
    "player": "blobinati",
    "player_location": "ca",
    "region": "USA / NTSC"
  },
  {
    "id": "m33lx4gm",
    "player": "Rubiks37",
    "player_location": "us",
    "region": "USA / NTSC"
  },
  {
    "id": "mr18qj7z",
    "player": "flyingace678",
    "player_location": "us",
    "region": "USA / NTSC"
  },
  {
    "id": "z05kd3em",
    "player": "rottis",
    "player_location": "fi",
    "region": "EUR / PAL"
  },
  {
    "id": "y21o27jz",
    "player": "Legionofone",
    "player_location": null,
    "region": "USA / NTSC"
  },
  {
    "id": "m3grvogz",
    "player": "Canden",
    "player_location": "gb",
    "region": "EUR / PAL"
  },
  {
    "id": "z053qe9m",
    "player": "Werft",
    "player_location": "us",
    "region": "USA / NTSC"
  },
  {
    "id": "y65p5r1z",
    "player": "Amtyi",
    "player_location": "au",
    "region": null
  },
  {
    "id": "y829685y",
    "player": "vera_xiv",
    "player_location": "us",
    "region": "USA / NTSC"
  },
  {
    "id": "zgw8jqey",
    "player": "camelus",
    "player_location": "ru",
    "region": null
  },
  {
    "id": "m3515wgy",
    "player": "DexTER_Jordan",
    "player_location": null,
    "region": "EUR / PAL"
  },
  {
    "id": "m75j3vwz",
    "player": "Lezzy",
    "player_location": "no",
    "region": "EUR / PAL"
  },
  {
    "id": "y8d18x5z",
    "player": "desuroth",
    "player_location": "br",
    "region": "USA / NTSC"
  },
  {
    "id": "y2552k6y",
    "player": "Abgeblockt",
    "player_location": "ch",
    "region": "EUR / PAL"
  },
  {
    "id": "y8vnpowz",
    "player": "aquamaster",
    "player_location": "us",
    "region": "USA / NTSC"
  },
  {
    "id": "yjl005dz",
    "player": "l30nh4rd",
    "player_location": "at",
    "region": "EUR / PAL"
  },
  {
    "id": "zqw7jp1z",
    "player": "XIZA",
    "player_location": "us",
    "region": "USA / NTSC"
  },
  {
    "id": "y25v4q7y",
    "player": "Alebrant",
    "player_location": "es",
    "region": null
  },
  {
    "id": "yd5r2qqm",
    "player": "Slush23",
    "player_location": "de",
    "region": "EUR / PAL"
  },
  {
    "id": "zgwg6pny",
    "player": "GrimTimekeeper",
    "player_location": "us",
    "region": "USA / NTSC"
  },
  {
    "id": "m7gl98wm",
    "player": "Raxiero",
    "player_location": "be",
    "region": "EUR / PAL"
  },
  {
    "id": "z05ow9om",
    "player": "Starcanine",
    "player_location": "us",
    "region": "USA / NTSC"
  },
  {
    "id": "y25l9p9y",
    "player": "GladePixie",
    "player_location": "us",
    "region": null
  },
  {
    "id": "zgwd98dy",
    "player": "Bensnake",
    "player_location": null,
    "region": null
  },
  {
    "id": "yv6rj18z",
    "player": "pudinsvaldo",
    "player_location": "br",
    "region": null
  },
  {
    "id": "y82x67wy",
    "player": "JuliusTheTinyDog",
    "player_location": "us",
    "region": "USA / NTSC"
  },
  {
    "id": "z15l5jwy",
    "player": "Pupseal",
    "player_location": null,
    "region": "USA / NTSC"
  },
  {
    "id": "yo38jd7y",
    "player": "RazorOne",
    "player_location": "ca",
    "region": null
  },
  {
    "id": "z1q1lnry",
    "player": "cinnamoncookies",
    "player_location": "us",
    "region": null
  },
  {
    "id": "ylkde5kz",
    "player": "Artistic-snek",
    "player_location": "gb/eng",
    "region": null
  },
  {
    "id": "yok59w0z",
    "player": "CoffeeKat",
    "player_location": "us",
    "region": "USA / NTSC"
  },
  {
    "id": "m35j274y",
    "player": "GBT",
    "player_location": "no",
    "region": "EUR / PAL"
  },
  {
    "id": "y65je5pz",
    "player": "soshify",
    "player_location": "ca",
    "region": "USA / NTSC"
  },
  {
    "id": "y9613lny",
    "player": "MiniFrezer",
    "player_location": "se",
    "region": null
  },
  {
    "id": "z06j0goz",
    "player": "Hihya",
    "player_location": "de",
    "region": null
  },
  {
    "id": "zgxr71nm",
    "player": "Alhimont",
    "player_location": "ru",
    "region": null
  },
  {
    "id": "y4w46oqm",
    "player": "AbleStarRBLX",
    "player_location": null,
    "region": "USA / NTSC"
  },
  {
    "id": "zpr740rm",
    "player": "ridefire123",
    "player_location": "us",
    "region": "USA / NTSC"
  },
  {
    "id": "m35p26dy",
    "player": "toronto2099.",
    "player_location": "gb/eng",
    "region": null
  },
  {
    "id": "ywdernpz",
    "player": "RainstormRobin",
    "player_location": "gb/eng",
    "region": null
  },
  {
    "id": "y4r2gxnz",
    "player": "TheChaosGoddess",
    "player_location": "us",
    "region": null
  },
  {
    "id": "ywdenpnz",
    "player": "_Cookie_",
    "player_location": "ca",
    "region": null
  },
  {
    "id": "m758jjez",
    "player": "Sevaoao",
    "player_location": "de",
    "region": "EUR / PAL"
  },
  {
    "id": "yd06je0z",
    "player": "Troyer1k",
    "player_location": "ca",
    "region": "USA / NTSC"
  },
  {
    "id": "yv9nng4z",
    "player": "KrookA",
    "player_location": "gb",
    "region": "EUR / PAL"
  },
  {
    "id": "yv9620oz",
    "player": "threonine",
    "player_location": "jp",
    "region": "JPN / NTSC"
  },
  {
    "id": "yj61geoz",
    "player": "Beltane778",
    "player_location": "us",
    "region": "USA / NTSC"
  },
  {
    "id": "ylvq99rm",
    "player": "huxxny",
    "player_location": "ca/qc",
    "region": "USA / NTSC"
  },
  {
    "id": "zq419k9m",
    "player": "Plantedragon",
    "player_location": "us",
    "region": "USA / NTSC"
  },
  {
    "id": "y91npgem",
    "player": "DarthPlagueisTheWise",
    "player_location": "us",
    "region": "USA / NTSC"
  },
  {
    "id": "y2dvo99z",
    "player": "cdnmrpr",
    "player_location": "us",
    "region": "USA / NTSC"
  },
  {
    "id": "mk85403m",
    "player": "Father_Gub",
    "player_location": "us",
    "region": "USA / NTSC"
  },
  {
    "id": "yj117e3y",
    "player": "Yoshie2000",
    "player_location": "de",
    "region": "EUR / PAL"
  },
  {
    "id": "yv2j6wxm",
    "player": "SongsOfHealing",
    "player_location": "pr",
    "region": null
  },
  {
    "id": "z53x6kny",
    "player": "ThePoet101",
    "player_location": "de",
    "region": "EUR / PAL"
  },
  {
    "id": "y667drjy",
    "player": "hecteek",
    "player_location": "ca",
    "region": "USA / NTSC"
  },
  {
    "id": "zn3x0l8y",
    "player": "morningstar7926",
    "player_location": "us",
    "region": "USA / NTSC"
  },
  {
    "id": "zplv92nm",
    "player": "sunsetjuice",
    "player_location": "us",
    "region": "USA / NTSC"
  },
  {
    "id": "zgvjjwvz",
    "player": "Somnik",
    "player_location": "ro",
    "region": "EUR / PAL"
  },
  {
    "id": "m3gvd9gz",
    "player": "Akaineko",
    "player_location": "us",
    "region": "USA / NTSC"
  },
  {
    "id": "y99wg9vy",
    "player": "shukuchimukyo",
    "player_location": "us",
    "region": "USA / NTSC"
  },
  {
    "id": "y2x31n5m",
    "player": "FlavoredSoap",
    "player_location": "us",
    "region": "USA / NTSC"
  },
  {
    "id": "me9vqk9z",
    "player": "TheArctosJackal",
    "player_location": "gb",
    "region": "EUR / PAL"
  },
  {
    "id": "yv9wwqoz",
    "player": "PeeK_SneeK",
    "player_location": "us",
    "region": "USA / NTSC"
  },
  {
    "id": "yd985ewz",
    "player": "StormZI",
    "player_location": "us",
    "region": "USA / NTSC"
  },
  {
    "id": "z501go5y",
    "player": "Gronguss",
    "player_location": "us",
    "region": "USA / NTSC"
  },
  {
    "id": "zp3d31xm",
    "player": "Mohawkgavin",
    "player_location": "us",
    "region": null
  },
  {
    "id": "zx6gk58z",
    "player": "GREENASASYN",
    "player_location": "pl",
    "region": "EUR / PAL"
  },
  {
    "id": "zp3wd48m",
    "player": "jachu__pol",
    "player_location": "pl",
    "region": "EUR / PAL"
  },
  {
    "id": "m3nov8wy",
    "player": "Jamesdstanford07_",
    "player_location": "gb/eng",
    "region": "EUR / PAL"
  },
  {
    "id": "m78pr10z",
    "player": "toraoji",
    "player_location": "jp",
    "region": "JPN / NTSC"
  },
  {
    "id": "m78ggj5z",
    "player": "Mr_FrenchWhale",
    "player_location": null,
    "region": "USA / NTSC"
  },
  {
    "id": "zgxe2j0m",
    "player": "Meeperty",
    "player_location": "us",
    "region": null
  },
  {
    "id": "y4r70ndz",
    "player": "Fragmentation123",
    "player_location": "gr",
    "region": "EUR / PAL"
  },
  {
    "id": "zx600l5z",
    "player": "Awesomeskunk2000",
    "player_location": "us",
    "region": "USA / NTSC"
  },
  {
    "id": "m3ngxq4y",
    "player": "mortenvs",
    "player_location": "dk",
    "region": null
  },
  {
    "id": "zgxx36nm",
    "player": "xHyperi",
    "player_location": "fi",
    "region": "EUR / PAL"
  },
  {
    "id": "me91od9z",
    "player": "Talox",
    "player_location": "nl",
    "region": "EUR / PAL"
  },
  {
    "id": "znp7253m",
    "player": "Speeeeeeedrun",
    "player_location": "no",
    "region": null
  },
  {
    "id": "y42r6onm",
    "player": "QuadcoreMissile",
    "player_location": "de",
    "region": "EUR / PAL"
  },
  {
    "id": "zqg1xp5m",
    "player": "DownNut",
    "player_location": null,
    "region": "USA / NTSC"
  },
  {
    "id": "y2v7w37z",
    "player": "OreoLamp",
    "player_location": "fi",
    "region": "EUR / PAL"
  },
  {
    "id": "y2x9e57m",
    "player": "Xarxid",
    "player_location": "pl",
    "region": "EUR / PAL"
  },
  {
    "id": "y9nv9qnz",
    "player": "neddyboy423",
    "player_location": "au",
    "region": null
  },
  {
    "id": "y4r2g5qz",
    "player": "Psychouououo",
    "player_location": "de",
    "region": "EUR / PAL"
  },
  {
    "id": "yv2nrpxm",
    "player": "FreshElephanty",
    "player_location": "us",
    "region": "USA / NTSC"
  },
  {
    "id": "y8vw21xz",
    "player": "Ender925",
    "player_location": "us",
    "region": "USA / NTSC"
  },
  {
    "id": "yv2x42em",
    "player": "rome3129",
    "player_location": "us",
    "region": "USA / NTSC"
  },
  {
    "id": "y42np9qm",
    "player": "Cy6org",
    "player_location": null,
    "region": null
  },
  {
    "id": "yd9oonxz",
    "player": "Latestyummy",
    "player_location": "gb/eng",
    "region": "EUR / PAL"
  },
  {
    "id": "z18wd5gy",
    "player": "Alanou",
    "player_location": "fr",
    "region": "EUR / PAL"
  },
  {
    "id": "yw0l9q0m",
    "player": "jadeswest",
    "player_location": "us",
    "region": "USA / NTSC"
  },
  {
    "id": "yv142gxy",
    "player": "Toastpaws",
    "player_location": "de",
    "region": "EUR / PAL"
  },
  {
    "id": "zgg36ndz",
    "player": "TimboTheNick",
    "player_location": "de",
    "region": "EUR / PAL"
  },
  {
    "id": "ydr37gxz",
    "player": "Gsudi",
    "player_location": "at",
    "region": "EUR / PAL"
  },
  {
    "id": "zq1rvx1m",
    "player": "JokerTropical",
    "player_location": "ca",
    "region": "USA / NTSC"
  },
  {
    "id": "yddjovjy",
    "player": "MrHarlz200",
    "player_location": "gb/eng",
    "region": "EUR / PAL"
  },
  {
    "id": "me7xlk2y",
    "player": "JUNK_yt",
    "player_location": "pl",
    "region": "EUR / PAL"
  },
  {
    "id": "y20l2x5m",
    "player": "LuLuZephyr",
    "player_location": "us",
    "region": "USA / NTSC"
  },
  {
    "id": "yo79lv1m",
    "player": "balazssudipanda",
    "player_location": "hu",
    "region": "EUR / PAL"
  },
  {
    "id": "z5r0q9ny",
    "player": "MissAbadeer",
    "player_location": "us",
    "region": "USA / NTSC"
  },
  {
    "id": "z5rdjd5y",
    "player": "NerdGlassesEmoji",
    "player_location": "us",
    "region": "USA / NTSC"
  },
  {
    "id": "mke6oexm",
    "player": "Discipl",
    "player_location": "ca",
    "region": "USA / NTSC"
  },
  {
    "id": "y6do1ojm",
    "player": "RoryMon",
    "player_location": "au",
    "region": null
  },
  {
    "id": "ydrwgqqz",
    "player": "cutter609",
    "player_location": null,
    "region": "USA / NTSC"
  },
  {
    "id": "m7d6680m",
    "player": "oofiam",
    "player_location": "ca",
    "region": null
  },
  {
    "id": "zxllpjqz",
    "player": "KaweedFul",
    "player_location": "fr",
    "region": "EUR / PAL"
  },
  {
    "id": "ydrlllxz",
    "player": "Shioku",
    "player_location": "de",
    "region": "EUR / PAL"
  },
  {
    "id": "z1rnvvwm",
    "player": "ericbakerchef",
    "player_location": "us",
    "region": null
  },
  {
    "id": "yv1xw48y",
    "player": "RedactedUser",
    "player_location": "ie",
    "region": "EUR / PAL"
  },
  {
    "id": "y4rne12z",
    "player": "SquiddXD",
    "player_location": "us",
    "region": "USA / NTSC"
  },
  {
    "id": "yvro5lez",
    "player": "SkillettheCounter",
    "player_location": "ru",
    "region": "EUR / PAL"
  },
  {
    "id": "y8e3npwy",
    "player": "Debula",
    "player_location": "de",
    "region": "EUR / PAL"
  },
  {
    "id": "m3752rgz",
    "player": "nindaan",
    "player_location": "nl",
    "region": null
  },
  {
    "id": "y8ejq2dy",
    "player": "darkwaters",
    "player_location": "za",
    "region": "EUR / PAL"
  },
  {
    "id": "z0pvo5oy",
    "player": "Rivukis",
    "player_location": "us",
    "region": "USA / NTSC"
  },
  {
    "id": "ydw7x30m",
    "player": "Eclypsed",
    "player_location": "us",
    "region": "USA / NTSC"
  },
  {
    "id": "y9v62rvm",
    "player": "xWelchyx",
    "player_location": "ie",
    "region": null
  },
  {
    "id": "yde19qwm",
    "player": "DarienSamaroo",
    "player_location": "ca",
    "region": "USA / NTSC"
  },
  {
    "id": "zp8edngy",
    "player": "Fumiichi",
    "player_location": "jp",
    "region": "JPN / NTSC"
  },
  {
    "id": "y48dq82m",
    "player": "profoundpup",
    "player_location": "us",
    "region": null
  },
  {
    "id": "ylrjl0ky",
    "player": "Scottplays75367",
    "player_location": "gb/wls",
    "region": null
  },
  {
    "id": "zqvnwkrm",
    "player": "Nicholas1202",
    "player_location": "br",
    "region": null
  },
  {
    "id": "zgq4o3vy",
    "player": "Jye_",
    "player_location": "au",
    "region": null
  },
  {
    "id": "zxl469kz",
    "player": "Svool_Gsviv",
    "player_location": "us",
    "region": "USA / NTSC"
  },
  {
    "id": "mrnwv28y",
    "player": "Lucasj_gaming",
    "player_location": "us",
    "region": "USA / NTSC"
  },
  {
    "id": "m7w2234z",
    "player": "Chris24",
    "player_location": "de",
    "region": "EUR / PAL"
  },
  {
    "id": "mke57k1m",
    "player": "krycha34012",
    "player_location": "pl",
    "region": "EUR / PAL"
  },
  {
    "id": "yvqq3lxm",
    "player": "heisgo1",
    "player_location": "br",
    "region": null
  },
  {
    "id": "mkee551m",
    "player": "Wigg0",
    "player_location": "se",
    "region": "EUR / PAL"
  },
  {
    "id": "y20p18wm",
    "player": "oktobus",
    "player_location": "us",
    "region": "USA / NTSC"
  },
  {
    "id": "ydw1pqxm",
    "player": "Clabesimp",
    "player_location": "us",
    "region": "USA / NTSC"
  },
  {
    "id": "ywjv5w0z",
    "player": "Dagaznau",
    "player_location": "de",
    "region": null
  },
  {
    "id": "zp2p0xry",
    "player": "stonetooth",
    "player_location": "gb",
    "region": "EUR / PAL"
  },
  {
    "id": "zgpv8lvz",
    "player": "Liltheo",
    "player_location": "ca",
    "region": null
  },
  {
    "id": "zxl0l7kz",
    "player": "abross42",
    "player_location": "ee",
    "region": "EUR / PAL"
  },
  {
    "id": "y8jgo81z",
    "player": "BlastKrag",
    "player_location": "fr",
    "region": "EUR / PAL"
  },
  {
    "id": "zp2o75xy",
    "player": "Giocentric",
    "player_location": "au",
    "region": null
  },
  {
    "id": "zx7v9qey",
    "player": "Mabalto2522",
    "player_location": "us",
    "region": "USA / NTSC"
  },
  {
    "id": "znq2nx8z",
    "player": "BlitzkriegKarma",
    "player_location": "us",
    "region": "USA / NTSC"
  },
  {
    "id": "z5vnkgdm",
    "player": "Kazotoa",
    "player_location": null,
    "region": "USA / NTSC"
  },
  {
    "id": "z0p6o8ey",
    "player": "GrongGrong",
    "player_location": "no",
    "region": null
  },
  {
    "id": "z1pjpdwz",
    "player": "KseroXe",
    "player_location": "ru",
    "region": null
  },
  {
    "id": "z1p2enrz",
    "player": "monovisionary",
    "player_location": null,
    "region": "USA / NTSC"
  },
  {
    "id": "mkk7q53m",
    "player": "Glenoid",
    "player_location": null,
    "region": "USA / NTSC"
  },
  {
    "id": "z0prdw9y",
    "player": "AlparKKacsA",
    "player_location": "hu",
    "region": null
  },
  {
    "id": "yw3g902m",
    "player": "BladeBlood",
    "player_location": "cz",
    "region": "EUR / PAL"
  },
  {
    "id": "mkkolw1m",
    "player": "Noodlezz",
    "player_location": null,
    "region": "USA / NTSC"
  },
  {
    "id": "znq3l6lz",
    "player": "Pai_daX",
    "player_location": "cn",
    "region": null
  },
  {
    "id": "yl7879rm",
    "player": "BrutalBj\u00f6rn",
    "player_location": "at",
    "region": null
  },
  {
    "id": "mkd3kqvy",
    "player": "AutistictCat",
    "player_location": null,
    "region": "EUR / PAL"
  },
  {
    "id": "y8xp1rdm",
    "player": "Lorganin",
    "player_location": "fr",
    "region": null
  },
  {
    "id": "yv0vjd4z",
    "player": "zz9873",
    "player_location": null,
    "region": "EUR / PAL"
  },
  {
    "id": "y9x4r9vy",
    "player": "Ippus",
    "player_location": "us",
    "region": "USA / NTSC"
  },
  {
    "id": "mrr3eddm",
    "player": "St3ady",
    "player_location": null,
    "region": "USA / NTSC"
  },
  {
    "id": "mkv93e5y",
    "player": "DiscoShorts",
    "player_location": "ca",
    "region": "USA / NTSC"
  }
]