[
  {
    "id": "mk894kxm",
    "player": "Otterstone_Gamer",
    "player_location": "us",
    "region": "EUR / PAL"
  },
  {
    "id": "z5r78qny",
    "player": "Jaypin88",
    "player_location": "ca",
    "region": "USA / NTSC"
  },
  {
    "id": "zn371nly",
    "player": "geekboy400",
    "player_location": "us",
    "region": "USA / NTSC"
  },
  {
    "id": "yv9q4rxz",
    "player": "Dukktape",
    "player_location": "us",
    "region": "USA / NTSC"
  },
  {
    "id": "y2v36q9z",
    "player": "Uncoolguy6",
    "player_location": "us",
    "region": "USA / NTSC"
  },
  {
    "id": "zqglkw8m",
    "player": "MrLegitimacy",
    "player_location": null,
    "region": "USA / NTSC"
  },
  {
    "id": "y275nq5z",
    "player": "g00dgamer",
    "player_location": "us",
    "region": "USA / NTSC"
  },
  {
    "id": "zx86k98m",
    "player": "JoePulito",
    "player_location": "us",
    "region": "USA / NTSC"
  }
]