[
  {
    "id": "zqwrqd5z",
    "player": "Testing-IGT-MS-Issue",
    "player_location": null,
    "region": null
  },
  {
    "id": "mr9qek2m",
    "player": "fghkjghkfjhg",
    "player_location": null,
    "region": null
  },
  {
    "id": "m3gd15wz",
    "player": "WR eventho slower",
    "player_location": null,
    "region": "USA / NTSC"
  },
  {
    "id": "ylv90vkm",
    "player": "'beepboop'",
    "player_location": null,
    "region": null
  },
  {
    "id": "yo34j37y",
    "player": "Fastest but high item count",
    "player_location": null,
    "region": null
  },
  {
    "id": "zplq438m",
    "player": "Cyberpunk coming April 2020",
    "player_location": null,
    "region": null
  },
  {
    "id": "y2dq8n6z",
    "player": "aTotallyRealPerson",
    "player_location": null,
    "region": null
  },
  {
    "id": "m75plv0z",
    "player": "SomeLoser",
    "player_location": null,
    "region": null
  },
  {
    "id": "z09o6v4z",
    "player": "IGTstillthere",
    "player_location": null,
    "region": null
  },
  {
    "id": "z5rkvejy",
    "player": "lewisandspark",
    "player_location": null,
    "region": "USA / NTSC"
  },
  {
    "id": "z53qo1ey",
    "player": "anon1256921",
    "player_location": null,
    "region": null
  },
  {
    "id": "y8r594wm",
    "player": "anon12038572",
    "player_location": null,
    "region": null
  },
  {
    "id": "y2v2wn7z",
    "player": "test1",
    "player_location": "us",
    "region": null
  },
  {
    "id": "mr4vxd8z",
    "player": "Test1233",
    "player_location": null,
    "region": null
  },
  {
    "id": "z508gwjy",
    "player": "test43214",
    "player_location": null,
    "region": null
  },
  {
    "id": "z06dq0oz",
    "player": "test53224",
    "player_location": null,
    "region": null
  },
  {
    "id": "ydr3gnwz",
    "player": "anon103249832",
    "player_location": null,
    "region": "USA / NTSC"
  },
  {
    "id": "y99l1ley",
    "player": "anon159327392",
    "player_location": null,
    "region": "USA / NTSC"
  },
  {
    "id": "zxo223ez",
    "player": "Camcorder",
    "player_location": "us",
    "region": null
  },
  {
    "id": "yvo59x4z",
    "player": "gu3st",
    "player_location": "ca",
    "region": "JPN / NTSC"
  },
  {
    "id": "ydd596qy",
    "player": "Daeja",
    "player_location": "ca",
    "region": "USA / NTSC"
  },
  {
    "id": "m767534y",
    "player": "MisterPip",
    "player_location": "us",
    "region": "USA / NTSC"
  },
  {
    "id": "ywvpjv9z",
    "player": "Meta",
    "player_location": "ca",
    "region": null
  }
]