[
  {
    "id": "m3o3n3gm",
    "player": "Airshock22",
    "player_location": "ca",
    "region": null
  },
  {
    "id": "zq37g71y",
    "player": "360Chrism",
    "player_location": "de",
    "region": null
  },
  {
    "id": "yjlrk2gz",
    "player": "Silo_Simon",
    "player_location": null,
    "region": "USA / NTSC"
  },
  {
    "id": "y6p0600m",
    "player": "JayWaaking",
    "player_location": "us",
    "region": null
  },
  {
    "id": "y898v8xm",
    "player": "secretply",
    "player_location": "us",
    "region": null
  },
  {
    "id": "yvjr2rxy",
    "player": "DanimalSounds",
    "player_location": "us",
    "region": null
  },
  {
    "id": "zn4pop9m",
    "player": "robthegamer115",
    "player_location": "us",
    "region": null
  },
  {
    "id": "ywp3032z",
    "player": "scrubcasual",
    "player_location": "us",
    "region": null
  },
  {
    "id": "y6lgk0py",
    "player": "thedrunkenleader",
    "player_location": "ca",
    "region": "USA / NTSC"
  },
  {
    "id": "yd6ej60z",
    "player": "GengaRNG",
    "player_location": "us",
    "region": "JPN / NTSC"
  },
  {
    "id": "zp48w4rz",
    "player": "MadLadAdam",
    "player_location": "gb/eng",
    "region": "EUR / PAL"
  },
  {
    "id": "z1jxljrz",
    "player": "kebabman13",
    "player_location": "fr",
    "region": "USA / NTSC"
  },
  {
    "id": "zxkegxem",
    "player": "tcbtrio",
    "player_location": "us",
    "region": "JPN / NTSC"
  },
  {
    "id": "mrk7oogy",
    "player": "OddPandemonium",
    "player_location": "us",
    "region": "USA / NTSC"
  },
  {
    "id": "zx28odem",
    "player": "Otterstone_Gamer",
    "player_location": "us",
    "region": "USA / NTSC"
  },
  {
    "id": "m37ev26z",
    "player": "maybeGVST",
    "player_location": "au",
    "region": null
  },
  {
    "id": "z05n3kem",
    "player": "Fluteboy123",
    "player_location": "us",
    "region": null
  },
  {
    "id": "zgw978dy",
    "player": "Pear",
    "player_location": "us",
    "region": "USA / NTSC"
  },
  {
    "id": "z0648loz",
    "player": "mynameisAndy",
    "player_location": "us",
    "region": "USA / NTSC"
  },
  {
    "id": "yd92q4jz",
    "player": "PaperMarioParty",
    "player_location": "us",
    "region": null
  },
  {
    "id": "m772l60m",
    "player": "TheKingOfFlub",
    "player_location": "us",
    "region": "USA / NTSC"
  },
  {
    "id": "zgx61nnm",
    "player": "Kumanomi",
    "player_location": "jp",
    "region": "JPN / NTSC"
  },
  {
    "id": "m7wgxk4z",
    "player": "spirk",
    "player_location": "us",
    "region": "USA / NTSC"
  },
  {
    "id": "ydrqo1xz",
    "player": "GlassCoke",
    "player_location": "us",
    "region": "USA / NTSC"
  },
  {
    "id": "m7dw6wem",
    "player": "Sorendo",
    "player_location": "fr",
    "region": "EUR / PAL"
  },
  {
    "id": "y6dnqx1m",
    "player": "Co_kmt396",
    "player_location": "jp",
    "region": "JPN / NTSC"
  },
  {
    "id": "z0rp1qjz",
    "player": "Whataboutbeef",
    "player_location": "us",
    "region": "USA / NTSC"
  },
  {
    "id": "y4rqer3z",
    "player": "ratyu",
    "player_location": "jp",
    "region": "JPN / NTSC"
  },
  {
    "id": "y6dq5l6m",
    "player": "MinsyouRemu",
    "player_location": "jp",
    "region": "JPN / NTSC"
  },
  {
    "id": "yo7ok95m",
    "player": "kmbyukarin",
    "player_location": "jp",
    "region": "JPN / NTSC"
  },
  {
    "id": "y99k0nry",
    "player": "teremi",
    "player_location": "jp",
    "region": "JPN / NTSC"
  },
  {
    "id": "zxgw2gky",
    "player": "Tilly_918",
    "player_location": "jp",
    "region": "JPN / NTSC"
  },
  {
    "id": "zq1dw11m",
    "player": "Hharu",
    "player_location": "jp",
    "region": "JPN / NTSC"
  },
  {
    "id": "mkgq35ly",
    "player": "schwarze3010",
    "player_location": "jp",
    "region": "JPN / NTSC"
  },
  {
    "id": "y6dq590m",
    "player": "tarte_shirasuzu",
    "player_location": "jp",
    "region": "JPN / NTSC"
  },
  {
    "id": "z5rw4rgy",
    "player": "Dcf_Z",
    "player_location": "jp",
    "region": "JPN / NTSC"
  },
  {
    "id": "z0rxo9ez",
    "player": "Sterlize",
    "player_location": "jp",
    "region": null
  },
  {
    "id": "y882j65y",
    "player": "DillPickel",
    "player_location": "nz",
    "region": "EUR / PAL"
  },
  {
    "id": "zxl4qe5z",
    "player": "PrayingMantisKungFu",
    "player_location": "us",
    "region": "USA / NTSC"
  },
  {
    "id": "mr7vo6dz",
    "player": "Tac0",
    "player_location": "aq",
    "region": "USA / NTSC"
  },
  {
    "id": "y6nw84qz",
    "player": "Typhloquil",
    "player_location": "us",
    "region": "USA / NTSC"
  },
  {
    "id": "z52856gz",
    "player": "savannick",
    "player_location": "us",
    "region": "USA / NTSC"
  }
]