[
  {
    "id": "m79kg04y",
    "player": "D_Winds",
    "player_location": "ca",
    "region": "USA / NTSC"
  },
  {
    "id": "6yj5eomd",
    "player": "Rain_Airou",
    "player_location": null,
    "region": "JPN / NTSC"
  },
  {
    "id": "9mrnd8yq",
    "player": "Tackify",
    "player_location": "ca",
    "region": "USA / NTSC"
  },
  {
    "id": "kz5dljmr",
    "player": "Jambalya",
    "player_location": null,
    "region": "USA / NTSC"
  },
  {
    "id": "mekvn7qm",
    "player": "mistmaster1",
    "player_location": "us",
    "region": "USA / NTSC"
  },
  {
    "id": "mk4dp81y",
    "player": "Sonicshadowsilver2",
    "player_location": "us",
    "region": "JPN / NTSC"
  },
  {
    "id": "0y69g0y7",
    "player": "ahirun",
    "player_location": "jp",
    "region": "JPN / NTSC"
  },
  {
    "id": "7ylrpxyp",
    "player": "Shitai",
    "player_location": null,
    "region": "JPN / NTSC"
  },
  {
    "id": "9yo6q5yx",
    "player": "Bladeshard12",
    "player_location": "us",
    "region": "USA / NTSC"
  },
  {
    "id": "wzp8kvyq",
    "player": "MzYulf",
    "player_location": "ca",
    "region": "USA / NTSC"
  },
  {
    "id": "jy93pry4",
    "player": "Bl00dyBizkitz",
    "player_location": "us",
    "region": "JPN / NTSC"
  },
  {
    "id": "nz1xvwme",
    "player": "MikachuTuhonen",
    "player_location": "fi",
    "region": "JPN / NTSC"
  },
  {
    "id": "1zxo0kzx",
    "player": "Toasterman95",
    "player_location": null,
    "region": "USA / NTSC"
  },
  {
    "id": "kz5dwjmr",
    "player": "FayeLilac",
    "player_location": "us",
    "region": "USA / NTSC"
  },
  {
    "id": "pm37vgz0",
    "player": "Karakov",
    "player_location": "us",
    "region": "USA / NTSC"
  },
  {
    "id": "dy47n2yl",
    "player": "Jorwell0626",
    "player_location": null,
    "region": "USA / NTSC"
  },
  {
    "id": "1zqvp1ml",
    "player": "Bizkit047",
    "player_location": "us",
    "region": "JPN / NTSC"
  },
  {
    "id": "oy2787zd",
    "player": "Augora",
    "player_location": "us",
    "region": "USA / NTSC"
  },
  {
    "id": "zq6kgjry",
    "player": "Blazeingphoenix",
    "player_location": "us",
    "region": "JPN / NTSC"
  },
  {
    "id": "pzgn84jy",
    "player": "Darko",
    "player_location": null,
    "region": "USA / NTSC"
  },
  {
    "id": "pzgno4jy",
    "player": "Zocka1810",
    "player_location": null,
    "region": "EUR / PAL"
  },
  {
    "id": "jy92j72z",
    "player": "icantpronouncethis",
    "player_location": "us",
    "region": "USA / NTSC"
  },
  {
    "id": "wzp4n4xz",
    "player": "Ker_Kollins",
    "player_location": null,
    "region": "USA / NTSC"
  },
  {
    "id": "y8q3jrny",
    "player": "Zetrile",
    "player_location": "us",
    "region": "JPN / NTSC"
  },
  {
    "id": "9mrn4o4y",
    "player": "Afrofightah",
    "player_location": null,
    "region": "USA / NTSC"
  },
  {
    "id": "yo4v7w1m",
    "player": "RebelWatt",
    "player_location": "us",
    "region": "USA / NTSC"
  },
  {
    "id": "y2390ojm",
    "player": "JHobz",
    "player_location": "us",
    "region": "USA / NTSC"
  },
  {
    "id": "dy4q42km",
    "player": "DJSALTYNUTZ",
    "player_location": "us",
    "region": "JPN / NTSC"
  },
  {
    "id": "9yod577m",
    "player": "Muffinqt",
    "player_location": "us",
    "region": "JPN / NTSC"
  },
  {
    "id": "pzg0r9em",
    "player": "neraigo",
    "player_location": "us",
    "region": "JPN / NTSC"
  },
  {
    "id": "1zxe425m",
    "player": "sZinogre",
    "player_location": "au",
    "region": "JPN / NTSC"
  },
  {
    "id": "8yvpg2ey",
    "player": "DaMidget2000",
    "player_location": "au",
    "region": "JPN / NTSC"
  },
  {
    "id": "oy22gv7y",
    "player": "TOTOzigemm",
    "player_location": "us",
    "region": "JPN / NTSC"
  },
  {
    "id": "m3x8k46m",
    "player": "swift",
    "player_location": "ca",
    "region": "JPN / NTSC"
  },
  {
    "id": "zq6x7e5y",
    "player": "AlexisMousy",
    "player_location": "us",
    "region": "USA / NTSC"
  },
  {
    "id": "ydq8npvm",
    "player": "Wyattw8",
    "player_location": "us",
    "region": "JPN / NTSC"
  },
  {
    "id": "dy44v4ny",
    "player": "IronBarbaracle",
    "player_location": "gb/sct",
    "region": "EUR / PAL"
  },
  {
    "id": "6yj0w7gz",
    "player": "Darklink2nd",
    "player_location": "bz",
    "region": "USA / NTSC"
  },
  {
    "id": "mr8evq8y",
    "player": "roryextralife",
    "player_location": "gb/sct",
    "region": "EUR / PAL"
  },
  {
    "id": "yjl0op7z",
    "player": "danmz",
    "player_location": "mx",
    "region": "USA / NTSC"
  },
  {
    "id": "m79l094y",
    "player": "Sayuri",
    "player_location": "us",
    "region": "USA / NTSC"
  },
  {
    "id": "zg73ednz",
    "player": "calcifer050",
    "player_location": "gb/eng",
    "region": "EUR / PAL"
  },
  {
    "id": "y89r03wm",
    "player": "PapayaJordane",
    "player_location": "us",
    "region": "USA / NTSC"
  },
  {
    "id": "me8dpp8m",
    "player": "candy_drop",
    "player_location": "jp",
    "region": "USA / NTSC"
  },
  {
    "id": "yvoj97oz",
    "player": "KarasuXIII",
    "player_location": "us",
    "region": "USA / NTSC"
  },
  {
    "id": "yw465onz",
    "player": "StandardX",
    "player_location": "us",
    "region": null
  },
  {
    "id": "me9vnj2z",
    "player": "desa",
    "player_location": "de",
    "region": "EUR / PAL"
  },
  {
    "id": "mkg720ly",
    "player": "Kevy1885",
    "player_location": "us",
    "region": "USA / NTSC"
  },
  {
    "id": "y4ee6gnm",
    "player": "cutekaray",
    "player_location": "us",
    "region": "USA / NTSC"
  },
  {
    "id": "yj67v2dz",
    "player": "Retroid99",
    "player_location": "nz",
    "region": "USA / NTSC"
  },
  {
    "id": "yjgdwn7y",
    "player": "JunpeiKino",
    "player_location": "mx",
    "region": "USA / NTSC"
  },
  {
    "id": "me4dxoqy",
    "player": "Gamebreakerez",
    "player_location": "us",
    "region": null
  },
  {
    "id": "y8jd0w1z",
    "player": "Bulcon",
    "player_location": "us",
    "region": "USA / NTSC"
  },
  {
    "id": "z1p88p9z",
    "player": "Adamr34",
    "player_location": "us",
    "region": "USA / NTSC"
  },
  {
    "id": "yw6w483m",
    "player": "Component_Games",
    "player_location": "us",
    "region": "USA / NTSC"
  },
  {
    "id": "y6xgqq6y",
    "player": "JordanTheDarkness",
    "player_location": "us",
    "region": "USA / NTSC"
  },
  {
    "id": "y6opprjy",
    "player": "RebelDragon95",
    "player_location": "gb/eng",
    "region": "JPN / NTSC"
  }
]