[
  {
    "id": "9mexk9z7",
    "player": "the_otaku_gamer",
    "player_location": "us",
    "region": "USA / NTSC"
  },
  {
    "id": "dy42o8dm",
    "player": "Meows",
    "player_location": "us",
    "region": "USA / NTSC"
  },
  {
    "id": "1zq3671y",
    "player": "kintonians",
    "player_location": "jp",
    "region": "USA / NTSC"
  },
  {
    "id": "oy23o86m",
    "player": "WedSR",
    "player_location": "us",
    "region": "USA / NTSC"
  },
  {
    "id": "dy435dnz",
    "player": "Naegleria",
    "player_location": "ca",
    "region": "USA / NTSC"
  },
  {
    "id": "dy43kj3z",
    "player": "LobosJR",
    "player_location": null,
    "region": "USA / NTSC"
  },
  {
    "id": "pzg7jldz",
    "player": "FOXDIE",
    "player_location": "gb",
    "region": "EUR / PAL"
  },
  {
    "id": "emk96rvz",
    "player": "Distortion2",
    "player_location": "us",
    "region": "USA / NTSC"
  },
  {
    "id": "mr988p4m",
    "player": "Bobbykaze",
    "player_location": "ca",
    "region": "USA / NTSC"
  },
  {
    "id": "pyd980xz",
    "player": "spansy",
    "player_location": "jp",
    "region": "JPN / NTSC"
  },
  {
    "id": "mk2poqlm",
    "player": "Shirapon",
    "player_location": "jp",
    "region": "USA / NTSC"
  },
  {
    "id": "1zqgvj1m",
    "player": "jmobman",
    "player_location": "us",
    "region": "USA / NTSC"
  },
  {
    "id": "0zn7158m",
    "player": "Neurotaku",
    "player_location": "us",
    "region": "USA / NTSC"
  },
  {
    "id": "z0eo3q4m",
    "player": "PlushSOJ",
    "player_location": null,
    "region": "USA / NTSC"
  },
  {
    "id": "emk0gq5z",
    "player": "Ninnyz",
    "player_location": "us",
    "region": "USA / NTSC"
  },
  {
    "id": "0y6o0ppy",
    "player": "NekoCoffee",
    "player_location": "it",
    "region": "EUR / PAL"
  },
  {
    "id": "2ywxj69m",
    "player": "GameJesters",
    "player_location": "us",
    "region": "USA / NTSC"
  },
  {
    "id": "emkr6exz",
    "player": "desktopc4",
    "player_location": "br",
    "region": "USA / NTSC"
  },
  {
    "id": "kz5wqrnz",
    "player": "PinkAndOrangeAndGold",
    "player_location": "nl",
    "region": "EUR / PAL"
  },
  {
    "id": "m3dex7qz",
    "player": "Moses526",
    "player_location": "us",
    "region": "USA / NTSC"
  },
  {
    "id": "9yow857z",
    "player": "Mi5KL",
    "player_location": "ca",
    "region": "USA / NTSC"
  },
  {
    "id": "y67p2ljm",
    "player": "pa\u00e7ocagames",
    "player_location": "br",
    "region": "USA / NTSC"
  },
  {
    "id": "y82jdnny",
    "player": "Pajhen",
    "player_location": "us",
    "region": "USA / NTSC"
  },
  {
    "id": "z5ov43ey",
    "player": "lord_pantyhose",
    "player_location": "us",
    "region": "USA / NTSC"
  },
  {
    "id": "y8qe2kny",
    "player": "pokte",
    "player_location": "jp",
    "region": "JPN / NTSC"
  },
  {
    "id": "mk4d92ly",
    "player": "Neremz",
    "player_location": "fr",
    "region": "EUR / PAL"
  },
  {
    "id": "ydq298vm",
    "player": "gooperman",
    "player_location": "us",
    "region": "USA / NTSC"
  },
  {
    "id": "yvgx55xy",
    "player": "FatMikeTizzle",
    "player_location": "us",
    "region": "USA / NTSC"
  },
  {
    "id": "meknk88m",
    "player": "level_select",
    "player_location": "us",
    "region": "USA / NTSC"
  },
  {
    "id": "m79ld55y",
    "player": "Nordanix",
    "player_location": "se",
    "region": "EUR / PAL"
  },
  {
    "id": "yvjqejxy",
    "player": "WanderingRiku",
    "player_location": "br",
    "region": "EUR / PAL"
  },
  {
    "id": "yjkqvrnm",
    "player": "Goatyye",
    "player_location": "it",
    "region": "USA / NTSC"
  },
  {
    "id": "zgn93jjy",
    "player": "holographic",
    "player_location": null,
    "region": "EUR / PAL"
  },
  {
    "id": "z1jqjd7z",
    "player": "Cimeries-",
    "player_location": "br",
    "region": "USA / NTSC"
  },
  {
    "id": "z03rj14z",
    "player": "Stormglad",
    "player_location": "pt",
    "region": "EUR / PAL"
  },
  {
    "id": "yv3lnv8z",
    "player": "noocurrname",
    "player_location": null,
    "region": null
  },
  {
    "id": "mk9gvrlz",
    "player": "MgoStun",
    "player_location": null,
    "region": "USA / NTSC"
  },
  {
    "id": "m7pwdo5m",
    "player": "Ohrami",
    "player_location": "us",
    "region": "USA / NTSC"
  },
  {
    "id": "zn4p029m",
    "player": "Madorashi",
    "player_location": "br",
    "region": "USA / NTSC"
  },
  {
    "id": "zn45n99m",
    "player": "TikTak",
    "player_location": "de",
    "region": "EUR / PAL"
  },
  {
    "id": "m7q884wz",
    "player": "Bolinho",
    "player_location": null,
    "region": null
  },
  {
    "id": "yv3prq8z",
    "player": "LolDaGreat",
    "player_location": "lk",
    "region": "EUR / PAL"
  },
  {
    "id": "znrvx59y",
    "player": "Dr_Gokiburi",
    "player_location": "us",
    "region": "EUR / PAL"
  },
  {
    "id": "y81kogwz",
    "player": "Dawnmetty",
    "player_location": "br",
    "region": "USA / NTSC"
  },
  {
    "id": "znr29evy",
    "player": "muguet0501",
    "player_location": null,
    "region": null
  },
  {
    "id": "yj3oewoz",
    "player": "T0nu",
    "player_location": null,
    "region": null
  },
  {
    "id": "mexwn02z",
    "player": "BGR",
    "player_location": null,
    "region": null
  },
  {
    "id": "yd6nvnxz",
    "player": "\u304d\u3058/nagare ryokudou",
    "player_location": null,
    "region": "JPN / NTSC"
  },
  {
    "id": "m3104gwz",
    "player": "Mikael-",
    "player_location": null,
    "region": null
  },
  {
    "id": "yd6nvoqz",
    "player": "christenlanger",
    "player_location": null,
    "region": null
  },
  {
    "id": "y6lvg8qy",
    "player": "Muguet0501",
    "player_location": null,
    "region": null
  },
  {
    "id": "y95jpg2z",
    "player": "Amolemajima",
    "player_location": null,
    "region": null
  },
  {
    "id": "yw4gwo2z",
    "player": "noocurname",
    "player_location": null,
    "region": "EUR / PAL"
  },
  {
    "id": "z578l4dm",
    "player": "Jarrod Mitchell",
    "player_location": null,
    "region": "USA / NTSC"
  },
  {
    "id": "y95jq0nz",
    "player": "Haasu",
    "player_location": null,
    "region": null
  },
  {
    "id": "m31045qz",
    "player": "TheHunterOf16",
    "player_location": null,
    "region": null
  },
  {
    "id": "yojxn2dm",
    "player": "Kromer",
    "player_location": "br",
    "region": "USA / NTSC"
  },
  {
    "id": "zp4k4exz",
    "player": "Tsunumayo",
    "player_location": null,
    "region": "JPN / NTSC"
  },
  {
    "id": "zgv07oez",
    "player": "Jaikhay",
    "player_location": "gb",
    "region": "EUR / PAL"
  },
  {
    "id": "y9nql7ez",
    "player": "Private User",
    "player_location": null,
    "region": null
  },
  {
    "id": "z53nq2ny",
    "player": "Stockie",
    "player_location": "es",
    "region": "EUR / PAL"
  },
  {
    "id": "znox98ly",
    "player": "ThirdEye505",
    "player_location": "us",
    "region": null
  },
  {
    "id": "y9lwn4ky",
    "player": "GODMASTER",
    "player_location": "br",
    "region": "EUR / PAL"
  },
  {
    "id": "zq16g39m",
    "player": "GustavoPredador",
    "player_location": "br",
    "region": "JPN / NTSC"
  },
  {
    "id": "y9957vey",
    "player": "judooochp",
    "player_location": "us",
    "region": "USA / NTSC"
  },
  {
    "id": "zn02j33y",
    "player": "miggnuggets",
    "player_location": "us",
    "region": "USA / NTSC"
  },
  {
    "id": "y20p9rwm",
    "player": "LeTaynan",
    "player_location": "br",
    "region": null
  },
  {
    "id": "znpgq29m",
    "player": "BGAMESBrasil",
    "player_location": "br",
    "region": "JPN / NTSC"
  },
  {
    "id": "zq77rgxm",
    "player": "Sunbrojade",
    "player_location": "us",
    "region": "USA / NTSC"
  },
  {
    "id": "z1g7onrz",
    "player": "gooroki",
    "player_location": null,
    "region": null
  },
  {
    "id": "yl111pnm",
    "player": "MauricinhoPOWER",
    "player_location": "br",
    "region": "USA / NTSC"
  },
  {
    "id": "yv0w968z",
    "player": "Lekupaz",
    "player_location": "es",
    "region": "EUR / PAL"
  },
  {
    "id": "z1qdg9ry",
    "player": "Ayo_",
    "player_location": "tw",
    "region": "USA / NTSC"
  },
  {
    "id": "z0n56o8m",
    "player": "GabrielXP76",
    "player_location": "br",
    "region": "USA / NTSC"
  }
]