[
  {
    "id": "mrqndvgy",
    "player": "Vidtendo",
    "player_location": "ca/qc",
    "region": "USA / NTSC"
  },
  {
    "id": "m7xo8pey",
    "player": "lackattack",
    "player_location": "us",
    "region": "USA / NTSC"
  },
  {
    "id": "zg70v1jz",
    "player": "NESCardinality",
    "player_location": "ca",
    "region": "USA / NTSC"
  },
  {
    "id": "z13lx37m",
    "player": "MarthSR",
    "player_location": "ca/qc",
    "region": "USA / NTSC"
  },
  {
    "id": "yo26901z",
    "player": "RealDealDiPirro",
    "player_location": "us",
    "region": "USA / NTSC"
  },
  {
    "id": "yjk2pv3m",
    "player": "Drumboardist",
    "player_location": "us",
    "region": "USA / NTSC"
  },
  {
    "id": "y23rl27m",
    "player": "Smartball",
    "player_location": "us",
    "region": "USA / NTSC"
  },
  {
    "id": "zq31xj8y",
    "player": "EternalDecay",
    "player_location": "ca",
    "region": "USA / NTSC"
  },
  {
    "id": "yvj683ey",
    "player": "link_7777",
    "player_location": "us",
    "region": "USA / NTSC"
  },
  {
    "id": "zqreqjry",
    "player": "bissmark",
    "player_location": "ca",
    "region": "USA / NTSC"
  },
  {
    "id": "mr860e7y",
    "player": "KHANanaphone",
    "player_location": "ca",
    "region": null
  },
  {
    "id": "zprnwdrm",
    "player": "thenesmaster",
    "player_location": "mx",
    "region": "USA / NTSC"
  },
  {
    "id": "m3ovw9wm",
    "player": "Lucha_Gym",
    "player_location": "au",
    "region": "USA / NTSC"
  },
  {
    "id": "m7p4vw9m",
    "player": "smartalec24",
    "player_location": "us",
    "region": "USA / NTSC"
  },
  {
    "id": "y951jwez",
    "player": "TigDwan",
    "player_location": "us",
    "region": "USA / NTSC"
  },
  {
    "id": "y6lej51y",
    "player": "doctor_mustache",
    "player_location": "us",
    "region": "USA / NTSC"
  },
  {
    "id": "me1gp98y",
    "player": "Gradient41",
    "player_location": "us",
    "region": "USA / NTSC"
  }
]