[
  {
    "id": "y655qo1z",
    "player": "Delrus7",
    "player_location": "us",
    "region": "EUR / PAL"
  },
  {
    "id": "emkd74xy",
    "player": "SuperSqank",
    "player_location": "ke",
    "region": "JPN / NTSC"
  },
  {
    "id": "pyd9180z",
    "player": "sub_WHISTLE",
    "player_location": "ca",
    "region": "USA / NTSC"
  },
  {
    "id": "9mejop9y",
    "player": "Fastynator",
    "player_location": "de",
    "region": "EUR / PAL"
  },
  {
    "id": "dy4q5eqm",
    "player": "JovialEclipse",
    "player_location": null,
    "region": "USA / NTSC"
  },
  {
    "id": "2ywrxo9m",
    "player": "MegaSpeedXtreme",
    "player_location": "gb/eng",
    "region": "EUR / PAL"
  },
  {
    "id": "1zx88dem",
    "player": "Armin_fatsir",
    "player_location": "no",
    "region": "USA / NTSC"
  },
  {
    "id": "8y80nlwm",
    "player": "Shas",
    "player_location": "ir",
    "region": "EUR / PAL"
  },
  {
    "id": "9meqp08m",
    "player": "The_Island__",
    "player_location": "us",
    "region": "USA / NTSC"
  },
  {
    "id": "mrqk4j2y",
    "player": "Sardinm",
    "player_location": "gb/sct",
    "region": "EUR / PAL"
  },
  {
    "id": "z11j21rz",
    "player": "SpeedGlitchedTrevor",
    "player_location": "us",
    "region": "USA / NTSC"
  },
  {
    "id": "z11po7gz",
    "player": "PossumQueen",
    "player_location": "us",
    "region": "USA / NTSC"
  },
  {
    "id": "y21jq0jz",
    "player": "jwilli",
    "player_location": "us",
    "region": "USA / NTSC"
  },
  {
    "id": "zgwg26jy",
    "player": "FiveUtensils",
    "player_location": "us",
    "region": null
  },
  {
    "id": "zxdw6ngy",
    "player": "MonkeyOmega",
    "player_location": "us",
    "region": "USA / NTSC"
  },
  {
    "id": "zq16p01m",
    "player": "Cosmic_Lumeon",
    "player_location": "fr",
    "region": null
  },
  {
    "id": "m37r574z",
    "player": "GoldenMop",
    "player_location": "au",
    "region": "EUR / PAL"
  },
  {
    "id": "z1pp08wz",
    "player": "Crackeroid",
    "player_location": "us",
    "region": null
  },
  {
    "id": "zxln56gz",
    "player": "shrimplegs",
    "player_location": "us",
    "region": "USA / NTSC"
  },
  {
    "id": "m3lgvwqm",
    "player": "DrRank",
    "player_location": "au",
    "region": "EUR / PAL"
  }
]