[
  {
    "id": "y8qx0edy",
    "player": "DrFatbody",
    "player_location": "us",
    "region": "USA / NTSC"
  },
  {
    "id": "mex6343z",
    "player": "Shanekilz",
    "player_location": "us",
    "region": "USA / NTSC"
  },
  {
    "id": "y6ln9lpy",
    "player": "Drummernaught",
    "player_location": "gb/eng",
    "region": "USA / NTSC"
  },
  {
    "id": "yw827dpy",
    "player": "Yoshi_l",
    "player_location": "us",
    "region": "USA / NTSC"
  },
  {
    "id": "y2vk135z",
    "player": "Astrev8",
    "player_location": "tr",
    "region": null
  },
  {
    "id": "mkeqxw1m",
    "player": "kingbeandip",
    "player_location": "us",
    "region": "USA / NTSC"
  },
  {
    "id": "y9vjqekm",
    "player": "ThrasherDBS",
    "player_location": "us",
    "region": "USA / NTSC"
  },
  {
    "id": "m33828gm",
    "player": "Shiro_A_Reed",
    "player_location": "jp",
    "region": "JPN / NTSC"
  }
]