[
  {
    "id": "z0900g8z",
    "player": "Dark-Aries",
    "player_location": "ca",
    "region": "USA / NTSC"
  },
  {
    "id": "yj6p9k7z",
    "player": "Aztill",
    "player_location": "us",
    "region": "USA / NTSC"
  },
  {
    "id": "zq4jdjrm",
    "player": "Super302",
    "player_location": "gb/eng",
    "region": "EUR / PAL"
  },
  {
    "id": "y2dwke5z",
    "player": "simonlc",
    "player_location": "ca",
    "region": "USA / NTSC"
  },
  {
    "id": "zx754xqy",
    "player": "Piggywink333",
    "player_location": "us",
    "region": "USA / NTSC"
  },
  {
    "id": "y8jd0gdz",
    "player": "pokemonfan1937",
    "player_location": "tw",
    "region": "USA / NTSC"
  },
  {
    "id": "y60q7w1y",
    "player": "kaisomir",
    "player_location": "de",
    "region": "USA / NTSC"
  },
  {
    "id": "y88r0o1y",
    "player": "SGT_SARCASM",
    "player_location": null,
    "region": "USA / NTSC"
  },
  {
    "id": "m334jn4m",
    "player": "Fucidin",
    "player_location": null,
    "region": null
  }
]