[
  {
    "id": "zx23g4em",
    "player": "callmeliam",
    "player_location": "au",
    "region": null
  },
  {
    "id": "zqwd3nxz",
    "player": "aleckermit",
    "player_location": "us",
    "region": "USA / NTSC"
  },
  {
    "id": "yd05n7vz",
    "player": "DerekBrosnan",
    "player_location": null,
    "region": "USA / NTSC"
  },
  {
    "id": "m77kx25m",
    "player": "Marc-Andr\u00e9_Morin",
    "player_location": "ca/qc",
    "region": "USA / NTSC"
  },
  {
    "id": "zgdp71nz",
    "player": "FitterSpace",
    "player_location": "us",
    "region": "USA / NTSC"
  },
  {
    "id": "zq7ld1rm",
    "player": "Verif",
    "player_location": "us",
    "region": "USA / NTSC"
  },
  {
    "id": "zx79x6ey",
    "player": "EyelessCrown7",
    "player_location": "us",
    "region": "USA / NTSC"
  },
  {
    "id": "y2plex7z",
    "player": "KidtheAunsYourOdd",
    "player_location": "au",
    "region": "USA / NTSC"
  }
]