[
  {
    "id": "yo22dkjz",
    "player": "Sasam",
    "player_location": "ca",
    "region": null
  },
  {
    "id": "zn44q18m",
    "player": "FallingTrash",
    "player_location": "de",
    "region": null
  },
  {
    "id": "zg77qqdz",
    "player": "TheBackstepper",
    "player_location": "de",
    "region": "EUR / PAL"
  },
  {
    "id": "yj44d8gy",
    "player": "Cahoot",
    "player_location": "us",
    "region": "USA / NTSC"
  },
  {
    "id": "y433xodz",
    "player": "Nospa",
    "player_location": "ar",
    "region": "USA / NTSC"
  },
  {
    "id": "yl4418xm",
    "player": "Technickle_",
    "player_location": "us",
    "region": "USA / NTSC"
  },
  {
    "id": "yvjjpp6y",
    "player": "deadchicken",
    "player_location": "de",
    "region": "EUR / PAL"
  },
  {
    "id": "zx4dpp5y",
    "player": "Julia112",
    "player_location": "br",
    "region": "USA / NTSC"
  },
  {
    "id": "mr88dn4y",
    "player": "Masterpleb",
    "player_location": "de",
    "region": "EUR / PAL"
  },
  {
    "id": "yl448knm",
    "player": "BnH247",
    "player_location": null,
    "region": "USA / NTSC"
  },
  {
    "id": "y4313lqz",
    "player": "Voldez",
    "player_location": "tr",
    "region": "EUR / PAL"
  },
  {
    "id": "zq3r585y",
    "player": "Partycles",
    "player_location": "jp",
    "region": "USA / NTSC"
  },
  {
    "id": "yo2jxxdz",
    "player": "Kretter",
    "player_location": "hu",
    "region": "EUR / PAL"
  },
  {
    "id": "z513legm",
    "player": "FlippLoki",
    "player_location": "nz",
    "region": null
  },
  {
    "id": "y898qxnm",
    "player": "anisimovaaanastasia",
    "player_location": "us",
    "region": null
  },
  {
    "id": "mk32wx1z",
    "player": "Terminus044",
    "player_location": "in",
    "region": null
  },
  {
    "id": "mk35403z",
    "player": "zangoosesushi",
    "player_location": "kr",
    "region": "USA / NTSC"
  },
  {
    "id": "yw8w252y",
    "player": "Autistic_GANG",
    "player_location": "cz",
    "region": "EUR / PAL"
  },
  {
    "id": "ylk29g2z",
    "player": "DocDaneeka",
    "player_location": "us",
    "region": null
  },
  {
    "id": "yj13343y",
    "player": "Erizzle",
    "player_location": "de",
    "region": "EUR / PAL"
  },
  {
    "id": "zx60d2kz",
    "player": "Juest",
    "player_location": "ar",
    "region": null
  },
  {
    "id": "z1x89rjm",
    "player": "Eray",
    "player_location": "tr",
    "region": null
  },
  {
    "id": "y6dx49jm",
    "player": "PuertoLobos",
    "player_location": null,
    "region": null
  },
  {
    "id": "me700g2y",
    "player": "weirdjudge",
    "player_location": "nl",
    "region": null
  },
  {
    "id": "y99w3l2y",
    "player": "CrispyHanako",
    "player_location": "us",
    "region": "USA / NTSC"
  },
  {
    "id": "yvr5514z",
    "player": "Avouca",
    "player_location": "ru",
    "region": null
  },
  {
    "id": "zq9jp85y",
    "player": "SD23",
    "player_location": "us",
    "region": "USA / NTSC"
  },
  {
    "id": "z1g916rz",
    "player": "csch_x",
    "player_location": "ru",
    "region": "EUR / PAL"
  }
]