[
  {
    "id": "pm3153gz",
    "player": "braster515",
    "player_location": "jp",
    "region": "JPN / NTSC"
  },
  {
    "id": "7z076x8y",
    "player": "TheOriginalFanatic",
    "player_location": null,
    "region": "USA / NTSC"
  },
  {
    "id": "yl93l42y",
    "player": "Itoshira",
    "player_location": "de",
    "region": "EUR / PAL"
  },
  {
    "id": "6yj057oz",
    "player": "MLSTRM",
    "player_location": "gb",
    "region": "EUR / PAL"
  },
  {
    "id": "wzp9j4nm",
    "player": "FellVisage",
    "player_location": "gb/eng",
    "region": null
  },
  {
    "id": "wzpvl4rz",
    "player": "Skittles96",
    "player_location": "ro",
    "region": "EUR / PAL"
  },
  {
    "id": "7z0g134y",
    "player": "Sprayz",
    "player_location": "us",
    "region": "USA / NTSC"
  },
  {
    "id": "wzpjp4vz",
    "player": "darkdyllon",
    "player_location": "nl",
    "region": "EUR / PAL"
  },
  {
    "id": "m35pwvqy",
    "player": "TheEndd",
    "player_location": "lt",
    "region": null
  },
  {
    "id": "mk96rw5z",
    "player": "legrandgrand",
    "player_location": "fr",
    "region": null
  },
  {
    "id": "yl0xov2y",
    "player": "Aginsun",
    "player_location": "nl",
    "region": "EUR / PAL"
  },
  {
    "id": "zgw0llny",
    "player": "Vindolfr",
    "player_location": "ca",
    "region": null
  },
  {
    "id": "y2v3l27z",
    "player": "nezumiirta",
    "player_location": "jp",
    "region": "JPN / NTSC"
  },
  {
    "id": "zn3d5jvy",
    "player": "serin_ay",
    "player_location": "jp",
    "region": "JPN / NTSC"
  },
  {
    "id": "yddoe9vy",
    "player": "hool",
    "player_location": "us",
    "region": null
  },
  {
    "id": "y8x1gonm",
    "player": "OnzinPower",
    "player_location": "nl",
    "region": "EUR / PAL"
  }
]