[
  {
    "id": "dy4gn62y",
    "player": "Zomb1esmasher15",
    "player_location": "us",
    "region": "USA / NTSC"
  },
  {
    "id": "9mrrvj2m",
    "player": "PvtCb",
    "player_location": "us",
    "region": null
  },
  {
    "id": "8y8owvxm",
    "player": "Damo578",
    "player_location": "au",
    "region": "EUR / PAL"
  },
  {
    "id": "mex1prqz",
    "player": "averypaledog",
    "player_location": "us",
    "region": "USA / NTSC"
  },
  {
    "id": "z57g3ojm",
    "player": "yamanaru",
    "player_location": "jp",
    "region": "JPN / NTSC"
  },
  {
    "id": "mexpk13z",
    "player": "AdrianVG",
    "player_location": "us",
    "region": "USA / NTSC"
  }
]