[
  {
    "id": "ywjv4v2z",
    "player": "Reni",
    "player_location": "pl",
    "region": null
  },
  {
    "id": "y9l609ey",
    "player": "TRLittleToaster",
    "player_location": "us",
    "region": "USA / NTSC"
  },
  {
    "id": "mr6lo7dm",
    "player": "Jacob1",
    "player_location": "ca",
    "region": null
  },
  {
    "id": "z0ok7d8z",
    "player": "Act_",
    "player_location": "us",
    "region": "USA / NTSC"
  },
  {
    "id": "m36414dm",
    "player": "Zambrini",
    "player_location": "us",
    "region": "USA / NTSC"
  }
]