[
  {
    "id": "z5ojxrgy",
    "player": "Realm",
    "player_location": "gb/eng",
    "region": "EUR / PAL"
  },
  {
    "id": "y97xvnem",
    "player": "LuvGangster",
    "player_location": "us",
    "region": "USA / NTSC"
  },
  {
    "id": "pydj0xvy",
    "player": "ThePackle",
    "player_location": "us",
    "region": null
  },
  {
    "id": "yl44gd3m",
    "player": "sixfeetunder",
    "player_location": null,
    "region": "USA / NTSC"
  },
  {
    "id": "y6proopm",
    "player": "GreenBomber",
    "player_location": "us",
    "region": "USA / NTSC"
  },
  {
    "id": "y43802kz",
    "player": "Unh0ly_Tragedy",
    "player_location": "us",
    "region": "USA / NTSC"
  },
  {
    "id": "z0322loz",
    "player": "AdamFerrari",
    "player_location": "us",
    "region": "USA / NTSC"
  },
  {
    "id": "yj136ody",
    "player": "burj",
    "player_location": "fi",
    "region": "USA / NTSC"
  },
  {
    "id": "yor0opdy",
    "player": "Toku",
    "player_location": "fi",
    "region": "USA / NTSC"
  },
  {
    "id": "m36vnl6m",
    "player": "benouille17",
    "player_location": "be",
    "region": "EUR / PAL"
  },
  {
    "id": "zx74w4ey",
    "player": "O_Circles",
    "player_location": "se",
    "region": "EUR / PAL"
  }
]