[
  {
    "id": "8y8jxpwz",
    "player": "lecorbak",
    "player_location": "fr",
    "region": "JPN / NTSC"
  },
  {
    "id": "kz5vxldm",
    "player": "zackcat",
    "player_location": "us",
    "region": "JPN / NTSC"
  },
  {
    "id": "dy4xp1qz",
    "player": "Sm_Izumi",
    "player_location": "fr",
    "region": "JPN / NTSC"
  },
  {
    "id": "kz58kdjz",
    "player": "AlpineEscape",
    "player_location": "gb",
    "region": "JPN / NTSC"
  },
  {
    "id": "oy2ovljm",
    "player": "Alfygator",
    "player_location": "us",
    "region": "JPN / NTSC"
  },
  {
    "id": "mk4r5qvy",
    "player": "SickMyDuck",
    "player_location": "fr",
    "region": "JPN / NTSC"
  },
  {
    "id": "zgn5wjjy",
    "player": "Iceoffreeze",
    "player_location": "tw",
    "region": "JPN / NTSC"
  },
  {
    "id": "yd90r9wz",
    "player": "Otterstone_Gamer",
    "player_location": "us",
    "region": "JPN / NTSC"
  },
  {
    "id": "mr1p4r7z",
    "player": "don6461",
    "player_location": "gb/eng",
    "region": "JPN / NTSC"
  },
  {
    "id": "me148v8y",
    "player": "luffystaro",
    "player_location": "br",
    "region": null
  },
  {
    "id": "y2e8kq6y",
    "player": "BeetZero",
    "player_location": "ru",
    "region": "JPN / NTSC"
  }
]