[
  {
    "id": "pyd5ow0m",
    "player": "crak_atak",
    "player_location": "us",
    "region": "USA / NTSC"
  },
  {
    "id": "ylqe09rz",
    "player": "lusvik",
    "player_location": "br",
    "region": "USA / NTSC"
  },
  {
    "id": "dy46e43z",
    "player": "RSoki",
    "player_location": "br",
    "region": "USA / NTSC"
  },
  {
    "id": "zgnqv1dy",
    "player": "Bakuman84",
    "player_location": "cl",
    "region": null
  },
  {
    "id": "z0ee764m",
    "player": "HerrTrigger",
    "player_location": null,
    "region": "USA / NTSC"
  },
  {
    "id": "yvg3886y",
    "player": "starsurfer",
    "player_location": "us",
    "region": "USA / NTSC"
  },
  {
    "id": "y67967pm",
    "player": "timxtim",
    "player_location": "ch",
    "region": "USA / NTSC"
  },
  {
    "id": "mr8owldy",
    "player": "junkyard_dave",
    "player_location": "ca",
    "region": "USA / NTSC"
  },
  {
    "id": "y21l0g6z",
    "player": "Kat_kunoichi",
    "player_location": "it",
    "region": "USA / NTSC"
  },
  {
    "id": "y928er2z",
    "player": "Skunky48",
    "player_location": "us",
    "region": "USA / NTSC"
  },
  {
    "id": "zgwkx2ey",
    "player": "giygasblues",
    "player_location": null,
    "region": "USA / NTSC"
  },
  {
    "id": "zgwpvq0y",
    "player": "senpeur",
    "player_location": "fr",
    "region": "USA / NTSC"
  },
  {
    "id": "yv6r318z",
    "player": "kronoschiarini",
    "player_location": "br",
    "region": "USA / NTSC"
  },
  {
    "id": "zx2x3k5m",
    "player": "paperquagsire",
    "player_location": "us",
    "region": "USA / NTSC"
  },
  {
    "id": "yj6g01oz",
    "player": "Teleo1",
    "player_location": "us",
    "region": "USA / NTSC"
  },
  {
    "id": "zqvw381m",
    "player": "diamine",
    "player_location": "jp",
    "region": "USA / NTSC"
  },
  {
    "id": "z071059y",
    "player": "daradarach",
    "player_location": "jp",
    "region": "USA / NTSC"
  },
  {
    "id": "z53p81ey",
    "player": "v0oidfangirl",
    "player_location": null,
    "region": "USA / NTSC"
  },
  {
    "id": "yo9xll5y",
    "player": "Stevetvonline",
    "player_location": "us",
    "region": "USA / NTSC"
  },
  {
    "id": "zp14e8vz",
    "player": "Naramgamjan",
    "player_location": "ca/qc",
    "region": "USA / NTSC"
  },
  {
    "id": "y69qw6jy",
    "player": "Monstroplays",
    "player_location": "br",
    "region": "USA / NTSC"
  },
  {
    "id": "ylelv8kz",
    "player": "thenesmaster",
    "player_location": "mx",
    "region": "USA / NTSC"
  },
  {
    "id": "yop6nk1m",
    "player": "TRGVash",
    "player_location": "br",
    "region": "USA / NTSC"
  },
  {
    "id": "y6xxdkqy",
    "player": "ZigZig",
    "player_location": "fr",
    "region": null
  },
  {
    "id": "zgqj56dy",
    "player": "Qlex",
    "player_location": "fr",
    "region": null
  },
  {
    "id": "m7xnw39y",
    "player": "Moa53",
    "player_location": "fr",
    "region": "USA / NTSC"
  }
]