[
  {
    "id": "y4xj922z",
    "player": "Amawolf",
    "player_location": "at",
    "region": "EUR / PAL"
  },
  {
    "id": "y4q7983m",
    "player": "Jigzaw_Killer",
    "player_location": "ie",
    "region": null
  },
  {
    "id": "m3dg87qz",
    "player": "k-hunk",
    "player_location": null,
    "region": null
  },
  {
    "id": "2ywnlony",
    "player": "Paradise_Line",
    "player_location": "ru",
    "region": null
  },
  {
    "id": "zgnd7wjy",
    "player": "number_007desu",
    "player_location": "jp",
    "region": null
  },
  {
    "id": "y67rw9jm",
    "player": "Vexx",
    "player_location": "ca",
    "region": null
  },
  {
    "id": "zxvd7xky",
    "player": "Lukhuta",
    "player_location": "fr",
    "region": null
  },
  {
    "id": "y67rx61m",
    "player": "skonner",
    "player_location": "hr",
    "region": null
  },
  {
    "id": "mk48xe5y",
    "player": "Evanesce Kunoichi",
    "player_location": null,
    "region": null
  },
  {
    "id": "m3dg86qz",
    "player": "b0_omser",
    "player_location": null,
    "region": null
  },
  {
    "id": "mk48xk5y",
    "player": "Wilson108",
    "player_location": null,
    "region": null
  },
  {
    "id": "y8qv5jny",
    "player": "Draghann",
    "player_location": "fr",
    "region": null
  },
  {
    "id": "y23x027m",
    "player": "BioEvilCVX",
    "player_location": "us",
    "region": "USA / NTSC"
  },
  {
    "id": "zxv87rqy",
    "player": "KKV39",
    "player_location": "cn",
    "region": null
  },
  {
    "id": "yo469qjm",
    "player": "SpeedMartyr",
    "player_location": "br",
    "region": null
  },
  {
    "id": "y679rgjm",
    "player": "mizunoe",
    "player_location": null,
    "region": "JPN / NTSC"
  },
  {
    "id": "m75wo15z",
    "player": "Jetabb",
    "player_location": "us",
    "region": null
  },
  {
    "id": "y237on9m",
    "player": "AnimeSh0rtgamer",
    "player_location": "gb/eng",
    "region": null
  },
  {
    "id": "y8qe7o1y",
    "player": "VayneHunters",
    "player_location": "fr",
    "region": null
  },
  {
    "id": "zn80n93z",
    "player": "OldNathan",
    "player_location": "br",
    "region": null
  },
  {
    "id": "y45q873m",
    "player": "MasterGow",
    "player_location": "br",
    "region": null
  },
  {
    "id": "zgn61nvy",
    "player": "Revillingbutton",
    "player_location": "br",
    "region": null
  },
  {
    "id": "mrqgkogy",
    "player": "Zombi_killer_003",
    "player_location": "de",
    "region": "EUR / PAL"
  },
  {
    "id": "me8k27qm",
    "player": "Bull_the_Great",
    "player_location": "hr",
    "region": null
  },
  {
    "id": "y89qpo1m",
    "player": "comfortzonecomic",
    "player_location": "gb",
    "region": null
  },
  {
    "id": "y6p6xo6m",
    "player": "DokiDoki_IsOkiDoki",
    "player_location": "au",
    "region": "EUR / PAL"
  },
  {
    "id": "y6lod7py",
    "player": "Dans_Survival",
    "player_location": "us",
    "region": "USA / NTSC"
  },
  {
    "id": "zq382l8y",
    "player": "whitenoize__",
    "player_location": "it",
    "region": "EUR / PAL"
  },
  {
    "id": "yjx84r3z",
    "player": "168metal",
    "player_location": "cn",
    "region": null
  },
  {
    "id": "yv347rxz",
    "player": "N1k1sh",
    "player_location": "ru",
    "region": "EUR / PAL"
  },
  {
    "id": "z15j9lgy",
    "player": "StevieBlu",
    "player_location": "gb/eng",
    "region": "EUR / PAL"
  },
  {
    "id": "mexrvv8z",
    "player": "Sweeeeeney",
    "player_location": "gb/eng",
    "region": "EUR / PAL"
  },
  {
    "id": "m35g8ddy",
    "player": "Ravenhart",
    "player_location": "us",
    "region": "USA / NTSC"
  },
  {
    "id": "znkkjdvz",
    "player": "Droogie4Ever",
    "player_location": "us",
    "region": "USA / NTSC"
  },
  {
    "id": "znkp8jlz",
    "player": "BXIAO",
    "player_location": "kr",
    "region": "KOR / NTSC"
  },
  {
    "id": "z5jxe3nm",
    "player": "Sn1perSh0t",
    "player_location": "ru",
    "region": "EUR / PAL"
  },
  {
    "id": "y8ven7dz",
    "player": "theday1021",
    "player_location": "kr",
    "region": "KOR / NTSC"
  },
  {
    "id": "zx2x1oqm",
    "player": "TheBullyManiac",
    "player_location": null,
    "region": null
  },
  {
    "id": "zqw26w9z",
    "player": "iDogeSexyy",
    "player_location": null,
    "region": "USA / NTSC"
  },
  {
    "id": "z53jdnjy",
    "player": "Darkgalaxy",
    "player_location": "us",
    "region": "USA / NTSC"
  },
  {
    "id": "y2vg9o9z",
    "player": "AHoppingFrog",
    "player_location": "us",
    "region": "USA / NTSC"
  },
  {
    "id": "mk82j03m",
    "player": "Ecdycis",
    "player_location": "us",
    "region": "USA / NTSC"
  },
  {
    "id": "z07459jy",
    "player": "ian_BR",
    "player_location": "br",
    "region": null
  },
  {
    "id": "zn30ko7y",
    "player": "0Raphael0",
    "player_location": "kr",
    "region": "KOR / NTSC"
  },
  {
    "id": "yo376rdy",
    "player": "FreddlyTeddly",
    "player_location": "us",
    "region": null
  },
  {
    "id": "y6n318qz",
    "player": "LotmasterX",
    "player_location": "us",
    "region": "USA / NTSC"
  },
  {
    "id": "zplkwj8m",
    "player": "sneakfail",
    "player_location": "be",
    "region": "EUR / PAL"
  },
  {
    "id": "y2dro67z",
    "player": "LisNobody",
    "player_location": null,
    "region": "EUR / PAL"
  },
  {
    "id": "znoooo3y",
    "player": "OP_Wolf",
    "player_location": "cz",
    "region": "EUR / PAL"
  },
  {
    "id": "y8vn1vnz",
    "player": "DynamixDJ",
    "player_location": "gb/eng",
    "region": "EUR / PAL"
  },
  {
    "id": "z5ro9ldy",
    "player": "RPD_CHAMBERS",
    "player_location": "us",
    "region": "USA / NTSC"
  },
  {
    "id": "ywq3x9ny",
    "player": "OppSo",
    "player_location": "fr",
    "region": "EUR / PAL"
  },
  {
    "id": "yj5r27nm",
    "player": "TheBoxCombo",
    "player_location": "us",
    "region": "USA / NTSC"
  },
  {
    "id": "zqvnpl9m",
    "player": "skonner27",
    "player_location": "hr",
    "region": "EUR / PAL"
  },
  {
    "id": "z5dnxlem",
    "player": "Leop2305",
    "player_location": null,
    "region": null
  },
  {
    "id": "y694d36y",
    "player": "DarkReaperTV",
    "player_location": "nl",
    "region": "EUR / PAL"
  },
  {
    "id": "y203kl9m",
    "player": "JWM1337",
    "player_location": "us",
    "region": "USA / NTSC"
  },
  {
    "id": "y9xk8vky",
    "player": "thanksdude",
    "player_location": null,
    "region": "USA / NTSC"
  },
  {
    "id": "z0o9g28z",
    "player": "Absurd_",
    "player_location": "de",
    "region": "EUR / PAL"
  },
  {
    "id": "zp2g74vy",
    "player": "MonoJuli4n",
    "player_location": "br",
    "region": "USA / NTSC"
  },
  {
    "id": "yled5v3z",
    "player": "YoJorgee",
    "player_location": "us",
    "region": "USA / NTSC"
  },
  {
    "id": "y48dl9nm",
    "player": "rbbackshell1",
    "player_location": "gb/eng",
    "region": "EUR / PAL"
  },
  {
    "id": "y8836jxy",
    "player": "im_a_thicc_unit",
    "player_location": null,
    "region": "USA / NTSC"
  },
  {
    "id": "yv0r3qoz",
    "player": "wabisabi",
    "player_location": "jp",
    "region": null
  },
  {
    "id": "z5288jez",
    "player": "Vizofsky",
    "player_location": "ba",
    "region": null
  },
  {
    "id": "mr72gwdz",
    "player": "NovacKid",
    "player_location": null,
    "region": "EUR / PAL"
  },
  {
    "id": "z1pe4wjz",
    "player": "Tsukasa_Kinomoto",
    "player_location": "jp",
    "region": "JPN / NTSC"
  },
  {
    "id": "zpddq6nz",
    "player": "SoftWinters",
    "player_location": "no",
    "region": "USA / NTSC"
  },
  {
    "id": "yj834n7m",
    "player": "xillem",
    "player_location": "md",
    "region": "EUR / PAL"
  }
]