[
  {
    "id": "y2jqoljz",
    "player": "U_ShowcaseDev",
    "player_location": null,
    "region": null
  },
  {
    "id": "zpg40qnz",
    "player": "AnnaGamer",
    "player_location": "br",
    "region": "BRA / PAL"
  },
  {
    "id": "ywv4pn0z",
    "player": "Little_Q",
    "player_location": "cn",
    "region": "CHN / PAL"
  },
  {
    "id": "m72qq3ez",
    "player": "ClevelandBrownAbi",
    "player_location": "de",
    "region": null
  },
  {
    "id": "z0n9kv4m",
    "player": "VengeanceBearCubs",
    "player_location": "us",
    "region": "USA / NTSC"
  }
]