[
  {
    "id": "0zn6537y",
    "player": "fern",
    "player_location": "sv",
    "region": "USA / NTSC"
  },
  {
    "id": "y97x32em",
    "player": "Ratchetmania",
    "player_location": "us",
    "region": "USA / NTSC"
  },
  {
    "id": "9yo8wp5z",
    "player": "SuperSqank",
    "player_location": "ke",
    "region": "JPN / NTSC"
  },
  {
    "id": "zgn94ejy",
    "player": "Fehnn",
    "player_location": "lv",
    "region": "USA / NTSC"
  },
  {
    "id": "emkx6vlz",
    "player": "Jumpyluff",
    "player_location": "us",
    "region": "USA / NTSC"
  },
  {
    "id": "9mrwgo8y",
    "player": "Smartkin",
    "player_location": null,
    "region": "USA / NTSC"
  },
  {
    "id": "y43q9p3z",
    "player": "weezlwoo",
    "player_location": "us",
    "region": "USA / NTSC"
  },
  {
    "id": "m3drdvwz",
    "player": "MrNido7",
    "player_location": "ie",
    "region": "EUR / PAL"
  },
  {
    "id": "mk41noly",
    "player": "BellumZeldaDS",
    "player_location": "jp",
    "region": "EUR / PAL"
  },
  {
    "id": "y8q54nny",
    "player": "LetsGoInStyle",
    "player_location": "us",
    "region": "USA / NTSC"
  },
  {
    "id": "y4wx2dnm",
    "player": "InstaSim",
    "player_location": "gb/wls",
    "region": "USA / NTSC"
  },
  {
    "id": "y411wpky",
    "player": "aaaaaaaaaaaa",
    "player_location": "cz",
    "region": "USA / NTSC"
  },
  {
    "id": "y92xnv2z",
    "player": "Touh",
    "player_location": "fi",
    "region": "USA / NTSC"
  },
  {
    "id": "m3ow1d6m",
    "player": "IHavePockets",
    "player_location": "us",
    "region": "USA / NTSC"
  },
  {
    "id": "zp47j9vz",
    "player": "Insomniac",
    "player_location": "ca",
    "region": "USA / NTSC"
  },
  {
    "id": "mrk8487y",
    "player": "AleMusa",
    "player_location": "it",
    "region": "USA / NTSC"
  },
  {
    "id": "yv3xwnoz",
    "player": "lilkaras",
    "player_location": "kz",
    "region": "USA / NTSC"
  },
  {
    "id": "z010j59y",
    "player": "mobius",
    "player_location": "au",
    "region": "USA / NTSC"
  },
  {
    "id": "meoel73z",
    "player": "fs10inator",
    "player_location": "pk",
    "region": "EUR / PAL"
  },
  {
    "id": "meoppr8z",
    "player": "Franzcorr",
    "player_location": "it",
    "region": "USA / NTSC"
  },
  {
    "id": "z0rv03ez",
    "player": "muckemannen",
    "player_location": "se",
    "region": "EUR / PAL"
  },
  {
    "id": "y8rqg9dm",
    "player": "CreepNT",
    "player_location": "fr",
    "region": "USA / NTSC"
  },
  {
    "id": "y6rl5kjy",
    "player": "vcerberusv",
    "player_location": "au",
    "region": "USA / NTSC"
  },
  {
    "id": "zpgrp58z",
    "player": "Rialyy",
    "player_location": "pl",
    "region": "USA / NTSC"
  },
  {
    "id": "mr4rwr2z",
    "player": "Delphikus",
    "player_location": "cz",
    "region": "USA / NTSC"
  },
  {
    "id": "yvqvr96m",
    "player": "Emeralve",
    "player_location": "au",
    "region": "USA / NTSC"
  },
  {
    "id": "mr1kjv8z",
    "player": "ItzScaRee",
    "player_location": "it",
    "region": "USA / NTSC"
  },
  {
    "id": "ywqjdo9y",
    "player": "kkkp",
    "player_location": "pl",
    "region": "USA / NTSC"
  },
  {
    "id": "ywq9oxny",
    "player": "heyimcrazy",
    "player_location": "us",
    "region": "USA / NTSC"
  },
  {
    "id": "y9373dky",
    "player": "quietdudek",
    "player_location": "cz",
    "region": "USA / NTSC"
  },
  {
    "id": "yj5ne2om",
    "player": "Dadun",
    "player_location": "cz",
    "region": "USA / NTSC"
  },
  {
    "id": "zxoe10kz",
    "player": "Flare_Snaggleblast",
    "player_location": "us",
    "region": "EUR / PAL"
  },
  {
    "id": "ydwdqo0m",
    "player": "Voll",
    "player_location": "us",
    "region": "USA / NTSC"
  },
  {
    "id": "zgpqnxez",
    "player": "EdamameTV",
    "player_location": "au",
    "region": "USA / NTSC"
  },
  {
    "id": "zx80g08m",
    "player": "scoom_scoom",
    "player_location": "nz",
    "region": "USA / NTSC"
  },
  {
    "id": "z0l06jjz",
    "player": "Ratchet_Runner",
    "player_location": "tm",
    "region": "EUR / PAL"
  }
]