[
  {
    "id": "m7d9r10m",
    "player": "Jean20B",
    "player_location": "fr",
    "region": "EUR / PAL"
  },
  {
    "id": "y99o99ny",
    "player": "DarkX2",
    "player_location": null,
    "region": null
  },
  {
    "id": "ywqwe42y",
    "player": "bedwablackburn",
    "player_location": "us",
    "region": "USA / NTSC"
  },
  {
    "id": "mr1jl02z",
    "player": "McKiddy",
    "player_location": "us",
    "region": "USA / NTSC"
  },
  {
    "id": "z1rdr2rm",
    "player": "OddPandemonium",
    "player_location": "us",
    "region": "USA / NTSC"
  },
  {
    "id": "zq1k8v1m",
    "player": "30Aces",
    "player_location": "us",
    "region": "USA / NTSC"
  },
  {
    "id": "zq13321m",
    "player": "Kevin700P",
    "player_location": "fr",
    "region": "EUR / PAL"
  },
  {
    "id": "m3rgldgm",
    "player": "TheLemonyBard",
    "player_location": "us",
    "region": "USA / NTSC"
  },
  {
    "id": "yjg37ony",
    "player": "TheKingCamBlackman",
    "player_location": "us",
    "region": "USA / NTSC"
  },
  {
    "id": "zp84vwny",
    "player": "suzie_geeforce",
    "player_location": "gb/eng",
    "region": "EUR / PAL"
  },
  {
    "id": "zq1gq85m",
    "player": "FFRPro21",
    "player_location": "ca",
    "region": "USA / NTSC"
  },
  {
    "id": "yvo3gv8z",
    "player": "SupuhSel",
    "player_location": "us",
    "region": "USA / NTSC"
  },
  {
    "id": "z1q5o2gy",
    "player": "IamUncleSlam",
    "player_location": "us",
    "region": "USA / NTSC"
  },
  {
    "id": "zxoknggz",
    "player": "beefytheminer",
    "player_location": "us",
    "region": "USA / NTSC"
  },
  {
    "id": "y47pgddy",
    "player": "MaqnChz",
    "player_location": "us",
    "region": "USA / NTSC"
  },
  {
    "id": "z0l0nqoz",
    "player": "Blazeingphoenix",
    "player_location": "us",
    "region": null
  },
  {
    "id": "z0n55q9m",
    "player": "Pear",
    "player_location": "us",
    "region": "USA / NTSC"
  }
]