[
  {
    "id": "zqr0w6xy",
    "player": "Wipeoutjack7",
    "player_location": "us",
    "region": "USA / NTSC"
  },
  {
    "id": "z1j8d0gz",
    "player": "boru",
    "player_location": "pl",
    "region": null
  },
  {
    "id": "z5744d5m",
    "player": "Tedonord",
    "player_location": "no",
    "region": "EUR / PAL"
  },
  {
    "id": "zxkrnp5m",
    "player": "Eivind",
    "player_location": null,
    "region": "EUR / PAL"
  },
  {
    "id": "mk86kr1m",
    "player": "vmL",
    "player_location": null,
    "region": null
  },
  {
    "id": "m3gprw4z",
    "player": "Azure_5",
    "player_location": "us",
    "region": null
  },
  {
    "id": "zx6or38z",
    "player": "vxnish",
    "player_location": "id",
    "region": null
  },
  {
    "id": "m3rn8ddm",
    "player": "DowNils",
    "player_location": "nl",
    "region": null
  },
  {
    "id": "z5rp1djy",
    "player": "Aymbaut",
    "player_location": "us",
    "region": "USA / NTSC"
  },
  {
    "id": "zn08767y",
    "player": "sadgebean",
    "player_location": "us",
    "region": "USA / NTSC"
  },
  {
    "id": "zn0pwd3y",
    "player": "TheGreenBeanMachine",
    "player_location": "us",
    "region": "USA / NTSC"
  },
  {
    "id": "z07djdoy",
    "player": "RGBR100",
    "player_location": "br",
    "region": "BRA / PAL"
  },
  {
    "id": "yo61j7jy",
    "player": "CyanWatercress",
    "player_location": "us",
    "region": "USA / NTSC"
  },
  {
    "id": "mke7ddvm",
    "player": "SunShard",
    "player_location": "vn",
    "region": null
  },
  {
    "id": "yor5j25y",
    "player": "CobaltCube1",
    "player_location": "us",
    "region": null
  },
  {
    "id": "z1ppdj9z",
    "player": "I_Fxreboys",
    "player_location": "us",
    "region": "USA / NTSC"
  },
  {
    "id": "y9x48d2y",
    "player": "thevoicesgaming",
    "player_location": "us",
    "region": "USA / NTSC"
  }
]