[
  {
    "id": "z09990jz",
    "player": "im_stupidbacon",
    "player_location": "ee",
    "region": "EUR / PAL"
  },
  {
    "id": "mk88g2vm",
    "player": "something3437",
    "player_location": "ca",
    "region": null
  },
  {
    "id": "yd0099jz",
    "player": "Koraten13",
    "player_location": "pl",
    "region": "EUR / PAL"
  },
  {
    "id": "z099rl9z",
    "player": "kaibuti",
    "player_location": null,
    "region": null
  },
  {
    "id": "y2dx3x7z",
    "player": "Guigui413",
    "player_location": "ca/qc",
    "region": null
  },
  {
    "id": "y6rndeqy",
    "player": "TRLittleToaster",
    "player_location": "us",
    "region": null
  },
  {
    "id": "m75ldr4z",
    "player": "Saved",
    "player_location": "lk",
    "region": null
  },
  {
    "id": "zn35rdvy",
    "player": "The_Clipster",
    "player_location": "us",
    "region": "USA / NTSC"
  },
  {
    "id": "yj6769gz",
    "player": "Nucleic",
    "player_location": null,
    "region": "USA / NTSC"
  },
  {
    "id": "yo35q27y",
    "player": "lillbro64",
    "player_location": "us",
    "region": "USA / NTSC"
  },
  {
    "id": "z1pnp3gz",
    "player": "Loffs",
    "player_location": "us",
    "region": null
  },
  {
    "id": "ywd9690z",
    "player": "MrSpaghetti",
    "player_location": "au",
    "region": null
  },
  {
    "id": "m3nr1ewy",
    "player": "TDP_320",
    "player_location": "us",
    "region": "USA / NTSC"
  },
  {
    "id": "me9edn3z",
    "player": "CastorSauvage",
    "player_location": "fr",
    "region": "EUR / PAL"
  },
  {
    "id": "y2xpdp5m",
    "player": "HiFive",
    "player_location": "us",
    "region": "USA / NTSC"
  },
  {
    "id": "y4rw1j2z",
    "player": "BalticTheGrapher",
    "player_location": "lt",
    "region": "EUR / PAL"
  },
  {
    "id": "y48x6qnm",
    "player": "KekstarterButEpic",
    "player_location": null,
    "region": null
  },
  {
    "id": "z52g2ogz",
    "player": "zir0nic",
    "player_location": "vh",
    "region": null
  },
  {
    "id": "yddv2q0y",
    "player": "Znix",
    "player_location": "us",
    "region": "USA / NTSC"
  },
  {
    "id": "z5x77vgy",
    "player": "UrAverageGamer",
    "player_location": "us",
    "region": "USA / NTSC"
  }
]