[
  {
    "id": "meo2ld9z",
    "player": "GodsWife",
    "player_location": "us",
    "region": "USA / NTSC"
  },
  {
    "id": "z05og9jm",
    "player": "DarQ",
    "player_location": "ca",
    "region": "USA / NTSC"
  },
  {
    "id": "m758dg0z",
    "player": "TheDietician",
    "player_location": "us",
    "region": "USA / NTSC"
  },
  {
    "id": "y9ld17ky",
    "player": "AnimeStar",
    "player_location": "ge",
    "region": "USA / NTSC"
  },
  {
    "id": "yw05kl0m",
    "player": "RattFather",
    "player_location": "us",
    "region": "USA / NTSC"
  }
]