[
  {
    "id": "znov10vy",
    "player": "AnimeGameKid7797",
    "player_location": "us",
    "region": "JPN / NTSC"
  },
  {
    "id": "zp3wdq8m",
    "player": "Dplanet36",
    "player_location": "nl",
    "region": "JPN / NTSC"
  },
  {
    "id": "y6nlw00z",
    "player": "Tegron",
    "player_location": "pl",
    "region": "KOR / NTSC"
  },
  {
    "id": "z1x0j3wm",
    "player": "Numulix",
    "player_location": "rs",
    "region": "KOR / NTSC"
  },
  {
    "id": "yvod276z",
    "player": "lopenguins",
    "player_location": "es",
    "region": "EUR / PAL"
  },
  {
    "id": "zn7k6n8m",
    "player": "Animx",
    "player_location": "br",
    "region": null
  },
  {
    "id": "zp2jdxry",
    "player": "CherrySodaa",
    "player_location": "au",
    "region": "EUR / PAL"
  },
  {
    "id": "y88d3pwy",
    "player": "slizorSR",
    "player_location": "us",
    "region": "USA / NTSC"
  },
  {
    "id": "z1pwwxgz",
    "player": "NexusTarget",
    "player_location": null,
    "region": "USA / NTSC"
  },
  {
    "id": "zgqnv70y",
    "player": "Hokabi",
    "player_location": "gb",
    "region": null
  },
  {
    "id": "y6xdj2jy",
    "player": "DoctorDirigible",
    "player_location": null,
    "region": null
  },
  {
    "id": "mkdkrd3y",
    "player": "thanksdude",
    "player_location": null,
    "region": "USA / NTSC"
  },
  {
    "id": "y4xov2qz",
    "player": "Medjed707",
    "player_location": "de",
    "region": "EUR / PAL"
  },
  {
    "id": "y2ek8qjy",
    "player": "Nagasiio",
    "player_location": "se",
    "region": "EUR / PAL"
  },
  {
    "id": "z5xwl4jy",
    "player": "lucluc16",
    "player_location": "br",
    "region": "USA / NTSC"
  }
]