[
  {
    "id": "z13w419m",
    "player": "GhostSenpai",
    "player_location": "mx",
    "region": "USA / NTSC"
  },
  {
    "id": "m3de46gz",
    "player": "GigaOtomia",
    "player_location": "ca",
    "region": "USA / NTSC"
  },
  {
    "id": "m7pdw74m",
    "player": "epfcaptain",
    "player_location": "hk",
    "region": "EUR / PAL"
  },
  {
    "id": "y92x1v2z",
    "player": "terkylol12",
    "player_location": "cl",
    "region": null
  },
  {
    "id": "z1ojkkgm",
    "player": "spins",
    "player_location": null,
    "region": "USA / NTSC"
  },
  {
    "id": "z0rn5eez",
    "player": "MalditeLoki",
    "player_location": "mx",
    "region": "USA / NTSC"
  },
  {
    "id": "yjxlo0gz",
    "player": "KKvibe",
    "player_location": "us",
    "region": null
  },
  {
    "id": "yorwgrdy",
    "player": "Optic_Rainfall",
    "player_location": "au",
    "region": null
  }
]