[
  {
    "id": "me8pd40m",
    "player": "Dadarsus",
    "player_location": "us",
    "region": "USA / NTSC"
  },
  {
    "id": "m7pv3q4m",
    "player": "Shauny7188",
    "player_location": "ca",
    "region": "USA / NTSC"
  },
  {
    "id": "mr80444y",
    "player": "Sand_Knight_",
    "player_location": "ca",
    "region": "USA / NTSC"
  },
  {
    "id": "yo28j97z",
    "player": "DonForgo",
    "player_location": "ca",
    "region": "USA / NTSC"
  },
  {
    "id": "ylo2252y",
    "player": "PouletSansTete",
    "player_location": "fr",
    "region": "EUR / PAL"
  },
  {
    "id": "y60nwvjy",
    "player": "Baldwin",
    "player_location": "ca",
    "region": "USA / NTSC"
  },
  {
    "id": "zp4r7xrz",
    "player": "KaineTheBrain",
    "player_location": "us",
    "region": "USA / NTSC"
  },
  {
    "id": "y6pwpopm",
    "player": "Mikebloke",
    "player_location": "gb/eng",
    "region": "EUR / PAL"
  },
  {
    "id": "z110j3jz",
    "player": "Alayric",
    "player_location": null,
    "region": "USA / NTSC"
  },
  {
    "id": "mkgo8k3y",
    "player": "Wuggah",
    "player_location": "fi",
    "region": "USA / NTSC"
  },
  {
    "id": "mr83g1gy",
    "player": "Flare",
    "player_location": "us",
    "region": null
  },
  {
    "id": "me8r6w0m",
    "player": "Rakuen",
    "player_location": "us",
    "region": "USA / NTSC"
  },
  {
    "id": "zq3x0v8y",
    "player": "SubStylee",
    "player_location": "us",
    "region": "USA / NTSC"
  },
  {
    "id": "yoj4vp5m",
    "player": "Full_Featuritis",
    "player_location": "ca",
    "region": "USA / NTSC"
  },
  {
    "id": "y81vnl1z",
    "player": "Xxshuzoxx",
    "player_location": null,
    "region": "USA / NTSC"
  },
  {
    "id": "z01ed78y",
    "player": "Sustainna",
    "player_location": "ca",
    "region": "USA / NTSC"
  },
  {
    "id": "yd61wnqz",
    "player": "Loonycloud87",
    "player_location": "de",
    "region": "USA / NTSC"
  },
  {
    "id": "zxkxr48m",
    "player": "Horza_BG",
    "player_location": "us",
    "region": "USA / NTSC"
  },
  {
    "id": "y6l6kp6y",
    "player": "Deme",
    "player_location": "us",
    "region": "USA / NTSC"
  },
  {
    "id": "yok5ok0z",
    "player": "septictank5",
    "player_location": "us",
    "region": "USA / NTSC"
  },
  {
    "id": "z05l9xjm",
    "player": "HexTree",
    "player_location": "th",
    "region": "USA / NTSC"
  },
  {
    "id": "y214p5jz",
    "player": "GeneFreak_",
    "player_location": "fi",
    "region": "USA / NTSC"
  },
  {
    "id": "mrke8edy",
    "player": "Zaqzorn",
    "player_location": "gb/eng",
    "region": "USA / NTSC"
  },
  {
    "id": "yjl8gjgz",
    "player": "KluterArchring",
    "player_location": null,
    "region": "USA / NTSC"
  },
  {
    "id": "yjlql1nz",
    "player": "SkeefRun",
    "player_location": "be",
    "region": "USA / NTSC"
  },
  {
    "id": "ylkj552z",
    "player": "Sunkai",
    "player_location": "de",
    "region": null
  },
  {
    "id": "z150edry",
    "player": "Azureyume",
    "player_location": "us",
    "region": "USA / NTSC"
  },
  {
    "id": "zx6pnv5z",
    "player": "Reven",
    "player_location": "us",
    "region": "USA / NTSC"
  },
  {
    "id": "ylv0jvxm",
    "player": "Yekrep",
    "player_location": "us",
    "region": "USA / NTSC"
  },
  {
    "id": "zqgpo9xm",
    "player": "foodequalslife",
    "player_location": "ph",
    "region": null
  },
  {
    "id": "z062v2oz",
    "player": "StarhawkXIV",
    "player_location": "us",
    "region": "USA / NTSC"
  },
  {
    "id": "z1p206gz",
    "player": "J0hn_Phoenix",
    "player_location": "us",
    "region": "USA / NTSC"
  }
]