[
  {
    "id": "y67359pm",
    "player": "Irisjoker",
    "player_location": "us",
    "region": "JPN / NTSC"
  },
  {
    "id": "8yvo34oz",
    "player": "szsk",
    "player_location": null,
    "region": "JPN / NTSC"
  },
  {
    "id": "8y8p66wz",
    "player": "AceOfArrows",
    "player_location": "us",
    "region": "USA / NTSC"
  },
  {
    "id": "jy9ejevz",
    "player": "Slurpeeninja",
    "player_location": "ca",
    "region": "USA / NTSC"
  },
  {
    "id": "z0655j9z",
    "player": "Thurler",
    "player_location": "br",
    "region": "JPN / NTSC"
  },
  {
    "id": "yj4ol17y",
    "player": "Pseudobean",
    "player_location": null,
    "region": "USA / NTSC"
  },
  {
    "id": "meoq2lqz",
    "player": "blaaaaaaaaank",
    "player_location": "us",
    "region": "USA / NTSC"
  },
  {
    "id": "y2dk63jz",
    "player": "Kaadzik",
    "player_location": "pl",
    "region": "EUR / PAL"
  },
  {
    "id": "mro4kg8m",
    "player": "LeoKeidran",
    "player_location": "gb/eng",
    "region": "JPN / NTSC"
  },
  {
    "id": "z12697jy",
    "player": "CosimoQuiche",
    "player_location": "us",
    "region": "USA / NTSC"
  },
  {
    "id": "yv864x8m",
    "player": "tdnossan",
    "player_location": "jp",
    "region": "JPN / NTSC"
  }
]