[
  {
    "id": "1zx0lggz",
    "player": "Winslinator",
    "player_location": "us",
    "region": "USA / NTSC"
  },
  {
    "id": "0zngpx8m",
    "player": "nick666101",
    "player_location": "nl",
    "region": "USA / NTSC"
  },
  {
    "id": "zn87j07z",
    "player": "[jp]wankoshino1",
    "player_location": null,
    "region": "JPN / NTSC"
  },
  {
    "id": "y6pk29qm",
    "player": "Anko",
    "player_location": "ru",
    "region": "USA / NTSC"
  },
  {
    "id": "y2vgvo6z",
    "player": "LockedOnRangers",
    "player_location": "us",
    "region": "USA / NTSC"
  }
]