[
  {
    "id": "zgvkk10z",
    "player": "snee",
    "player_location": "mo",
    "region": null
  },
  {
    "id": "y97jo5nm",
    "player": "Scaff",
    "player_location": "au",
    "region": "EUR / PAL"
  },
  {
    "id": "y6r67d6y",
    "player": "Checco02",
    "player_location": "it",
    "region": "EUR / PAL"
  },
  {
    "id": "zpqdp7ry",
    "player": "MrNido7",
    "player_location": "ie",
    "region": "EUR / PAL"
  },
  {
    "id": "ydrk45jz",
    "player": "onetabloid",
    "player_location": "gb/eng",
    "region": "USA / NTSC"
  },
  {
    "id": "y2ee58jy",
    "player": "Insomniac",
    "player_location": "ca",
    "region": "USA / NTSC"
  },
  {
    "id": "mrqr237y",
    "player": "SymphonicAbyss",
    "player_location": "us",
    "region": "USA / NTSC"
  },
  {
    "id": "y8q42kdy",
    "player": "mrjarnottman",
    "player_location": "gb/eng",
    "region": "USA / NTSC"
  },
  {
    "id": "y8x13v5m",
    "player": "Scottobozo",
    "player_location": "us",
    "region": "EUR / PAL"
  },
  {
    "id": "zxk9jp5m",
    "player": "SuperSqank",
    "player_location": "ke",
    "region": "KOR / NTSC"
  },
  {
    "id": "zp4q2jvz",
    "player": "xem92",
    "player_location": "sv",
    "region": "USA / NTSC"
  },
  {
    "id": "ydq1n80m",
    "player": "Skitz",
    "player_location": "us",
    "region": "USA / NTSC"
  },
  {
    "id": "y97xjonm",
    "player": "Nyehoe",
    "player_location": "au",
    "region": "EUR / PAL"
  },
  {
    "id": "zxkv9p8m",
    "player": "Janky",
    "player_location": "se",
    "region": "EUR / PAL"
  },
  {
    "id": "y2xn746m",
    "player": "Samboy_Chips",
    "player_location": "au",
    "region": "USA / NTSC"
  },
  {
    "id": "y97qljkm",
    "player": "lasuboy",
    "player_location": "fi",
    "region": "EUR / PAL"
  },
  {
    "id": "yvg5jjey",
    "player": "Suappi",
    "player_location": "fi",
    "region": "EUR / PAL"
  },
  {
    "id": "zp03e0vm",
    "player": "FeaR",
    "player_location": "au",
    "region": "USA / NTSC"
  },
  {
    "id": "zn044o8y",
    "player": "Spidershark583",
    "player_location": "no",
    "region": "EUR / PAL"
  },
  {
    "id": "yl09r1ry",
    "player": "todio",
    "player_location": "fr",
    "region": "EUR / PAL"
  },
  {
    "id": "mekdwx0m",
    "player": "Fitipaldi",
    "player_location": "es",
    "region": "EUR / PAL"
  },
  {
    "id": "zxvrvdqy",
    "player": "Herasmie",
    "player_location": "fi",
    "region": "EUR / PAL"
  },
  {
    "id": "y6pjqd0m",
    "player": "Clankspeed",
    "player_location": "us",
    "region": "USA / NTSC"
  },
  {
    "id": "yojj4gjm",
    "player": "plectonemia",
    "player_location": "nl",
    "region": "USA / NTSC"
  },
  {
    "id": "y6p5qvpm",
    "player": "YoAndy",
    "player_location": "gb/eng",
    "region": "EUR / PAL"
  },
  {
    "id": "z111e4gz",
    "player": "50000cal",
    "player_location": "us",
    "region": "USA / NTSC"
  },
  {
    "id": "yv034q6z",
    "player": "muckemannen",
    "player_location": "se",
    "region": "EUR / PAL"
  },
  {
    "id": "yjg4o1oy",
    "player": "WedSR",
    "player_location": "us",
    "region": "USA / NTSC"
  },
  {
    "id": "y891vd1m",
    "player": "BellumZeldaDS",
    "player_location": "jp",
    "region": "EUR / PAL"
  },
  {
    "id": "yj4lwogy",
    "player": "Ninjaratchet",
    "player_location": "de",
    "region": "EUR / PAL"
  },
  {
    "id": "ywp37lnz",
    "player": "weezlwoo",
    "player_location": "us",
    "region": "USA / NTSC"
  },
  {
    "id": "yj4nq3dy",
    "player": "aaaaaaaaaaaa",
    "player_location": "cz",
    "region": "USA / NTSC"
  },
  {
    "id": "m3or9x6m",
    "player": "Wiffle",
    "player_location": "gb/eng",
    "region": "EUR / PAL"
  },
  {
    "id": "yo9v860y",
    "player": "mobius",
    "player_location": "au",
    "region": "EUR / PAL"
  },
  {
    "id": "y219ww6z",
    "player": "Franzcorr",
    "player_location": "it",
    "region": "EUR / PAL"
  },
  {
    "id": "yd3jx2vz",
    "player": "insou",
    "player_location": "au",
    "region": "KOR / NTSC"
  },
  {
    "id": "z03png8z",
    "player": "p_p_j",
    "player_location": null,
    "region": "EUR / PAL"
  },
  {
    "id": "zp09w8gm",
    "player": "Armin_fatsir",
    "player_location": "no",
    "region": "USA / NTSC"
  },
  {
    "id": "zn4pvq7m",
    "player": "Roen",
    "player_location": "no",
    "region": "EUR / PAL"
  },
  {
    "id": "yvjrkw8y",
    "player": "Ratchetmania",
    "player_location": "us",
    "region": "USA / NTSC"
  },
  {
    "id": "yj4d317y",
    "player": "S_LauGHTeR",
    "player_location": "us",
    "region": "USA / NTSC"
  },
  {
    "id": "y81qq11z",
    "player": "Persona",
    "player_location": "nl",
    "region": "EUR / PAL"
  },
  {
    "id": "yvjv82oy",
    "player": "Tomppaa",
    "player_location": "fi",
    "region": "EUR / PAL"
  },
  {
    "id": "y952v5nz",
    "player": "isaki",
    "player_location": null,
    "region": "EUR / PAL"
  },
  {
    "id": "z518eedm",
    "player": "doesthisusername",
    "player_location": "dk",
    "region": "EUR / PAL"
  },
  {
    "id": "yj4orggy",
    "player": "Cheesypoofss",
    "player_location": null,
    "region": "USA / NTSC"
  },
  {
    "id": "y89nn8dm",
    "player": "geoman9098",
    "player_location": "jp",
    "region": "JPN / NTSC"
  },
  {
    "id": "y92q5lkz",
    "player": "crystalwave",
    "player_location": "sl",
    "region": "USA / NTSC"
  },
  {
    "id": "yl45gj2m",
    "player": "sanhachisankyu3839",
    "player_location": "jp",
    "region": "JPN / NTSC"
  },
  {
    "id": "mk5xge3m",
    "player": "Torpedo",
    "player_location": "td",
    "region": "USA / NTSC"
  },
  {
    "id": "zp4lpxxz",
    "player": "JoelZz",
    "player_location": "fi",
    "region": "EUR / PAL"
  },
  {
    "id": "yv34ko8z",
    "player": "Steve_I3lowjobs",
    "player_location": "pl",
    "region": "EUR / PAL"
  },
  {
    "id": "zqr69jxy",
    "player": "BadGamer47",
    "player_location": "us",
    "region": "USA / NTSC"
  },
  {
    "id": "y6l3190y",
    "player": "Jonda",
    "player_location": null,
    "region": "EUR / PAL"
  },
  {
    "id": "yv3gvkoz",
    "player": "EternityExp",
    "player_location": "us",
    "region": "USA / NTSC"
  },
  {
    "id": "mreqe6gy",
    "player": "Onex",
    "player_location": null,
    "region": "EUR / PAL"
  },
  {
    "id": "meo8qp8z",
    "player": "cpez",
    "player_location": "au",
    "region": "EUR / PAL"
  },
  {
    "id": "yd1dxowy",
    "player": "elkon",
    "player_location": "es",
    "region": "EUR / PAL"
  },
  {
    "id": "zxkvgrkm",
    "player": "Mantodea",
    "player_location": "us",
    "region": "USA / NTSC"
  },
  {
    "id": "zp4q988z",
    "player": "eurgg",
    "player_location": "fr",
    "region": "EUR / PAL"
  },
  {
    "id": "yd63rkqz",
    "player": "Touh",
    "player_location": "fi",
    "region": "JPN / NTSC"
  },
  {
    "id": "z5vw43em",
    "player": "MIHAJA",
    "player_location": "mt",
    "region": "EUR / PAL"
  },
  {
    "id": "yoj2wejm",
    "player": "TheReclusive",
    "player_location": "gb/sct",
    "region": "EUR / PAL"
  },
  {
    "id": "yd93krvz",
    "player": "Rialyy",
    "player_location": "pl",
    "region": "EUR / PAL"
  },
  {
    "id": "yl0qjlry",
    "player": "Twilight96",
    "player_location": "gb/wls",
    "region": "EUR / PAL"
  },
  {
    "id": "yv298gxm",
    "player": "quietdudek",
    "player_location": "cz",
    "region": "EUR / PAL"
  },
  {
    "id": "mk2qw95m",
    "player": "Skritler",
    "player_location": null,
    "region": "USA / NTSC"
  },
  {
    "id": "y6lqwg0y",
    "player": "veldoodles",
    "player_location": "fi",
    "region": "EUR / PAL"
  },
  {
    "id": "y95pd3ez",
    "player": "Locks",
    "player_location": "ca",
    "region": "EUR / PAL"
  },
  {
    "id": "yv617p4z",
    "player": "KillaLombax",
    "player_location": "us",
    "region": "EUR / PAL"
  },
  {
    "id": "z5x22g5y",
    "player": "AleMusa",
    "player_location": "it",
    "region": "USA / NTSC"
  },
  {
    "id": "y9npj4nz",
    "player": "xSaphy",
    "player_location": "at",
    "region": "EUR / PAL"
  },
  {
    "id": "yok2dg5z",
    "player": "fs10inator",
    "player_location": "pk",
    "region": "EUR / PAL"
  },
  {
    "id": "mk353r5z",
    "player": "SHOUT",
    "player_location": "pt",
    "region": "EUR / PAL"
  },
  {
    "id": "yv61op8z",
    "player": "Nath134",
    "player_location": "au",
    "region": "EUR / PAL"
  },
  {
    "id": "znk149lz",
    "player": "Flare_Snaggleblast",
    "player_location": "us",
    "region": "EUR / PAL"
  },
  {
    "id": "zx2gkj8m",
    "player": "dassb",
    "player_location": "pt",
    "region": "EUR / PAL"
  },
  {
    "id": "ylkqv6xz",
    "player": "Abysmalgaming91",
    "player_location": "au",
    "region": "EUR / PAL"
  },
  {
    "id": "y25xvp5y",
    "player": "orch_",
    "player_location": "us",
    "region": "EUR / PAL"
  },
  {
    "id": "znk1qp3z",
    "player": "DylWingo",
    "player_location": "us",
    "region": "EUR / PAL"
  },
  {
    "id": "yo7gg81m",
    "player": "IzzyBeira",
    "player_location": "aq",
    "region": null
  },
  {
    "id": "y25x09wy",
    "player": "danuzz",
    "player_location": "fi",
    "region": "USA / NTSC"
  },
  {
    "id": "zgwrxl0y",
    "player": "vcerberusv",
    "player_location": "au",
    "region": "EUR / PAL"
  },
  {
    "id": "y65gox0z",
    "player": "Jishkared",
    "player_location": "fr",
    "region": "EUR / PAL"
  },
  {
    "id": "znqr8q3z",
    "player": "CreepNT",
    "player_location": "fr",
    "region": "EUR / PAL"
  },
  {
    "id": "zp1e23vz",
    "player": "DevilSnake74",
    "player_location": "rs",
    "region": "USA / NTSC"
  },
  {
    "id": "yv6o346z",
    "player": "fireproofnas",
    "player_location": "au",
    "region": "EUR / PAL"
  },
  {
    "id": "zpd1d1rz",
    "player": "marathonman",
    "player_location": "us",
    "region": "EUR / PAL"
  },
  {
    "id": "y4w74p3m",
    "player": "Sephyr",
    "player_location": "au",
    "region": "EUR / PAL"
  },
  {
    "id": "yw83pr9y",
    "player": "Aveyumi",
    "player_location": "au",
    "region": "EUR / PAL"
  },
  {
    "id": "y25e867y",
    "player": "EdamameTV",
    "player_location": "au",
    "region": "EUR / PAL"
  },
  {
    "id": "yjl2q13z",
    "player": "PickleHat",
    "player_location": "gb/sct",
    "region": "EUR / PAL"
  },
  {
    "id": "m35qgkqy",
    "player": "GarrJ",
    "player_location": "au",
    "region": "EUR / PAL"
  },
  {
    "id": "yd98kpqz",
    "player": "247Yugioh",
    "player_location": "au",
    "region": "EUR / PAL"
  },
  {
    "id": "meope72z",
    "player": "Ratchet_Runner",
    "player_location": "tm",
    "region": null
  },
  {
    "id": "z09wel9z",
    "player": "Sgoc",
    "player_location": "ar",
    "region": null
  },
  {
    "id": "ylv336xm",
    "player": "Wabaano",
    "player_location": "ar",
    "region": null
  },
  {
    "id": "zgxn3xdm",
    "player": "Xanthoconite",
    "player_location": "ca",
    "region": "USA / NTSC"
  },
  {
    "id": "mr4q412z",
    "player": "Mathias4595",
    "player_location": "vh",
    "region": "EUR / PAL"
  },
  {
    "id": "zxdn49ey",
    "player": "Destroyr_King",
    "player_location": "us",
    "region": null
  },
  {
    "id": "ylrk7xry",
    "player": "Aquafalls",
    "player_location": "fi",
    "region": "JPN / NTSC"
  },
  {
    "id": "y6r4276y",
    "player": "danmcd",
    "player_location": "au",
    "region": "EUR / PAL"
  },
  {
    "id": "m3nken6y",
    "player": "As_in_Gamer3000",
    "player_location": "au",
    "region": "EUR / PAL"
  },
  {
    "id": "mr4j3e2z",
    "player": "ProtoBlazar",
    "player_location": "nl",
    "region": null
  },
  {
    "id": "z06drx8z",
    "player": "2timefelon",
    "player_location": "us",
    "region": "EUR / PAL"
  },
  {
    "id": "z1853qwy",
    "player": "MajorMushu",
    "player_location": "us",
    "region": "USA / NTSC"
  },
  {
    "id": "mk7k3ely",
    "player": "KdnWasTaken",
    "player_location": "fr",
    "region": "EUR / PAL"
  },
  {
    "id": "yo97g40y",
    "player": "Limitlessinfinit",
    "player_location": "be",
    "region": "EUR / PAL"
  },
  {
    "id": "zno1nq9y",
    "player": "Konosk",
    "player_location": "gr",
    "region": "EUR / PAL"
  },
  {
    "id": "m78x89ez",
    "player": "MarvellousLombax",
    "player_location": "za",
    "region": "USA / NTSC"
  },
  {
    "id": "yj1910gy",
    "player": "TomDotCom",
    "player_location": "au",
    "region": "EUR / PAL"
  },
  {
    "id": "y992j32y",
    "player": "Lombax999",
    "player_location": "us",
    "region": "USA / NTSC"
  },
  {
    "id": "m7dpn75m",
    "player": "RedQ96",
    "player_location": "au",
    "region": "EUR / PAL"
  },
  {
    "id": "yod71p5m",
    "player": "sadgebean",
    "player_location": "us",
    "region": "USA / NTSC"
  },
  {
    "id": "yv1qv4xy",
    "player": "CalebXDemon",
    "player_location": "gt",
    "region": "EUR / PAL"
  },
  {
    "id": "m3xokndm",
    "player": "Emeralve",
    "player_location": "au",
    "region": "EUR / PAL"
  },
  {
    "id": "yodj297m",
    "player": "Alo\u00efka",
    "player_location": "fr",
    "region": "EUR / PAL"
  },
  {
    "id": "z0r01l8z",
    "player": "Tyler_MOTU",
    "player_location": null,
    "region": "USA / NTSC"
  },
  {
    "id": "zqvkk45m",
    "player": "everydayaussie",
    "player_location": "au",
    "region": "EUR / PAL"
  },
  {
    "id": "zxl3x5ez",
    "player": "ItzScaRee",
    "player_location": "it",
    "region": "EUR / PAL"
  },
  {
    "id": "z1rengwm",
    "player": "haapis",
    "player_location": "fi",
    "region": "USA / NTSC"
  },
  {
    "id": "z1re4vwm",
    "player": "aroglwr",
    "player_location": "gb/wls",
    "region": "EUR / PAL"
  },
  {
    "id": "m7xgl29y",
    "player": "Sin",
    "player_location": "us",
    "region": "USA / NTSC"
  },
  {
    "id": "m77plpem",
    "player": "spookmatic",
    "player_location": "us",
    "region": "EUR / PAL"
  },
  {
    "id": "yvo31k8z",
    "player": "bubsta",
    "player_location": "au",
    "region": "EUR / PAL"
  },
  {
    "id": "z1x52k9m",
    "player": "OzzyDealz",
    "player_location": "us",
    "region": "USA / NTSC"
  },
  {
    "id": "y6x53x6y",
    "player": "vuhu",
    "player_location": "au",
    "region": "EUR / PAL"
  },
  {
    "id": "y20139wm",
    "player": "QFORCE42",
    "player_location": "fr",
    "region": "EUR / PAL"
  },
  {
    "id": "mkdrx5vy",
    "player": "Adam_c_02",
    "player_location": "aq",
    "region": "EUR / PAL"
  },
  {
    "id": "m7wqeg4z",
    "player": "shychild",
    "player_location": null,
    "region": "EUR / PAL"
  },
  {
    "id": "mkd2gvvy",
    "player": "scoom_scoom",
    "player_location": "nz",
    "region": "USA / NTSC"
  },
  {
    "id": "y9l4g9ky",
    "player": "Galtelli",
    "player_location": "it",
    "region": "EUR / PAL"
  },
  {
    "id": "me16kv8y",
    "player": "NauticalTurtle",
    "player_location": "us",
    "region": "USA / NTSC"
  },
  {
    "id": "y8x2vqwm",
    "player": "Bdud5",
    "player_location": "us",
    "region": "USA / NTSC"
  },
  {
    "id": "y6n9g2jz",
    "player": "Derp31",
    "player_location": "us",
    "region": "USA / NTSC"
  },
  {
    "id": "zgdr1enz",
    "player": "jasper3108",
    "player_location": "de",
    "region": "EUR / PAL"
  },
  {
    "id": "zq05865y",
    "player": "FluffySeals15",
    "player_location": "us",
    "region": "USA / NTSC"
  },
  {
    "id": "me1x270y",
    "player": "king_dedede",
    "player_location": "us",
    "region": "EUR / PAL"
  },
  {
    "id": "ydwnkpjm",
    "player": "thisguy455",
    "player_location": null,
    "region": "EUR / PAL"
  },
  {
    "id": "yd16r6qy",
    "player": "Dezmone",
    "player_location": "au",
    "region": "EUR / PAL"
  },
  {
    "id": "yvroe8xz",
    "player": "GayBoyAdvanceSP",
    "player_location": "us",
    "region": "USA / NTSC"
  },
  {
    "id": "znq2q69z",
    "player": "Deathmones",
    "player_location": "gb/eng",
    "region": "EUR / PAL"
  },
  {
    "id": "y2epqp5y",
    "player": "Padges",
    "player_location": "us",
    "region": "USA / NTSC"
  },
  {
    "id": "yd15owxy",
    "player": "xScaife",
    "player_location": "gb/eng",
    "region": "EUR / PAL"
  },
  {
    "id": "y8xl2qdm",
    "player": "Djura",
    "player_location": "us",
    "region": "EUR / PAL"
  },
  {
    "id": "z1gj3p9z",
    "player": "player28s",
    "player_location": "fr",
    "region": null
  },
  {
    "id": "m7xgw85y",
    "player": "isaacbuveh",
    "player_location": "bs",
    "region": "EUR / PAL"
  },
  {
    "id": "mkd2rqly",
    "player": "pentali",
    "player_location": null,
    "region": "EUR / PAL"
  },
  {
    "id": "yod9e0jm",
    "player": "H2O2IsTheBestDrink",
    "player_location": "au",
    "region": "EUR / PAL"
  },
  {
    "id": "yw64412m",
    "player": "ChiliPG",
    "player_location": "gb",
    "region": "EUR / PAL"
  },
  {
    "id": "zq9r078y",
    "player": "Sernik23",
    "player_location": "pl",
    "region": "EUR / PAL"
  },
  {
    "id": "m3x1q1dm",
    "player": "Dismay",
    "player_location": "nz",
    "region": "EUR / PAL"
  },
  {
    "id": "z0l1jojz",
    "player": "Ramiro2",
    "player_location": "nl",
    "region": "EUR / PAL"
  },
  {
    "id": "y8x1ld1m",
    "player": "Drago55",
    "player_location": "sk",
    "region": "EUR / PAL"
  },
  {
    "id": "zgqwj4vy",
    "player": "AlexGaming524",
    "player_location": "us",
    "region": "USA / NTSC"
  },
  {
    "id": "znq388lz",
    "player": "ICYTheKitty",
    "player_location": null,
    "region": "EUR / PAL"
  },
  {
    "id": "zq9ggr8y",
    "player": "bordplate",
    "player_location": "no",
    "region": "EUR / PAL"
  },
  {
    "id": "znjk4x7m",
    "player": "skunk_",
    "player_location": null,
    "region": "USA / NTSC"
  },
  {
    "id": "y4xr622z",
    "player": "deltadoid",
    "player_location": "us",
    "region": "EUR / PAL"
  },
  {
    "id": "yd1dnkvy",
    "player": "cisco",
    "player_location": "nz",
    "region": "EUR / PAL"
  },
  {
    "id": "yw65nwnm",
    "player": "F1utek",
    "player_location": "pl",
    "region": "EUR / PAL"
  },
  {
    "id": "z1g69g9z",
    "player": "MimicCruncher",
    "player_location": "ca",
    "region": "USA / NTSC"
  },
  {
    "id": "z5e10jdz",
    "player": "MajkTio",
    "player_location": "cz",
    "region": "EUR / PAL"
  },
  {
    "id": "zqerw05z",
    "player": "Koolio",
    "player_location": "us",
    "region": "USA / NTSC"
  },
  {
    "id": "zxndlnqm",
    "player": "wackingtonpension",
    "player_location": null,
    "region": "USA / NTSC"
  }
]