[
  {
    "id": "mr98n72m",
    "player": "Prnced",
    "player_location": "us",
    "region": "USA / NTSC"
  },
  {
    "id": "m3nvlndy",
    "player": "Watermelonezz",
    "player_location": "us",
    "region": null
  },
  {
    "id": "y4edd4qm",
    "player": "Mr._Gamer",
    "player_location": "us",
    "region": "USA / NTSC"
  },
  {
    "id": "mkglk2ly",
    "player": "NActualLoser",
    "player_location": "us",
    "region": "USA / NTSC"
  },
  {
    "id": "m3lorw4m",
    "player": "maksimry",
    "player_location": "us",
    "region": "USA / NTSC"
  },
  {
    "id": "zx7wxvgy",
    "player": "HatBoy",
    "player_location": "us",
    "region": null
  },
  {
    "id": "y6op0r0y",
    "player": "SuperStarStudiosYT",
    "player_location": "us",
    "region": null
  }
]