[
  {
    "id": "pydqoxjm",
    "player": "duckfist",
    "player_location": "us",
    "region": "USA / NTSC"
  },
  {
    "id": "8y86n81m",
    "player": "OldSchool_Richard",
    "player_location": "se",
    "region": "USA / NTSC"
  },
  {
    "id": "emk875xm",
    "player": "SuicideNinja",
    "player_location": "us",
    "region": "JPN / NTSC"
  },
  {
    "id": "6yj4v7gy",
    "player": "gusmancini",
    "player_location": "us",
    "region": "JPN / NTSC"
  },
  {
    "id": "wzprr3xm",
    "player": "KayeXP",
    "player_location": "us",
    "region": "USA / NTSC"
  },
  {
    "id": "wzpro7vm",
    "player": "PeterAfro",
    "player_location": "us",
    "region": "JPN / NTSC"
  },
  {
    "id": "2ywd3d0z",
    "player": "DarkLightBoco",
    "player_location": "ca/qc",
    "region": "USA / NTSC"
  },
  {
    "id": "wzpl5g8m",
    "player": "Xerobladedge",
    "player_location": "us",
    "region": "JPN / NTSC"
  },
  {
    "id": "9yog4vjm",
    "player": "100Ton",
    "player_location": "cn",
    "region": "USA / NTSC"
  },
  {
    "id": "zq308x9y",
    "player": "Arcus",
    "player_location": "us",
    "region": "USA / NTSC"
  },
  {
    "id": "pyd2vrvm",
    "player": "lordofultima",
    "player_location": "aq",
    "region": "USA / NTSC"
  },
  {
    "id": "1zq94v9y",
    "player": "razor989598",
    "player_location": "ve",
    "region": "USA / NTSC"
  },
  {
    "id": "2yw6kr9m",
    "player": "WhiteHat94",
    "player_location": "us",
    "region": "JPN / NTSC"
  },
  {
    "id": "jy9x422y",
    "player": "sayan3",
    "player_location": "br",
    "region": "JPN / NTSC"
  },
  {
    "id": "m7poxnwm",
    "player": "oldkingdoran",
    "player_location": "ua",
    "region": "JPN / NTSC"
  },
  {
    "id": "0zn96r3y",
    "player": "infinitemystery",
    "player_location": null,
    "region": "JPN / NTSC"
  },
  {
    "id": "y4539r3m",
    "player": "Nanjimao",
    "player_location": "cn",
    "region": "USA / NTSC"
  },
  {
    "id": "oy2oqowm",
    "player": "Aztek11rus",
    "player_location": "ru",
    "region": "JPN / NTSC"
  },
  {
    "id": "nz14o6wz",
    "player": "Zockerstu",
    "player_location": "de",
    "region": "JPN / NTSC"
  },
  {
    "id": "y97nvxem",
    "player": "FunC_Controls",
    "player_location": "ru",
    "region": "USA / NTSC"
  },
  {
    "id": "y43qv7nz",
    "player": "LordMike111686",
    "player_location": "ro",
    "region": "EUR / PAL"
  },
  {
    "id": "y6ld2kqy",
    "player": "Sensato_Kuro",
    "player_location": "ca/qc",
    "region": "JPN / NTSC"
  },
  {
    "id": "zq68nr5y",
    "player": "Nosferatu010",
    "player_location": "nl",
    "region": "JPN / NTSC"
  },
  {
    "id": "y23rvk9m",
    "player": "beco",
    "player_location": "jp",
    "region": "JPN / NTSC"
  },
  {
    "id": "mr85ke4y",
    "player": "FullMetalPacket",
    "player_location": "us",
    "region": "USA / NTSC"
  },
  {
    "id": "m3orxxdm",
    "player": "HurricaneMixer",
    "player_location": "us",
    "region": "JPN / NTSC"
  },
  {
    "id": "m7xllo4y",
    "player": "Pikachu",
    "player_location": "ua",
    "region": "JPN / NTSC"
  },
  {
    "id": "m7p7989m",
    "player": "spyriel",
    "player_location": "fi",
    "region": "JPN / NTSC"
  },
  {
    "id": "z037d58z",
    "player": "JSR_",
    "player_location": "us",
    "region": "JPN / NTSC"
  },
  {
    "id": "zq9p128y",
    "player": "smartalec24",
    "player_location": "us",
    "region": "JPN / NTSC"
  },
  {
    "id": "ydrr93wz",
    "player": "Overswarm",
    "player_location": "us",
    "region": "JPN / NTSC"
  },
  {
    "id": "zn41l4vm",
    "player": "nevek",
    "player_location": "ca/qc",
    "region": "JPN / NTSC"
  },
  {
    "id": "m3174xqz",
    "player": "skateman222",
    "player_location": "ca/qc",
    "region": "JPN / NTSC"
  },
  {
    "id": "znq6qpvz",
    "player": "st4nzzz",
    "player_location": "ru",
    "region": "JPN / NTSC"
  },
  {
    "id": "yd3w30xz",
    "player": "MagicK",
    "player_location": "ca/qc",
    "region": "JPN / NTSC"
  },
  {
    "id": "z03orv4z",
    "player": "KLM1187",
    "player_location": "us",
    "region": "JPN / NTSC"
  },
  {
    "id": "mr8xg7dy",
    "player": "NeGAtiv4k",
    "player_location": "ru",
    "region": "USA / NTSC"
  },
  {
    "id": "y89o901m",
    "player": "sethhead",
    "player_location": "us",
    "region": "USA / NTSC"
  },
  {
    "id": "m7plpj9m",
    "player": "Wangdao",
    "player_location": "cn",
    "region": "USA / NTSC"
  },
  {
    "id": "zg71d1ez",
    "player": "AraisZ",
    "player_location": "am",
    "region": "USA / NTSC"
  },
  {
    "id": "y8111xdz",
    "player": "Ghanchi",
    "player_location": "de",
    "region": "JPN / NTSC"
  },
  {
    "id": "yd6eljjz",
    "player": "miketheswan",
    "player_location": "ca/qc",
    "region": "USA / NTSC"
  },
  {
    "id": "y816385z",
    "player": "timmyshotgun",
    "player_location": "mq",
    "region": "JPN / NTSC"
  },
  {
    "id": "m3xd624m",
    "player": "KeynNaka",
    "player_location": "jp",
    "region": "JPN / NTSC"
  },
  {
    "id": "yw00kj0m",
    "player": "FEZ_GG",
    "player_location": "us",
    "region": "USA / NTSC"
  },
  {
    "id": "y6nvdo0z",
    "player": "beerfullofbelly",
    "player_location": "us",
    "region": "JPN / NTSC"
  },
  {
    "id": "z15xkxgy",
    "player": "dr1ox1",
    "player_location": "no",
    "region": "JPN / NTSC"
  },
  {
    "id": "y4wp5l2m",
    "player": "XiaoFengHanYe",
    "player_location": "cn",
    "region": "JPN / NTSC"
  },
  {
    "id": "ylvrr0km",
    "player": "RMD_",
    "player_location": "cn",
    "region": "USA / NTSC"
  },
  {
    "id": "ylrdrony",
    "player": "Edo_87",
    "player_location": "cl",
    "region": "JPN / NTSC"
  },
  {
    "id": "y6rjk7qy",
    "player": "zerknerk",
    "player_location": "nl",
    "region": "USA / NTSC"
  },
  {
    "id": "zn3e2p7y",
    "player": "NeoX5",
    "player_location": "us",
    "region": "JPN / NTSC"
  },
  {
    "id": "m78ro69z",
    "player": "ToploadedGaming",
    "player_location": null,
    "region": "USA / NTSC"
  },
  {
    "id": "zp1lnq8z",
    "player": "JorgeReevs_ix",
    "player_location": "br",
    "region": "USA / NTSC"
  },
  {
    "id": "ylqnx1rz",
    "player": "Arcotoko",
    "player_location": "ca/qc",
    "region": "JPN / NTSC"
  },
  {
    "id": "y8e9435y",
    "player": "alex92Tcordobes",
    "player_location": "ar",
    "region": null
  },
  {
    "id": "zn03ln8y",
    "player": "color_theory",
    "player_location": "us",
    "region": "JPN / NTSC"
  },
  {
    "id": "zn0n9w8y",
    "player": "ViggoTheeCarpathian",
    "player_location": "us",
    "region": "JPN / NTSC"
  },
  {
    "id": "m7w1x2wz",
    "player": "Carter44",
    "player_location": "ca",
    "region": "JPN / NTSC"
  },
  {
    "id": "y8j8dqnz",
    "player": "cocopuffs382",
    "player_location": "us",
    "region": "USA / NTSC"
  },
  {
    "id": "m3609odm",
    "player": "JonnyLink",
    "player_location": "us",
    "region": "JPN / NTSC"
  },
  {
    "id": "zxljw7ez",
    "player": "nescapeplan",
    "player_location": "us",
    "region": "JPN / NTSC"
  },
  {
    "id": "y8jgp6dz",
    "player": "dnkcafe",
    "player_location": "us",
    "region": "JPN / NTSC"
  },
  {
    "id": "yjp302oy",
    "player": "Kippe",
    "player_location": "fi",
    "region": "USA / NTSC"
  },
  {
    "id": "yjppo9gy",
    "player": "Grayskull83",
    "player_location": "us",
    "region": "USA / NTSC"
  },
  {
    "id": "y2prvv7z",
    "player": "yangyi",
    "player_location": "cn",
    "region": "JPN / NTSC"
  },
  {
    "id": "yv0n11oz",
    "player": "SchmidttyGames",
    "player_location": "us",
    "region": "JPN / NTSC"
  },
  {
    "id": "m3x8gngm",
    "player": "ZeeGee_",
    "player_location": "us",
    "region": "JPN / NTSC"
  },
  {
    "id": "y4xp20dz",
    "player": "Yeriko",
    "player_location": "mx",
    "region": "USA / NTSC"
  },
  {
    "id": "yw6o2wnm",
    "player": "CynanMachae",
    "player_location": "ca/qc",
    "region": "JPN / NTSC"
  },
  {
    "id": "me1p1e2y",
    "player": "electricyellow",
    "player_location": "us",
    "region": "JPN / NTSC"
  },
  {
    "id": "zpd78lvz",
    "player": "kururusama",
    "player_location": "kr",
    "region": "JPN / NTSC"
  },
  {
    "id": "yv8jg06m",
    "player": "arcticayeka",
    "player_location": "us",
    "region": "USA / NTSC"
  },
  {
    "id": "m729n09z",
    "player": "Firebroth",
    "player_location": "us",
    "region": "JPN / NTSC"
  },
  {
    "id": "m3lg3r6m",
    "player": "Trinitron",
    "player_location": "cn",
    "region": "JPN / NTSC"
  },
  {
    "id": "zg2kvrny",
    "player": "PeaJae",
    "player_location": "us",
    "region": "JPN / NTSC"
  }
]