[
  {
    "id": "zxvgkoky",
    "player": "Chubbus",
    "player_location": "us",
    "region": "JPN / NTSC"
  },
  {
    "id": "pzg0r0m2",
    "player": "Breakdown",
    "player_location": null,
    "region": "USA / NTSC"
  },
  {
    "id": "9mr8154y",
    "player": "Dudleyville",
    "player_location": "us",
    "region": "JPN / NTSC"
  },
  {
    "id": "yo40w2jm",
    "player": "GarbitheGlitcheress",
    "player_location": "us",
    "region": "USA / NTSC"
  },
  {
    "id": "m79dqp4y",
    "player": "Lizstar",
    "player_location": "us",
    "region": "JPN / NTSC"
  },
  {
    "id": "jy9q0q2z",
    "player": "veo_",
    "player_location": null,
    "region": "JPN / NTSC"
  },
  {
    "id": "zp1vekvz",
    "player": "HaramScaram",
    "player_location": "us",
    "region": "JPN / NTSC"
  },
  {
    "id": "7z045qoy",
    "player": "Verz",
    "player_location": "us",
    "region": "USA / NTSC"
  },
  {
    "id": "y971q5rm",
    "player": "ElectroTweak",
    "player_location": "gb/eng",
    "region": "JPN / NTSC"
  },
  {
    "id": "ywkker2y",
    "player": "chronoon",
    "player_location": "us",
    "region": "JPN / NTSC"
  },
  {
    "id": "y67v66qm",
    "player": "Sophira",
    "player_location": null,
    "region": "JPN / NTSC"
  },
  {
    "id": "yo3g51jy",
    "player": "Sonikkustar",
    "player_location": "us",
    "region": "JPN / NTSC"
  },
  {
    "id": "yo4p775m",
    "player": "kickasspancakes",
    "player_location": "us",
    "region": "JPN / NTSC"
  },
  {
    "id": "zgnpordy",
    "player": "Chael",
    "player_location": "us",
    "region": "JPN / NTSC"
  },
  {
    "id": "yvg0558y",
    "player": "Qlex",
    "player_location": "fr",
    "region": "JPN / NTSC"
  },
  {
    "id": "yo3g3rjy",
    "player": "Boog2TheMan",
    "player_location": "us",
    "region": "USA / NTSC"
  },
  {
    "id": "mekgqj3m",
    "player": "Killentity",
    "player_location": "us",
    "region": null
  },
  {
    "id": "y45j3ekm",
    "player": "slopdop",
    "player_location": "ca",
    "region": "USA / NTSC"
  },
  {
    "id": "zn8g5x9z",
    "player": "iscreaman",
    "player_location": "us",
    "region": "USA / NTSC"
  },
  {
    "id": "y674x9jm",
    "player": "Ayaash",
    "player_location": "fr",
    "region": "USA / NTSC"
  },
  {
    "id": "mk5g9gxm",
    "player": "dagronSR",
    "player_location": "ca",
    "region": "JPN / NTSC"
  },
  {
    "id": "z03jl88z",
    "player": "RetroIndieJosh",
    "player_location": "us",
    "region": "JPN / NTSC"
  },
  {
    "id": "ywqv7w0y",
    "player": "Shime",
    "player_location": "br",
    "region": "JPN / NTSC"
  },
  {
    "id": "zgk767jy",
    "player": "PaPanda",
    "player_location": "us",
    "region": null
  },
  {
    "id": "zp459qxz",
    "player": "Salero_Eon",
    "player_location": "cl",
    "region": "JPN / NTSC"
  },
  {
    "id": "zgkpxdjy",
    "player": "Mannix86",
    "player_location": "ca",
    "region": "JPN / NTSC"
  },
  {
    "id": "yd5q0gvm",
    "player": "Okamikaze",
    "player_location": "gb",
    "region": "JPN / NTSC"
  },
  {
    "id": "m3rw1kwm",
    "player": "GameFasters",
    "player_location": "fr",
    "region": "JPN / NTSC"
  },
  {
    "id": "y2dw1o5z",
    "player": "LoganToTheMax",
    "player_location": "us",
    "region": "JPN / NTSC"
  },
  {
    "id": "yloqnjny",
    "player": "letkr09",
    "player_location": "jp",
    "region": "USA / NTSC"
  },
  {
    "id": "yopg8jjm",
    "player": "Nizondo",
    "player_location": "us",
    "region": "JPN / NTSC"
  },
  {
    "id": "yjdp60ny",
    "player": "Oddlycell",
    "player_location": "us",
    "region": "USA / NTSC"
  }
]