[
  {
    "id": "y6p2xn0m",
    "player": "PokerFacowaty",
    "player_location": "pl",
    "region": "EUR / PAL"
  },
  {
    "id": "zn4pe69m",
    "player": "Nimputs",
    "player_location": "de",
    "region": "EUR / PAL"
  },
  {
    "id": "y4196xky",
    "player": "Gave2haze",
    "player_location": "gb/eng",
    "region": "EUR / PAL"
  },
  {
    "id": "ywp65l2z",
    "player": "Rajzon",
    "player_location": "pl",
    "region": "EUR / PAL"
  },
  {
    "id": "mexk8j0z",
    "player": "WeirdCreationFTW",
    "player_location": "us",
    "region": "USA / NTSC"
  },
  {
    "id": "zqwe7l8z",
    "player": "Trigger",
    "player_location": "gb/eng",
    "region": "EUR / PAL"
  },
  {
    "id": "mex84rqz",
    "player": "ViperUK",
    "player_location": "gb/eng",
    "region": "EUR / PAL"
  },
  {
    "id": "mre1j64y",
    "player": "Gary70",
    "player_location": "us",
    "region": "USA / NTSC"
  },
  {
    "id": "yl0x0dry",
    "player": "Seven",
    "player_location": "fr",
    "region": "EUR / PAL"
  },
  {
    "id": "zxk05qkm",
    "player": "swaagdude",
    "player_location": null,
    "region": null
  },
  {
    "id": "z1561qgy",
    "player": "Zentakora",
    "player_location": "us",
    "region": "USA / NTSC"
  },
  {
    "id": "yok804dz",
    "player": "Lew",
    "player_location": "gb",
    "region": "EUR / PAL"
  },
  {
    "id": "zn3jeq7y",
    "player": "rusto",
    "player_location": "us",
    "region": "USA / NTSC"
  },
  {
    "id": "zxogrlkz",
    "player": "AllanEndopay12",
    "player_location": "us",
    "region": "USA / NTSC"
  },
  {
    "id": "yo7wl75m",
    "player": "Mudikyu",
    "player_location": null,
    "region": "USA / NTSC"
  },
  {
    "id": "yjg4okdy",
    "player": "Cursor",
    "player_location": "in",
    "region": null
  },
  {
    "id": "zxg4g28y",
    "player": "Alecoes1",
    "player_location": "us",
    "region": "USA / NTSC"
  },
  {
    "id": "zno64dvy",
    "player": "KitaSune",
    "player_location": null,
    "region": null
  },
  {
    "id": "zp33288m",
    "player": "SpiralSatsuma47",
    "player_location": "es/cn",
    "region": "EUR / PAL"
  },
  {
    "id": "y8dxdddz",
    "player": "ShesChardcore",
    "player_location": "us",
    "region": "USA / NTSC"
  },
  {
    "id": "zq73xx8m",
    "player": "Veyron4472",
    "player_location": "au",
    "region": null
  },
  {
    "id": "yw6jx20m",
    "player": "pork_on_wii",
    "player_location": "us",
    "region": "USA / NTSC"
  },
  {
    "id": "me1dqxqy",
    "player": "calabresapedro",
    "player_location": null,
    "region": null
  },
  {
    "id": "y962v8ny",
    "player": "Gigiocmorengue",
    "player_location": "br",
    "region": "USA / NTSC"
  },
  {
    "id": "zxnv7r5m",
    "player": "Zaabry",
    "player_location": "se",
    "region": "EUR / PAL"
  }
]