[
  {
    "id": "yo2325jz",
    "player": "white_moth",
    "player_location": "us",
    "region": "USA / NTSC"
  },
  {
    "id": "z13w21jm",
    "player": "DaWildGrim",
    "player_location": "us",
    "region": "USA / NTSC"
  },
  {
    "id": "ywpe22pz",
    "player": "Truman",
    "player_location": "us",
    "region": "USA / NTSC"
  },
  {
    "id": "mekrwx2m",
    "player": "UncleLionel",
    "player_location": "us",
    "region": "USA / NTSC"
  },
  {
    "id": "mk4j12ly",
    "player": "Arisendead",
    "player_location": "us",
    "region": "USA / NTSC"
  },
  {
    "id": "y8j66odz",
    "player": "RBMACHOK",
    "player_location": "mx",
    "region": "USA / NTSC"
  },
  {
    "id": "yd5wklwm",
    "player": "SQL_Infection",
    "player_location": "us",
    "region": null
  },
  {
    "id": "yv6ovloz",
    "player": "LuhLSG",
    "player_location": "br",
    "region": "USA / NTSC"
  },
  {
    "id": "y9276vvz",
    "player": "dylanofinsanity",
    "player_location": "us",
    "region": "USA / NTSC"
  },
  {
    "id": "mr8qvl2y",
    "player": "NerdGaming007",
    "player_location": "us",
    "region": "USA / NTSC"
  },
  {
    "id": "y6ppnw0m",
    "player": "Jacobrw420",
    "player_location": "us",
    "region": "USA / NTSC"
  },
  {
    "id": "mr8qgd7y",
    "player": "westslasher2",
    "player_location": "us",
    "region": "USA / NTSC"
  },
  {
    "id": "zp0l0krm",
    "player": "osumariokartman",
    "player_location": "us",
    "region": "USA / NTSC"
  },
  {
    "id": "y2qq36wy",
    "player": "Goldberg3210",
    "player_location": "de",
    "region": null
  },
  {
    "id": "yo22r2jz",
    "player": "Rashiro",
    "player_location": "br",
    "region": "USA / NTSC"
  },
  {
    "id": "y8990rnm",
    "player": "ryukahr",
    "player_location": "us",
    "region": null
  },
  {
    "id": "y2qx417y",
    "player": "1ied",
    "player_location": "us",
    "region": "USA / NTSC"
  },
  {
    "id": "me308o0z",
    "player": "MarceloMatos",
    "player_location": "br",
    "region": null
  },
  {
    "id": "y2q0k27y",
    "player": "Harkness",
    "player_location": "us",
    "region": "USA / NTSC"
  },
  {
    "id": "yd36n2jz",
    "player": "ThirdWall",
    "player_location": "us",
    "region": null
  },
  {
    "id": "z11j02jz",
    "player": "YourMomsMeatloaf113",
    "player_location": "us",
    "region": "USA / NTSC"
  },
  {
    "id": "z51j60dm",
    "player": "Vert",
    "player_location": "us",
    "region": "USA / NTSC"
  },
  {
    "id": "y43xw6kz",
    "player": "GlitchCat7",
    "player_location": "us",
    "region": "USA / NTSC"
  },
  {
    "id": "zp0k958m",
    "player": "Deakula",
    "player_location": "ca",
    "region": "USA / NTSC"
  },
  {
    "id": "mk97p01z",
    "player": "BASubway",
    "player_location": "us",
    "region": "USA / NTSC"
  },
  {
    "id": "me89on8m",
    "player": "atari2.0",
    "player_location": "it",
    "region": "USA / NTSC"
  },
  {
    "id": "mr81818y",
    "player": "Dode",
    "player_location": "us",
    "region": "USA / NTSC"
  },
  {
    "id": "ylo65xny",
    "player": "jomyjomy",
    "player_location": "ca",
    "region": "USA / NTSC"
  },
  {
    "id": "y2qxlq7y",
    "player": "WhiteWhaleoftheWest",
    "player_location": "us",
    "region": "USA / NTSC"
  },
  {
    "id": "m7p75vwm",
    "player": "Meatyguy",
    "player_location": "us",
    "region": "USA / NTSC"
  },
  {
    "id": "m3o4716m",
    "player": "LookinToad",
    "player_location": "us",
    "region": "USA / NTSC"
  },
  {
    "id": "mk9e77xz",
    "player": "fitz1889",
    "player_location": "ie",
    "region": "USA / NTSC"
  },
  {
    "id": "y6pnxjqm",
    "player": "NIL",
    "player_location": "br",
    "region": "USA / NTSC"
  },
  {
    "id": "yd3dkvjz",
    "player": "TayoFleetfoot",
    "player_location": "us",
    "region": "USA / NTSC"
  },
  {
    "id": "mk360q5z",
    "player": "Superben1755",
    "player_location": "ca",
    "region": null
  },
  {
    "id": "y65n381z",
    "player": "electronicLogic",
    "player_location": "us",
    "region": "USA / NTSC"
  },
  {
    "id": "y89jn9wm",
    "player": "Calco2",
    "player_location": "cl",
    "region": "USA / NTSC"
  },
  {
    "id": "yl4ew92m",
    "player": "smccraw",
    "player_location": "us",
    "region": "USA / NTSC"
  },
  {
    "id": "zx479n8y",
    "player": "rabic",
    "player_location": "us",
    "region": "USA / NTSC"
  },
  {
    "id": "yd3dqqxz",
    "player": "GreenDeathFlavor",
    "player_location": "us",
    "region": "USA / NTSC"
  },
  {
    "id": "y89neldm",
    "player": "amethyst_rocks",
    "player_location": "us",
    "region": "USA / NTSC"
  },
  {
    "id": "yvjp968y",
    "player": "megmactv",
    "player_location": "ca",
    "region": "USA / NTSC"
  },
  {
    "id": "m3o3064m",
    "player": "truzzl",
    "player_location": "us",
    "region": null
  },
  {
    "id": "yo2pe97z",
    "player": "Bramz",
    "player_location": "us",
    "region": "USA / NTSC"
  },
  {
    "id": "z03n258z",
    "player": "JustKitt",
    "player_location": "jm",
    "region": "USA / NTSC"
  },
  {
    "id": "mr8vp34y",
    "player": "Duders",
    "player_location": "us",
    "region": "USA / NTSC"
  },
  {
    "id": "zg7jgpnz",
    "player": "drdime_",
    "player_location": "us",
    "region": "USA / NTSC"
  },
  {
    "id": "y6pxwg6m",
    "player": "Darkanine",
    "player_location": "us",
    "region": "USA / NTSC"
  },
  {
    "id": "zx4nxjky",
    "player": "maxkm5st1",
    "player_location": "us",
    "region": null
  },
  {
    "id": "yvjv9n4y",
    "player": "MumboKZH",
    "player_location": "us",
    "region": "USA / NTSC"
  },
  {
    "id": "zp0wwerm",
    "player": "Duende",
    "player_location": "mx",
    "region": "USA / NTSC"
  },
  {
    "id": "y92wpvrz",
    "player": "Sahd10s",
    "player_location": "mx",
    "region": "USA / NTSC"
  },
  {
    "id": "z038knoz",
    "player": "Seathorne",
    "player_location": "us",
    "region": "USA / NTSC"
  },
  {
    "id": "me80dv8m",
    "player": "obispo2",
    "player_location": "ar",
    "region": "USA / NTSC"
  },
  {
    "id": "zq38x38y",
    "player": "PepeSama",
    "player_location": "br",
    "region": "USA / NTSC"
  },
  {
    "id": "yokrgpjz",
    "player": "mrmightymouse",
    "player_location": "us",
    "region": null
  },
  {
    "id": "z11vrw7z",
    "player": "shovda",
    "player_location": "us",
    "region": "USA / NTSC"
  },
  {
    "id": "mk2x5qvm",
    "player": "oracle3410",
    "player_location": "us",
    "region": "USA / NTSC"
  },
  {
    "id": "ywpwln3z",
    "player": "thekink",
    "player_location": "us",
    "region": "USA / NTSC"
  },
  {
    "id": "yd3oe4jz",
    "player": "oneframejames",
    "player_location": "us",
    "region": "USA / NTSC"
  },
  {
    "id": "zq350r1y",
    "player": "Svorass",
    "player_location": "us",
    "region": "USA / NTSC"
  },
  {
    "id": "yj47v6gy",
    "player": "BadAbs",
    "player_location": "us",
    "region": "USA / NTSC"
  },
  {
    "id": "zq3ne85y",
    "player": "delcaMX",
    "player_location": "mx",
    "region": "USA / NTSC"
  },
  {
    "id": "m7pkw19m",
    "player": "MincoDeluxe",
    "player_location": "us",
    "region": "USA / NTSC"
  },
  {
    "id": "zx41lvky",
    "player": "shadowrool",
    "player_location": "de",
    "region": "USA / NTSC"
  },
  {
    "id": "y43d852z",
    "player": "JigPaw86",
    "player_location": "de",
    "region": "EUR / PAL"
  },
  {
    "id": "mk299exm",
    "player": "ZoeVermilion",
    "player_location": "us",
    "region": "USA / NTSC"
  },
  {
    "id": "zp073kxm",
    "player": "tridenttail",
    "player_location": "ca",
    "region": "USA / NTSC"
  },
  {
    "id": "y6l3qxjy",
    "player": "Agorija",
    "player_location": "us",
    "region": "USA / NTSC"
  },
  {
    "id": "zx2l36qm",
    "player": "Rustiferrous",
    "player_location": "us",
    "region": "USA / NTSC"
  },
  {
    "id": "mk297olm",
    "player": "Karlboud88",
    "player_location": "ca/qc",
    "region": "USA / NTSC"
  },
  {
    "id": "y411x1ky",
    "player": "BlueBeary26",
    "player_location": null,
    "region": "USA / NTSC"
  },
  {
    "id": "y21d626z",
    "player": "mkosler",
    "player_location": "us",
    "region": "USA / NTSC"
  },
  {
    "id": "y6l698qy",
    "player": "Yetibucca",
    "player_location": "us",
    "region": "USA / NTSC"
  },
  {
    "id": "zxk639gm",
    "player": "nintendesi",
    "player_location": "us",
    "region": "USA / NTSC"
  },
  {
    "id": "z1jr2kwz",
    "player": "Lyric_B",
    "player_location": "ca",
    "region": null
  },
  {
    "id": "yw42082z",
    "player": "PMiller",
    "player_location": "us",
    "region": "USA / NTSC"
  },
  {
    "id": "y417ok3y",
    "player": "Anthopants",
    "player_location": "us",
    "region": "USA / NTSC"
  },
  {
    "id": "yd6wrrvz",
    "player": "BillyTheBanana",
    "player_location": "us",
    "region": "USA / NTSC"
  },
  {
    "id": "yw4g39pz",
    "player": "ScageRock",
    "player_location": "us",
    "region": "USA / NTSC"
  },
  {
    "id": "y4ee71km",
    "player": "Guilty14",
    "player_location": "br",
    "region": null
  },
  {
    "id": "z094nroz",
    "player": "aSaltRifle",
    "player_location": "us",
    "region": null
  },
  {
    "id": "ylqnlqkz",
    "player": "Darizard",
    "player_location": "us",
    "region": "USA / NTSC"
  },
  {
    "id": "mexlj28z",
    "player": "Peach3z",
    "player_location": "us",
    "region": "USA / NTSC"
  },
  {
    "id": "zqrd5w5y",
    "player": "supercocobro",
    "player_location": "us",
    "region": null
  },
  {
    "id": "znk8p97z",
    "player": "earthmeLon",
    "player_location": "us",
    "region": "USA / NTSC"
  },
  {
    "id": "yojn0q1m",
    "player": "TheThirdExtent",
    "player_location": "us",
    "region": "USA / NTSC"
  },
  {
    "id": "yv3pn4ez",
    "player": "cptn_igloo",
    "player_location": "fr",
    "region": "USA / NTSC"
  },
  {
    "id": "z1jlwewz",
    "player": "derwood773",
    "player_location": "us",
    "region": "USA / NTSC"
  },
  {
    "id": "y6lqlnjy",
    "player": "LettuceBoltzmann",
    "player_location": "us",
    "region": "USA / NTSC"
  },
  {
    "id": "y81wv51z",
    "player": "zfleeman",
    "player_location": "us",
    "region": "USA / NTSC"
  },
  {
    "id": "z018ko9y",
    "player": "Halscion",
    "player_location": "us",
    "region": "USA / NTSC"
  },
  {
    "id": "zqr51xry",
    "player": "NeptuneNeon",
    "player_location": "us",
    "region": "USA / NTSC"
  },
  {
    "id": "y41437ny",
    "player": "Magickfrenzy",
    "player_location": "us",
    "region": null
  },
  {
    "id": "m314wewz",
    "player": "ThePurpleEagle",
    "player_location": "au",
    "region": null
  },
  {
    "id": "yw47283z",
    "player": "protopizza",
    "player_location": "us",
    "region": null
  },
  {
    "id": "yw8l510y",
    "player": "simillarian",
    "player_location": "us",
    "region": "USA / NTSC"
  },
  {
    "id": "zgk4jkey",
    "player": "KatMakes",
    "player_location": "us",
    "region": "USA / NTSC"
  },
  {
    "id": "mrkjxo7y",
    "player": "Killer_tofu__",
    "player_location": "us",
    "region": null
  },
  {
    "id": "y2539k7y",
    "player": "BigDeutsch",
    "player_location": "ca",
    "region": "USA / NTSC"
  },
  {
    "id": "znk8g58z",
    "player": "MerynMoon",
    "player_location": "us",
    "region": null
  },
  {
    "id": "yd53jr0m",
    "player": "morgcl",
    "player_location": "us",
    "region": "USA / NTSC"
  },
  {
    "id": "y25q8d7y",
    "player": "YourBoyRudy",
    "player_location": "us",
    "region": "USA / NTSC"
  },
  {
    "id": "meo82e8z",
    "player": "Ferlow",
    "player_location": "gb/eng",
    "region": "USA / NTSC"
  },
  {
    "id": "z5jgoknm",
    "player": "bonkstrats",
    "player_location": "ca",
    "region": "USA / NTSC"
  },
  {
    "id": "m35n49dy",
    "player": "B1oodbathMcGrath",
    "player_location": "us",
    "region": "USA / NTSC"
  },
  {
    "id": "zqwwvp1z",
    "player": "ESaintC",
    "player_location": "us",
    "region": "USA / NTSC"
  },
  {
    "id": "z059078m",
    "player": "Bruno_Peixoto",
    "player_location": "br",
    "region": null
  },
  {
    "id": "y4w7nd3m",
    "player": "Lordfixx",
    "player_location": "ca/qc",
    "region": null
  },
  {
    "id": "znk7wqlz",
    "player": "NinjaLifestyle",
    "player_location": "us",
    "region": "USA / NTSC"
  },
  {
    "id": "y25p1d7y",
    "player": "MrFink",
    "player_location": "de",
    "region": "USA / NTSC"
  },
  {
    "id": "yd9vodjz",
    "player": "rokero171",
    "player_location": "br",
    "region": "USA / NTSC"
  },
  {
    "id": "y90veo2y",
    "player": "Mage_Gage",
    "player_location": "us",
    "region": "USA / NTSC"
  },
  {
    "id": "m7g2roem",
    "player": "michimichimichi2",
    "player_location": "at",
    "region": "USA / NTSC"
  },
  {
    "id": "y42vjg2m",
    "player": "YPlay",
    "player_location": "br",
    "region": null
  },
  {
    "id": "zpr62wnm",
    "player": "RBPimlico",
    "player_location": "us",
    "region": "USA / NTSC"
  },
  {
    "id": "yv6n1l4z",
    "player": "StatikAB",
    "player_location": "ca",
    "region": "USA / NTSC"
  },
  {
    "id": "zx2045em",
    "player": "yaredcox",
    "player_location": "us",
    "region": "USA / NTSC"
  },
  {
    "id": "y2dq4x7z",
    "player": "ClassicPass",
    "player_location": "us",
    "region": "USA / NTSC"
  },
  {
    "id": "mr9e1rdm",
    "player": "JensOrbit",
    "player_location": "us",
    "region": "USA / NTSC"
  },
  {
    "id": "mk8333vm",
    "player": "BeefyWeefs",
    "player_location": "us",
    "region": "USA / NTSC"
  },
  {
    "id": "y2dve76z",
    "player": "Adamj93",
    "player_location": "us",
    "region": null
  },
  {
    "id": "z1o21o7m",
    "player": "DeeBick",
    "player_location": "us",
    "region": "USA / NTSC"
  },
  {
    "id": "z09o3poz",
    "player": "FafGuy",
    "player_location": "us",
    "region": "USA / NTSC"
  },
  {
    "id": "y2do696z",
    "player": "AiSnake",
    "player_location": "us",
    "region": "USA / NTSC"
  },
  {
    "id": "y6rqxn6y",
    "player": "tuffsuper",
    "player_location": "us",
    "region": "USA / NTSC"
  },
  {
    "id": "y8rg3d5m",
    "player": "HundredsOfCupHolders",
    "player_location": "ca/qc",
    "region": null
  },
  {
    "id": "zp9q22nm",
    "player": "omnomnom",
    "player_location": "us",
    "region": "USA / NTSC"
  },
  {
    "id": "z5367ojy",
    "player": "sye990",
    "player_location": "us",
    "region": "USA / NTSC"
  },
  {
    "id": "yo3g65dy",
    "player": "Dekudo95",
    "player_location": "de",
    "region": "USA / NTSC"
  },
  {
    "id": "yj1gj87y",
    "player": "color_theory",
    "player_location": "us",
    "region": "JPN / NTSC"
  },
  {
    "id": "zno54g7y",
    "player": "jepster_tv",
    "player_location": "de",
    "region": "EUR / PAL"
  },
  {
    "id": "ydrrx7jz",
    "player": "Rainbowcrash00",
    "player_location": "be",
    "region": "USA / NTSC"
  },
  {
    "id": "z06p5eez",
    "player": "SetoKaizo",
    "player_location": null,
    "region": null
  },
  {
    "id": "y2vkqjwz",
    "player": "derv82",
    "player_location": "us",
    "region": "USA / NTSC"
  },
  {
    "id": "zx6e10gz",
    "player": "oak_84",
    "player_location": "se",
    "region": "USA / NTSC"
  },
  {
    "id": "ydrq0rwz",
    "player": "epicecky",
    "player_location": "au",
    "region": null
  },
  {
    "id": "mkg9lg1y",
    "player": "EMERSONGAMINGHN",
    "player_location": "hn",
    "region": "USA / NTSC"
  },
  {
    "id": "zq104wxm",
    "player": "SavageHenre",
    "player_location": "us",
    "region": "USA / NTSC"
  },
  {
    "id": "y6dx6vqm",
    "player": "sktn1337",
    "player_location": "de",
    "region": "USA / NTSC"
  },
  {
    "id": "ylqnkgkz",
    "player": "Nerso",
    "player_location": "br",
    "region": "USA / NTSC"
  },
  {
    "id": "yjge6kdy",
    "player": "RedKiller",
    "player_location": "br",
    "region": null
  },
  {
    "id": "ydrv0dqz",
    "player": "Not_Vinicius1",
    "player_location": "br",
    "region": "USA / NTSC"
  },
  {
    "id": "y4r08nnz",
    "player": "newgasm",
    "player_location": "us",
    "region": "USA / NTSC"
  },
  {
    "id": "mk5450vm",
    "player": "meatlowph",
    "player_location": "us",
    "region": "USA / NTSC"
  },
  {
    "id": "y275o05z",
    "player": "GUKR",
    "player_location": "br",
    "region": "USA / NTSC"
  },
  {
    "id": "zn0onn8y",
    "player": "mangort",
    "player_location": "ca",
    "region": null
  },
  {
    "id": "ywknwr0y",
    "player": "TASagent",
    "player_location": "us",
    "region": "USA / NTSC"
  },
  {
    "id": "zx89w08m",
    "player": "debelle",
    "player_location": "ca",
    "region": "USA / NTSC"
  },
  {
    "id": "me44d92y",
    "player": "UghRochester",
    "player_location": "us",
    "region": "USA / NTSC"
  },
  {
    "id": "zxo703qz",
    "player": "Dayday",
    "player_location": "de",
    "region": "USA / NTSC"
  },
  {
    "id": "mr73q5gz",
    "player": "SonySlave",
    "player_location": "us",
    "region": "USA / NTSC"
  },
  {
    "id": "zn0xxp3y",
    "player": "warky2",
    "player_location": "us",
    "region": "USA / NTSC"
  },
  {
    "id": "zn7r803m",
    "player": "Nekner",
    "player_location": "us",
    "region": "USA / NTSC"
  },
  {
    "id": "yvqodrxm",
    "player": "dubiousdinobot",
    "player_location": "ca",
    "region": "USA / NTSC"
  },
  {
    "id": "yjx40q7z",
    "player": "royaal",
    "player_location": "ve",
    "region": "USA / NTSC"
  },
  {
    "id": "mr6dlv8m",
    "player": "GenMaruo",
    "player_location": "cl",
    "region": "USA / NTSC"
  },
  {
    "id": "zq080e1y",
    "player": "lubeeji",
    "player_location": "us",
    "region": "USA / NTSC"
  },
  {
    "id": "yvqxp5xm",
    "player": "PipoOnTour",
    "player_location": "de",
    "region": "EUR / PAL"
  },
  {
    "id": "zn75l6vm",
    "player": "Gre\u00f1udoGames",
    "player_location": "mx",
    "region": null
  },
  {
    "id": "yjp3n77y",
    "player": "Gobi_SMW",
    "player_location": "us",
    "region": "USA / NTSC"
  },
  {
    "id": "y2p3167z",
    "player": "defybydefault",
    "player_location": "ca",
    "region": "USA / NTSC"
  },
  {
    "id": "yl7vj8km",
    "player": "fluffynubkins",
    "player_location": "us",
    "region": null
  },
  {
    "id": "yddlo7xy",
    "player": "VetMech",
    "player_location": "us",
    "region": "USA / NTSC"
  },
  {
    "id": "y8xqe0nm",
    "player": "dom",
    "player_location": "us",
    "region": "USA / NTSC"
  }
]