[
  {
    "id": "m3dv6lqz",
    "player": "infinitemystery",
    "player_location": null,
    "region": "USA / NTSC"
  },
  {
    "id": "yo2eqn1z",
    "player": "buffalax",
    "player_location": "us",
    "region": "USA / NTSC"
  },
  {
    "id": "z0304xoz",
    "player": "bentglasstube",
    "player_location": "us",
    "region": "USA / NTSC"
  },
  {
    "id": "y92woerz",
    "player": "ZebGedney",
    "player_location": "us",
    "region": "USA / NTSC"
  },
  {
    "id": "zn4g5o3m",
    "player": "Angrylarry",
    "player_location": "us",
    "region": "USA / NTSC"
  },
  {
    "id": "mejxp70y",
    "player": "funknasty171",
    "player_location": "us",
    "region": "USA / NTSC"
  }
]