[
  {
    "id": "zp0ekv8m",
    "player": "8PercentErik",
    "player_location": "us",
    "region": "USA / NTSC"
  },
  {
    "id": "zgkk6lvy",
    "player": "Janet",
    "player_location": null,
    "region": "JPN / NTSC"
  },
  {
    "id": "mre6lw4y",
    "player": "Olavi",
    "player_location": "kr",
    "region": "USA / NTSC"
  },
  {
    "id": "z5x9235y",
    "player": "Ellimist",
    "player_location": "us",
    "region": "JPN / NTSC"
  },
  {
    "id": "zg27oqjy",
    "player": "FelipeNascimento83",
    "player_location": "br",
    "region": "USA / NTSC"
  }
]