[
  {
    "id": "zqwq0q8z",
    "player": "Otterstone_Gamer",
    "player_location": "us",
    "region": "USA / NTSC"
  },
  {
    "id": "zplxq3nm",
    "player": "Anthropod",
    "player_location": "us",
    "region": "USA / NTSC"
  },
  {
    "id": "z1x7q19m",
    "player": "Mathis",
    "player_location": "fr",
    "region": null
  },
  {
    "id": "y4x271qz",
    "player": "OtherRiley",
    "player_location": "nl",
    "region": "EUR / PAL"
  },
  {
    "id": "m36rgjgm",
    "player": "Baite",
    "player_location": "pt",
    "region": "EUR / PAL"
  },
  {
    "id": "z12r4nry",
    "player": "Vu16",
    "player_location": "ca/qc",
    "region": null
  },
  {
    "id": "y9xlpkny",
    "player": "idoofir",
    "player_location": null,
    "region": null
  }
]