[
  {
    "id": "y45d6kkm",
    "player": "ruunix2",
    "player_location": "us",
    "region": "USA / NTSC"
  },
  {
    "id": "y8957rdm",
    "player": "Jaypin88",
    "player_location": "ca",
    "region": "USA / NTSC"
  },
  {
    "id": "yd57px0m",
    "player": "MortimerNova",
    "player_location": "us",
    "region": "USA / NTSC"
  },
  {
    "id": "y88wn4dy",
    "player": "scrapped_zaraki",
    "player_location": "jp",
    "region": "JPN / NTSC"
  },
  {
    "id": "z062kp9z",
    "player": "duervelo",
    "player_location": "gb/eng",
    "region": null
  },
  {
    "id": "m3r723qm",
    "player": "COMPETIDORX",
    "player_location": "br",
    "region": "USA / NTSC"
  },
  {
    "id": "z12x44gy",
    "player": "Fraggggg",
    "player_location": "br",
    "region": "USA / NTSC"
  },
  {
    "id": "yjx8ne3z",
    "player": "SteveZero",
    "player_location": "us",
    "region": "USA / NTSC"
  },
  {
    "id": "y883781y",
    "player": "JoePulito",
    "player_location": "us",
    "region": null
  }
]