[
  {
    "id": "yl9en9ky",
    "player": "Loki_Khan",
    "player_location": "us",
    "region": "USA / NTSC"
  },
  {
    "id": "mr8k22dy",
    "player": "Cy60r",
    "player_location": "ru",
    "region": "USA / NTSC"
  },
  {
    "id": "z03pqe8z",
    "player": "solidesnakk",
    "player_location": null,
    "region": "USA / NTSC"
  },
  {
    "id": "me7v450y",
    "player": "Faust4712",
    "player_location": "us",
    "region": "USA / NTSC"
  },
  {
    "id": "z5rxk3ey",
    "player": "facundomounes",
    "player_location": "ar",
    "region": "USA / NTSC"
  },
  {
    "id": "yjgxjd7y",
    "player": "rabbitDumpling",
    "player_location": "us",
    "region": "USA / NTSC"
  },
  {
    "id": "me171r2y",
    "player": "Moo_Moony",
    "player_location": "ca/qc",
    "region": "USA / NTSC"
  },
  {
    "id": "yjdoej7y",
    "player": "sascha-gaming",
    "player_location": "de",
    "region": "USA / NTSC"
  }
]