[
  {
    "id": "2ywdll3z",
    "player": "redemption99",
    "player_location": "us",
    "region": "USA / NTSC"
  },
  {
    "id": "jy91d72m",
    "player": "bystandertim",
    "player_location": "us",
    "region": "USA / NTSC"
  },
  {
    "id": "0zno4ely",
    "player": "DSVolition",
    "player_location": null,
    "region": "USA / NTSC"
  },
  {
    "id": "7z0v9x9y",
    "player": "Biglaw",
    "player_location": "ca",
    "region": null
  },
  {
    "id": "mr84kr8y",
    "player": "clowdor",
    "player_location": "au",
    "region": "USA / NTSC"
  },
  {
    "id": "zpq7n9xy",
    "player": "Mr_Mary",
    "player_location": "pl",
    "region": null
  },
  {
    "id": "mrq3eogy",
    "player": "hoxi",
    "player_location": "pl",
    "region": null
  },
  {
    "id": "zn4k177m",
    "player": "Tophmyster",
    "player_location": "au",
    "region": "USA / NTSC"
  },
  {
    "id": "yojx59dm",
    "player": "PW",
    "player_location": "ru",
    "region": null
  },
  {
    "id": "me14999y",
    "player": "WolfGaming2203",
    "player_location": "vn",
    "region": null
  }
]