[
  {
    "id": "y975kwem",
    "player": "Seihon",
    "player_location": "tw",
    "region": "JPN / NTSC"
  },
  {
    "id": "z5jg84em",
    "player": "SonofGod1998",
    "player_location": "us",
    "region": "USA / NTSC"
  },
  {
    "id": "z1392ngm",
    "player": "YungSenpai",
    "player_location": "se",
    "region": "USA / NTSC"
  },
  {
    "id": "yo282x0z",
    "player": "RaymarioPok\u00e9nic",
    "player_location": "nl",
    "region": "JPN / NTSC"
  },
  {
    "id": "y41o5ony",
    "player": "FelipeNascimento83",
    "player_location": "br",
    "region": "JPN / NTSC"
  },
  {
    "id": "zqwk7v8z",
    "player": "Armarksman",
    "player_location": null,
    "region": "JPN / NTSC"
  },
  {
    "id": "yw88jg3y",
    "player": "CASUAL2HuPlaya",
    "player_location": "th",
    "region": "USA / NTSC"
  },
  {
    "id": "yjllv1oz",
    "player": "WEFMAIKA",
    "player_location": "jp",
    "region": "JPN / NTSC"
  },
  {
    "id": "meoq952z",
    "player": "takoyasu",
    "player_location": "jp",
    "region": "JPN / NTSC"
  },
  {
    "id": "yw0wkv2m",
    "player": "MYs2",
    "player_location": "jp",
    "region": "JPN / NTSC"
  },
  {
    "id": "zp9dd5vm",
    "player": "yoshykai",
    "player_location": "jp",
    "region": "JPN / NTSC"
  },
  {
    "id": "zgpk0dez",
    "player": "Tomatomato",
    "player_location": "jp",
    "region": "JPN / NTSC"
  },
  {
    "id": "yw6j0j0m",
    "player": "Nylilsa",
    "player_location": null,
    "region": null
  }
]