[
  {
    "id": "1zqxjory",
    "player": "RottDawg",
    "player_location": null,
    "region": "USA / NTSC"
  },
  {
    "id": "6yjnwjom",
    "player": "Toad22484",
    "player_location": "us",
    "region": "USA / NTSC"
  },
  {
    "id": "6yjpq4ny",
    "player": "RainingElementalist",
    "player_location": "us",
    "region": "USA / NTSC"
  },
  {
    "id": "nz1pev7z",
    "player": "miyabi142",
    "player_location": "jp",
    "region": "JPN / NTSC"
  },
  {
    "id": "0zn9q53y",
    "player": "Victor Araujo",
    "player_location": null,
    "region": "USA / NTSC"
  },
  {
    "id": "8yvd37xy",
    "player": "BigZeeff",
    "player_location": "us",
    "region": "USA / NTSC"
  },
  {
    "id": "1zqxw81y",
    "player": "NME",
    "player_location": "us",
    "region": "JPN / NTSC"
  },
  {
    "id": "pm38974y",
    "player": "tsaylor1",
    "player_location": "us",
    "region": "USA / NTSC"
  },
  {
    "id": "0y610o1m",
    "player": "dagronSR",
    "player_location": "ca",
    "region": "USA / NTSC"
  },
  {
    "id": "8y853pwy",
    "player": "SeraVenza",
    "player_location": "us",
    "region": "USA / NTSC"
  },
  {
    "id": "yo4k050m",
    "player": "drunkendraconian",
    "player_location": "ca",
    "region": "USA / NTSC"
  },
  {
    "id": "y235pr7m",
    "player": "kekumanshoyu",
    "player_location": "us",
    "region": "USA / NTSC"
  },
  {
    "id": "yl97e3ry",
    "player": "Roamus",
    "player_location": "ca/qc",
    "region": "USA / NTSC"
  },
  {
    "id": "zn4pr58m",
    "player": "EODTex",
    "player_location": "us",
    "region": "USA / NTSC"
  },
  {
    "id": "zxvx0nky",
    "player": "Death_Devil",
    "player_location": "ru",
    "region": "JPN / NTSC"
  },
  {
    "id": "yd3gl7qz",
    "player": "Edu207",
    "player_location": "br",
    "region": "USA / NTSC"
  },
  {
    "id": "mr8d92dy",
    "player": "BlueLynel",
    "player_location": "us",
    "region": "USA / NTSC"
  },
  {
    "id": "m7prj40m",
    "player": "baldnate",
    "player_location": null,
    "region": "JPN / NTSC"
  },
  {
    "id": "zgkkkvdy",
    "player": "DolphinDasher",
    "player_location": "us",
    "region": "USA / NTSC"
  },
  {
    "id": "yokrw25z",
    "player": "NeetSuhiro",
    "player_location": "jp",
    "region": "JPN / NTSC"
  },
  {
    "id": "y8rjv8dm",
    "player": "ManTuoLuo",
    "player_location": "cn",
    "region": "USA / NTSC"
  },
  {
    "id": "y6x9pn6y",
    "player": "EulerTheGreat",
    "player_location": "us",
    "region": "USA / NTSC"
  },
  {
    "id": "y2p3gr6z",
    "player": "Johndretrogamer",
    "player_location": "ph",
    "region": "JPN / NTSC"
  },
  {
    "id": "zx7eo0qy",
    "player": "pistachiodaddio",
    "player_location": "ca",
    "region": "USA / NTSC"
  },
  {
    "id": "zqer6w8z",
    "player": "mrcab55",
    "player_location": "us",
    "region": "USA / NTSC"
  }
]