[
  {
    "id": "oy2p9k6z",
    "player": "Sabatour100",
    "player_location": "us",
    "region": "USA / NTSC"
  },
  {
    "id": "kz58evjz",
    "player": "Dinghy",
    "player_location": "us",
    "region": "USA / NTSC"
  },
  {
    "id": "zxvgqdqy",
    "player": "HyperJaja",
    "player_location": "fr",
    "region": "USA / NTSC"
  },
  {
    "id": "yw1knwnz",
    "player": "ShinKensou",
    "player_location": "us",
    "region": "USA / NTSC"
  },
  {
    "id": "mk58p6xm",
    "player": "hinge",
    "player_location": "jp",
    "region": "JPN / NTSC"
  },
  {
    "id": "yo642e5y",
    "player": "DECosmic",
    "player_location": "us",
    "region": null
  },
  {
    "id": "zqv3118m",
    "player": "TalesOfJade",
    "player_location": "us",
    "region": "USA / NTSC"
  },
  {
    "id": "yde9q1xm",
    "player": "Cisco64",
    "player_location": "ca",
    "region": "USA / NTSC"
  },
  {
    "id": "zxlvw2ez",
    "player": "MajinSweet",
    "player_location": "us",
    "region": null
  },
  {
    "id": "yjxxvjdz",
    "player": "TLBG",
    "player_location": "de",
    "region": null
  },
  {
    "id": "mkeqxrxm",
    "player": "Potshottz",
    "player_location": "us",
    "region": "USA / NTSC"
  }
]