[
  {
    "id": "7z0xjdjz",
    "player": "Yvaltris",
    "player_location": "de",
    "region": "EUR / PAL"
  },
  {
    "id": "0zn634ly",
    "player": "Seaside",
    "player_location": "ca",
    "region": "USA / NTSC"
  },
  {
    "id": "yo46n51m",
    "player": "Jarko",
    "player_location": "us",
    "region": "USA / NTSC"
  },
  {
    "id": "z5oq3njy",
    "player": "Sofronas",
    "player_location": "us",
    "region": "USA / NTSC"
  },
  {
    "id": "z5oll05y",
    "player": "Steup",
    "player_location": "us",
    "region": "USA / NTSC"
  },
  {
    "id": "yvgeve6y",
    "player": "LegitMcName",
    "player_location": "us",
    "region": "USA / NTSC"
  },
  {
    "id": "m3dp6pgz",
    "player": "Keltonium",
    "player_location": "us",
    "region": "USA / NTSC"
  },
  {
    "id": "mk2d60vm",
    "player": "Mellow_Online1",
    "player_location": "gb",
    "region": "EUR / PAL"
  },
  {
    "id": "znrg1l7y",
    "player": "gliv",
    "player_location": "gb/eng",
    "region": "EUR / PAL"
  },
  {
    "id": "y99200ny",
    "player": "Nymah",
    "player_location": "us",
    "region": "USA / NTSC"
  }
]