[
  {
    "id": "jy9742em",
    "player": "Jumpyluff",
    "player_location": "us",
    "region": "USA / NTSC"
  },
  {
    "id": "zxv6ng5y",
    "player": "Fehnn",
    "player_location": "lv",
    "region": null
  },
  {
    "id": "m7p6g25m",
    "player": "weezlwoo",
    "player_location": "us",
    "region": "USA / NTSC"
  },
  {
    "id": "ydrqn0xz",
    "player": "Ratchet_Runner",
    "player_location": "tm",
    "region": "EUR / PAL"
  },
  {
    "id": "m7q3dx5z",
    "player": "Rane",
    "player_location": "fi",
    "region": "EUR / PAL"
  },
  {
    "id": "y81keg5z",
    "player": "elkon",
    "player_location": "es",
    "region": "EUR / PAL"
  },
  {
    "id": "zq96lx9y",
    "player": "jasper3108",
    "player_location": "de",
    "region": "EUR / PAL"
  },
  {
    "id": "mk2odnvm",
    "player": "Garirry",
    "player_location": "ca",
    "region": "USA / NTSC"
  },
  {
    "id": "zprq3jnm",
    "player": "dassb",
    "player_location": "pt",
    "region": "EUR / PAL"
  },
  {
    "id": "mk344kxz",
    "player": "yamanaru",
    "player_location": "jp",
    "region": "USA / NTSC"
  },
  {
    "id": "mejp6v0y",
    "player": "ItzScaRee",
    "player_location": "it",
    "region": "EUR / PAL"
  },
  {
    "id": "me403x9y",
    "player": "Emeralve",
    "player_location": "au",
    "region": "EUR / PAL"
  },
  {
    "id": "y93jqlny",
    "player": "fs10inator",
    "player_location": "pk",
    "region": "EUR / PAL"
  },
  {
    "id": "y6ne8x1z",
    "player": "AleMusa",
    "player_location": "it",
    "region": "USA / NTSC"
  },
  {
    "id": "y4qx9jkm",
    "player": "Sin",
    "player_location": "us",
    "region": "EUR / PAL"
  },
  {
    "id": "zp2j6ony",
    "player": "Snickahs",
    "player_location": null,
    "region": null
  },
  {
    "id": "y60qqv6y",
    "player": "scoom_scoom",
    "player_location": "nz",
    "region": "EUR / PAL"
  },
  {
    "id": "znjkke3m",
    "player": "oilfoil",
    "player_location": "au",
    "region": "USA / NTSC"
  }
]