[
  {
    "id": "emk9r9lz",
    "player": "MBisonFut\u00e9",
    "player_location": "fr",
    "region": null
  },
  {
    "id": "zq33lp5y",
    "player": "halqery",
    "player_location": "us",
    "region": null
  },
  {
    "id": "mr9j0x7m",
    "player": "ChanseyNES",
    "player_location": "dk",
    "region": null
  },
  {
    "id": "6yjn9nmd",
    "player": "GarfieldTheLightning",
    "player_location": "gb/sct",
    "region": null
  },
  {
    "id": "8y8egd5y",
    "player": "werster",
    "player_location": "au",
    "region": null
  },
  {
    "id": "9yo1qjmx",
    "player": "DhrGR",
    "player_location": "nl",
    "region": null
  },
  {
    "id": "0y6764qm",
    "player": "Darkalber",
    "player_location": "mx",
    "region": null
  },
  {
    "id": "z032qljz",
    "player": "Likeanoob100",
    "player_location": "us",
    "region": "JPN / NTSC"
  },
  {
    "id": "pm3og54m",
    "player": "Francis",
    "player_location": "sg",
    "region": null
  },
  {
    "id": "dy41922y",
    "player": "crafted",
    "player_location": "gb/eng",
    "region": null
  },
  {
    "id": "1zxgw98y",
    "player": "SirPudge",
    "player_location": "us",
    "region": null
  },
  {
    "id": "y4xqe5kz",
    "player": "Kobral",
    "player_location": "de",
    "region": "USA / NTSC"
  },
  {
    "id": "9me3kq0z",
    "player": "micsoul",
    "player_location": "us",
    "region": null
  },
  {
    "id": "9mrvn98z",
    "player": "SROVRSTRM",
    "player_location": "us",
    "region": null
  },
  {
    "id": "zxvg295y",
    "player": "Ryddyx",
    "player_location": "de",
    "region": null
  },
  {
    "id": "z539pwgy",
    "player": "Crrool",
    "player_location": "nl",
    "region": "EUR / PAL"
  },
  {
    "id": "z03rl0jz",
    "player": "Wh0misDS",
    "player_location": "us",
    "region": null
  },
  {
    "id": "y237l89m",
    "player": "Jumpyluff",
    "player_location": "us",
    "region": null
  },
  {
    "id": "meo2n02z",
    "player": "Mystaldi",
    "player_location": "us",
    "region": null
  },
  {
    "id": "zp0p2ngm",
    "player": "Mitsunee",
    "player_location": "de",
    "region": null
  },
  {
    "id": "m79nr9wy",
    "player": "Jayrachi",
    "player_location": "no",
    "region": null
  },
  {
    "id": "y9215vrz",
    "player": "MozzarellaCheez",
    "player_location": "us",
    "region": null
  },
  {
    "id": "yl9l4jny",
    "player": "DigBickJace",
    "player_location": "us",
    "region": null
  },
  {
    "id": "y97p272m",
    "player": "TheLaggingGamer",
    "player_location": "us",
    "region": null
  },
  {
    "id": "mk97lv3z",
    "player": "Back",
    "player_location": "us",
    "region": null
  },
  {
    "id": "z5129jdm",
    "player": "hikari_moon",
    "player_location": "gb/eng",
    "region": null
  },
  {
    "id": "zp086jnm",
    "player": "Rhexyn",
    "player_location": "us",
    "region": null
  },
  {
    "id": "zp08xnnm",
    "player": "Pallyfun",
    "player_location": "au",
    "region": null
  },
  {
    "id": "y6p9eg6m",
    "player": "MAUZEN",
    "player_location": "us",
    "region": null
  },
  {
    "id": "yw4k2vpz",
    "player": "Kiichii",
    "player_location": "us",
    "region": null
  },
  {
    "id": "z51e08em",
    "player": "Joe_",
    "player_location": "us",
    "region": null
  },
  {
    "id": "zn4ew3lm",
    "player": "Fretzi",
    "player_location": null,
    "region": null
  },
  {
    "id": "m3o405dm",
    "player": "seamistohio",
    "player_location": "us",
    "region": "USA / NTSC"
  },
  {
    "id": "yd1ddpxy",
    "player": "CurtisDN_",
    "player_location": "us",
    "region": "USA / NTSC"
  },
  {
    "id": "y667e4py",
    "player": "gian_97",
    "player_location": "it",
    "region": "USA / NTSC"
  },
  {
    "id": "z1172ojz",
    "player": "attokiba",
    "player_location": "jp",
    "region": null
  },
  {
    "id": "y92q36vz",
    "player": "LarviStar",
    "player_location": "us",
    "region": "USA / NTSC"
  },
  {
    "id": "ywp598pz",
    "player": "Kafeis",
    "player_location": "us",
    "region": null
  },
  {
    "id": "yo287odz",
    "player": "rsarvar1a",
    "player_location": "ca",
    "region": null
  },
  {
    "id": "z11e597z",
    "player": "kingjeffwx",
    "player_location": "us",
    "region": null
  },
  {
    "id": "y89lpxwm",
    "player": "\u3068\u308d\u2642",
    "player_location": null,
    "region": "JPN / NTSC"
  },
  {
    "id": "zn46xq9m",
    "player": "neko L",
    "player_location": null,
    "region": "JPN / NTSC"
  },
  {
    "id": "z032qnjz",
    "player": "cat L",
    "player_location": null,
    "region": "JPN / NTSC"
  },
  {
    "id": "mk9x103z",
    "player": "\u30ce\u30d1\u30f3",
    "player_location": null,
    "region": "JPN / NTSC"
  },
  {
    "id": "z5jnog5m",
    "player": "drasamii",
    "player_location": "ca",
    "region": "USA / NTSC"
  },
  {
    "id": "y6l7lgqy",
    "player": "ASCENSION",
    "player_location": null,
    "region": "JPN / NTSC"
  },
  {
    "id": "z06gr1oz",
    "player": "Shiguma",
    "player_location": "jp",
    "region": "JPN / NTSC"
  },
  {
    "id": "m31d35qz",
    "player": "awkwardmanatee",
    "player_location": "gb/nir",
    "region": null
  },
  {
    "id": "zxkp0qgm",
    "player": "ShrimpiiBoii",
    "player_location": "au",
    "region": null
  },
  {
    "id": "mre9nrgy",
    "player": "hgfin",
    "player_location": "us",
    "region": "USA / NTSC"
  },
  {
    "id": "ylkd1n2z",
    "player": "AeroPhii",
    "player_location": "us",
    "region": "USA / NTSC"
  },
  {
    "id": "z5jj7pjm",
    "player": "Enzo_ht",
    "player_location": null,
    "region": "USA / NTSC"
  },
  {
    "id": "yoj9og5m",
    "player": "MysticUmbreon",
    "player_location": "us",
    "region": "USA / NTSC"
  },
  {
    "id": "ywddo69z",
    "player": "Yimmo",
    "player_location": "es",
    "region": "EUR / PAL"
  },
  {
    "id": "yw4wln3z",
    "player": "itsActuallyBrady",
    "player_location": "us",
    "region": "USA / NTSC"
  },
  {
    "id": "yl01el2y",
    "player": "Fridgemuffin09",
    "player_location": "us",
    "region": "USA / NTSC"
  },
  {
    "id": "z57491gm",
    "player": "Liversticks",
    "player_location": "ca",
    "region": null
  },
  {
    "id": "ywdoognz",
    "player": "absolute_goonit",
    "player_location": "us",
    "region": "USA / NTSC"
  },
  {
    "id": "mk20jrxm",
    "player": "minsaea",
    "player_location": "us",
    "region": "USA / NTSC"
  },
  {
    "id": "zp4xvenz",
    "player": "MichelleDB",
    "player_location": null,
    "region": null
  },
  {
    "id": "y21n46jz",
    "player": "WuSeagal",
    "player_location": "tw",
    "region": "USA / NTSC"
  },
  {
    "id": "y21rk2wz",
    "player": "bobakanoosh55555",
    "player_location": "us",
    "region": "USA / NTSC"
  },
  {
    "id": "mex5ovqz",
    "player": "Uranos",
    "player_location": "jp",
    "region": "JPN / NTSC"
  },
  {
    "id": "yd6ok9wz",
    "player": "DJblak",
    "player_location": "us",
    "region": "USA / NTSC"
  },
  {
    "id": "yv2419em",
    "player": "Gatr",
    "player_location": "us",
    "region": "USA / NTSC"
  },
  {
    "id": "zp4j0dgz",
    "player": "orioniszeta",
    "player_location": "us",
    "region": "USA / NTSC"
  },
  {
    "id": "z151o0jy",
    "player": "Bemmie",
    "player_location": "us",
    "region": "USA / NTSC"
  },
  {
    "id": "zqrxgw8y",
    "player": "BadGambles",
    "player_location": "ca",
    "region": "USA / NTSC"
  },
  {
    "id": "yj6jlroz",
    "player": "BlueKnight12",
    "player_location": "us",
    "region": "USA / NTSC"
  },
  {
    "id": "ywqen13y",
    "player": "Matchu_Madori",
    "player_location": "us",
    "region": "USA / NTSC"
  },
  {
    "id": "y8dq4lnz",
    "player": "ShadowPhoenixDX",
    "player_location": "ca",
    "region": "USA / NTSC"
  },
  {
    "id": "yd5j7ovm",
    "player": "dtraitor1",
    "player_location": "ca",
    "region": null
  },
  {
    "id": "mk3w2rxz",
    "player": "Emerldd",
    "player_location": "us",
    "region": "USA / NTSC"
  },
  {
    "id": "yw8wj5py",
    "player": "hidesugar",
    "player_location": null,
    "region": "JPN / NTSC"
  },
  {
    "id": "znk6knvz",
    "player": "GoodAtBeingSimple",
    "player_location": "us",
    "region": "USA / NTSC"
  },
  {
    "id": "z5jlkkdm",
    "player": "\u305a\u305a\u305a\u305a\u305a",
    "player_location": null,
    "region": "JPN / NTSC"
  },
  {
    "id": "znkg8q8z",
    "player": "cinderdog",
    "player_location": "al",
    "region": "USA / NTSC"
  },
  {
    "id": "mk50qe1m",
    "player": "leonmachar",
    "player_location": "lt",
    "region": "EUR / PAL"
  },
  {
    "id": "z5jwv0jm",
    "player": "Lystafer",
    "player_location": "ch",
    "region": "USA / NTSC"
  },
  {
    "id": "yv298jxm",
    "player": "ShadyGamerX",
    "player_location": "fi",
    "region": "USA / NTSC"
  },
  {
    "id": "m7gvke9m",
    "player": "Darkgato142",
    "player_location": "mx",
    "region": "USA / NTSC"
  },
  {
    "id": "y4wd9dqm",
    "player": "Rafarquero",
    "player_location": "es",
    "region": "EUR / PAL"
  },
  {
    "id": "zn1nr78m",
    "player": "Zebews",
    "player_location": "cl",
    "region": null
  },
  {
    "id": "z53jdeny",
    "player": "SoftBeanMayura",
    "player_location": "ca",
    "region": "USA / NTSC"
  },
  {
    "id": "y91729km",
    "player": "\u6020\u3051\u8005",
    "player_location": null,
    "region": "JPN / NTSC"
  },
  {
    "id": "me415q0y",
    "player": "Sorachinn",
    "player_location": "jp",
    "region": "JPN / NTSC"
  },
  {
    "id": "me6x4x8z",
    "player": "thots",
    "player_location": "gb/eng",
    "region": null
  },
  {
    "id": "zgvvl0ez",
    "player": "Coddeyen",
    "player_location": "us",
    "region": "USA / NTSC"
  },
  {
    "id": "yjx1p37z",
    "player": "sjonkinator",
    "player_location": "nl",
    "region": "USA / NTSC"
  },
  {
    "id": "y4e65ldm",
    "player": "AmoebaUK",
    "player_location": "gb/eng",
    "region": "EUR / PAL"
  },
  {
    "id": "yo3xj91y",
    "player": "sway09",
    "player_location": "ca",
    "region": "USA / NTSC"
  },
  {
    "id": "y2jq609z",
    "player": "PurpleSaki",
    "player_location": "jp",
    "region": "JPN / NTSC"
  },
  {
    "id": "zn0r5e9y",
    "player": "secureaccount",
    "player_location": "us",
    "region": "USA / NTSC"
  },
  {
    "id": "yd98kqwz",
    "player": "Mufflebuns",
    "player_location": "us",
    "region": "USA / NTSC"
  },
  {
    "id": "z06wj7jz",
    "player": "piplup17",
    "player_location": "us",
    "region": "USA / NTSC"
  },
  {
    "id": "yv2rj8xm",
    "player": "Rmuda",
    "player_location": "gb",
    "region": "USA / NTSC"
  },
  {
    "id": "z1xn75rm",
    "player": "MendocoDoReboco",
    "player_location": "br",
    "region": null
  },
  {
    "id": "zqe4doxz",
    "player": "pii3366",
    "player_location": "jp",
    "region": "JPN / NTSC"
  },
  {
    "id": "zx7ej25y",
    "player": "ponzu24",
    "player_location": "jp",
    "region": "JPN / NTSC"
  },
  {
    "id": "y2x4vvjm",
    "player": "cheesepuff57",
    "player_location": "us",
    "region": "USA / NTSC"
  },
  {
    "id": "mk55l91m",
    "player": "Synyastrasza",
    "player_location": "de",
    "region": "USA / NTSC"
  },
  {
    "id": "zqe6605z",
    "player": "schwarze3010",
    "player_location": "jp",
    "region": "JPN / NTSC"
  },
  {
    "id": "m77nkk4m",
    "player": "hea1e",
    "player_location": "fi",
    "region": "EUR / PAL"
  },
  {
    "id": "z5dqj0dm",
    "player": "Antoimelys",
    "player_location": "fr",
    "region": null
  },
  {
    "id": "y20v639m",
    "player": "Eponumos",
    "player_location": "nl",
    "region": null
  },
  {
    "id": "z0pxpkjy",
    "player": "SBDWolf",
    "player_location": "it",
    "region": "EUR / PAL"
  },
  {
    "id": "yv04r68z",
    "player": "SpindlyJohnny",
    "player_location": "us",
    "region": "USA / NTSC"
  },
  {
    "id": "yv8395om",
    "player": "hakuhagu2",
    "player_location": "jp",
    "region": "JPN / NTSC"
  },
  {
    "id": "y9xdlw2y",
    "player": "Ixyll",
    "player_location": "us",
    "region": null
  },
  {
    "id": "mkv29wxy",
    "player": "ruvis",
    "player_location": "jp",
    "region": "JPN / NTSC"
  },
  {
    "id": "mrrll72m",
    "player": "MidnightTTG",
    "player_location": null,
    "region": null
  },
  {
    "id": "zx8jdj8m",
    "player": "The4thGenGamer",
    "player_location": "us",
    "region": "EUR / PAL"
  }
]