[
  {
    "id": "ywpd9v9z",
    "player": "chibizer0",
    "player_location": "au",
    "region": null
  },
  {
    "id": "kz56v7dy",
    "player": "BOWIEtheHERO",
    "player_location": "gb",
    "region": "EUR / PAL"
  },
  {
    "id": "y45oxoqm",
    "player": "Deathtome",
    "player_location": "aq",
    "region": "USA / NTSC"
  },
  {
    "id": "m3oj49qm",
    "player": "eLmaGus",
    "player_location": "de",
    "region": "USA / NTSC"
  },
  {
    "id": "z03684oz",
    "player": "Alowne",
    "player_location": "br",
    "region": null
  },
  {
    "id": "zqr6g51y",
    "player": "Zheal",
    "player_location": "vh",
    "region": "USA / NTSC"
  },
  {
    "id": "ywk5we9y",
    "player": "Xan",
    "player_location": "br",
    "region": "USA / NTSC"
  }
]