[
  {
    "id": "8m795dey",
    "player": "puri_puri",
    "player_location": "us",
    "region": null
  },
  {
    "id": "y21jgv9z",
    "player": "SpeedRuiner",
    "player_location": "ru",
    "region": "USA / NTSC"
  },
  {
    "id": "mk3xr9vz",
    "player": "BillBull",
    "player_location": null,
    "region": "USA / NTSC"
  },
  {
    "id": "yv9dx3oz",
    "player": "OneShortEye",
    "player_location": "us",
    "region": null
  },
  {
    "id": "z0rlo9ez",
    "player": "RetroTKS",
    "player_location": "us",
    "region": "USA / NTSC"
  }
]