[
  {
    "id": "m7d8jx5m",
    "player": "Newt_Salamander",
    "player_location": "pl",
    "region": "EUR / PAL"
  },
  {
    "id": "mkg8gd1y",
    "player": "BigNook",
    "player_location": "gb/eng",
    "region": null
  },
  {
    "id": "m3rnld6m",
    "player": "fajnygosciu1234alt",
    "player_location": "pl",
    "region": null
  },
  {
    "id": "y999xqry",
    "player": "ShesChardcore",
    "player_location": "us",
    "region": "USA / NTSC"
  },
  {
    "id": "z1rv5e9m",
    "player": "ACPlay18",
    "player_location": "de",
    "region": null
  },
  {
    "id": "yo787q7m",
    "player": "Enzoapuga",
    "player_location": "us",
    "region": null
  },
  {
    "id": "y8d7okwz",
    "player": "Dark_Matter9997",
    "player_location": "ie",
    "region": "USA / NTSC"
  },
  {
    "id": "zp2k8qgy",
    "player": "Azimia",
    "player_location": null,
    "region": null
  },
  {
    "id": "y20r625m",
    "player": "Kkntucara",
    "player_location": "es",
    "region": null
  },
  {
    "id": "m7wjdnwz",
    "player": "TRLittleToaster",
    "player_location": "us",
    "region": "USA / NTSC"
  },
  {
    "id": "m3xewldm",
    "player": "fivesowox",
    "player_location": "np",
    "region": null
  },
  {
    "id": "z5x9lgjy",
    "player": "frenchyman",
    "player_location": "np",
    "region": null
  }
]