[
  {
    "id": "kz5wrq5z",
    "player": "Death_Devil",
    "player_location": "ru",
    "region": "USA / NTSC"
  },
  {
    "id": "8m7ekj5z",
    "player": "BOP95",
    "player_location": "ru",
    "region": "USA / NTSC"
  },
  {
    "id": "7z00rg9z",
    "player": "JandriMC",
    "player_location": "es",
    "region": "USA / NTSC"
  },
  {
    "id": "dy4nrd3m",
    "player": "RantronBomb",
    "player_location": null,
    "region": "USA / NTSC"
  },
  {
    "id": "z5r70dgy",
    "player": "NESCardinality",
    "player_location": "ca",
    "region": "USA / NTSC"
  },
  {
    "id": "yj38eknz",
    "player": "JoshKeys",
    "player_location": null,
    "region": "JPN / NTSC"
  },
  {
    "id": "pydp83wy",
    "player": "ANGEL_UNDEAD",
    "player_location": "ru",
    "region": "EUR / PAL"
  },
  {
    "id": "8m7rkvwy",
    "player": "Spiderweb__",
    "player_location": "us",
    "region": "USA / NTSC"
  },
  {
    "id": "ydqq06wm",
    "player": "AquaBlake",
    "player_location": "ca",
    "region": "USA / NTSC"
  },
  {
    "id": "m3do93gz",
    "player": "Jean20B",
    "player_location": "fr",
    "region": "USA / NTSC"
  },
  {
    "id": "y6l58nqy",
    "player": "Glitchman24",
    "player_location": null,
    "region": "USA / NTSC"
  },
  {
    "id": "z0el8kom",
    "player": "starcrytas",
    "player_location": "us",
    "region": "USA / NTSC"
  },
  {
    "id": "zq3vw71y",
    "player": "sYn",
    "player_location": "us",
    "region": "USA / NTSC"
  },
  {
    "id": "me83n00m",
    "player": "Shellpal",
    "player_location": null,
    "region": "JPN / NTSC"
  },
  {
    "id": "m7poqv4m",
    "player": "Francesco",
    "player_location": "us",
    "region": "USA / NTSC"
  },
  {
    "id": "yj4r4dgy",
    "player": "AverageCat",
    "player_location": "us",
    "region": null
  },
  {
    "id": "y6llek6y",
    "player": "CineTurbo",
    "player_location": "us",
    "region": "USA / NTSC"
  },
  {
    "id": "mk23ok5m",
    "player": "RiceHaplin",
    "player_location": "us",
    "region": "USA / NTSC"
  },
  {
    "id": "z01o9jjy",
    "player": "smartalec24",
    "player_location": "us",
    "region": "USA / NTSC"
  },
  {
    "id": "y81jx5nz",
    "player": "NihilistComedyHour",
    "player_location": "eo",
    "region": "USA / NTSC"
  },
  {
    "id": "yl05pvny",
    "player": "AlmightyBobino",
    "player_location": "us",
    "region": "USA / NTSC"
  },
  {
    "id": "znkwj4vz",
    "player": "antymaruder",
    "player_location": "pl",
    "region": "JPN / NTSC"
  },
  {
    "id": "y25k1n6y",
    "player": "Mars02",
    "player_location": "us",
    "region": "USA / NTSC"
  },
  {
    "id": "yjl93gnz",
    "player": "Lew",
    "player_location": "gb",
    "region": "EUR / PAL"
  },
  {
    "id": "yw8x08ny",
    "player": "Scorp1",
    "player_location": "us",
    "region": "USA / NTSC"
  },
  {
    "id": "y8vojwnz",
    "player": "TleeBoy9000",
    "player_location": null,
    "region": null
  },
  {
    "id": "mk84xelm",
    "player": "KillerQueen",
    "player_location": "tr",
    "region": null
  },
  {
    "id": "y2vdx67z",
    "player": "Nolekins",
    "player_location": "us",
    "region": "USA / NTSC"
  },
  {
    "id": "z06jlv8z",
    "player": "Ot\u00e1vioaugustoYT",
    "player_location": null,
    "region": null
  },
  {
    "id": "y4r5k22z",
    "player": "Slackanater",
    "player_location": "us",
    "region": "USA / NTSC"
  },
  {
    "id": "ywq6np9y",
    "player": "lackattack",
    "player_location": "us",
    "region": "USA / NTSC"
  },
  {
    "id": "m7d3roem",
    "player": "ShesChardcore",
    "player_location": "us",
    "region": "USA / NTSC"
  },
  {
    "id": "z07537ey",
    "player": "JoePulito",
    "player_location": "us",
    "region": "USA / NTSC"
  },
  {
    "id": "yor89j5y",
    "player": "noisepolice",
    "player_location": "us",
    "region": "JPN / NTSC"
  },
  {
    "id": "ylewdx2z",
    "player": "RobbyThomas2525",
    "player_location": "ca",
    "region": "JPN / NTSC"
  },
  {
    "id": "yw38r02m",
    "player": "ogayuta",
    "player_location": "tw",
    "region": null
  },
  {
    "id": "yl7e3x2m",
    "player": "CaptCaveman910",
    "player_location": "us",
    "region": "JPN / NTSC"
  },
  {
    "id": "znq80w7z",
    "player": "HosteL",
    "player_location": "ru",
    "region": "USA / NTSC"
  },
  {
    "id": "m7xp6l0y",
    "player": "Ultra64",
    "player_location": "us",
    "region": "USA / NTSC"
  },
  {
    "id": "y6x99opy",
    "player": "kaktus313",
    "player_location": null,
    "region": "JPN / NTSC"
  },
  {
    "id": "mrrrj57m",
    "player": "electricyellow",
    "player_location": "us",
    "region": "USA / NTSC"
  }
]