[
  {
    "id": "7z05n64m",
    "player": "PinkPajamas",
    "player_location": "us",
    "region": "JPN / NTSC"
  },
  {
    "id": "nz15qrgy",
    "player": "CrystalSaver",
    "player_location": null,
    "region": null
  },
  {
    "id": "jy9dogrm",
    "player": "sirtaptap",
    "player_location": "us",
    "region": "JPN / NTSC"
  },
  {
    "id": "yvqrnoem",
    "player": "TheLonePiggy",
    "player_location": "us",
    "region": "USA / NTSC"
  },
  {
    "id": "yjl0gk7z",
    "player": "DexTepa",
    "player_location": "fi",
    "region": null
  },
  {
    "id": "z50el3ey",
    "player": "Darkness_0",
    "player_location": "ca",
    "region": "USA / NTSC"
  }
]