[
  {
    "id": "pm3xk0gm",
    "player": "swed7",
    "player_location": null,
    "region": "USA / NTSC"
  },
  {
    "id": "zgnje0vy",
    "player": "Zinfogel",
    "player_location": "ec",
    "region": "USA / NTSC"
  },
  {
    "id": "8yv6jvez",
    "player": "Jenja23",
    "player_location": "de",
    "region": "USA / NTSC"
  },
  {
    "id": "0znk4elz",
    "player": "HappySquid89",
    "player_location": "de",
    "region": "USA / NTSC"
  },
  {
    "id": "7ylk4d3z",
    "player": "Deln",
    "player_location": "ca/qc",
    "region": "USA / NTSC"
  },
  {
    "id": "9yok20jz",
    "player": "puwexil",
    "player_location": null,
    "region": "USA / NTSC"
  },
  {
    "id": "wzpr06rm",
    "player": "Incalex",
    "player_location": "fr",
    "region": "USA / NTSC"
  },
  {
    "id": "7ylr58xy",
    "player": "the_roth",
    "player_location": "au",
    "region": "USA / NTSC"
  },
  {
    "id": "7z0ldw4z",
    "player": "Cronokirby",
    "player_location": null,
    "region": "USA / NTSC"
  },
  {
    "id": "7z0nkdom",
    "player": "Cereth",
    "player_location": "gb",
    "region": "JPN / NTSC"
  },
  {
    "id": "pzged1vy",
    "player": "EiriasValar",
    "player_location": "ca",
    "region": "USA / NTSC"
  },
  {
    "id": "y9nq772z",
    "player": "Yogidamonk",
    "player_location": "us",
    "region": "USA / NTSC"
  },
  {
    "id": "zx8lg6qm",
    "player": "Mrzwanzig",
    "player_location": "nl",
    "region": "USA / NTSC"
  },
  {
    "id": "y97lk4nm",
    "player": "kakkkun",
    "player_location": "jp",
    "region": "JPN / NTSC"
  },
  {
    "id": "yw1k1l3z",
    "player": "Dubldrop",
    "player_location": "ca/qc",
    "region": "USA / NTSC"
  },
  {
    "id": "z51d13jm",
    "player": "Boxmeister",
    "player_location": "nl",
    "region": "USA / NTSC"
  },
  {
    "id": "y8qj9xny",
    "player": "phoenix158",
    "player_location": "us",
    "region": "USA / NTSC"
  },
  {
    "id": "yd3q0gvz",
    "player": "Komaru",
    "player_location": "us",
    "region": "USA / NTSC"
  },
  {
    "id": "y6pgd4pm",
    "player": "ConnorCordell",
    "player_location": "us",
    "region": "USA / NTSC"
  },
  {
    "id": "z03wneoz",
    "player": "ASURA",
    "player_location": "jp",
    "region": "JPN / NTSC"
  },
  {
    "id": "zq3gro5y",
    "player": "Eviona",
    "player_location": "us",
    "region": "USA / NTSC"
  },
  {
    "id": "zq37x49y",
    "player": "KaguyaNicky",
    "player_location": "de",
    "region": "USA / NTSC"
  },
  {
    "id": "yvj8kjey",
    "player": "Laxxus",
    "player_location": "de",
    "region": "USA / NTSC"
  },
  {
    "id": "zq3d8gxy",
    "player": "Ninnyz",
    "player_location": "us",
    "region": "USA / NTSC"
  },
  {
    "id": "y95191kz",
    "player": "NickDoane",
    "player_location": "us",
    "region": null
  },
  {
    "id": "me9wdg0z",
    "player": "bombom",
    "player_location": "us",
    "region": "USA / NTSC"
  },
  {
    "id": "yojgwv7m",
    "player": "Misuto",
    "player_location": "fr",
    "region": "JPN / NTSC"
  },
  {
    "id": "y82782xy",
    "player": "TwirlinCurtis",
    "player_location": "us",
    "region": "USA / NTSC"
  },
  {
    "id": "yw899l9y",
    "player": "Soma_sr",
    "player_location": "fr",
    "region": null
  },
  {
    "id": "mkgeolly",
    "player": "patorikku13",
    "player_location": "us",
    "region": "USA / NTSC"
  },
  {
    "id": "y9174xrm",
    "player": "DarkLightBoco",
    "player_location": "ca/qc",
    "region": "USA / NTSC"
  },
  {
    "id": "yo3ono5y",
    "player": "Preucheu",
    "player_location": "fr",
    "region": null
  },
  {
    "id": "zq48ewxm",
    "player": "ul",
    "player_location": "jp",
    "region": "USA / NTSC"
  },
  {
    "id": "mkdx623y",
    "player": "Aexoden",
    "player_location": "us",
    "region": "USA / NTSC"
  },
  {
    "id": "m786dkwz",
    "player": "KeviniHop",
    "player_location": "us",
    "region": "USA / NTSC"
  },
  {
    "id": "zgxo4edm",
    "player": "aleksaster",
    "player_location": "ca",
    "region": "USA / NTSC"
  },
  {
    "id": "y9np3gvz",
    "player": "Tojju",
    "player_location": "ca",
    "region": "USA / NTSC"
  },
  {
    "id": "zn048o8y",
    "player": "tinahacks",
    "player_location": "fi",
    "region": "USA / NTSC"
  },
  {
    "id": "zqvw095m",
    "player": "eLmaGus",
    "player_location": "de",
    "region": null
  },
  {
    "id": "y27l8v9z",
    "player": "Onemus",
    "player_location": "us",
    "region": "USA / NTSC"
  },
  {
    "id": "y4xjo4qz",
    "player": "bdudegames",
    "player_location": "ca",
    "region": "USA / NTSC"
  },
  {
    "id": "y8xo80xm",
    "player": "Shigeru_no_GAMEch",
    "player_location": "jp",
    "region": "JPN / NTSC"
  },
  {
    "id": "mro8xl8m",
    "player": "WoadyB",
    "player_location": "us",
    "region": "USA / NTSC"
  },
  {
    "id": "m729kpwz",
    "player": "PhoeKun",
    "player_location": "us",
    "region": "USA / NTSC"
  },
  {
    "id": "zxnd3r5m",
    "player": "AmiAmi_3",
    "player_location": "jp",
    "region": "JPN / NTSC"
  }
]