[
  {
    "id": "z579dgnm",
    "player": "zfg",
    "player_location": "us",
    "region": "JPN / NTSC"
  },
  {
    "id": "0y6pqx1m",
    "player": "Remidemmi",
    "player_location": "de",
    "region": "JPN / NTSC"
  },
  {
    "id": "y430073z",
    "player": "xxShawn",
    "player_location": "us",
    "region": "JPN / NTSC"
  },
  {
    "id": "oy2qkj9y",
    "player": "Garnitrex",
    "player_location": "us",
    "region": "JPN / NTSC"
  },
  {
    "id": "yw129gnz",
    "player": "LexiWatercolor",
    "player_location": "us",
    "region": "JPN / NTSC"
  },
  {
    "id": "mk84j5xm",
    "player": "Dire_vVolf",
    "player_location": "us",
    "region": "JPN / NTSC"
  },
  {
    "id": "1zxkv3gm",
    "player": "TheBattleRifle",
    "player_location": "gb",
    "region": "EUR / PAL"
  },
  {
    "id": "9mexo90z",
    "player": "gabyelnuevo",
    "player_location": "do",
    "region": "JPN / NTSC"
  },
  {
    "id": "6yj3303z",
    "player": "Ilher",
    "player_location": "br",
    "region": "JPN / NTSC"
  },
  {
    "id": "6yjpel3y",
    "player": "Makai",
    "player_location": "se",
    "region": "JPN / NTSC"
  },
  {
    "id": "7z09vkez",
    "player": "G-Point",
    "player_location": "de",
    "region": "JPN / NTSC"
  },
  {
    "id": "0y66wqpy",
    "player": "Jaddo",
    "player_location": "gb",
    "region": "JPN / NTSC"
  },
  {
    "id": "wzp1l3vz",
    "player": "alaris",
    "player_location": "us",
    "region": "JPN / NTSC"
  },
  {
    "id": "1zqv2r8m",
    "player": "Draconif",
    "player_location": "us",
    "region": "JPN / NTSC"
  },
  {
    "id": "9mew878m",
    "player": "Piti",
    "player_location": "us",
    "region": "JPN / NTSC"
  },
  {
    "id": "1zx7rd8y",
    "player": "geragg34",
    "player_location": "us",
    "region": "JPN / NTSC"
  },
  {
    "id": "1zq96e5y",
    "player": "yzknilb",
    "player_location": "de",
    "region": "JPN / NTSC"
  },
  {
    "id": "8m7lj4wy",
    "player": "Jimmie1717",
    "player_location": null,
    "region": "JPN / NTSC"
  },
  {
    "id": "z122qjjy",
    "player": "scurty",
    "player_location": "us",
    "region": "JPN / NTSC"
  },
  {
    "id": "9yow1l5z",
    "player": "BanjoDave",
    "player_location": "gb/sct",
    "region": "JPN / NTSC"
  },
  {
    "id": "me8r5v3m",
    "player": "MikamiHero",
    "player_location": "au",
    "region": "JPN / NTSC"
  },
  {
    "id": "1zqx5j8y",
    "player": "Javascript",
    "player_location": "gb/eng",
    "region": "JPN / NTSC"
  },
  {
    "id": "m3dx47wz",
    "player": "mrenomega",
    "player_location": "us",
    "region": "JPN / NTSC"
  },
  {
    "id": "z1316ojm",
    "player": "Bonooru",
    "player_location": "fr",
    "region": "JPN / NTSC"
  },
  {
    "id": "m79jvpey",
    "player": "MasterMonk1991",
    "player_location": "us",
    "region": "JPN / NTSC"
  },
  {
    "id": "ydq11evm",
    "player": "RaamEmanuel",
    "player_location": "uy",
    "region": "JPN / NTSC"
  },
  {
    "id": "yjko4d3m",
    "player": "juwk",
    "player_location": null,
    "region": "JPN / NTSC"
  },
  {
    "id": "y45jd62m",
    "player": "TheChronUltimate",
    "player_location": "us",
    "region": "JPN / NTSC"
  },
  {
    "id": "zx48585y",
    "player": "kotone",
    "player_location": "jp",
    "region": "JPN / NTSC"
  },
  {
    "id": "yo7npx1m",
    "player": "jenslang",
    "player_location": "us",
    "region": "JPN / NTSC"
  },
  {
    "id": "zp4n27vz",
    "player": "TripppAU",
    "player_location": "au",
    "region": "JPN / NTSC"
  },
  {
    "id": "m31rlx4z",
    "player": "Habble",
    "player_location": "au",
    "region": "JPN / NTSC"
  },
  {
    "id": "mr8ogr2y",
    "player": "Colty",
    "player_location": null,
    "region": "JPN / NTSC"
  },
  {
    "id": "znrnxely",
    "player": "Aenderan",
    "player_location": "us",
    "region": "JPN / NTSC"
  },
  {
    "id": "m76ldq4y",
    "player": "Yanis",
    "player_location": "fr",
    "region": "JPN / NTSC"
  },
  {
    "id": "yj3grgnz",
    "player": "Quills",
    "player_location": "au",
    "region": "JPN / NTSC"
  },
  {
    "id": "znrjx03y",
    "player": "Frozenqt",
    "player_location": "ca",
    "region": "JPN / NTSC"
  },
  {
    "id": "zqw7nr9z",
    "player": "MutantAura",
    "player_location": "gb",
    "region": "JPN / NTSC"
  },
  {
    "id": "yjlkj3gz",
    "player": "Link11",
    "player_location": "us",
    "region": "JPN / NTSC"
  },
  {
    "id": "y8ew67ny",
    "player": "Zarunet",
    "player_location": "fr",
    "region": "JPN / NTSC"
  },
  {
    "id": "meo34k9z",
    "player": "SlyRyD",
    "player_location": "us",
    "region": "JPN / NTSC"
  },
  {
    "id": "zqwevgrz",
    "player": "XKILLERCINO",
    "player_location": "ca",
    "region": "JPN / NTSC"
  },
  {
    "id": "yd0qn0xz",
    "player": "clairelynnd",
    "player_location": "us",
    "region": "JPN / NTSC"
  },
  {
    "id": "y82pg8dy",
    "player": "Solal_speedrun",
    "player_location": "fr",
    "region": "USA / NTSC"
  },
  {
    "id": "y25o75jy",
    "player": "SiirZax",
    "player_location": "fr",
    "region": "JPN / NTSC"
  },
  {
    "id": "m7dj0jwm",
    "player": "Savestate",
    "player_location": "se",
    "region": "JPN / NTSC"
  },
  {
    "id": "ywd84vnz",
    "player": "NEVERDOORS",
    "player_location": null,
    "region": "JPN / NTSC"
  },
  {
    "id": "mr967e2m",
    "player": "louist103",
    "player_location": "us",
    "region": "JPN / NTSC"
  },
  {
    "id": "yd08p40z",
    "player": "noface099",
    "player_location": "ca/qc",
    "region": "JPN / NTSC"
  },
  {
    "id": "y2dqpp6z",
    "player": "Luttentuusi",
    "player_location": "fi",
    "region": "JPN / NTSC"
  },
  {
    "id": "m3gowkqz",
    "player": "HonkyMcButterball",
    "player_location": "us",
    "region": "JPN / NTSC"
  },
  {
    "id": "yd061njz",
    "player": "ToxicCobra",
    "player_location": "ca/qc",
    "region": "JPN / NTSC"
  },
  {
    "id": "zn3knp9y",
    "player": "ZerKirL",
    "player_location": "es",
    "region": "JPN / NTSC"
  },
  {
    "id": "z1gvjrwz",
    "player": "BigSalt",
    "player_location": "us",
    "region": "JPN / NTSC"
  },
  {
    "id": "y6d8rnjm",
    "player": "gamsleep",
    "player_location": "us",
    "region": "JPN / NTSC"
  },
  {
    "id": "y2d25q7z",
    "player": "Amateseru",
    "player_location": "fr",
    "region": "JPN / NTSC"
  },
  {
    "id": "zx693jqz",
    "player": "LiterallyLake",
    "player_location": "us",
    "region": "JPN / NTSC"
  },
  {
    "id": "y9nj50rz",
    "player": "box2718",
    "player_location": "us",
    "region": "JPN / NTSC"
  },
  {
    "id": "mr4deo2z",
    "player": "G3neziz",
    "player_location": "de",
    "region": "JPN / NTSC"
  },
  {
    "id": "zxok8x5z",
    "player": "Blaze1438",
    "player_location": "us",
    "region": "JPN / NTSC"
  },
  {
    "id": "z1r5xrgm",
    "player": "bradyONE",
    "player_location": "us",
    "region": "JPN / NTSC"
  },
  {
    "id": "y6dv4x1m",
    "player": "Felix_Helix_TM",
    "player_location": "us",
    "region": "USA / NTSC"
  },
  {
    "id": "mkgwr63y",
    "player": "Cabbage72",
    "player_location": "us",
    "region": "JPN / NTSC"
  },
  {
    "id": "z1rwle9m",
    "player": "Vodzilla",
    "player_location": "us",
    "region": "JPN / NTSC"
  },
  {
    "id": "zgr01gdm",
    "player": "Malicia",
    "player_location": "ca",
    "region": "JPN / NTSC"
  },
  {
    "id": "y2pw90jz",
    "player": "Spoo",
    "player_location": "us",
    "region": "JPN / NTSC"
  },
  {
    "id": "yd10090y",
    "player": "infxsion",
    "player_location": "es",
    "region": "JPN / NTSC"
  },
  {
    "id": "znqw7n3z",
    "player": "GregoTheGreatest",
    "player_location": "us",
    "region": "JPN / NTSC"
  }
]