[
  {
    "id": "yvr9p68z",
    "player": "GarbitheGlitcheress",
    "player_location": "us",
    "region": null
  },
  {
    "id": "jy955xrz",
    "player": "Gold",
    "player_location": "gb/wls",
    "region": "EUR / PAL"
  },
  {
    "id": "7ylkoonz",
    "player": "larathen",
    "player_location": "us",
    "region": "USA / NTSC"
  },
  {
    "id": "y67xkn1m",
    "player": "EuclideanPlane",
    "player_location": null,
    "region": "USA / NTSC"
  },
  {
    "id": "7yl15qkm",
    "player": "SethBling",
    "player_location": "us",
    "region": "USA / NTSC"
  },
  {
    "id": "1zxwln8m",
    "player": "Klohinx",
    "player_location": "us",
    "region": "USA / NTSC"
  },
  {
    "id": "dy4d6rqy",
    "player": "Akirry",
    "player_location": "gb/wls",
    "region": "EUR / PAL"
  },
  {
    "id": "ylv93nxm",
    "player": "dunewacky",
    "player_location": "us",
    "region": "USA / NTSC"
  },
  {
    "id": "m79x3rwy",
    "player": "Bubzia",
    "player_location": "de",
    "region": "EUR / PAL"
  },
  {
    "id": "mexq843z",
    "player": "tapioca",
    "player_location": "us",
    "region": "USA / NTSC"
  },
  {
    "id": "y809kexm",
    "player": "Harutomo",
    "player_location": "jp",
    "region": "JPN / NTSC"
  },
  {
    "id": "y82n27xy",
    "player": "Kofize",
    "player_location": "us",
    "region": null
  },
  {
    "id": "zq7r6l9m",
    "player": "larryeedwards",
    "player_location": "us",
    "region": "USA / NTSC"
  },
  {
    "id": "z0pr658y",
    "player": "PeteDorr",
    "player_location": "us",
    "region": "USA / NTSC"
  },
  {
    "id": "z0ppx49y",
    "player": "Coregaming12",
    "player_location": null,
    "region": "USA / NTSC"
  },
  {
    "id": "yvrp116z",
    "player": "GibGirl",
    "player_location": "us",
    "region": "USA / NTSC"
  },
  {
    "id": "m764gr4y",
    "player": "enderpal7",
    "player_location": "gb/wls",
    "region": "EUR / PAL"
  },
  {
    "id": "yj83k3nm",
    "player": "Dawnqubed",
    "player_location": "us",
    "region": null
  }
]