[
  {
    "id": "z5xp5qgy",
    "player": "Crowboy101",
    "player_location": "au",
    "region": null
  },
  {
    "id": "y2eggw5y",
    "player": "Rayleigh",
    "player_location": "nz",
    "region": "CHN / PAL"
  },
  {
    "id": "y6o3k80y",
    "player": "MoxyK",
    "player_location": "us",
    "region": "USA / NTSC"
  },
  {
    "id": "m7x0dj5y",
    "player": "threebee",
    "player_location": "us",
    "region": null
  },
  {
    "id": "m7x3810y",
    "player": "Pikraken",
    "player_location": "us",
    "region": "USA / NTSC"
  },
  {
    "id": "y4xgplkz",
    "player": "Crackeroid",
    "player_location": "us",
    "region": "USA / NTSC"
  },
  {
    "id": "z0lnvq8z",
    "player": "KingJ0444",
    "player_location": "ca",
    "region": "USA / NTSC"
  },
  {
    "id": "yjd2947y",
    "player": "Soveliss",
    "player_location": "us",
    "region": null
  },
  {
    "id": "yl16062m",
    "player": "steezered",
    "player_location": "us",
    "region": "USA / NTSC"
  },
  {
    "id": "z1gld6rz",
    "player": "Tomatomato",
    "player_location": "jp",
    "region": "JPN / NTSC"
  },
  {
    "id": "z0l0vkez",
    "player": "TonesBalones",
    "player_location": "us",
    "region": "USA / NTSC"
  },
  {
    "id": "yod5e00m",
    "player": "ooga_chaga",
    "player_location": "us",
    "region": "USA / NTSC"
  },
  {
    "id": "yodgvk1m",
    "player": "LonTr0",
    "player_location": "ca",
    "region": "USA / NTSC"
  },
  {
    "id": "z5xe99ny",
    "player": "DragonBoi",
    "player_location": "ca/qc",
    "region": "USA / NTSC"
  },
  {
    "id": "z0n3wgjm",
    "player": "Vertigo_95",
    "player_location": "us",
    "region": "USA / NTSC"
  },
  {
    "id": "znqeo29z",
    "player": "CostilerAphid18",
    "player_location": "co",
    "region": "USA / NTSC"
  },
  {
    "id": "mkd0qp1y",
    "player": "carb_rta",
    "player_location": null,
    "region": "USA / NTSC"
  },
  {
    "id": "zx8392em",
    "player": "Unhappybean",
    "player_location": "nz",
    "region": "EUR / PAL"
  },
  {
    "id": "yv0p4o8z",
    "player": "flingking5",
    "player_location": "us",
    "region": "USA / NTSC"
  },
  {
    "id": "y2eg9pjy",
    "player": "inno_ino",
    "player_location": "jp",
    "region": "JPN / NTSC"
  },
  {
    "id": "y9x8l1vy",
    "player": "Nobobin",
    "player_location": "us",
    "region": "USA / NTSC"
  },
  {
    "id": "y2enr45y",
    "player": "Sanko",
    "player_location": "jp",
    "region": "JPN / NTSC"
  },
  {
    "id": "mrrlj24m",
    "player": "Vapo_or",
    "player_location": "fr",
    "region": "EUR / PAL"
  },
  {
    "id": "yode410m",
    "player": "BubbleBass",
    "player_location": "us",
    "region": "USA / NTSC"
  },
  {
    "id": "znqvwxlz",
    "player": "squiddy_odd",
    "player_location": "us",
    "region": "USA / NTSC"
  },
  {
    "id": "zgqen3dy",
    "player": "tackey",
    "player_location": "jp",
    "region": "JPN / NTSC"
  },
  {
    "id": "m7x0935y",
    "player": "LittleDrummerBoi",
    "player_location": "au",
    "region": "USA / NTSC"
  },
  {
    "id": "yv0pl5oz",
    "player": "mbdistrix",
    "player_location": "gb/eng",
    "region": "EUR / PAL"
  },
  {
    "id": "y8x6qpnm",
    "player": "Kaak18",
    "player_location": "fr",
    "region": "EUR / PAL"
  },
  {
    "id": "m7x0p1ey",
    "player": "eri_",
    "player_location": null,
    "region": "EUR / PAL"
  },
  {
    "id": "yodn2k0m",
    "player": "Anavula",
    "player_location": "gb/eng",
    "region": "EUR / PAL"
  },
  {
    "id": "m3xwxxdm",
    "player": "Ayme_Dvard",
    "player_location": "no",
    "region": "EUR / PAL"
  },
  {
    "id": "yd1j6rvy",
    "player": "Vx2",
    "player_location": "es",
    "region": "EUR / PAL"
  },
  {
    "id": "zpdw0pnz",
    "player": "SupFAE",
    "player_location": "cl",
    "region": "USA / NTSC"
  },
  {
    "id": "z1glnqgz",
    "player": "maziari",
    "player_location": "jp",
    "region": null
  },
  {
    "id": "y8x6r0xm",
    "player": "Lannoe",
    "player_location": "fr",
    "region": "EUR / PAL"
  },
  {
    "id": "y6xw6kpy",
    "player": "ScherHap",
    "player_location": "de",
    "region": "EUR / PAL"
  },
  {
    "id": "zq9jvx8y",
    "player": "tyan3",
    "player_location": "us",
    "region": "USA / NTSC"
  },
  {
    "id": "zq9jrd9y",
    "player": "ruby627",
    "player_location": "us",
    "region": "USA / NTSC"
  },
  {
    "id": "yolkdljy",
    "player": "cgtoad625yt",
    "player_location": "us",
    "region": "USA / NTSC"
  },
  {
    "id": "zx8rklgm",
    "player": "LaurieDBunnykins",
    "player_location": "us",
    "region": "USA / NTSC"
  },
  {
    "id": "yl160exm",
    "player": "Boog2811",
    "player_location": "us",
    "region": "USA / NTSC"
  },
  {
    "id": "m3xq1xgm",
    "player": "Pinkatie",
    "player_location": "us",
    "region": "USA / NTSC"
  },
  {
    "id": "zq9ddx1y",
    "player": "Eaglegamer_",
    "player_location": "us",
    "region": "USA / NTSC"
  },
  {
    "id": "znqvrglz",
    "player": "Scarlet_Speedrunning",
    "player_location": "us",
    "region": "USA / NTSC"
  },
  {
    "id": "y6x2ejpy",
    "player": "AdeptCS",
    "player_location": "us",
    "region": "USA / NTSC"
  },
  {
    "id": "yw6r459m",
    "player": "dongxipunata",
    "player_location": "de",
    "region": "EUR / PAL"
  },
  {
    "id": "zq9jwrxy",
    "player": "Mario64iscool2",
    "player_location": "us",
    "region": "USA / NTSC"
  },
  {
    "id": "m7xv5nwy",
    "player": "RiKyu",
    "player_location": "jp",
    "region": "JPN / NTSC"
  },
  {
    "id": "yjd2ldoy",
    "player": "FDEsl",
    "player_location": "us",
    "region": null
  },
  {
    "id": "yod553jm",
    "player": "Nishino",
    "player_location": "jp",
    "region": null
  },
  {
    "id": "z0lj5qjz",
    "player": "PaigeingCy",
    "player_location": "us",
    "region": "USA / NTSC"
  },
  {
    "id": "yv86vxem",
    "player": "Azluk",
    "player_location": "us",
    "region": "USA / NTSC"
  },
  {
    "id": "yd1jw80y",
    "player": "elliethefiend",
    "player_location": "us",
    "region": "USA / NTSC"
  },
  {
    "id": "zgqedgdy",
    "player": "BaronBishop",
    "player_location": "us",
    "region": "USA / NTSC"
  },
  {
    "id": "mrr55p8m",
    "player": "fuyo_",
    "player_location": "jp",
    "region": "JPN / NTSC"
  },
  {
    "id": "m7x0574y",
    "player": "goryuya",
    "player_location": "jp",
    "region": "JPN / NTSC"
  },
  {
    "id": "zq9j14xy",
    "player": "BananaBoi57",
    "player_location": "us",
    "region": "USA / NTSC"
  },
  {
    "id": "zq9j4d1y",
    "player": "Speedwalkr",
    "player_location": "us",
    "region": "USA / NTSC"
  },
  {
    "id": "yjd26rny",
    "player": "EmilSplat",
    "player_location": "nl",
    "region": "EUR / PAL"
  },
  {
    "id": "y6x2631y",
    "player": "LPhantom",
    "player_location": "de",
    "region": "EUR / PAL"
  },
  {
    "id": "y6x828qy",
    "player": "SukeSJ",
    "player_location": "no",
    "region": "EUR / PAL"
  },
  {
    "id": "yw6r0gnm",
    "player": "TitaniaBlade",
    "player_location": "gb/eng",
    "region": "EUR / PAL"
  },
  {
    "id": "y8x665xm",
    "player": "poka",
    "player_location": "jp",
    "region": "JPN / NTSC"
  },
  {
    "id": "y4xorwnz",
    "player": "TheFeralMarshmallow",
    "player_location": "us",
    "region": "USA / NTSC"
  },
  {
    "id": "mrrl19dm",
    "player": "vickysquiddy",
    "player_location": "us",
    "region": "USA / NTSC"
  },
  {
    "id": "yv0p1o6z",
    "player": "qdika",
    "player_location": null,
    "region": "USA / NTSC"
  },
  {
    "id": "yodn7x5m",
    "player": "Unkinker",
    "player_location": null,
    "region": "USA / NTSC"
  },
  {
    "id": "yv83898m",
    "player": "Isaiahcat99",
    "player_location": null,
    "region": "USA / NTSC"
  },
  {
    "id": "z5xpdx5y",
    "player": "VaskoGames",
    "player_location": "us",
    "region": null
  },
  {
    "id": "y4xvpqnz",
    "player": "Switch207",
    "player_location": "us",
    "region": "USA / NTSC"
  },
  {
    "id": "y8xg60dm",
    "player": "Largest_Bread",
    "player_location": "us",
    "region": "USA / NTSC"
  },
  {
    "id": "zgqed2ey",
    "player": "Peco7",
    "player_location": "jp",
    "region": "JPN / NTSC"
  },
  {
    "id": "y8x6jnwm",
    "player": "KuroUsagii",
    "player_location": "us",
    "region": "USA / NTSC"
  },
  {
    "id": "zx83ljkm",
    "player": "ArtemisMyths",
    "player_location": "us",
    "region": "USA / NTSC"
  },
  {
    "id": "mrr5dodm",
    "player": "DeamonHunter",
    "player_location": "au",
    "region": "USA / NTSC"
  },
  {
    "id": "z5x45q5y",
    "player": "habeli",
    "player_location": "fi",
    "region": "EUR / PAL"
  },
  {
    "id": "y6x288py",
    "player": "zLequit",
    "player_location": "de",
    "region": "EUR / PAL"
  },
  {
    "id": "mkdqgg1y",
    "player": "Hijiriw_",
    "player_location": "jp",
    "region": "JPN / NTSC"
  },
  {
    "id": "yv0ppnoz",
    "player": "Octo_Oil",
    "player_location": "gb",
    "region": "EUR / PAL"
  },
  {
    "id": "z1glnpgz",
    "player": "TamerMushoom64",
    "player_location": "bz",
    "region": null
  },
  {
    "id": "y8x609nm",
    "player": "Orangishyellow",
    "player_location": null,
    "region": "USA / NTSC"
  },
  {
    "id": "zpdx3gvz",
    "player": "Fif_Gen",
    "player_location": "us",
    "region": "USA / NTSC"
  },
  {
    "id": "y2eggx6y",
    "player": "MasterOfMike",
    "player_location": "us",
    "region": "USA / NTSC"
  },
  {
    "id": "yodn5x7m",
    "player": "Dolleman",
    "player_location": "nl",
    "region": "EUR / PAL"
  },
  {
    "id": "zpden1rz",
    "player": "Owen_Splat",
    "player_location": "us",
    "region": "USA / NTSC"
  },
  {
    "id": "yodnow5m",
    "player": "akaWoomy",
    "player_location": null,
    "region": "USA / NTSC"
  },
  {
    "id": "yodgjgdm",
    "player": "aile_20",
    "player_location": "us",
    "region": "USA / NTSC"
  },
  {
    "id": "m3xqjj4m",
    "player": "KiraniaVT",
    "player_location": null,
    "region": "JPN / NTSC"
  },
  {
    "id": "m7x0o44y",
    "player": "DJthing",
    "player_location": null,
    "region": "USA / NTSC"
  },
  {
    "id": "z0l42ejz",
    "player": "SushiSquid",
    "player_location": "us",
    "region": "USA / NTSC"
  },
  {
    "id": "z0l22r4z",
    "player": "hashedrice",
    "player_location": "jp",
    "region": "JPN / NTSC"
  },
  {
    "id": "zx8jd08m",
    "player": "RNGTime64",
    "player_location": "us",
    "region": "USA / NTSC"
  },
  {
    "id": "m7x0l30y",
    "player": "ItsRC",
    "player_location": "us",
    "region": "USA / NTSC"
  },
  {
    "id": "m3xk97gm",
    "player": "Tay12345",
    "player_location": "gb",
    "region": null
  },
  {
    "id": "y6xqpqqy",
    "player": "taro192168",
    "player_location": "jp",
    "region": "JPN / NTSC"
  },
  {
    "id": "z1g602gz",
    "player": "Cocozito",
    "player_location": "se",
    "region": "EUR / PAL"
  },
  {
    "id": "y803831m",
    "player": "ParaChu",
    "player_location": "us",
    "region": "USA / NTSC"
  },
  {
    "id": "yv0pkj8z",
    "player": "Williamator",
    "player_location": "ca",
    "region": null
  },
  {
    "id": "z5xp47jy",
    "player": "Kamyu",
    "player_location": "jp",
    "region": "JPN / NTSC"
  },
  {
    "id": "y6x21j1y",
    "player": "Lot_1101",
    "player_location": "jp",
    "region": "JPN / NTSC"
  },
  {
    "id": "yjd2nq3y",
    "player": "Levyorg",
    "player_location": "us",
    "region": "USA / NTSC"
  },
  {
    "id": "m3xkglgm",
    "player": "sen_squared",
    "player_location": null,
    "region": "USA / NTSC"
  },
  {
    "id": "zgq4pndy",
    "player": "Mr_Squif",
    "player_location": null,
    "region": "USA / NTSC"
  },
  {
    "id": "mrr2dq8m",
    "player": "SMMidi",
    "player_location": "gb/eng",
    "region": "EUR / PAL"
  },
  {
    "id": "mkdql61y",
    "player": "endmiijay",
    "player_location": "us",
    "region": "USA / NTSC"
  },
  {
    "id": "yl1l9d3m",
    "player": "Hawken",
    "player_location": "us",
    "region": "USA / NTSC"
  },
  {
    "id": "mkv4p13y",
    "player": "Yoshipuff",
    "player_location": "us",
    "region": "USA / NTSC"
  },
  {
    "id": "y8xk90wm",
    "player": "shooting_star_r",
    "player_location": null,
    "region": "JPN / NTSC"
  },
  {
    "id": "m7x3pewy",
    "player": "colaking",
    "player_location": null,
    "region": null
  },
  {
    "id": "zx8w2r8m",
    "player": "Mike4Michael",
    "player_location": "us",
    "region": "USA / NTSC"
  },
  {
    "id": "yjdwl03y",
    "player": "TrenttheN642",
    "player_location": "us",
    "region": "USA / NTSC"
  },
  {
    "id": "z1gkrdgz",
    "player": "kattastrophe_vt",
    "player_location": "us",
    "region": "USA / NTSC"
  },
  {
    "id": "y8xogpdm",
    "player": "PBJSquid",
    "player_location": "us",
    "region": "USA / NTSC"
  },
  {
    "id": "zx8wlkqm",
    "player": "KrisFern",
    "player_location": "es/ct",
    "region": "EUR / PAL"
  },
  {
    "id": "z0lxj89z",
    "player": "MaxWolff12",
    "player_location": "de",
    "region": null
  },
  {
    "id": "zq92jx9y",
    "player": "WooffleDee",
    "player_location": "us",
    "region": "USA / NTSC"
  },
  {
    "id": "zq9d7n9y",
    "player": "Sign_L",
    "player_location": null,
    "region": "USA / NTSC"
  },
  {
    "id": "y9xkxlky",
    "player": "Smallfwy",
    "player_location": null,
    "region": "USA / NTSC"
  },
  {
    "id": "y2ekjqwy",
    "player": "Ninpalk",
    "player_location": "us",
    "region": "USA / NTSC"
  },
  {
    "id": "y8xk081m",
    "player": "F_huni",
    "player_location": "jp",
    "region": "JPN / NTSC"
  },
  {
    "id": "mrr25ggm",
    "player": "Kim_Jonghoon",
    "player_location": "kr",
    "region": "KOR / NTSC"
  },
  {
    "id": "y2e4gv9y",
    "player": "hebilin",
    "player_location": "jp",
    "region": "JPN / NTSC"
  },
  {
    "id": "zx8505km",
    "player": "umamizu",
    "player_location": "jp",
    "region": null
  },
  {
    "id": "zq9dl79y",
    "player": "Moximous",
    "player_location": null,
    "region": "USA / NTSC"
  },
  {
    "id": "z0l8058z",
    "player": "ohayo",
    "player_location": "jp",
    "region": "JPN / NTSC"
  },
  {
    "id": "y2e27k7y",
    "player": "Zehbluete55",
    "player_location": "at",
    "region": "EUR / PAL"
  },
  {
    "id": "yw6xk22m",
    "player": "NotKiah",
    "player_location": "ca",
    "region": "USA / NTSC"
  },
  {
    "id": "yd1l8dqy",
    "player": "snYuuri",
    "player_location": "us",
    "region": null
  },
  {
    "id": "yjdoj4dy",
    "player": "Glacier0516",
    "player_location": "us",
    "region": "USA / NTSC"
  },
  {
    "id": "z0l4qgjz",
    "player": "Wahu_",
    "player_location": "us",
    "region": "USA / NTSC"
  },
  {
    "id": "zq98rp8y",
    "player": "Harrisonjersey",
    "player_location": "je",
    "region": "EUR / PAL"
  },
  {
    "id": "z1g9887z",
    "player": "Squidel",
    "player_location": "de",
    "region": "EUR / PAL"
  },
  {
    "id": "z1gvx87z",
    "player": "KUJOOTTI",
    "player_location": "jp",
    "region": "JPN / NTSC"
  },
  {
    "id": "zgqlg60y",
    "player": "Bubbzlegum",
    "player_location": null,
    "region": null
  },
  {
    "id": "mkdn455y",
    "player": "painappuruouzi",
    "player_location": "jp",
    "region": "JPN / NTSC"
  },
  {
    "id": "yv0ld68z",
    "player": "thundy",
    "player_location": "us",
    "region": "USA / NTSC"
  },
  {
    "id": "zx8rg95m",
    "player": "14banira",
    "player_location": "jp",
    "region": "JPN / NTSC"
  },
  {
    "id": "y8xwj6xm",
    "player": "Lotus82",
    "player_location": null,
    "region": "USA / NTSC"
  },
  {
    "id": "y9xjldry",
    "player": "Shino56",
    "player_location": "fr",
    "region": "EUR / PAL"
  },
  {
    "id": "me1w3v8y",
    "player": "temptingx",
    "player_location": "gt",
    "region": "USA / NTSC"
  },
  {
    "id": "znqxpevz",
    "player": "KFP_DashJ",
    "player_location": "kr",
    "region": "KOR / NTSC"
  },
  {
    "id": "m7xnxx4y",
    "player": "Waxox",
    "player_location": "fr",
    "region": "EUR / PAL"
  },
  {
    "id": "mrrvv72m",
    "player": "Notniitokun",
    "player_location": null,
    "region": null
  },
  {
    "id": "z0ldq29z",
    "player": "Top_Eye",
    "player_location": null,
    "region": "USA / NTSC"
  },
  {
    "id": "z5xg7pdy",
    "player": "NexusSp",
    "player_location": "fr",
    "region": "EUR / PAL"
  },
  {
    "id": "y6xe8rjy",
    "player": "ARWCloud",
    "player_location": "us",
    "region": "USA / NTSC"
  },
  {
    "id": "zpd65qvz",
    "player": "ZoneXio",
    "player_location": null,
    "region": "EUR / PAL"
  },
  {
    "id": "y8xo16wm",
    "player": "RivaP",
    "player_location": null,
    "region": "JPN / NTSC"
  },
  {
    "id": "m7xjq75y",
    "player": "mekiramu",
    "player_location": "jp",
    "region": "JPN / NTSC"
  },
  {
    "id": "yd1l68jy",
    "player": "Sixel",
    "player_location": "us",
    "region": "USA / NTSC"
  },
  {
    "id": "zx8qrp5m",
    "player": "SquishKO",
    "player_location": "ca",
    "region": "USA / NTSC"
  },
  {
    "id": "yjd9g7ny",
    "player": "Golden_Scorpion",
    "player_location": "us",
    "region": "USA / NTSC"
  },
  {
    "id": "y8xpg4dm",
    "player": "Bandanadee0",
    "player_location": "us",
    "region": "USA / NTSC"
  },
  {
    "id": "zq9q66ry",
    "player": "TheBeanSeller",
    "player_location": "gb",
    "region": "EUR / PAL"
  },
  {
    "id": "yjd9kx7y",
    "player": "Ken10do64",
    "player_location": "ca",
    "region": "USA / NTSC"
  },
  {
    "id": "zpdo1xnz",
    "player": "LuigiMaster987",
    "player_location": "us",
    "region": "USA / NTSC"
  },
  {
    "id": "z0lq304z",
    "player": "PotatoMax",
    "player_location": "au",
    "region": "EUR / PAL"
  },
  {
    "id": "zgqo70vy",
    "player": "Chuckels",
    "player_location": "us",
    "region": "USA / NTSC"
  },
  {
    "id": "y9xd1qvy",
    "player": "Shad\u00f3_Chimera",
    "player_location": "us",
    "region": "USA / NTSC"
  },
  {
    "id": "mro83p4m",
    "player": "Ten_",
    "player_location": "hk",
    "region": "CHN / PAL"
  },
  {
    "id": "z0l431oz",
    "player": "Crisisaurus",
    "player_location": "gb/eng",
    "region": "EUR / PAL"
  },
  {
    "id": "zgq1lojy",
    "player": "SMOdavidTM",
    "player_location": "us",
    "region": "USA / NTSC"
  },
  {
    "id": "zq9qjdry",
    "player": "Sparow",
    "player_location": null,
    "region": null
  },
  {
    "id": "z5xgk2ny",
    "player": "tanuchii",
    "player_location": null,
    "region": "JPN / NTSC"
  },
  {
    "id": "yw6own3m",
    "player": "LoneLexiTheSlowGamer",
    "player_location": "gb",
    "region": null
  },
  {
    "id": "zgqolvny",
    "player": "Tmok",
    "player_location": "au",
    "region": "EUR / PAL"
  },
  {
    "id": "zq9po5ry",
    "player": "Nexlation",
    "player_location": "us",
    "region": "USA / NTSC"
  },
  {
    "id": "y2ew2w5y",
    "player": "Stepika_Agent_3",
    "player_location": "fi",
    "region": "EUR / PAL"
  },
  {
    "id": "me1gp8qy",
    "player": "LuluTheWoomy",
    "player_location": null,
    "region": "USA / NTSC"
  },
  {
    "id": "mrrx5vdm",
    "player": "Polook",
    "player_location": "jp",
    "region": "JPN / NTSC"
  },
  {
    "id": "zgq6onny",
    "player": "Luggmu_411",
    "player_location": "jp",
    "region": "JPN / NTSC"
  },
  {
    "id": "zq9qn78y",
    "player": "JT445",
    "player_location": "au",
    "region": null
  },
  {
    "id": "z5x41ggy",
    "player": "R_ayu",
    "player_location": "jp",
    "region": null
  },
  {
    "id": "yl1xgo2m",
    "player": "Wheirdo",
    "player_location": "us",
    "region": "USA / NTSC"
  },
  {
    "id": "y2ewl89y",
    "player": "Crimmothy",
    "player_location": null,
    "region": null
  },
  {
    "id": "m7xe9o0y",
    "player": "Pasta_Pax_187",
    "player_location": null,
    "region": null
  },
  {
    "id": "y8x4r51m",
    "player": "Alpha0mega",
    "player_location": "us",
    "region": "USA / NTSC"
  },
  {
    "id": "znq54w7z",
    "player": "keity",
    "player_location": "jp",
    "region": "JPN / NTSC"
  },
  {
    "id": "z1gvx7rz",
    "player": "PlataGG",
    "player_location": "jp",
    "region": "JPN / NTSC"
  },
  {
    "id": "zgq9o40y",
    "player": "Haitex",
    "player_location": "jp",
    "region": "JPN / NTSC"
  },
  {
    "id": "z5xqr15y",
    "player": "Sera68",
    "player_location": "fr",
    "region": "EUR / PAL"
  },
  {
    "id": "z5xle9ey",
    "player": "D_mon",
    "player_location": "aq",
    "region": null
  },
  {
    "id": "mrr026dm",
    "player": "Mee3rKat",
    "player_location": "jp",
    "region": "JPN / NTSC"
  },
  {
    "id": "z5xlkdny",
    "player": "Saturn_Shant",
    "player_location": null,
    "region": "USA / NTSC"
  },
  {
    "id": "me152p2y",
    "player": "_Tt_",
    "player_location": "au",
    "region": null
  },
  {
    "id": "yl1pxrkm",
    "player": "JinAizawa42",
    "player_location": null,
    "region": null
  },
  {
    "id": "mrr0dj4m",
    "player": "breanda",
    "player_location": "us",
    "region": "USA / NTSC"
  },
  {
    "id": "zq9ppqry",
    "player": "UltimateSumo",
    "player_location": null,
    "region": "JPN / NTSC"
  },
  {
    "id": "mkdx00ly",
    "player": "Lolsu64",
    "player_location": "de",
    "region": "EUR / PAL"
  },
  {
    "id": "zgq6ddey",
    "player": "Charines",
    "player_location": "jp",
    "region": "JPN / NTSC"
  },
  {
    "id": "mkdredly",
    "player": "Maia_Starchild",
    "player_location": "us",
    "region": "USA / NTSC"
  },
  {
    "id": "ywvdpl2z",
    "player": "Le_Sush",
    "player_location": null,
    "region": "USA / NTSC"
  },
  {
    "id": "ydg8nqwy",
    "player": "904",
    "player_location": "jp",
    "region": null
  },
  {
    "id": "m3xvrewm",
    "player": "Tectrox",
    "player_location": "us",
    "region": "USA / NTSC"
  },
  {
    "id": "yodepv7m",
    "player": "imthefunniest",
    "player_location": "us",
    "region": "USA / NTSC"
  },
  {
    "id": "y2e8p6wy",
    "player": "zody162",
    "player_location": "us",
    "region": "USA / NTSC"
  },
  {
    "id": "y4xnn7nz",
    "player": "Thanatoast01",
    "player_location": "us",
    "region": "USA / NTSC"
  },
  {
    "id": "yw626w2m",
    "player": "hakuhapi",
    "player_location": "jp",
    "region": "JPN / NTSC"
  },
  {
    "id": "yjd0693y",
    "player": "Motoro",
    "player_location": "jp",
    "region": "JPN / NTSC"
  },
  {
    "id": "znjrpx8m",
    "player": "JJburbage",
    "player_location": "gb/eng",
    "region": "EUR / PAL"
  },
  {
    "id": "zpdox18z",
    "player": "ichiigal",
    "player_location": "us",
    "region": "USA / NTSC"
  },
  {
    "id": "yode16jm",
    "player": "Michael_Block",
    "player_location": "ca",
    "region": "USA / NTSC"
  },
  {
    "id": "m7xv959y",
    "player": "AttKLB",
    "player_location": null,
    "region": "USA / NTSC"
  },
  {
    "id": "zgq9x6ny",
    "player": "skrbbs",
    "player_location": null,
    "region": "USA / NTSC"
  },
  {
    "id": "yd1or7wy",
    "player": "baikinman",
    "player_location": "us",
    "region": "USA / NTSC"
  },
  {
    "id": "y2er7wjy",
    "player": "RedGanon",
    "player_location": "mx",
    "region": "USA / NTSC"
  },
  {
    "id": "z5eo0wnz",
    "player": "SaucyGOAT",
    "player_location": "au",
    "region": null
  },
  {
    "id": "z0lkll9z",
    "player": "Pokaie",
    "player_location": "us",
    "region": "USA / NTSC"
  },
  {
    "id": "z0lklnoz",
    "player": "Forrrrrge",
    "player_location": "us",
    "region": "USA / NTSC"
  },
  {
    "id": "z1g48e9z",
    "player": "TornadoTristan",
    "player_location": "au",
    "region": null
  },
  {
    "id": "zpd5p9xz",
    "player": "Misuton",
    "player_location": null,
    "region": "JPN / NTSC"
  },
  {
    "id": "z5x6kqdy",
    "player": "Fgames2004",
    "player_location": "pe",
    "region": null
  },
  {
    "id": "y8xllj5m",
    "player": "Hydrus",
    "player_location": "us",
    "region": "USA / NTSC"
  },
  {
    "id": "zpdederz",
    "player": "Diabl0_S",
    "player_location": "fr",
    "region": "EUR / PAL"
  },
  {
    "id": "z5eo6ndz",
    "player": "XmoncocoX",
    "player_location": "fr",
    "region": "EUR / PAL"
  },
  {
    "id": "yod58w5m",
    "player": "Squirrel_Sifal",
    "player_location": "jp",
    "region": "JPN / NTSC"
  },
  {
    "id": "yodg4w0m",
    "player": "squid_soph",
    "player_location": "us",
    "region": "USA / NTSC"
  },
  {
    "id": "yv843p4m",
    "player": "kihohono",
    "player_location": null,
    "region": "JPN / NTSC"
  },
  {
    "id": "m3x8rndm",
    "player": "X071",
    "player_location": null,
    "region": "USA / NTSC"
  },
  {
    "id": "zx85rekm",
    "player": "Brycerw11",
    "player_location": "us",
    "region": "USA / NTSC"
  },
  {
    "id": "z1g06vwz",
    "player": "ThatCowInSpace",
    "player_location": "ca",
    "region": "USA / NTSC"
  },
  {
    "id": "zpgleknz",
    "player": "Sage_spl",
    "player_location": "de",
    "region": "EUR / PAL"
  },
  {
    "id": "mkv2v7ly",
    "player": "RedstonePick",
    "player_location": "ca",
    "region": "USA / NTSC"
  },
  {
    "id": "mkdndq3y",
    "player": "Saucissevegetale",
    "player_location": "fr",
    "region": "EUR / PAL"
  },
  {
    "id": "me1djv3y",
    "player": "RyBreadStudio",
    "player_location": null,
    "region": "USA / NTSC"
  },
  {
    "id": "yln0e3nz",
    "player": "sisayachi",
    "player_location": null,
    "region": "JPN / NTSC"
  },
  {
    "id": "z0l2k38z",
    "player": "Sacu",
    "player_location": null,
    "region": "JPN / NTSC"
  },
  {
    "id": "yv0k3n4z",
    "player": "Tree_King",
    "player_location": null,
    "region": "USA / NTSC"
  },
  {
    "id": "zq9oklry",
    "player": "Ath_",
    "player_location": "jp",
    "region": null
  },
  {
    "id": "zx8rvvkm",
    "player": "TalktanQmtin",
    "player_location": null,
    "region": "USA / NTSC"
  },
  {
    "id": "yw678gpm",
    "player": "AlphaOmega07",
    "player_location": "se",
    "region": "EUR / PAL"
  },
  {
    "id": "znqlkx8z",
    "player": "Breadstone",
    "player_location": "us",
    "region": "USA / NTSC"
  },
  {
    "id": "y8x4vg5m",
    "player": "Carbon_Deco_Woomy",
    "player_location": "us",
    "region": "USA / NTSC"
  },
  {
    "id": "yodg740m",
    "player": "Kurumen",
    "player_location": "jp",
    "region": "JPN / NTSC"
  },
  {
    "id": "y8x4drdm",
    "player": "kazemdle",
    "player_location": null,
    "region": "EUR / PAL"
  },
  {
    "id": "y2e4pnwy",
    "player": "lostkinnn",
    "player_location": "us",
    "region": "USA / NTSC"
  },
  {
    "id": "mrrp7g2m",
    "player": "Hirokky",
    "player_location": "jp",
    "region": "JPN / NTSC"
  },
  {
    "id": "yodgnx1m",
    "player": "Eggland.Art",
    "player_location": "us",
    "region": "USA / NTSC"
  },
  {
    "id": "mrrpx4dm",
    "player": "Burgundy",
    "player_location": "at",
    "region": "EUR / PAL"
  },
  {
    "id": "m3x487wm",
    "player": "Zaiaam",
    "player_location": "gb",
    "region": "EUR / PAL"
  },
  {
    "id": "y2j5lp9z",
    "player": "Bentendowhis",
    "player_location": "us",
    "region": "USA / NTSC"
  },
  {
    "id": "yodwk07m",
    "player": "Willbatros",
    "player_location": "au",
    "region": "EUR / PAL"
  },
  {
    "id": "zx81djqm",
    "player": "Ninhando_Switch",
    "player_location": "tw",
    "region": "CHN / PAL"
  },
  {
    "id": "y4xdl2dz",
    "player": "Mayberry",
    "player_location": "us",
    "region": "USA / NTSC"
  },
  {
    "id": "mkd6n25y",
    "player": "ManOnToilet",
    "player_location": null,
    "region": "USA / NTSC"
  },
  {
    "id": "y4xddgdz",
    "player": "thefrogboo",
    "player_location": "us",
    "region": "USA / NTSC"
  },
  {
    "id": "z1gw5prz",
    "player": "guppyshark",
    "player_location": "us",
    "region": null
  },
  {
    "id": "zx8ee28m",
    "player": "CrossKirby",
    "player_location": null,
    "region": "USA / NTSC"
  },
  {
    "id": "z5e5ponz",
    "player": "MaximDerRilde",
    "player_location": "de",
    "region": "EUR / PAL"
  },
  {
    "id": "y6o3on0y",
    "player": "calledneon",
    "player_location": null,
    "region": "EUR / PAL"
  },
  {
    "id": "y6o7n76y",
    "player": "Ayme_Kiwi",
    "player_location": "us",
    "region": null
  },
  {
    "id": "znj8q1vm",
    "player": "Flame101",
    "player_location": "il",
    "region": "EUR / PAL"
  },
  {
    "id": "m7292v0z",
    "player": "urokuresa",
    "player_location": "jp",
    "region": "JPN / NTSC"
  },
  {
    "id": "z0n3q1em",
    "player": "Femarplays",
    "player_location": null,
    "region": "USA / NTSC"
  },
  {
    "id": "y962ovky",
    "player": "ceryke",
    "player_location": "sg",
    "region": null
  },
  {
    "id": "mkv9663y",
    "player": "Ouneko",
    "player_location": "jp",
    "region": "JPN / NTSC"
  },
  {
    "id": "z5e1k1nz",
    "player": "Abnominaly",
    "player_location": "us",
    "region": "USA / NTSC"
  },
  {
    "id": "z5ejv95z",
    "player": "OboeMasterOzzy",
    "player_location": "us",
    "region": "USA / NTSC"
  },
  {
    "id": "yj8le4gm",
    "player": "sonachin",
    "player_location": null,
    "region": "JPN / NTSC"
  },
  {
    "id": "yln0dn2z",
    "player": "PickPig",
    "player_location": "gb",
    "region": "EUR / PAL"
  },
  {
    "id": "zqew008z",
    "player": "suchiieke",
    "player_location": null,
    "region": "JPN / NTSC"
  },
  {
    "id": "y6ol4n6y",
    "player": "CoolWeegee123",
    "player_location": "us",
    "region": "USA / NTSC"
  },
  {
    "id": "y4gwewqy",
    "player": "MynameisSaku",
    "player_location": "de",
    "region": "EUR / PAL"
  },
  {
    "id": "m3l5206m",
    "player": "maxyj",
    "player_location": "gb/wls",
    "region": null
  },
  {
    "id": "yj8l0nnm",
    "player": "Shemcat",
    "player_location": "gb",
    "region": "EUR / PAL"
  },
  {
    "id": "y6or65jy",
    "player": "Darksyan",
    "player_location": null,
    "region": "JPN / NTSC"
  },
  {
    "id": "ywvd3j9z",
    "player": "TheFrench",
    "player_location": "fr",
    "region": "EUR / PAL"
  },
  {
    "id": "y2jd4rwz",
    "player": "Banana.B",
    "player_location": "us",
    "region": "USA / NTSC"
  },
  {
    "id": "z0n9x39m",
    "player": "C_Slice",
    "player_location": "ie",
    "region": "EUR / PAL"
  },
  {
    "id": "z0n6e34m",
    "player": "harukia",
    "player_location": "jp",
    "region": "JPN / NTSC"
  },
  {
    "id": "m3lngk4m",
    "player": "Battlefield20008",
    "player_location": null,
    "region": "USA / NTSC"
  },
  {
    "id": "m3lnrrqm",
    "player": "neomblue",
    "player_location": "us",
    "region": "USA / NTSC"
  }
]