[
  {
    "id": "mex84e3z",
    "player": "JSL1010",
    "player_location": "us",
    "region": null
  },
  {
    "id": "yj3x5j3z",
    "player": "Otterstone_Gamer",
    "player_location": "us",
    "region": null
  },
  {
    "id": "m7gxr30m",
    "player": "Sexobn",
    "player_location": null,
    "region": null
  },
  {
    "id": "y9081gvy",
    "player": "Furiousfive",
    "player_location": "us",
    "region": null
  },
  {
    "id": "z06215jz",
    "player": "JaTebjaVieby",
    "player_location": "ee",
    "region": "EUR / PAL"
  },
  {
    "id": "y4rqgpqz",
    "player": "ShesChardcore",
    "player_location": "us",
    "region": "USA / NTSC"
  },
  {
    "id": "y8dxwpdz",
    "player": "TRLittleToaster",
    "player_location": "us",
    "region": "USA / NTSC"
  },
  {
    "id": "y2798x5z",
    "player": "ozgurkk35",
    "player_location": "tr",
    "region": null
  },
  {
    "id": "y9l90lky",
    "player": "Yay_1506",
    "player_location": "id",
    "region": null
  },
  {
    "id": "me3d073z",
    "player": "BandicootMan",
    "player_location": "ro",
    "region": null
  },
  {
    "id": "yod66q0m",
    "player": "jmpeh",
    "player_location": "us",
    "region": "USA / NTSC"
  },
  {
    "id": "y886wgdy",
    "player": "DanielJSpeedrunner",
    "player_location": "lt",
    "region": null
  },
  {
    "id": "z52nk1gz",
    "player": "manhattan",
    "player_location": "bv",
    "region": "USA / NTSC"
  },
  {
    "id": "z0l6d6oz",
    "player": "Danimed",
    "player_location": "br",
    "region": "BRA / PAL"
  },
  {
    "id": "y8x81e1m",
    "player": "daff",
    "player_location": "ru",
    "region": null
  }
]