[
  {
    "id": "mk97vqxz",
    "player": "DracaarysTrophy",
    "player_location": "fr",
    "region": null
  },
  {
    "id": "yvj0lpoy",
    "player": "_st0ne_",
    "player_location": "ua",
    "region": null
  },
  {
    "id": "yd66jljz",
    "player": "PunchSh0t",
    "player_location": "us",
    "region": null
  },
  {
    "id": "y953w9nz",
    "player": "Otterstone_Gamer",
    "player_location": "us",
    "region": null
  },
  {
    "id": "z5jevejm",
    "player": "Sexobn",
    "player_location": null,
    "region": null
  },
  {
    "id": "mk3144lz",
    "player": "7H3",
    "player_location": "ca",
    "region": null
  },
  {
    "id": "y60r4vqy",
    "player": "Zclooi",
    "player_location": "cn",
    "region": "CHN / PAL"
  },
  {
    "id": "yd0979xz",
    "player": "zir0nic",
    "player_location": "vh",
    "region": null
  },
  {
    "id": "zxdg16ky",
    "player": "Reni",
    "player_location": "pl",
    "region": null
  },
  {
    "id": "yo384v1y",
    "player": "Kasual",
    "player_location": "ca",
    "region": null
  },
  {
    "id": "y9n53rrz",
    "player": "DragonLord",
    "player_location": "ru",
    "region": null
  },
  {
    "id": "zp34p3nm",
    "player": "Kainan14K",
    "player_location": "br",
    "region": null
  },
  {
    "id": "yjp5027y",
    "player": "Zambrini",
    "player_location": "us",
    "region": "USA / NTSC"
  },
  {
    "id": "zggk9ndz",
    "player": "ShesChardcore",
    "player_location": "us",
    "region": null
  },
  {
    "id": "m7dgerem",
    "player": "DodderyRug",
    "player_location": "al",
    "region": null
  },
  {
    "id": "zn1o4o3m",
    "player": "AblePlot7589",
    "player_location": "pl",
    "region": null
  },
  {
    "id": "m3rn3gqm",
    "player": "TRLittleToaster",
    "player_location": "us",
    "region": null
  },
  {
    "id": "ydrp11qz",
    "player": "KreKys_Games",
    "player_location": "ru",
    "region": null
  },
  {
    "id": "yjgv6w3y",
    "player": "Penguigo",
    "player_location": null,
    "region": null
  },
  {
    "id": "mk52wklm",
    "player": "BlueLightningSpecter",
    "player_location": "cn",
    "region": null
  },
  {
    "id": "me47k70y",
    "player": "Andresspeedsruns",
    "player_location": null,
    "region": null
  },
  {
    "id": "m77xl85m",
    "player": "twitchyqw",
    "player_location": "gb/eng",
    "region": null
  },
  {
    "id": "zn057r7y",
    "player": "Krad",
    "player_location": "cl",
    "region": null
  },
  {
    "id": "zxlx3v8z",
    "player": "hwait",
    "player_location": "kz",
    "region": null
  },
  {
    "id": "y6n41v6z",
    "player": "Speedrun_Horror",
    "player_location": "br",
    "region": "BRA / PAL"
  },
  {
    "id": "mejpw73y",
    "player": "MamonPe",
    "player_location": "pe",
    "region": null
  },
  {
    "id": "zq0x0lxy",
    "player": "Gabriel_dazk",
    "player_location": "br",
    "region": null
  },
  {
    "id": "yvqkw9em",
    "player": "DougDouglas_",
    "player_location": "br",
    "region": "BRA / PAL"
  },
  {
    "id": "zgd55gvz",
    "player": "Santhy99",
    "player_location": "br",
    "region": "BRA / PAL"
  },
  {
    "id": "y4x788nz",
    "player": "jmpeh",
    "player_location": "us",
    "region": "USA / NTSC"
  },
  {
    "id": "zp2j1lvy",
    "player": "Alex191727",
    "player_location": null,
    "region": null
  },
  {
    "id": "mejr192y",
    "player": "Luann_Gaming_",
    "player_location": "br",
    "region": "BRA / PAL"
  },
  {
    "id": "m33dv3dm",
    "player": "EliasF",
    "player_location": "fi",
    "region": "EUR / PAL"
  },
  {
    "id": "yl7k3lxm",
    "player": "Cobblestone_Channel",
    "player_location": "vn",
    "region": null
  },
  {
    "id": "y9v94lrm",
    "player": "DanielleLloyd_Gamer",
    "player_location": "vn",
    "region": null
  },
  {
    "id": "zp9g77gm",
    "player": "DanielJSpeedrunner",
    "player_location": "lt",
    "region": null
  },
  {
    "id": "mkdppwxy",
    "player": "TrashSpeedrunner_",
    "player_location": "id",
    "region": null
  },
  {
    "id": "m7638r0y",
    "player": "Little_G",
    "player_location": "cn",
    "region": null
  },
  {
    "id": "m76ve6ey",
    "player": "manhattan",
    "player_location": "bv",
    "region": "USA / NTSC"
  },
  {
    "id": "y2p6429z",
    "player": "daff",
    "player_location": "ru",
    "region": null
  },
  {
    "id": "yod9377m",
    "player": "Danimed",
    "player_location": "br",
    "region": "BRA / PAL"
  },
  {
    "id": "y2ex3lwy",
    "player": "ZaY_",
    "player_location": "gb/eng",
    "region": "EUR / PAL"
  },
  {
    "id": "y2ex14jy",
    "player": "N3blim",
    "player_location": null,
    "region": "EUR / PAL"
  },
  {
    "id": "yw63852m",
    "player": "itzAmayya",
    "player_location": "us",
    "region": null
  },
  {
    "id": "y8x6vjdm",
    "player": "Little_Q",
    "player_location": "cn",
    "region": "CHN / PAL"
  },
  {
    "id": "z5x89qny",
    "player": "BandicootMan",
    "player_location": "ro",
    "region": "EUR / PAL"
  },
  {
    "id": "m3ldw9wm",
    "player": "Rabbitfoot",
    "player_location": null,
    "region": "KOR / NTSC"
  },
  {
    "id": "mroqg12m",
    "player": "Sincho",
    "player_location": null,
    "region": "KOR / NTSC"
  }
]