[
  {
    "id": "7yl91v3y",
    "player": "LeCaradryan",
    "player_location": "fr",
    "region": "USA / NTSC"
  },
  {
    "id": "mexv229z",
    "player": "LeHulk",
    "player_location": "fr",
    "region": "USA / NTSC"
  },
  {
    "id": "pm3dxl4z",
    "player": "Fonzoide",
    "player_location": "cl",
    "region": "USA / NTSC"
  },
  {
    "id": "dy45xgdm",
    "player": "Suzaku",
    "player_location": null,
    "region": "USA / NTSC"
  },
  {
    "id": "z135pwjm",
    "player": "authorblues",
    "player_location": "us",
    "region": "USA / NTSC"
  },
  {
    "id": "0zn8e67z",
    "player": "Kakarichou",
    "player_location": null,
    "region": "JPN / NTSC"
  },
  {
    "id": "2yw1no3z",
    "player": "Yaposon",
    "player_location": null,
    "region": "JPN / NTSC"
  },
  {
    "id": "wzp0k2rm",
    "player": "supergeekgamer",
    "player_location": "ca",
    "region": "USA / NTSC"
  },
  {
    "id": "zx43895y",
    "player": "Kilieni",
    "player_location": "us",
    "region": "USA / NTSC"
  },
  {
    "id": "9mexv62z",
    "player": "Alowishus89",
    "player_location": "gb/nir",
    "region": "USA / NTSC"
  },
  {
    "id": "dy41182y",
    "player": "Binashole",
    "player_location": "ca/qc",
    "region": "JPN / NTSC"
  },
  {
    "id": "8yv3p06z",
    "player": "pyrQ",
    "player_location": "gr",
    "region": "USA / NTSC"
  },
  {
    "id": "0y65lqqz",
    "player": "vayarda",
    "player_location": "fr",
    "region": "USA / NTSC"
  },
  {
    "id": "9mr4704z",
    "player": "linkboss",
    "player_location": "fr",
    "region": "USA / NTSC"
  },
  {
    "id": "zgnl2jny",
    "player": "JoeDamillio",
    "player_location": "us",
    "region": "USA / NTSC"
  },
  {
    "id": "emkjvvvy",
    "player": "DarkLynx2130",
    "player_location": null,
    "region": "USA / NTSC"
  },
  {
    "id": "pyd91pqz",
    "player": "Asnodori",
    "player_location": "de",
    "region": "USA / NTSC"
  },
  {
    "id": "yd616eqz",
    "player": "RyuukaShinrai",
    "player_location": "de",
    "region": "USA / NTSC"
  },
  {
    "id": "7ylr9xky",
    "player": "Lastsincommited",
    "player_location": "us",
    "region": "USA / NTSC"
  },
  {
    "id": "9me4o72y",
    "player": "WeirdWaldo42",
    "player_location": "us",
    "region": "USA / NTSC"
  },
  {
    "id": "1zqj20rm",
    "player": "pcull44444",
    "player_location": "us",
    "region": "USA / NTSC"
  },
  {
    "id": "emkelpvm",
    "player": "RareDKC1",
    "player_location": "us",
    "region": "USA / NTSC"
  },
  {
    "id": "kz5vordm",
    "player": "Bagoms",
    "player_location": "us",
    "region": "USA / NTSC"
  },
  {
    "id": "8y8jq0nz",
    "player": "BakaRecca",
    "player_location": "se",
    "region": "USA / NTSC"
  },
  {
    "id": "y2q5ojwy",
    "player": "BMac_Attack_64",
    "player_location": "us",
    "region": "JPN / NTSC"
  },
  {
    "id": "oy207q9m",
    "player": "soborkid",
    "player_location": "fr",
    "region": "USA / NTSC"
  },
  {
    "id": "pzgqxkjy",
    "player": "Countdown",
    "player_location": "us",
    "region": "JPN / NTSC"
  },
  {
    "id": "0y6n9x0z",
    "player": "rjh",
    "player_location": "us",
    "region": "USA / NTSC"
  },
  {
    "id": "dy48kl2m",
    "player": "DodalHD",
    "player_location": "de",
    "region": "USA / NTSC"
  },
  {
    "id": "z0e9g2em",
    "player": "Ribbedkilla",
    "player_location": "us",
    "region": "USA / NTSC"
  },
  {
    "id": "8y8j74dz",
    "player": "TioJez",
    "player_location": "br",
    "region": "USA / NTSC"
  },
  {
    "id": "6yjpjw3y",
    "player": "MutenBrock",
    "player_location": "us",
    "region": "JPN / NTSC"
  },
  {
    "id": "z0e84n9m",
    "player": "pokefantom",
    "player_location": "us",
    "region": "JPN / NTSC"
  },
  {
    "id": "yojgv97m",
    "player": "TM",
    "player_location": "ca/qc",
    "region": "USA / NTSC"
  },
  {
    "id": "emkv761y",
    "player": "Blank",
    "player_location": "se",
    "region": "USA / NTSC"
  },
  {
    "id": "zq3jdl8y",
    "player": "mr_greenjeans",
    "player_location": "us",
    "region": "USA / NTSC"
  },
  {
    "id": "7yl6v3xy",
    "player": "goop.Q",
    "player_location": "de",
    "region": null
  },
  {
    "id": "zpq975xy",
    "player": "sparkover",
    "player_location": "ca",
    "region": "USA / NTSC"
  },
  {
    "id": "0zn28d9z",
    "player": "RSoki",
    "player_location": "br",
    "region": "USA / NTSC"
  },
  {
    "id": "pydk0ejm",
    "player": "tr0nb0nne",
    "player_location": "us",
    "region": "USA / NTSC"
  },
  {
    "id": "dy4l502z",
    "player": "koachkrab127",
    "player_location": "us",
    "region": "USA / NTSC"
  },
  {
    "id": "8y8pgvdz",
    "player": "mass-u",
    "player_location": "de",
    "region": "USA / NTSC"
  },
  {
    "id": "8y8o9d5m",
    "player": "roryextralife",
    "player_location": "gb/sct",
    "region": "USA / NTSC"
  },
  {
    "id": "pzg6n8em",
    "player": "Lawso42",
    "player_location": "us",
    "region": "USA / NTSC"
  },
  {
    "id": "y67ok7qm",
    "player": "MisterRadon",
    "player_location": "us",
    "region": "USA / NTSC"
  },
  {
    "id": "oy2r1v6m",
    "player": "GreenBomber",
    "player_location": "us",
    "region": "JPN / NTSC"
  },
  {
    "id": "8y8nkxny",
    "player": "mrcab55",
    "player_location": "us",
    "region": "USA / NTSC"
  },
  {
    "id": "9yo5eejz",
    "player": "Takuya",
    "player_location": "br",
    "region": "USA / NTSC"
  },
  {
    "id": "pm38d5wy",
    "player": "JessAilene",
    "player_location": "us",
    "region": "USA / NTSC"
  },
  {
    "id": "0y64n86m",
    "player": "SteveTheBull",
    "player_location": "us",
    "region": "USA / NTSC"
  },
  {
    "id": "7z04qojy",
    "player": "Unlimited_bears",
    "player_location": "us",
    "region": "USA / NTSC"
  },
  {
    "id": "zp0v0xxm",
    "player": "shmupforlife",
    "player_location": "br",
    "region": "USA / NTSC"
  },
  {
    "id": "z13369gm",
    "player": "JonnyKage",
    "player_location": "us",
    "region": "USA / NTSC"
  },
  {
    "id": "8y855pny",
    "player": "bluesaint",
    "player_location": "se",
    "region": null
  },
  {
    "id": "kz599wey",
    "player": "habsfrank",
    "player_location": "ca/qc",
    "region": "USA / NTSC"
  },
  {
    "id": "y97o3kem",
    "player": "LeBook",
    "player_location": null,
    "region": "USA / NTSC"
  },
  {
    "id": "zn84388z",
    "player": "Henjoness",
    "player_location": null,
    "region": "USA / NTSC"
  },
  {
    "id": "zxv439gy",
    "player": "SLICC_",
    "player_location": "us",
    "region": "USA / NTSC"
  },
  {
    "id": "mk42xjxy",
    "player": "enINFAMOUSvy",
    "player_location": "us",
    "region": "USA / NTSC"
  },
  {
    "id": "yj4866oy",
    "player": "JamWalker86",
    "player_location": "br",
    "region": "USA / NTSC"
  },
  {
    "id": "meko902m",
    "player": "dagronSR",
    "player_location": "ca",
    "region": "USA / NTSC"
  },
  {
    "id": "zn8kp69z",
    "player": "Julian",
    "player_location": null,
    "region": "USA / NTSC"
  },
  {
    "id": "yvg9rv8y",
    "player": "VogonPoet42",
    "player_location": "us",
    "region": "USA / NTSC"
  },
  {
    "id": "m3dg1q6z",
    "player": "Aetyate",
    "player_location": "us",
    "region": "USA / NTSC"
  },
  {
    "id": "mrq94kdy",
    "player": "assassinathan",
    "player_location": "ca",
    "region": "USA / NTSC"
  },
  {
    "id": "y67dv40m",
    "player": "spark",
    "player_location": "us",
    "region": null
  },
  {
    "id": "mek3jd8m",
    "player": "Dugongue",
    "player_location": "us",
    "region": "USA / NTSC"
  },
  {
    "id": "y670ovqm",
    "player": "Kodama_RBM",
    "player_location": "cx",
    "region": "USA / NTSC"
  },
  {
    "id": "zn8qo87z",
    "player": "Bluebomberimo",
    "player_location": "ca",
    "region": "USA / NTSC"
  },
  {
    "id": "ydqngpwm",
    "player": "EmojiMOON",
    "player_location": "fr",
    "region": "USA / NTSC"
  },
  {
    "id": "mr8ojl2y",
    "player": "LRock617",
    "player_location": "us",
    "region": null
  },
  {
    "id": "m3dk8vgz",
    "player": "RockslamX",
    "player_location": "br",
    "region": "USA / NTSC"
  },
  {
    "id": "yo40o30m",
    "player": "Liliaka",
    "player_location": "fr",
    "region": "EUR / PAL"
  },
  {
    "id": "zn89wd9z",
    "player": "MadMegaX381",
    "player_location": "us",
    "region": "USA / NTSC"
  },
  {
    "id": "z5xwrpdy",
    "player": "korbywright",
    "player_location": "ca/qc",
    "region": "USA / NTSC"
  },
  {
    "id": "zxv5gx5y",
    "player": "usedpizza",
    "player_location": "us",
    "region": "USA / NTSC"
  },
  {
    "id": "yj4652oy",
    "player": "xxxIndyxxx",
    "player_location": "nl",
    "region": "USA / NTSC"
  },
  {
    "id": "yd363gxz",
    "player": "HampyStrange",
    "player_location": "se",
    "region": "USA / NTSC"
  },
  {
    "id": "y67w4rpm",
    "player": "Dreedz2179",
    "player_location": "fr",
    "region": "USA / NTSC"
  },
  {
    "id": "y92r23kz",
    "player": "Tinnue",
    "player_location": "de",
    "region": "USA / NTSC"
  },
  {
    "id": "yw17npnz",
    "player": "infinitemystery",
    "player_location": null,
    "region": "USA / NTSC"
  },
  {
    "id": "yw194l9z",
    "player": "TheRadicalRoz",
    "player_location": "us",
    "region": "USA / NTSC"
  },
  {
    "id": "mr8xvedy",
    "player": "DREX",
    "player_location": "us",
    "region": "USA / NTSC"
  },
  {
    "id": "zpq7p0vy",
    "player": "tortadiego",
    "player_location": "us",
    "region": "USA / NTSC"
  },
  {
    "id": "zq33k28y",
    "player": "Anti_Aaron",
    "player_location": "us",
    "region": "USA / NTSC"
  },
  {
    "id": "z515nj5m",
    "player": "Liam_Atlas",
    "player_location": "us",
    "region": "USA / NTSC"
  },
  {
    "id": "mk94795z",
    "player": "emptysys",
    "player_location": "zw",
    "region": "USA / NTSC"
  },
  {
    "id": "y89qvkdm",
    "player": "Naked_Tonberry",
    "player_location": "us",
    "region": "USA / NTSC"
  },
  {
    "id": "y89vgndm",
    "player": "Dogveloper",
    "player_location": "br",
    "region": "USA / NTSC"
  },
  {
    "id": "zq97wn9y",
    "player": "Mc166",
    "player_location": "fr",
    "region": "USA / NTSC"
  },
  {
    "id": "y89jekwm",
    "player": "Meduka",
    "player_location": "br",
    "region": "JPN / NTSC"
  },
  {
    "id": "y6l7rnpy",
    "player": "kalarse",
    "player_location": "uy",
    "region": "USA / NTSC"
  },
  {
    "id": "y92vj7nz",
    "player": "Retroberra",
    "player_location": "se",
    "region": "USA / NTSC"
  },
  {
    "id": "z51x0rjm",
    "player": "Mannix86",
    "player_location": "ca",
    "region": null
  },
  {
    "id": "zx485pky",
    "player": "Narutyu",
    "player_location": "jp",
    "region": "JPN / NTSC"
  },
  {
    "id": "yj42k7dy",
    "player": "ty2358",
    "player_location": "us",
    "region": "USA / NTSC"
  },
  {
    "id": "z03j684z",
    "player": "JustLeeBelmont",
    "player_location": "pr",
    "region": "USA / NTSC"
  },
  {
    "id": "yj4w4xny",
    "player": "Max_gentleman",
    "player_location": "gb/sct",
    "region": "USA / NTSC"
  },
  {
    "id": "y2q2kg7y",
    "player": "silvshady",
    "player_location": "fr",
    "region": "USA / NTSC"
  },
  {
    "id": "yj3vd4oz",
    "player": "Bandaia",
    "player_location": "br",
    "region": "USA / NTSC"
  },
  {
    "id": "m7pol8em",
    "player": "DolphinDasher",
    "player_location": "us",
    "region": "USA / NTSC"
  },
  {
    "id": "yd3l7rwz",
    "player": "xenkaroshi",
    "player_location": "se",
    "region": "USA / NTSC"
  },
  {
    "id": "z03k5jez",
    "player": "leandrom90",
    "player_location": "br",
    "region": "USA / NTSC"
  },
  {
    "id": "zg79rqnz",
    "player": "NerdyNester",
    "player_location": "us",
    "region": "USA / NTSC"
  },
  {
    "id": "zxkr838m",
    "player": "ROTFLandmines",
    "player_location": "us",
    "region": "USA / NTSC"
  },
  {
    "id": "me8pe62m",
    "player": "Skinomarsh",
    "player_location": "ca/qc",
    "region": "USA / NTSC"
  },
  {
    "id": "yo2gv7dz",
    "player": "PrinceRemedy",
    "player_location": "us",
    "region": "USA / NTSC"
  },
  {
    "id": "zp44gjvz",
    "player": "thugkjj",
    "player_location": "br",
    "region": "USA / NTSC"
  },
  {
    "id": "y8122owz",
    "player": "Zekinoma",
    "player_location": "br",
    "region": "USA / NTSC"
  },
  {
    "id": "yj4nknny",
    "player": "Schweet",
    "player_location": "us",
    "region": "USA / NTSC"
  },
  {
    "id": "mrejj1gy",
    "player": "FlameChocobo",
    "player_location": "us",
    "region": "USA / NTSC"
  },
  {
    "id": "mrejwv7y",
    "player": "xxonenoobxx",
    "player_location": "br",
    "region": "USA / NTSC"
  },
  {
    "id": "y211d27z",
    "player": "AgonyZach",
    "player_location": "us",
    "region": "USA / NTSC"
  },
  {
    "id": "zqr1688y",
    "player": "WeakerYouth",
    "player_location": "us",
    "region": "USA / NTSC"
  },
  {
    "id": "mex9rk0z",
    "player": "ProfesorYax",
    "player_location": "mx",
    "region": "USA / NTSC"
  },
  {
    "id": "yj3gj2nz",
    "player": "Veigard",
    "player_location": "ca",
    "region": "USA / NTSC"
  },
  {
    "id": "y81dkqwz",
    "player": "Akyn_Feev",
    "player_location": "fr",
    "region": "EUR / PAL"
  },
  {
    "id": "zxko415m",
    "player": "FabianUnkreativ",
    "player_location": "de",
    "region": "USA / NTSC"
  },
  {
    "id": "zqrv4d9y",
    "player": "TheReProgram",
    "player_location": "us",
    "region": "USA / NTSC"
  },
  {
    "id": "m7q3nl5z",
    "player": "PMiller",
    "player_location": "us",
    "region": "USA / NTSC"
  },
  {
    "id": "ylk229kz",
    "player": "morgcl",
    "player_location": "us",
    "region": "USA / NTSC"
  },
  {
    "id": "y41xj9qy",
    "player": "SlowwwLoris",
    "player_location": "us",
    "region": "USA / NTSC"
  },
  {
    "id": "yvow9doz",
    "player": "zero_557",
    "player_location": "co",
    "region": "USA / NTSC"
  },
  {
    "id": "y82qodxy",
    "player": "inphamoustv",
    "player_location": "de",
    "region": "USA / NTSC"
  },
  {
    "id": "yod9n61m",
    "player": "LemonyLink",
    "player_location": "gb/eng",
    "region": "JPN / NTSC"
  },
  {
    "id": "z576o4jm",
    "player": "Swagmasta",
    "player_location": "us",
    "region": "USA / NTSC"
  },
  {
    "id": "mr9ke1dm",
    "player": "BambooShadow",
    "player_location": "de",
    "region": "USA / NTSC"
  },
  {
    "id": "me656j8z",
    "player": "Hen",
    "player_location": "de",
    "region": "USA / NTSC"
  },
  {
    "id": "zplwdjrm",
    "player": "Xzerox124",
    "player_location": "pe",
    "region": "USA / NTSC"
  },
  {
    "id": "zp8rqq8y",
    "player": "Jarbo",
    "player_location": "us",
    "region": "USA / NTSC"
  },
  {
    "id": "zpr1pnnm",
    "player": "ETWizard",
    "player_location": "us",
    "region": "USA / NTSC"
  },
  {
    "id": "y25k72wy",
    "player": "ColonelMucrab",
    "player_location": "us",
    "region": "USA / NTSC"
  },
  {
    "id": "zpr2d7rm",
    "player": "dustygriff",
    "player_location": "ca",
    "region": "USA / NTSC"
  },
  {
    "id": "zgw11rey",
    "player": "Chrisplayer",
    "player_location": "us",
    "region": "USA / NTSC"
  },
  {
    "id": "mk3042lz",
    "player": "smartalec24",
    "player_location": "us",
    "region": "USA / NTSC"
  },
  {
    "id": "zgwo3qvy",
    "player": "bzbajackiesparkles",
    "player_location": "us",
    "region": "USA / NTSC"
  },
  {
    "id": "mk3x201z",
    "player": "Jesus95",
    "player_location": "nl",
    "region": "EUR / PAL"
  },
  {
    "id": "y65k1jqz",
    "player": "MorKs",
    "player_location": "ca/qc",
    "region": "USA / NTSC"
  },
  {
    "id": "zn34en7y",
    "player": "Daddydino2",
    "player_location": "ca",
    "region": "USA / NTSC"
  },
  {
    "id": "yde0vkjm",
    "player": "LTigre6",
    "player_location": "us",
    "region": "USA / NTSC"
  },
  {
    "id": "z09xej4z",
    "player": "VitorAL",
    "player_location": "br",
    "region": "USA / NTSC"
  },
  {
    "id": "y8ro79nm",
    "player": "geekgamer38",
    "player_location": "ca",
    "region": "USA / NTSC"
  },
  {
    "id": "zplx00vm",
    "player": "Caskaboom",
    "player_location": "us",
    "region": "USA / NTSC"
  },
  {
    "id": "me76ln3y",
    "player": "FabricioKaz",
    "player_location": "br",
    "region": "USA / NTSC"
  },
  {
    "id": "z53463ny",
    "player": "Miss_Robot",
    "player_location": "de",
    "region": "EUR / PAL"
  },
  {
    "id": "ywd9w7pz",
    "player": "swiftkillakahn",
    "player_location": "ca",
    "region": "USA / NTSC"
  },
  {
    "id": "mrn4908y",
    "player": "Rayeo",
    "player_location": "us",
    "region": "USA / NTSC"
  },
  {
    "id": "znov9o8y",
    "player": "st4nzzz",
    "player_location": "ru",
    "region": "USA / NTSC"
  },
  {
    "id": "y9nolrez",
    "player": "Mapa589",
    "player_location": "de",
    "region": "USA / NTSC"
  },
  {
    "id": "yv2g076m",
    "player": "adpanteleev",
    "player_location": "ru",
    "region": "EUR / PAL"
  },
  {
    "id": "m3no604y",
    "player": "BoomBeatle3",
    "player_location": "ca",
    "region": "USA / NTSC"
  },
  {
    "id": "mk73v0vy",
    "player": "kryticalmind",
    "player_location": "br",
    "region": "USA / NTSC"
  },
  {
    "id": "y4269d3m",
    "player": "YoureWithStupid",
    "player_location": "ca/qc",
    "region": "USA / NTSC"
  },
  {
    "id": "ylo7o23y",
    "player": "jnich87",
    "player_location": "us",
    "region": "USA / NTSC"
  },
  {
    "id": "m7831n0z",
    "player": "Doomtap",
    "player_location": "ca",
    "region": "USA / NTSC"
  },
  {
    "id": "yw023qnm",
    "player": "jakefsomenumbers",
    "player_location": "us",
    "region": "USA / NTSC"
  },
  {
    "id": "znod8p3y",
    "player": "James_Mooney",
    "player_location": "us",
    "region": "USA / NTSC"
  },
  {
    "id": "yvr28p4z",
    "player": "Stigmat",
    "player_location": "vh",
    "region": "USA / NTSC"
  },
  {
    "id": "m379k5dz",
    "player": "t0zzle",
    "player_location": "ca",
    "region": "USA / NTSC"
  },
  {
    "id": "me7x0l8y",
    "player": "wolf_eat_dinner",
    "player_location": "us",
    "region": "USA / NTSC"
  },
  {
    "id": "y6dd2o1m",
    "player": "DAYNAROK",
    "player_location": "br",
    "region": "USA / NTSC"
  },
  {
    "id": "m7d7do9m",
    "player": "MDMArc420",
    "player_location": "ca/qc",
    "region": "USA / NTSC"
  },
  {
    "id": "y4r81vkz",
    "player": "beljn",
    "player_location": "ph",
    "region": "USA / NTSC"
  },
  {
    "id": "m3r312qm",
    "player": "tandylan",
    "player_location": "us",
    "region": "USA / NTSC"
  },
  {
    "id": "z0rjrqjz",
    "player": "FoxLisk",
    "player_location": "us",
    "region": "USA / NTSC"
  },
  {
    "id": "yjgdvpny",
    "player": "Jarmou",
    "player_location": "be",
    "region": "EUR / PAL"
  },
  {
    "id": "mkg1o51y",
    "player": "5upamayne",
    "player_location": "ca",
    "region": "USA / NTSC"
  },
  {
    "id": "me7pgl2y",
    "player": "KumaKhan22",
    "player_location": "us",
    "region": "USA / NTSC"
  },
  {
    "id": "z1rejl9m",
    "player": "MauRojas231",
    "player_location": "mx",
    "region": null
  },
  {
    "id": "yjg014oy",
    "player": "GrandMasterMario5000",
    "player_location": "ca",
    "region": "USA / NTSC"
  },
  {
    "id": "zgg521vz",
    "player": "daskeyzerlein",
    "player_location": "de",
    "region": "EUR / PAL"
  },
  {
    "id": "yvo4g58z",
    "player": "Beetonio",
    "player_location": "fr",
    "region": "USA / NTSC"
  },
  {
    "id": "mro8p7gm",
    "player": "crystalfos",
    "player_location": "us",
    "region": "USA / NTSC"
  },
  {
    "id": "yj5e9ggm",
    "player": "haruma",
    "player_location": "jp",
    "region": "JPN / NTSC"
  },
  {
    "id": "m7w9jv5z",
    "player": "TripleAce",
    "player_location": "us",
    "region": "USA / NTSC"
  },
  {
    "id": "y93qxwvy",
    "player": "Seedy",
    "player_location": "us",
    "region": "USA / NTSC"
  },
  {
    "id": "yjp4wv3y",
    "player": "FULGOR",
    "player_location": "ru",
    "region": "USA / NTSC"
  },
  {
    "id": "zqvxl68m",
    "player": "reallyhappysloth",
    "player_location": "de",
    "region": "USA / NTSC"
  },
  {
    "id": "y200d56m",
    "player": "4PMRetro",
    "player_location": "ca",
    "region": "USA / NTSC"
  },
  {
    "id": "mker7j1m",
    "player": "tonyy",
    "player_location": "br",
    "region": "USA / NTSC"
  },
  {
    "id": "zxn44xem",
    "player": "Tegron",
    "player_location": "pl",
    "region": "USA / NTSC"
  },
  {
    "id": "mke10vxm",
    "player": "MasterDK",
    "player_location": "br",
    "region": "USA / NTSC"
  },
  {
    "id": "ydwoq5qm",
    "player": "zangieforozimbo",
    "player_location": "br",
    "region": "USA / NTSC"
  },
  {
    "id": "zgd9j2ez",
    "player": "MikeDaTiger2004",
    "player_location": "us",
    "region": "USA / NTSC"
  },
  {
    "id": "zq743r5m",
    "player": "Yumashev",
    "player_location": "ru",
    "region": "USA / NTSC"
  },
  {
    "id": "zqe6pr5z",
    "player": "spyriel",
    "player_location": "fi",
    "region": "USA / NTSC"
  },
  {
    "id": "y8823e1y",
    "player": "CDLPiao",
    "player_location": "br",
    "region": "USA / NTSC"
  },
  {
    "id": "me3jrq9z",
    "player": "Demian_Neville",
    "player_location": "ua",
    "region": "USA / NTSC"
  },
  {
    "id": "z0pn8dey",
    "player": "Baloo",
    "player_location": "fr",
    "region": "EUR / PAL"
  },
  {
    "id": "zq72j45m",
    "player": "Hiuruki_Andre",
    "player_location": "br",
    "region": "USA / NTSC"
  },
  {
    "id": "zx7j1o8y",
    "player": "Contos",
    "player_location": "fr",
    "region": null
  },
  {
    "id": "z5x2d1ey",
    "player": "sYn",
    "player_location": "us",
    "region": "USA / NTSC"
  },
  {
    "id": "y2e2q07y",
    "player": "electricyellow",
    "player_location": "us",
    "region": "USA / NTSC"
  },
  {
    "id": "y4xlr4kz",
    "player": "Lairar",
    "player_location": "de",
    "region": "USA / NTSC"
  },
  {
    "id": "y8xn7x5m",
    "player": "DodgemasterDooley",
    "player_location": "us",
    "region": "USA / NTSC"
  },
  {
    "id": "yw6w7w0m",
    "player": "Ressurretro",
    "player_location": "us",
    "region": "USA / NTSC"
  },
  {
    "id": "z5xnp3ny",
    "player": "Luk30994",
    "player_location": "de",
    "region": "USA / NTSC"
  },
  {
    "id": "mkv4k05y",
    "player": "Asimiir",
    "player_location": "ca/qc",
    "region": "USA / NTSC"
  },
  {
    "id": "y6o7g96y",
    "player": "HowDoUPlay",
    "player_location": "us",
    "region": "USA / NTSC"
  },
  {
    "id": "ywv1ew3z",
    "player": "ZeliasTV",
    "player_location": "us",
    "region": "USA / NTSC"
  },
  {
    "id": "mkv9g0vy",
    "player": "SecondPlace92",
    "player_location": "us",
    "region": "USA / NTSC"
  },
  {
    "id": "y6orv41y",
    "player": "CrimzenJ",
    "player_location": "us",
    "region": "USA / NTSC"
  },
  {
    "id": "zg275wvy",
    "player": "Jair40",
    "player_location": "br",
    "region": "USA / NTSC"
  }
]