[
  {
    "id": "z1507p7y",
    "player": "Noobsaibot21",
    "player_location": "ie",
    "region": "JPN / NTSC"
  },
  {
    "id": "zgw6v1ey",
    "player": "TheWizardWhoSaysNi",
    "player_location": "fr",
    "region": "EUR / PAL"
  },
  {
    "id": "yok1x20z",
    "player": "s2s",
    "player_location": null,
    "region": "EUR / PAL"
  },
  {
    "id": "y91oxvnm",
    "player": "thetaffman",
    "player_location": "gb/wls",
    "region": "EUR / PAL"
  },
  {
    "id": "me60o62z",
    "player": "oobaazea",
    "player_location": "us",
    "region": "JPN / NTSC"
  },
  {
    "id": "z067ql4z",
    "player": "kyokugen_32x",
    "player_location": "jp",
    "region": "JPN / NTSC"
  },
  {
    "id": "zp3v87xm",
    "player": "Neeles",
    "player_location": null,
    "region": "EUR / PAL"
  },
  {
    "id": "zgrv35nm",
    "player": "AdamCarnage",
    "player_location": "gb/eng",
    "region": "EUR / PAL"
  },
  {
    "id": "yj5xd13m",
    "player": "canyou_beatme",
    "player_location": "gb/wls",
    "region": "EUR / PAL"
  },
  {
    "id": "ydw5x9vm",
    "player": "Janet",
    "player_location": null,
    "region": "JPN / NTSC"
  },
  {
    "id": "ydw1joxm",
    "player": "GemmaEuphoria",
    "player_location": "gb",
    "region": null
  },
  {
    "id": "ydwp7gjm",
    "player": "Sir_GG",
    "player_location": "eu",
    "region": "EUR / PAL"
  },
  {
    "id": "m3x8xw6m",
    "player": "Hezzuli",
    "player_location": "fi",
    "region": null
  },
  {
    "id": "me1wr08y",
    "player": "Dxrpy",
    "player_location": "au",
    "region": null
  },
  {
    "id": "z520wvjz",
    "player": "ferguuuuuu",
    "player_location": "gb/eng",
    "region": "EUR / PAL"
  },
  {
    "id": "y9vp8xem",
    "player": "kazey77",
    "player_location": "fr",
    "region": "EUR / PAL"
  },
  {
    "id": "y8xx235m",
    "player": "fowler",
    "player_location": "br",
    "region": null
  },
  {
    "id": "mkvll6ly",
    "player": "RubyRoid",
    "player_location": "cy",
    "region": "USA / NTSC"
  }
]