[
  {
    "id": "2yw713z4",
    "player": "benstephens56",
    "player_location": "us",
    "region": "USA / NTSC"
  },
  {
    "id": "6yjvkdyd",
    "player": "Bonesaw577",
    "player_location": "ca",
    "region": "USA / NTSC"
  },
  {
    "id": "pzg0nem2",
    "player": "RinKagamine1",
    "player_location": "gb/eng",
    "region": "EUR / PAL"
  },
  {
    "id": "mr64987m",
    "player": "Riidolsk",
    "player_location": "us",
    "region": "USA / NTSC"
  },
  {
    "id": "m7pe9n4m",
    "player": "Nerd_Squared",
    "player_location": "us",
    "region": "USA / NTSC"
  },
  {
    "id": "0zn1gv3m",
    "player": "MarvJungs",
    "player_location": "de",
    "region": "EUR / PAL"
  },
  {
    "id": "0zn1l49m",
    "player": "SirRouven",
    "player_location": "de",
    "region": "EUR / PAL"
  },
  {
    "id": "9me1vg3y",
    "player": "PKFrenchi",
    "player_location": "mx",
    "region": "USA / NTSC"
  },
  {
    "id": "wzpg0vxz",
    "player": "[jp]\u30aa\u30ec\u3059\u3051",
    "player_location": null,
    "region": "JPN / NTSC"
  },
  {
    "id": "7yln04xz",
    "player": "[fr]Dr_Goomba",
    "player_location": null,
    "region": "EUR / PAL"
  },
  {
    "id": "zq63298y",
    "player": "[us]Benjamin (Miiverse)",
    "player_location": null,
    "region": "USA / NTSC"
  },
  {
    "id": "8yv8lkem",
    "player": "[us]jackman (Miiverse)",
    "player_location": null,
    "region": "USA / NTSC"
  },
  {
    "id": "6yj2x73m",
    "player": "[us]jackman",
    "player_location": null,
    "region": "USA / NTSC"
  },
  {
    "id": "y21dne6z",
    "player": "[it]Berkut",
    "player_location": null,
    "region": "EUR / PAL"
  },
  {
    "id": "1zxnq18m",
    "player": "[fr]Loris75",
    "player_location": null,
    "region": "EUR / PAL"
  },
  {
    "id": "yw1pg73z",
    "player": "[jp]\u30e2\u30fc\u30bc\u30d5",
    "player_location": null,
    "region": "JPN / NTSC"
  },
  {
    "id": "wzpojknm",
    "player": "FloofyGoat",
    "player_location": "us",
    "region": "USA / NTSC"
  },
  {
    "id": "0y64q0jm",
    "player": "GaryTheGyrados",
    "player_location": "us",
    "region": "USA / NTSC"
  },
  {
    "id": "7ylgl4xm",
    "player": "Koopary",
    "player_location": null,
    "region": "USA / NTSC"
  },
  {
    "id": "1zqx8v9y",
    "player": "LosvikeN",
    "player_location": "no",
    "region": "EUR / PAL"
  },
  {
    "id": "z0e2kr9m",
    "player": "Banananana",
    "player_location": "us",
    "region": "USA / NTSC"
  },
  {
    "id": "zn83vj3z",
    "player": "DiamondsRealmGaming",
    "player_location": "us",
    "region": "USA / NTSC"
  },
  {
    "id": "me640d2z",
    "player": "StarlightKick",
    "player_location": "us",
    "region": "USA / NTSC"
  },
  {
    "id": "z13wgv9m",
    "player": "Lucarr10",
    "player_location": "gb/eng",
    "region": "EUR / PAL"
  },
  {
    "id": "m3dr5k6z",
    "player": "Shicely",
    "player_location": "ca",
    "region": "USA / NTSC"
  },
  {
    "id": "m3drg06z",
    "player": "AtomicHex",
    "player_location": null,
    "region": "USA / NTSC"
  },
  {
    "id": "mrq1062y",
    "player": "ZelSR",
    "player_location": "us",
    "region": "USA / NTSC"
  },
  {
    "id": "mrq1d47y",
    "player": "Truthified",
    "player_location": "us",
    "region": "USA / NTSC"
  },
  {
    "id": "y67dje6m",
    "player": "bionic_link",
    "player_location": "us",
    "region": "USA / NTSC"
  },
  {
    "id": "m3d346wz",
    "player": "MM720",
    "player_location": "no",
    "region": "EUR / PAL"
  },
  {
    "id": "z0306g9z",
    "player": "Gabrio",
    "player_location": "mc",
    "region": "EUR / PAL"
  },
  {
    "id": "mek0dk8m",
    "player": "Isaq21",
    "player_location": "se",
    "region": "USA / NTSC"
  },
  {
    "id": "y67q8p1m",
    "player": "DS_Boss77",
    "player_location": "us",
    "region": "USA / NTSC"
  },
  {
    "id": "yl9l2vky",
    "player": "Krafterdudes",
    "player_location": "us",
    "region": "USA / NTSC"
  },
  {
    "id": "yokq0o1z",
    "player": "FlairSRL",
    "player_location": "us",
    "region": "USA / NTSC"
  },
  {
    "id": "y97dw1km",
    "player": "Lukasmbraga",
    "player_location": "ca",
    "region": "USA / NTSC"
  },
  {
    "id": "y678w31m",
    "player": "SilentLuna",
    "player_location": "us",
    "region": "USA / NTSC"
  },
  {
    "id": "mk9wkq5z",
    "player": "LandonTheSpeedrunner",
    "player_location": "us",
    "region": "USA / NTSC"
  },
  {
    "id": "zq6lkl8y",
    "player": "JJ1515",
    "player_location": "us",
    "region": "USA / NTSC"
  },
  {
    "id": "y23l5qwm",
    "player": "Cool3rcam",
    "player_location": "us",
    "region": "USA / NTSC"
  },
  {
    "id": "yo24x45z",
    "player": "Ninjacop",
    "player_location": "us",
    "region": "USA / NTSC"
  },
  {
    "id": "y927pgkz",
    "player": "Ninpalk",
    "player_location": "us",
    "region": "JPN / NTSC"
  },
  {
    "id": "y9xv2e2y",
    "player": "RexBmx",
    "player_location": "us",
    "region": "USA / NTSC"
  },
  {
    "id": "y8910v5m",
    "player": "Dangerless",
    "player_location": "us",
    "region": "USA / NTSC"
  },
  {
    "id": "y6plo61m",
    "player": "halloweeniez",
    "player_location": "us",
    "region": "USA / NTSC"
  },
  {
    "id": "m3o1q7wm",
    "player": "AverageLucario",
    "player_location": "us",
    "region": "USA / NTSC"
  },
  {
    "id": "yd350p0z",
    "player": "ArthurOww",
    "player_location": "fr",
    "region": "EUR / PAL"
  },
  {
    "id": "m3o5el6m",
    "player": "dlvrd",
    "player_location": "it",
    "region": "EUR / PAL"
  },
  {
    "id": "yd309p0z",
    "player": "TicTacBean",
    "player_location": "gb/wls",
    "region": "EUR / PAL"
  },
  {
    "id": "m3onk0dm",
    "player": "Not.Death",
    "player_location": "ca",
    "region": "USA / NTSC"
  },
  {
    "id": "me844o3m",
    "player": "SH0CKWAVE",
    "player_location": "gb/eng",
    "region": "EUR / PAL"
  },
  {
    "id": "me8j9o0m",
    "player": "BigAds",
    "player_location": "gb",
    "region": "EUR / PAL"
  },
  {
    "id": "zg7d18dz",
    "player": "thehunterhack",
    "player_location": "aw",
    "region": "EUR / PAL"
  },
  {
    "id": "y6pxjg0m",
    "player": "Akainu913",
    "player_location": "gb/eng",
    "region": "EUR / PAL"
  },
  {
    "id": "znqprp7z",
    "player": "Vicious",
    "player_location": "us",
    "region": "USA / NTSC"
  },
  {
    "id": "mk9oq91z",
    "player": "AidenKT",
    "player_location": "us",
    "region": "USA / NTSC"
  },
  {
    "id": "z516ewgm",
    "player": "poltersucc",
    "player_location": "us",
    "region": "USA / NTSC"
  },
  {
    "id": "m31kr8wz",
    "player": "Arkow",
    "player_location": "fr",
    "region": "EUR / PAL"
  },
  {
    "id": "zpl0xjgm",
    "player": "Slippi_luigi",
    "player_location": "us",
    "region": "USA / NTSC"
  },
  {
    "id": "yd632kxz",
    "player": "TNT63",
    "player_location": "fr",
    "region": "EUR / PAL"
  },
  {
    "id": "zxk1998m",
    "player": "Saria_100",
    "player_location": "us",
    "region": "JPN / NTSC"
  },
  {
    "id": "yoj3g61m",
    "player": "ShadowDrax",
    "player_location": "us",
    "region": "USA / NTSC"
  },
  {
    "id": "y6l68njy",
    "player": "Depa",
    "player_location": "it",
    "region": "EUR / PAL"
  },
  {
    "id": "mex1vd3z",
    "player": "waz00",
    "player_location": "de",
    "region": "EUR / PAL"
  },
  {
    "id": "z57gw8jm",
    "player": "Funcky",
    "player_location": "us",
    "region": "USA / NTSC"
  },
  {
    "id": "yv275kxm",
    "player": "Starry_Eve",
    "player_location": "do",
    "region": "USA / NTSC"
  },
  {
    "id": "y259ogjy",
    "player": "Midouri",
    "player_location": "us",
    "region": "USA / NTSC"
  },
  {
    "id": "y65e4v6z",
    "player": "Butter101",
    "player_location": "us",
    "region": "USA / NTSC"
  },
  {
    "id": "yj5j21om",
    "player": "StewieY",
    "player_location": "be",
    "region": "EUR / PAL"
  },
  {
    "id": "znkrw6lz",
    "player": "Wii\u00e4Boo",
    "player_location": "us",
    "region": "USA / NTSC"
  },
  {
    "id": "z5j0eqjm",
    "player": "Bowsitos003",
    "player_location": "pr",
    "region": "USA / NTSC"
  },
  {
    "id": "meo6989z",
    "player": "Inkling97",
    "player_location": "us",
    "region": "USA / NTSC"
  },
  {
    "id": "znk08j9z",
    "player": "GZ",
    "player_location": null,
    "region": "USA / NTSC"
  },
  {
    "id": "zgwr5lvy",
    "player": "Liamassassin1",
    "player_location": "us",
    "region": "USA / NTSC"
  },
  {
    "id": "zqw9x98z",
    "player": "Crazy_8_The_Ace",
    "player_location": "us",
    "region": "USA / NTSC"
  },
  {
    "id": "yv94qd8z",
    "player": "BagOfMagicFood",
    "player_location": "us",
    "region": "USA / NTSC"
  },
  {
    "id": "mrkl8r7y",
    "player": "Korebi41",
    "player_location": null,
    "region": "EUR / PAL"
  },
  {
    "id": "znkvndvz",
    "player": "Yeethawed64",
    "player_location": null,
    "region": "USA / NTSC"
  },
  {
    "id": "z5j87kgm",
    "player": "Ezakt",
    "player_location": "us",
    "region": "USA / NTSC"
  },
  {
    "id": "yv6x6g8z",
    "player": "Dragon348",
    "player_location": "us",
    "region": "USA / NTSC"
  },
  {
    "id": "m77q4k0m",
    "player": "Splazergames",
    "player_location": "us",
    "region": "USA / NTSC"
  },
  {
    "id": "y8vlek5z",
    "player": "AmeJade",
    "player_location": "ca",
    "region": "USA / NTSC"
  },
  {
    "id": "mrk0drgy",
    "player": "Rafft",
    "player_location": "ch",
    "region": "EUR / PAL"
  },
  {
    "id": "zgw4ed0y",
    "player": "pakje-yoghurt",
    "player_location": "nl",
    "region": "EUR / PAL"
  },
  {
    "id": "z1xn68gm",
    "player": "SunnyUT",
    "player_location": "de",
    "region": "EUR / PAL"
  },
  {
    "id": "mrkglv7y",
    "player": "XiuLater",
    "player_location": "ca",
    "region": "USA / NTSC"
  },
  {
    "id": "z0lp1doz",
    "player": "blarz",
    "player_location": "us",
    "region": "USA / NTSC"
  },
  {
    "id": "ylkg6xkz",
    "player": "fairsd",
    "player_location": "us",
    "region": "USA / NTSC"
  },
  {
    "id": "yv1x7jey",
    "player": "Derp_Hurricane",
    "player_location": "us",
    "region": "USA / NTSC"
  },
  {
    "id": "z15ww89y",
    "player": "Marcalona",
    "player_location": "nl",
    "region": "EUR / PAL"
  },
  {
    "id": "zxd9leky",
    "player": "Firestarrox",
    "player_location": "us",
    "region": "USA / NTSC"
  },
  {
    "id": "z537qedy",
    "player": "TwistedElf6966",
    "player_location": "us",
    "region": "USA / NTSC"
  },
  {
    "id": "y91xn0em",
    "player": "thqwibble",
    "player_location": "us",
    "region": "USA / NTSC"
  },
  {
    "id": "y6684w0y",
    "player": "Robert08",
    "player_location": "ca",
    "region": "USA / NTSC"
  },
  {
    "id": "y2de74wz",
    "player": "aboutaboot",
    "player_location": "ca",
    "region": "USA / NTSC"
  },
  {
    "id": "zn3v527y",
    "player": "CalamityYT",
    "player_location": null,
    "region": "USA / NTSC"
  },
  {
    "id": "zxd3pg8y",
    "player": "Serce",
    "player_location": "fr",
    "region": "EUR / PAL"
  },
  {
    "id": "z1o6vvjm",
    "player": "ChillyCheepCheep",
    "player_location": "us",
    "region": "USA / NTSC"
  },
  {
    "id": "mk8o88lm",
    "player": "DirtyKlutz1",
    "player_location": null,
    "region": "USA / NTSC"
  },
  {
    "id": "zxd570qy",
    "player": "StellarAstra",
    "player_location": "us",
    "region": "USA / NTSC"
  },
  {
    "id": "m78ln4wz",
    "player": "MasKingDark",
    "player_location": null,
    "region": "USA / NTSC"
  },
  {
    "id": "yv2099om",
    "player": "BassBoneNick",
    "player_location": "us",
    "region": "USA / NTSC"
  },
  {
    "id": "m78wxd0z",
    "player": "GlueStikk",
    "player_location": "us",
    "region": "USA / NTSC"
  },
  {
    "id": "yo9pv61y",
    "player": "Unknown08",
    "player_location": "us",
    "region": "USA / NTSC"
  },
  {
    "id": "zqgj74xm",
    "player": "piranharoni",
    "player_location": "gb/eng",
    "region": "EUR / PAL"
  },
  {
    "id": "ylr9k2xy",
    "player": "Viscose",
    "player_location": "us",
    "region": "USA / NTSC"
  },
  {
    "id": "z06q9d8z",
    "player": "jim_rusty",
    "player_location": "us",
    "region": "USA / NTSC"
  },
  {
    "id": "yw0o8rpm",
    "player": "LittleQueenie",
    "player_location": "br",
    "region": "USA / NTSC"
  },
  {
    "id": "znodl48y",
    "player": "FairyDoesGaming",
    "player_location": "us",
    "region": "USA / NTSC"
  },
  {
    "id": "z50w7gny",
    "player": "Pepsi_Cola_9",
    "player_location": "us",
    "region": "USA / NTSC"
  },
  {
    "id": "ylr0vrky",
    "player": "Sannoxx",
    "player_location": "fr",
    "region": "EUR / PAL"
  },
  {
    "id": "y6do2xpm",
    "player": "Davide",
    "player_location": "us",
    "region": "USA / NTSC"
  },
  {
    "id": "y271kq7z",
    "player": "MJB20077",
    "player_location": "us",
    "region": "USA / NTSC"
  },
  {
    "id": "m7x0j2wy",
    "player": "maxattax",
    "player_location": "aq",
    "region": "USA / NTSC"
  },
  {
    "id": "zq1pj58m",
    "player": "Zanza_Klaus",
    "player_location": "us",
    "region": "USA / NTSC"
  },
  {
    "id": "yorq64dy",
    "player": "hoboworm",
    "player_location": "us",
    "region": "USA / NTSC"
  },
  {
    "id": "y69p1v0y",
    "player": "Germanbeavers",
    "player_location": "us",
    "region": "USA / NTSC"
  },
  {
    "id": "yde1k4wm",
    "player": "junebird24",
    "player_location": "us",
    "region": "USA / NTSC"
  },
  {
    "id": "zq9jdjxy",
    "player": "Retroflex",
    "player_location": "gb",
    "region": "EUR / PAL"
  },
  {
    "id": "zgrrdwnm",
    "player": "HIKARU",
    "player_location": "kr",
    "region": "KOR / NTSC"
  },
  {
    "id": "mk5djlxm",
    "player": "Marctendo",
    "player_location": "de",
    "region": "EUR / PAL"
  },
  {
    "id": "y272829z",
    "player": "max_froids",
    "player_location": "fr",
    "region": "EUR / PAL"
  },
  {
    "id": "zn7rn77m",
    "player": "Snom_Cubbed",
    "player_location": null,
    "region": "EUR / PAL"
  },
  {
    "id": "m77l9p9m",
    "player": "Pikminmaster",
    "player_location": "gb/eng",
    "region": "EUR / PAL"
  },
  {
    "id": "mkeleqvm",
    "player": "Arget_Lam",
    "player_location": "us",
    "region": "USA / NTSC"
  },
  {
    "id": "y6n7ov1z",
    "player": "FlexPappy",
    "player_location": "gb/eng",
    "region": "EUR / PAL"
  },
  {
    "id": "ylekoo3z",
    "player": "GoldenYoshistar1",
    "player_location": "us",
    "region": "USA / NTSC"
  },
  {
    "id": "z125lkgy",
    "player": "faasai123",
    "player_location": "th",
    "region": "USA / NTSC"
  },
  {
    "id": "z12pv9gy",
    "player": "Bryandopoes",
    "player_location": "nl",
    "region": null
  },
  {
    "id": "z0ojwljz",
    "player": "Ventu3",
    "player_location": "fi",
    "region": "EUR / PAL"
  },
  {
    "id": "yvqxo7em",
    "player": "Tanookduke",
    "player_location": "us",
    "region": "USA / NTSC"
  },
  {
    "id": "z124wg9y",
    "player": "Chuggarocks",
    "player_location": "us",
    "region": "USA / NTSC"
  },
  {
    "id": "zgpx3nvz",
    "player": "Lecheislit",
    "player_location": "us",
    "region": "USA / NTSC"
  },
  {
    "id": "yddqr7vy",
    "player": "Blobber",
    "player_location": "ie",
    "region": "EUR / PAL"
  },
  {
    "id": "yddd570y",
    "player": "Brandondaspeedrunner",
    "player_location": null,
    "region": "USA / NTSC"
  },
  {
    "id": "me30q38z",
    "player": "Shqd0wZ_",
    "player_location": "nl",
    "region": "EUR / PAL"
  },
  {
    "id": "ywv49gnz",
    "player": "Javenbaven12",
    "player_location": null,
    "region": "USA / NTSC"
  },
  {
    "id": "zgq5dony",
    "player": "NotLoopyy",
    "player_location": "us",
    "region": "USA / NTSC"
  },
  {
    "id": "zpd196gz",
    "player": "CartB01",
    "player_location": "us",
    "region": "USA / NTSC"
  },
  {
    "id": "zq983wry",
    "player": "Lvatcher90",
    "player_location": null,
    "region": "USA / NTSC"
  },
  {
    "id": "y6x1e6py",
    "player": "GuardianGamer1",
    "player_location": null,
    "region": null
  },
  {
    "id": "znq5kjlz",
    "player": "Vgirl248",
    "player_location": null,
    "region": "USA / NTSC"
  },
  {
    "id": "zq9lvlxy",
    "player": "JayPredictable",
    "player_location": "gb/eng",
    "region": "EUR / PAL"
  },
  {
    "id": "zpdj608z",
    "player": "tonykoutas11",
    "player_location": null,
    "region": null
  },
  {
    "id": "znj3389m",
    "player": "RossGames",
    "player_location": "ca",
    "region": "USA / NTSC"
  },
  {
    "id": "zxnd2n5m",
    "player": "Luke_Lith",
    "player_location": "de",
    "region": "EUR / PAL"
  }
]