[
  {
    "id": "dy4d3x3y",
    "player": "PojeBunny",
    "player_location": "pl",
    "region": null
  },
  {
    "id": "pm3pe4qz",
    "player": "Sixene",
    "player_location": "hu",
    "region": "EUR / PAL"
  },
  {
    "id": "8yvwdw4m",
    "player": "Kuru",
    "player_location": "at",
    "region": "EUR / PAL"
  },
  {
    "id": "mre779dy",
    "player": "Speedbooster27",
    "player_location": "de",
    "region": "EUR / PAL"
  },
  {
    "id": "yjkwkp3m",
    "player": "Kiinako",
    "player_location": "lv",
    "region": null
  },
  {
    "id": "zpqqkexy",
    "player": "easyaxess007",
    "player_location": "gb/eng",
    "region": "EUR / PAL"
  },
  {
    "id": "yw1pjqpz",
    "player": "Lonne",
    "player_location": "gb/sct",
    "region": "EUR / PAL"
  },
  {
    "id": "yvgjol8y",
    "player": "Poshact",
    "player_location": "us",
    "region": "USA / NTSC"
  },
  {
    "id": "m3dg6kgz",
    "player": "ViGadeomes",
    "player_location": "fr",
    "region": "EUR / PAL"
  },
  {
    "id": "zpqr26vy",
    "player": "jv",
    "player_location": "fr",
    "region": null
  },
  {
    "id": "z130j5rm",
    "player": "Sylla929",
    "player_location": "gb/eng",
    "region": "EUR / PAL"
  },
  {
    "id": "yo4j015m",
    "player": "Giovanny",
    "player_location": null,
    "region": "USA / NTSC"
  },
  {
    "id": "zx46jq5y",
    "player": "BigRex",
    "player_location": "pl",
    "region": "EUR / PAL"
  },
  {
    "id": "zp4qo3vz",
    "player": "Maybell_Eigenhart",
    "player_location": "nl",
    "region": "EUR / PAL"
  },
  {
    "id": "y8qvd35y",
    "player": "Proenke",
    "player_location": "de",
    "region": "EUR / PAL"
  },
  {
    "id": "y2qpnk5y",
    "player": "SandroXiX",
    "player_location": "rs",
    "region": "EUR / PAL"
  },
  {
    "id": "m3de5r4z",
    "player": "Kapien",
    "player_location": "pl",
    "region": "EUR / PAL"
  },
  {
    "id": "mk7p195y",
    "player": "ItzSamOnPC",
    "player_location": "gb/eng",
    "region": "EUR / PAL"
  },
  {
    "id": "y23g1k6m",
    "player": "Michael_p",
    "player_location": "pl",
    "region": "EUR / PAL"
  },
  {
    "id": "zxv3wd5y",
    "player": "Seven",
    "player_location": "fr",
    "region": null
  },
  {
    "id": "y2383g9m",
    "player": "notthepresident",
    "player_location": "us",
    "region": "USA / NTSC"
  },
  {
    "id": "zp4wddvz",
    "player": "TheHitman3D",
    "player_location": "de",
    "region": null
  },
  {
    "id": "yo45q17m",
    "player": "Klaqz",
    "player_location": "de",
    "region": "EUR / PAL"
  },
  {
    "id": "m7p1v4em",
    "player": "MCGA",
    "player_location": "us",
    "region": "USA / NTSC"
  },
  {
    "id": "m7p986em",
    "player": "Berker95",
    "player_location": "tr",
    "region": "EUR / PAL"
  },
  {
    "id": "m3oo5n4m",
    "player": "Andr3wThe0nly",
    "player_location": "sk",
    "region": "EUR / PAL"
  },
  {
    "id": "zn447j3m",
    "player": "ImZephyrian",
    "player_location": "us",
    "region": "USA / NTSC"
  },
  {
    "id": "y8181g5z",
    "player": "JackProudbottom",
    "player_location": "us",
    "region": "USA / NTSC"
  },
  {
    "id": "mr801q8y",
    "player": "Torretto",
    "player_location": "nl",
    "region": "EUR / PAL"
  },
  {
    "id": "yv38oo8z",
    "player": "DoVe_7",
    "player_location": "ba",
    "region": "EUR / PAL"
  },
  {
    "id": "z034edoz",
    "player": "TheShyShadow1",
    "player_location": "de",
    "region": "EUR / PAL"
  },
  {
    "id": "me8qxo9m",
    "player": "Deimousxo",
    "player_location": "at",
    "region": "EUR / PAL"
  },
  {
    "id": "ylknevnz",
    "player": "P_Cuda",
    "player_location": "no",
    "region": "EUR / PAL"
  },
  {
    "id": "y211ko5z",
    "player": "onzarwadabun",
    "player_location": "us",
    "region": "USA / NTSC"
  },
  {
    "id": "y812295z",
    "player": "nihilissttt",
    "player_location": "gb/eng",
    "region": null
  },
  {
    "id": "y6lr0j0y",
    "player": "Sleeper47",
    "player_location": "my",
    "region": null
  },
  {
    "id": "znr0rely",
    "player": "Mario_2105",
    "player_location": "de",
    "region": "EUR / PAL"
  },
  {
    "id": "zqrgppxy",
    "player": "Caverito",
    "player_location": "br",
    "region": null
  },
  {
    "id": "m31x7k6z",
    "player": "PureLioness",
    "player_location": "gb",
    "region": "EUR / PAL"
  },
  {
    "id": "zgk251ey",
    "player": "traz64",
    "player_location": "us",
    "region": "USA / NTSC"
  },
  {
    "id": "z1jv4nwz",
    "player": "m0nsoon",
    "player_location": "gb/eng",
    "region": "EUR / PAL"
  },
  {
    "id": "y41n4eny",
    "player": "CyberneticKing",
    "player_location": "us",
    "region": "USA / NTSC"
  },
  {
    "id": "y41v22ky",
    "player": "Dubious_Challenger",
    "player_location": "us",
    "region": "USA / NTSC"
  },
  {
    "id": "yj3rpg7z",
    "player": "Master-Kuruk",
    "player_location": "us",
    "region": null
  },
  {
    "id": "mrepp37y",
    "player": "Seluxity",
    "player_location": "ru",
    "region": null
  },
  {
    "id": "yj3vgnoz",
    "player": "Nittro",
    "player_location": "fi",
    "region": null
  },
  {
    "id": "y8148ewz",
    "player": "GuardJaeger",
    "player_location": "fi",
    "region": "EUR / PAL"
  },
  {
    "id": "yj30kknz",
    "player": "Flavy9",
    "player_location": "ro",
    "region": null
  },
  {
    "id": "m35ov5gy",
    "player": "NekoLover228",
    "player_location": "by",
    "region": null
  },
  {
    "id": "yv9j2loz",
    "player": "Aphelion-",
    "player_location": "id",
    "region": null
  },
  {
    "id": "zpr24qgm",
    "player": "Konasumi",
    "player_location": "us",
    "region": "USA / NTSC"
  },
  {
    "id": "zx266d5m",
    "player": "Xuio007",
    "player_location": "gb/eng",
    "region": null
  },
  {
    "id": "yd5w9p0m",
    "player": "Hotman",
    "player_location": "cr",
    "region": null
  },
  {
    "id": "y2581e6y",
    "player": "Palinden",
    "player_location": "cn",
    "region": null
  },
  {
    "id": "y4wx5qqm",
    "player": "fabiotp",
    "player_location": "br",
    "region": "USA / NTSC"
  },
  {
    "id": "yv6x11xz",
    "player": "HEELRobert",
    "player_location": "ph",
    "region": "EUR / PAL"
  },
  {
    "id": "y42qk7nm",
    "player": "VadimS3C",
    "player_location": "ua",
    "region": "EUR / PAL"
  },
  {
    "id": "yok1qk0z",
    "player": "DerpenDova",
    "player_location": "us",
    "region": "USA / NTSC"
  },
  {
    "id": "mr989g4m",
    "player": "Praxks",
    "player_location": "ru",
    "region": null
  },
  {
    "id": "ywd4gd2z",
    "player": "KerbHunter",
    "player_location": "au",
    "region": null
  },
  {
    "id": "yv926xxz",
    "player": "UDP_EddieLee",
    "player_location": "cn",
    "region": null
  },
  {
    "id": "me668gqz",
    "player": "Moonshine",
    "player_location": "nl",
    "region": "EUR / PAL"
  },
  {
    "id": "zn338qvy",
    "player": "J0nny0",
    "player_location": null,
    "region": "EUR / PAL"
  },
  {
    "id": "ywdq49pz",
    "player": "Nik1t0s",
    "player_location": "ru",
    "region": null
  },
  {
    "id": "yo3p2g7y",
    "player": "Haztol",
    "player_location": "ar",
    "region": "USA / NTSC"
  },
  {
    "id": "yo3p747y",
    "player": "Asakura300ZX",
    "player_location": "ar",
    "region": "USA / NTSC"
  },
  {
    "id": "y6rx83qy",
    "player": "TechX",
    "player_location": "us",
    "region": "USA / NTSC"
  },
  {
    "id": "mk7782vy",
    "player": "ReeseFS",
    "player_location": "by",
    "region": null
  },
  {
    "id": "zx6gnvgz",
    "player": "TedGN",
    "player_location": "bg",
    "region": "EUR / PAL"
  },
  {
    "id": "yj6ejqdz",
    "player": "Reu_IDH",
    "player_location": "ph",
    "region": null
  },
  {
    "id": "yd0xj1qz",
    "player": "AtomicCaleb",
    "player_location": "au",
    "region": null
  },
  {
    "id": "y6rkw71y",
    "player": "DinGOBY",
    "player_location": "by",
    "region": null
  },
  {
    "id": "y9n9622z",
    "player": "lavavex",
    "player_location": "us",
    "region": "USA / NTSC"
  },
  {
    "id": "yj1gl5dy",
    "player": "WildFrankerZ",
    "player_location": "us",
    "region": null
  },
  {
    "id": "znoewk9y",
    "player": "vitoscaletta254",
    "player_location": "hr",
    "region": "EUR / PAL"
  },
  {
    "id": "yv2nxv8m",
    "player": "Zoreo",
    "player_location": "us",
    "region": "USA / NTSC"
  },
  {
    "id": "z1803jjy",
    "player": "HarrisOng",
    "player_location": "my",
    "region": null
  },
  {
    "id": "y2vljjwz",
    "player": "ULTRACOMFY",
    "player_location": "eu",
    "region": "EUR / PAL"
  },
  {
    "id": "y8dqg6wz",
    "player": "Gman369",
    "player_location": "lb",
    "region": "USA / NTSC"
  },
  {
    "id": "m7dpd95m",
    "player": "Mwman719",
    "player_location": "us",
    "region": "USA / NTSC"
  },
  {
    "id": "mr14wpdz",
    "player": "MrMario",
    "player_location": "lb",
    "region": "USA / NTSC"
  },
  {
    "id": "ydeddrwm",
    "player": "ximme",
    "player_location": "mc",
    "region": "EUR / PAL"
  },
  {
    "id": "z1xj0o7m",
    "player": "ALG_Ni",
    "player_location": "hu",
    "region": "EUR / PAL"
  },
  {
    "id": "zp88j7gy",
    "player": "Marko2152",
    "player_location": "hu",
    "region": "EUR / PAL"
  },
  {
    "id": "m3737xdz",
    "player": "RobertNFS",
    "player_location": "ro",
    "region": "EUR / PAL"
  },
  {
    "id": "ylrl7rny",
    "player": "Carsonwell",
    "player_location": "id",
    "region": null
  },
  {
    "id": "z5d6n1em",
    "player": "UNHchabo",
    "player_location": "us",
    "region": "USA / NTSC"
  },
  {
    "id": "yjx80q3z",
    "player": "TheMoonLoop",
    "player_location": "mx",
    "region": "USA / NTSC"
  },
  {
    "id": "ydwv2gvm",
    "player": "crazyivan1190",
    "player_location": "us",
    "region": "USA / NTSC"
  },
  {
    "id": "z5v6xwem",
    "player": "reddevill",
    "player_location": "ru",
    "region": null
  },
  {
    "id": "z0pow69y",
    "player": "Garmen",
    "player_location": "am",
    "region": "USA / NTSC"
  },
  {
    "id": "zq70d2xm",
    "player": "ING_TZH",
    "player_location": "cn",
    "region": null
  },
  {
    "id": "m7xp5oey",
    "player": "BigBarrett",
    "player_location": null,
    "region": "USA / NTSC"
  },
  {
    "id": "m3xg7lwm",
    "player": "goldenONX",
    "player_location": "ro",
    "region": null
  },
  {
    "id": "m3xr8q6m",
    "player": "GrabussPC",
    "player_location": "pl",
    "region": "EUR / PAL"
  },
  {
    "id": "zq9qlv9y",
    "player": "DJNxS4",
    "player_location": "at",
    "region": "EUR / PAL"
  },
  {
    "id": "zgqjg2jy",
    "player": "ChampionRUS",
    "player_location": "ru",
    "region": "EUR / PAL"
  }
]