[
  {
    "id": "8yv2468m",
    "player": "DJS",
    "player_location": "se",
    "region": "USA / NTSC"
  },
  {
    "id": "pm3rw6wm",
    "player": "getupandboogie",
    "player_location": null,
    "region": "USA / NTSC"
  },
  {
    "id": "8y8vxv1z",
    "player": "N4KM1",
    "player_location": "cl",
    "region": "USA / NTSC"
  },
  {
    "id": "zgr9v9dm",
    "player": "SandbagX",
    "player_location": "us",
    "region": "USA / NTSC"
  },
  {
    "id": "zg7dopdz",
    "player": "Dislexsicknik",
    "player_location": "gb/eng",
    "region": null
  },
  {
    "id": "ywp6o89z",
    "player": "SnakeSoldier",
    "player_location": "ar",
    "region": null
  },
  {
    "id": "y45r1r2m",
    "player": "Skor_X",
    "player_location": "pl",
    "region": "USA / NTSC"
  },
  {
    "id": "z0e853jm",
    "player": "Eddward",
    "player_location": "pl",
    "region": "USA / NTSC"
  },
  {
    "id": "z0elw3om",
    "player": "The_Retro_Challenger",
    "player_location": "ca/qc",
    "region": "USA / NTSC"
  },
  {
    "id": "m79j6wwy",
    "player": "batuhan86",
    "player_location": "tr",
    "region": "USA / NTSC"
  },
  {
    "id": "m79k600y",
    "player": "Badical",
    "player_location": "us",
    "region": "USA / NTSC"
  },
  {
    "id": "me8eoo2m",
    "player": "Maniatikiller",
    "player_location": "cl",
    "region": "USA / NTSC"
  },
  {
    "id": "zq36rl8y",
    "player": "RedPepper",
    "player_location": "us",
    "region": "USA / NTSC"
  },
  {
    "id": "z51v7rjm",
    "player": "Ua_Blaze96",
    "player_location": "gb/eng",
    "region": "USA / NTSC"
  },
  {
    "id": "yl41683m",
    "player": "chucksnake",
    "player_location": "fr",
    "region": null
  },
  {
    "id": "y89wld1m",
    "player": "kuesa",
    "player_location": "us",
    "region": "USA / NTSC"
  },
  {
    "id": "yvjdj0oy",
    "player": "CountGooby",
    "player_location": "us",
    "region": "USA / NTSC"
  },
  {
    "id": "zp4322gz",
    "player": "smartalec24",
    "player_location": "us",
    "region": "USA / NTSC"
  },
  {
    "id": "yj322q7z",
    "player": "RitaH",
    "player_location": "br",
    "region": "USA / NTSC"
  },
  {
    "id": "mejr2pqy",
    "player": "kamil2050",
    "player_location": "pl",
    "region": "USA / NTSC"
  },
  {
    "id": "mk2wg73m",
    "player": "Reabs",
    "player_location": "us",
    "region": "USA / NTSC"
  },
  {
    "id": "yj3nd7gz",
    "player": "JustLeeBelmont",
    "player_location": "pr",
    "region": "USA / NTSC"
  },
  {
    "id": "mr95qk7m",
    "player": "NaN0_m8",
    "player_location": "us",
    "region": "USA / NTSC"
  },
  {
    "id": "y8vpd51z",
    "player": "nicolasviotto",
    "player_location": "br",
    "region": null
  },
  {
    "id": "mk8q473m",
    "player": "ribisco",
    "player_location": "us",
    "region": "USA / NTSC"
  },
  {
    "id": "yd9684qz",
    "player": "E_21",
    "player_location": "us",
    "region": "USA / NTSC"
  },
  {
    "id": "zp31qj8m",
    "player": "realllloadXII",
    "player_location": "fo",
    "region": "USA / NTSC"
  },
  {
    "id": "y6d8rp0m",
    "player": "Pikachu",
    "player_location": "ua",
    "region": "USA / NTSC"
  },
  {
    "id": "zxow99ez",
    "player": "Therunner1",
    "player_location": "dz",
    "region": "USA / NTSC"
  },
  {
    "id": "yde2g2xm",
    "player": "psychea",
    "player_location": "nz",
    "region": null
  },
  {
    "id": "z1x0po7m",
    "player": "JSR_",
    "player_location": "us",
    "region": "USA / NTSC"
  },
  {
    "id": "y6n35djz",
    "player": "RetroBrando",
    "player_location": "us",
    "region": "USA / NTSC"
  },
  {
    "id": "y881lgny",
    "player": "JaekRock",
    "player_location": "us",
    "region": "USA / NTSC"
  },
  {
    "id": "zx749o5y",
    "player": "SpaceCoastGaming",
    "player_location": "us",
    "region": "USA / NTSC"
  },
  {
    "id": "yorww97y",
    "player": "Linobob",
    "player_location": "it",
    "region": null
  },
  {
    "id": "y60l62py",
    "player": "Jair40",
    "player_location": "br",
    "region": "USA / NTSC"
  },
  {
    "id": "m768qj5y",
    "player": "zhutousan123",
    "player_location": "cn",
    "region": null
  },
  {
    "id": "mr705g8z",
    "player": "Shime",
    "player_location": "br",
    "region": "USA / NTSC"
  },
  {
    "id": "yl7qgonm",
    "player": "HiroMunii",
    "player_location": "br",
    "region": "USA / NTSC"
  },
  {
    "id": "z1p9777z",
    "player": "Zorilla33",
    "player_location": "us",
    "region": "USA / NTSC"
  },
  {
    "id": "zp9vd8xm",
    "player": "TUFAOBIRDIE",
    "player_location": "br",
    "region": "USA / NTSC"
  },
  {
    "id": "y6xkwnpy",
    "player": "Gatotroka",
    "player_location": "mx",
    "region": "USA / NTSC"
  },
  {
    "id": "z1q5vj9y",
    "player": "Huntern0rt",
    "player_location": "gb/eng",
    "region": "USA / NTSC"
  }
]