[
  {
    "id": "yj4pgxoy",
    "player": "Droogie4Ever",
    "player_location": "us",
    "region": "USA / NTSC"
  },
  {
    "id": "zq39gd8y",
    "player": "Selen",
    "player_location": "de",
    "region": null
  },
  {
    "id": "y43j6dnz",
    "player": "caseo",
    "player_location": "cu",
    "region": "USA / NTSC"
  },
  {
    "id": "m7p4620m",
    "player": "joefu",
    "player_location": "us",
    "region": "USA / NTSC"
  },
  {
    "id": "zp46ng8z",
    "player": "Techless",
    "player_location": "au",
    "region": "EUR / PAL"
  },
  {
    "id": "y657prpz",
    "player": "UltimateTrainer",
    "player_location": "us",
    "region": "USA / NTSC"
  },
  {
    "id": "z1r7rqrm",
    "player": "Fromfast",
    "player_location": "jp",
    "region": "JPN / NTSC"
  },
  {
    "id": "zgrw0ndm",
    "player": "GCat3512",
    "player_location": "us",
    "region": "USA / NTSC"
  },
  {
    "id": "zgrqgljm",
    "player": "RedGoner",
    "player_location": "ca",
    "region": null
  },
  {
    "id": "y9v7wxrm",
    "player": "TheMustachedOwle",
    "player_location": "us",
    "region": "USA / NTSC"
  },
  {
    "id": "zq95pjxy",
    "player": "OnePunkArmy",
    "player_location": "us",
    "region": "USA / NTSC"
  }
]