[
  {
    "id": "0znek57z",
    "player": "HunkUSF",
    "player_location": "es",
    "region": "JPN / NTSC"
  },
  {
    "id": "8m7r454y",
    "player": "Garl_Memory",
    "player_location": "fr",
    "region": "JPN / NTSC"
  },
  {
    "id": "7z0x5kez",
    "player": "Liv",
    "player_location": "gb",
    "region": "JPN / NTSC"
  },
  {
    "id": "emkq3rxm",
    "player": "donchicko",
    "player_location": "ru",
    "region": "JPN / NTSC"
  },
  {
    "id": "8y8k2n1y",
    "player": "clix_gaming",
    "player_location": "us",
    "region": "JPN / NTSC"
  },
  {
    "id": "7z0x5k9z",
    "player": "Dniste",
    "player_location": "fr",
    "region": "JPN / NTSC"
  },
  {
    "id": "jy9pdnem",
    "player": "xxshadowxbossxx",
    "player_location": "gb/eng",
    "region": "JPN / NTSC"
  },
  {
    "id": "6yjwl7dm",
    "player": "BIG--A",
    "player_location": null,
    "region": "JPN / NTSC"
  },
  {
    "id": "nz1k577y",
    "player": "Crazy_Brian_96",
    "player_location": "gb/sct",
    "region": "JPN / NTSC"
  },
  {
    "id": "0y6q5w6z",
    "player": "iMotoGames",
    "player_location": null,
    "region": "JPN / NTSC"
  },
  {
    "id": "8y8w9j5y",
    "player": "Dolrick",
    "player_location": "be",
    "region": "JPN / NTSC"
  },
  {
    "id": "1zqx4w5y",
    "player": "StreakOfChaos",
    "player_location": null,
    "region": "JPN / NTSC"
  },
  {
    "id": "yw14oq2z",
    "player": "HinakoShijou",
    "player_location": null,
    "region": "JPN / NTSC"
  },
  {
    "id": "y8qx655y",
    "player": "Harima",
    "player_location": "jp",
    "region": "JPN / NTSC"
  },
  {
    "id": "m3dl6q6z",
    "player": "niok",
    "player_location": "pe",
    "region": "JPN / NTSC"
  },
  {
    "id": "m3oj5n6m",
    "player": "KitaroTempest",
    "player_location": "us",
    "region": "JPN / NTSC"
  },
  {
    "id": "zpqke7ry",
    "player": "Nayuta",
    "player_location": "fr",
    "region": "JPN / NTSC"
  },
  {
    "id": "z0e21e8m",
    "player": "FurryJunkWulf",
    "player_location": "au",
    "region": "JPN / NTSC"
  },
  {
    "id": "yw3jd72m",
    "player": "Gragons",
    "player_location": "us",
    "region": "JPN / NTSC"
  },
  {
    "id": "y2qq34wy",
    "player": "deluxyze",
    "player_location": null,
    "region": "JPN / NTSC"
  },
  {
    "id": "yj489ggy",
    "player": "WitchRain",
    "player_location": "us",
    "region": "JPN / NTSC"
  },
  {
    "id": "y89gn7nm",
    "player": "Usokkithetree",
    "player_location": "us",
    "region": "JPN / NTSC"
  },
  {
    "id": "mr859o2y",
    "player": "koizom",
    "player_location": "fi",
    "region": "JPN / NTSC"
  },
  {
    "id": "y25g3jwy",
    "player": "ElGatoMetafisico",
    "player_location": null,
    "region": "JPN / NTSC"
  },
  {
    "id": "m3ne4w6y",
    "player": "Mercynm",
    "player_location": "us",
    "region": "JPN / NTSC"
  },
  {
    "id": "yd058dxz",
    "player": "SherlockHound",
    "player_location": "us",
    "region": "JPN / NTSC"
  },
  {
    "id": "ylvnwo3m",
    "player": "Jadusable2",
    "player_location": "us",
    "region": "JPN / NTSC"
  },
  {
    "id": "yd0k46jz",
    "player": "Mo0ser_",
    "player_location": "us",
    "region": "JPN / NTSC"
  },
  {
    "id": "mk7p84xy",
    "player": "deserteagle417",
    "player_location": "us",
    "region": "JPN / NTSC"
  },
  {
    "id": "y8d41jnz",
    "player": "WaxyBear",
    "player_location": "us",
    "region": "JPN / NTSC"
  },
  {
    "id": "m77k5p9m",
    "player": "BrianNazziTV",
    "player_location": "ar",
    "region": "JPN / NTSC"
  },
  {
    "id": "yjxjl7dz",
    "player": "WanderAgro",
    "player_location": "br",
    "region": null
  },
  {
    "id": "mej7vr9y",
    "player": "Punchy",
    "player_location": "gb/eng",
    "region": "JPN / NTSC"
  },
  {
    "id": "m761kpwy",
    "player": "juanriplaygames",
    "player_location": "es",
    "region": "EUR / PAL"
  },
  {
    "id": "m33ne3dm",
    "player": "Raclesis",
    "player_location": "us",
    "region": "JPN / NTSC"
  }
]