[
  {
    "id": "jy9rj5ry",
    "player": "phillip1872r",
    "player_location": "de",
    "region": "EUR / PAL"
  },
  {
    "id": "dy44n9dy",
    "player": "crazywarriorYT",
    "player_location": "us",
    "region": "USA / NTSC"
  },
  {
    "id": "7ylgqg2m",
    "player": "Oxknifer",
    "player_location": "us",
    "region": "USA / NTSC"
  },
  {
    "id": "dy4d62qy",
    "player": "yamborghini",
    "player_location": "il",
    "region": null
  },
  {
    "id": "m7911x9y",
    "player": "aaronn000",
    "player_location": "us",
    "region": null
  },
  {
    "id": "emkjwwvy",
    "player": "jonasobv",
    "player_location": "at",
    "region": null
  },
  {
    "id": "9yo1e0jm",
    "player": "death_master_d",
    "player_location": "ua",
    "region": "USA / NTSC"
  },
  {
    "id": "mekkl52m",
    "player": "Funnyman_Joner",
    "player_location": "us",
    "region": "USA / NTSC"
  },
  {
    "id": "zpqq7lxy",
    "player": "cliff393394",
    "player_location": "hk",
    "region": "CHN / PAL"
  },
  {
    "id": "zxvkk1qy",
    "player": "kraklo",
    "player_location": "au",
    "region": null
  },
  {
    "id": "y45qnv2m",
    "player": "XaaRiiL",
    "player_location": "fr",
    "region": "EUR / PAL"
  },
  {
    "id": "y2q3n95y",
    "player": "SaturnTheWolf",
    "player_location": "pl",
    "region": "EUR / PAL"
  },
  {
    "id": "y97001em",
    "player": "Rqzorblade",
    "player_location": "au",
    "region": null
  },
  {
    "id": "y45ww23m",
    "player": "1Zaitsev1",
    "player_location": "de",
    "region": null
  },
  {
    "id": "yjkl533m",
    "player": "zeeby",
    "player_location": "pl",
    "region": "EUR / PAL"
  },
  {
    "id": "z13590wm",
    "player": "dirtyhawk",
    "player_location": "lt",
    "region": null
  },
  {
    "id": "yjkg0gnm",
    "player": "TatnKid",
    "player_location": "no",
    "region": null
  },
  {
    "id": "zxv2p05y",
    "player": "coulton.m",
    "player_location": "us",
    "region": "USA / NTSC"
  },
  {
    "id": "y8qr92dy",
    "player": "Ferrante",
    "player_location": "ca",
    "region": null
  },
  {
    "id": "yl9v08ky",
    "player": "Steve_Brain",
    "player_location": "de",
    "region": "EUR / PAL"
  },
  {
    "id": "z0e92qem",
    "player": "Zooky1",
    "player_location": null,
    "region": "EUR / PAL"
  },
  {
    "id": "y676jpqm",
    "player": "Sphynxinator",
    "player_location": "it",
    "region": "EUR / PAL"
  },
  {
    "id": "z132djwm",
    "player": "Lawr",
    "player_location": "fi",
    "region": "EUR / PAL"
  },
  {
    "id": "zxvl9ogy",
    "player": "ZachoRockz",
    "player_location": "us",
    "region": "USA / NTSC"
  },
  {
    "id": "mr8k3gdy",
    "player": "Bat",
    "player_location": "us",
    "region": "USA / NTSC"
  },
  {
    "id": "yw168pnz",
    "player": "TominatorW",
    "player_location": "de",
    "region": "EUR / PAL"
  },
  {
    "id": "yo4d935m",
    "player": "BossLP",
    "player_location": "de",
    "region": "EUR / PAL"
  },
  {
    "id": "z13gev7m",
    "player": "AtomicHex",
    "player_location": null,
    "region": "EUR / PAL"
  },
  {
    "id": "zpqp2gny",
    "player": "Wipeoutjack7",
    "player_location": "us",
    "region": "USA / NTSC"
  },
  {
    "id": "zxv8e9ky",
    "player": "leBogy",
    "player_location": "ro",
    "region": "EUR / PAL"
  },
  {
    "id": "yl9ne3ry",
    "player": "sweets",
    "player_location": "us",
    "region": null
  },
  {
    "id": "ydqgloqm",
    "player": "SuperC",
    "player_location": "au",
    "region": "EUR / PAL"
  },
  {
    "id": "y8q6lkdy",
    "player": "ZyraxCZ",
    "player_location": "cz",
    "region": "EUR / PAL"
  },
  {
    "id": "z5onrqjy",
    "player": "Brian",
    "player_location": "ru",
    "region": null
  },
  {
    "id": "z134r5rm",
    "player": "will55",
    "player_location": "gb/eng",
    "region": "EUR / PAL"
  },
  {
    "id": "m3o1554m",
    "player": "Kfel",
    "player_location": "wf",
    "region": "USA / NTSC"
  },
  {
    "id": "m3de48wz",
    "player": "Vaacif",
    "player_location": "gb/eng",
    "region": "EUR / PAL"
  },
  {
    "id": "y92o99vz",
    "player": "basamazingti",
    "player_location": "de",
    "region": null
  },
  {
    "id": "y43wkv3z",
    "player": "Pacman2022",
    "player_location": null,
    "region": "USA / NTSC"
  },
  {
    "id": "z517415m",
    "player": "Aussie_Muffin",
    "player_location": "au",
    "region": "USA / NTSC"
  },
  {
    "id": "z51j90jm",
    "player": "DracaarysTrophy",
    "player_location": "fr",
    "region": "EUR / PAL"
  },
  {
    "id": "mk95k71z",
    "player": "IDoGamesGood",
    "player_location": "us",
    "region": null
  },
  {
    "id": "yd31g5jz",
    "player": "Dias915",
    "player_location": "us",
    "region": null
  },
  {
    "id": "z03ldkjz",
    "player": "ItsJoshuDeadAcc",
    "player_location": "co",
    "region": "USA / NTSC"
  },
  {
    "id": "zp0g4qvm",
    "player": "Javi17",
    "player_location": "es",
    "region": "EUR / PAL"
  },
  {
    "id": "mr8o4r4y",
    "player": "GionniBlood",
    "player_location": "it",
    "region": null
  },
  {
    "id": "zn4j179m",
    "player": "FaZeEnderCreeper",
    "player_location": "us",
    "region": "USA / NTSC"
  },
  {
    "id": "y92k0kvz",
    "player": "Sizzyl",
    "player_location": "vh",
    "region": "USA / NTSC"
  },
  {
    "id": "y92keonz",
    "player": "Cytruss",
    "player_location": "gr",
    "region": null
  },
  {
    "id": "me8g7x2m",
    "player": "DiamondDude11",
    "player_location": "us",
    "region": "USA / NTSC"
  },
  {
    "id": "y6pj7d1m",
    "player": "Mcguy215",
    "player_location": "ca",
    "region": null
  },
  {
    "id": "y8953v1m",
    "player": "Otterstone_Gamer",
    "player_location": "us",
    "region": "USA / NTSC"
  },
  {
    "id": "zg76vldz",
    "player": "codyy9",
    "player_location": "us",
    "region": "USA / NTSC"
  },
  {
    "id": "y6pj49pm",
    "player": "Snakesthedog",
    "player_location": "us",
    "region": "USA / NTSC"
  },
  {
    "id": "ywpoe30z",
    "player": "Integeek",
    "player_location": "fr",
    "region": "EUR / PAL"
  },
  {
    "id": "yj40k33y",
    "player": "WilliamTalwar",
    "player_location": "gb/eng",
    "region": "EUR / PAL"
  },
  {
    "id": "zq3x5d9y",
    "player": "JECLIN",
    "player_location": "id",
    "region": "USA / NTSC"
  },
  {
    "id": "yj3k6r7z",
    "player": "trekyou77",
    "player_location": "ca",
    "region": "USA / NTSC"
  },
  {
    "id": "y8128pdz",
    "player": "Jackieboi",
    "player_location": null,
    "region": "EUR / PAL"
  },
  {
    "id": "y21d3q9z",
    "player": "Billmamo",
    "player_location": "gr",
    "region": "EUR / PAL"
  },
  {
    "id": "y6loee0y",
    "player": "7H3",
    "player_location": "ca",
    "region": null
  },
  {
    "id": "znr93ply",
    "player": "PrithviLall",
    "player_location": "in",
    "region": null
  },
  {
    "id": "z014198y",
    "player": "aaronjc",
    "player_location": null,
    "region": null
  },
  {
    "id": "zp4jwx8z",
    "player": "zir0nic",
    "player_location": "vh",
    "region": "USA / NTSC"
  },
  {
    "id": "yd5591vm",
    "player": "Comadreja",
    "player_location": "ar",
    "region": null
  },
  {
    "id": "z5j3j6dm",
    "player": "Komo",
    "player_location": "tr",
    "region": null
  },
  {
    "id": "yv69we4z",
    "player": "niels20020",
    "player_location": "nl",
    "region": null
  },
  {
    "id": "meo9ql8z",
    "player": "Herbs111",
    "player_location": "us",
    "region": "USA / NTSC"
  },
  {
    "id": "zqwvn31z",
    "player": "ManlySheep",
    "player_location": "us",
    "region": "USA / NTSC"
  },
  {
    "id": "meo18q3z",
    "player": "CasGroenigen",
    "player_location": "nl",
    "region": "EUR / PAL"
  },
  {
    "id": "ywj07knz",
    "player": "Nickolos",
    "player_location": null,
    "region": "USA / NTSC"
  },
  {
    "id": "y8263vwy",
    "player": "afnannen136",
    "player_location": "us",
    "region": null
  },
  {
    "id": "ylkln0rz",
    "player": "Cocomelon_Army",
    "player_location": "us",
    "region": "USA / NTSC"
  },
  {
    "id": "zqwq1krz",
    "player": "TheNameless",
    "player_location": "gr",
    "region": "EUR / PAL"
  },
  {
    "id": "zx21poem",
    "player": "NT690",
    "player_location": "ca",
    "region": "USA / NTSC"
  },
  {
    "id": "m3g9qxqz",
    "player": "Andrewwayne12.",
    "player_location": "us",
    "region": "USA / NTSC"
  },
  {
    "id": "mr9kq28m",
    "player": "Cathman",
    "player_location": "us",
    "region": "USA / NTSC"
  },
  {
    "id": "z18lp1gy",
    "player": "BeckettGamer",
    "player_location": "us",
    "region": "USA / NTSC"
  },
  {
    "id": "y6rrqrqy",
    "player": "Flewb",
    "player_location": "ie",
    "region": "EUR / PAL"
  },
  {
    "id": "y91n4knm",
    "player": "Mahad_Rehman",
    "player_location": "pk",
    "region": null
  },
  {
    "id": "ywdkpn2z",
    "player": "Mari_uwu23",
    "player_location": "cl",
    "region": null
  },
  {
    "id": "ylvroorm",
    "player": "Sponge_Destiny76",
    "player_location": "um",
    "region": null
  },
  {
    "id": "mk80r01m",
    "player": "Axtur",
    "player_location": "de",
    "region": "EUR / PAL"
  },
  {
    "id": "mk8p4vvm",
    "player": "Swedish_Fish_80629",
    "player_location": null,
    "region": null
  },
  {
    "id": "yj6ejrdz",
    "player": "Whithercricri",
    "player_location": "it",
    "region": null
  },
  {
    "id": "y6rgxx0y",
    "player": "Livri",
    "player_location": "it",
    "region": null
  },
  {
    "id": "y91pje2m",
    "player": "URSSimone16",
    "player_location": "it",
    "region": "EUR / PAL"
  },
  {
    "id": "zgvj4edz",
    "player": "ZypYT",
    "player_location": "gb/eng",
    "region": "EUR / PAL"
  },
  {
    "id": "m75l995z",
    "player": "ZoinksMahDood",
    "player_location": "us",
    "region": "USA / NTSC"
  },
  {
    "id": "y91gwp2m",
    "player": "Skullz2000",
    "player_location": "ca",
    "region": null
  },
  {
    "id": "mr9gd78m",
    "player": "Orkooo",
    "player_location": "nz",
    "region": null
  },
  {
    "id": "y2v9eq7z",
    "player": "Max05",
    "player_location": "us",
    "region": null
  },
  {
    "id": "y66l860y",
    "player": "TDP_320",
    "player_location": "us",
    "region": "USA / NTSC"
  },
  {
    "id": "z185rrgy",
    "player": "redr816",
    "player_location": "us",
    "region": "USA / NTSC"
  },
  {
    "id": "y2vxg3jz",
    "player": "infinite666",
    "player_location": "si",
    "region": null
  },
  {
    "id": "z067oe8z",
    "player": "AnastasiaIsHere",
    "player_location": "ro",
    "region": null
  },
  {
    "id": "y669w9qy",
    "player": "KingLavaCactus",
    "player_location": "au",
    "region": null
  },
  {
    "id": "z50edney",
    "player": "Moooo",
    "player_location": "gb/eng",
    "region": "EUR / PAL"
  },
  {
    "id": "m78j4j5z",
    "player": "ShesChardcore",
    "player_location": "us",
    "region": "USA / NTSC"
  },
  {
    "id": "y9n48v2z",
    "player": "calgolfer08",
    "player_location": "au",
    "region": "USA / NTSC"
  },
  {
    "id": "mr1j117z",
    "player": "jannepannetje",
    "player_location": "nl",
    "region": null
  },
  {
    "id": "ywqej39y",
    "player": "Flxme",
    "player_location": "us",
    "region": "USA / NTSC"
  },
  {
    "id": "yv1gkkey",
    "player": "tylermaddix",
    "player_location": "us",
    "region": "USA / NTSC"
  },
  {
    "id": "z5r725jy",
    "player": "Dundy",
    "player_location": "us",
    "region": "USA / NTSC"
  },
  {
    "id": "zxl417ez",
    "player": "Finale",
    "player_location": null,
    "region": null
  },
  {
    "id": "z5r02kny",
    "player": "cooldude911",
    "player_location": "lv",
    "region": "EUR / PAL"
  },
  {
    "id": "m3r7jpdm",
    "player": "ItsJunDoe",
    "player_location": "us",
    "region": "USA / NTSC"
  },
  {
    "id": "zggpo0jz",
    "player": "Cactussupremo",
    "player_location": "br",
    "region": null
  },
  {
    "id": "zp1de7xz",
    "player": "Cobaltcosmic",
    "player_location": "us",
    "region": "USA / NTSC"
  },
  {
    "id": "me712v2y",
    "player": "RxbberDxckie",
    "player_location": "gb/eng",
    "region": "EUR / PAL"
  },
  {
    "id": "y99xw4ry",
    "player": "TRLittleToaster",
    "player_location": "us",
    "region": "USA / NTSC"
  },
  {
    "id": "y99eqwry",
    "player": "Alexgamerdude72",
    "player_location": "gb/eng",
    "region": null
  },
  {
    "id": "zgg668ez",
    "player": "Gradient41",
    "player_location": "us",
    "region": "USA / NTSC"
  },
  {
    "id": "zp1vw5rz",
    "player": "froggy",
    "player_location": "us",
    "region": "USA / NTSC"
  },
  {
    "id": "ylq2552z",
    "player": "NTEM",
    "player_location": "aq",
    "region": "USA / NTSC"
  },
  {
    "id": "zxge93ey",
    "player": "tristen10",
    "player_location": "ca",
    "region": null
  },
  {
    "id": "zp176gnz",
    "player": "Diedntgo",
    "player_location": "us",
    "region": "USA / NTSC"
  },
  {
    "id": "z07eo6jy",
    "player": "Bonk03",
    "player_location": "pl",
    "region": null
  },
  {
    "id": "yj51gknm",
    "player": "sim_will",
    "player_location": "ca",
    "region": null
  },
  {
    "id": "y478vnny",
    "player": "Waffle_King500",
    "player_location": "us",
    "region": "USA / NTSC"
  },
  {
    "id": "mk576jvm",
    "player": "NarixMC",
    "player_location": "fr",
    "region": "EUR / PAL"
  },
  {
    "id": "yj50xe3m",
    "player": "UpdateFreak33",
    "player_location": "de",
    "region": "EUR / PAL"
  },
  {
    "id": "y69k970y",
    "player": "MorganKW69",
    "player_location": "gb/wls",
    "region": null
  },
  {
    "id": "mr64jj2m",
    "player": "CaptNinja6",
    "player_location": "us",
    "region": null
  },
  {
    "id": "mke73j3m",
    "player": "Jacob1",
    "player_location": "ca",
    "region": null
  },
  {
    "id": "zp21lkvy",
    "player": "PocketGames_YT",
    "player_location": null,
    "region": null
  },
  {
    "id": "m36vk3dm",
    "player": "ChocoBlocko9",
    "player_location": "ie",
    "region": "EUR / PAL"
  },
  {
    "id": "y88qnddy",
    "player": "SnappiestOrange",
    "player_location": "de",
    "region": null
  },
  {
    "id": "yw38jg0m",
    "player": "_Khaotic",
    "player_location": null,
    "region": "EUR / PAL"
  },
  {
    "id": "mkk8grxm",
    "player": "ProtoDarkai",
    "player_location": "fr",
    "region": "EUR / PAL"
  },
  {
    "id": "yw3ko2pm",
    "player": "UnkowmFox",
    "player_location": null,
    "region": null
  },
  {
    "id": "y2pg2g9z",
    "player": "ZrombiGamer",
    "player_location": null,
    "region": "EUR / PAL"
  },
  {
    "id": "mr7depdz",
    "player": "FastIce",
    "player_location": null,
    "region": null
  },
  {
    "id": "mkkjqjvm",
    "player": "SstampedeX_X",
    "player_location": null,
    "region": "USA / NTSC"
  },
  {
    "id": "yd18qr0y",
    "player": "Mobilegamerunner",
    "player_location": "us",
    "region": "USA / NTSC"
  },
  {
    "id": "yd1eqjxy",
    "player": "rafael_fc",
    "player_location": "br",
    "region": null
  },
  {
    "id": "m3xqvg6m",
    "player": "daff",
    "player_location": "ru",
    "region": null
  },
  {
    "id": "zpd657vz",
    "player": "Shane_23145",
    "player_location": null,
    "region": null
  },
  {
    "id": "y6xgxq0y",
    "player": "Cubo108",
    "player_location": null,
    "region": "EUR / PAL"
  }
]