[
  {
    "id": "yw1806nz",
    "player": "Tommyspud",
    "player_location": "us",
    "region": "USA / NTSC"
  },
  {
    "id": "z5oepgdy",
    "player": "Takahiro64",
    "player_location": "jp",
    "region": "JPN / NTSC"
  },
  {
    "id": "yo2wlqdz",
    "player": "Itaniium",
    "player_location": "us",
    "region": "USA / NTSC"
  },
  {
    "id": "ydqxov0m",
    "player": "IcKY",
    "player_location": "us",
    "region": "USA / NTSC"
  },
  {
    "id": "z130qw7m",
    "player": "K3ft",
    "player_location": "fr",
    "region": "EUR / PAL"
  },
  {
    "id": "z1jxr59z",
    "player": "DLEBkasuhira",
    "player_location": "br",
    "region": null
  },
  {
    "id": "y4eqpp3m",
    "player": "patonarg",
    "player_location": "jp",
    "region": "JPN / NTSC"
  },
  {
    "id": "y9ndg8kz",
    "player": "_clementine_",
    "player_location": "us",
    "region": "USA / NTSC"
  },
  {
    "id": "z0rpnpez",
    "player": "ShesChardcore",
    "player_location": "us",
    "region": "USA / NTSC"
  },
  {
    "id": "zxg5o6ky",
    "player": "FelipeNascimento83",
    "player_location": "br",
    "region": null
  },
  {
    "id": "y8jpr0wz",
    "player": "KingSheaun",
    "player_location": "us",
    "region": "USA / NTSC"
  }
]