[
  {
    "id": "pzg1r1ez",
    "player": "Crippe",
    "player_location": "se",
    "region": "EUR / PAL"
  },
  {
    "id": "z0e6q3jm",
    "player": "GoddessMaria",
    "player_location": "us",
    "region": "USA / NTSC"
  },
  {
    "id": "mk2vk0lm",
    "player": "Someone",
    "player_location": "nl",
    "region": "EUR / PAL"
  },
  {
    "id": "mrqgdx7y",
    "player": "Haven",
    "player_location": "us",
    "region": "USA / NTSC"
  },
  {
    "id": "zgk88gey",
    "player": "EnchantedCelebi",
    "player_location": "us",
    "region": "USA / NTSC"
  },
  {
    "id": "y27qr2jz",
    "player": "Zeeeus",
    "player_location": "us",
    "region": "USA / NTSC"
  },
  {
    "id": "zqwdgq8z",
    "player": "papenrune",
    "player_location": "jp",
    "region": "JPN / NTSC"
  },
  {
    "id": "y8v06wxz",
    "player": "J3F33M1",
    "player_location": "mx",
    "region": null
  },
  {
    "id": "mro9vp2m",
    "player": "RusTy1804",
    "player_location": "jp",
    "region": "JPN / NTSC"
  }
]