[
  {
    "id": "8m79vley",
    "player": "JM",
    "player_location": "ca",
    "region": "USA / NTSC"
  },
  {
    "id": "dy4w5lkm",
    "player": "VzVegeta",
    "player_location": "us",
    "region": "USA / NTSC"
  },
  {
    "id": "8y8wo21y",
    "player": "raul73193",
    "player_location": "co",
    "region": "USA / NTSC"
  },
  {
    "id": "9mrwn72y",
    "player": "AuxV",
    "player_location": "ca",
    "region": "USA / NTSC"
  },
  {
    "id": "y6pvjkjm",
    "player": "kira_yoshikage",
    "player_location": "jp",
    "region": "JPN / NTSC"
  },
  {
    "id": "z575qnem",
    "player": "Darkhorse",
    "player_location": "us",
    "region": "USA / NTSC"
  },
  {
    "id": "mejgdr2y",
    "player": "electricyellow",
    "player_location": "us",
    "region": "USA / NTSC"
  }
]