[
  {
    "id": "yjgd6o7y",
    "player": "Peralt",
    "player_location": "gb/eng",
    "region": "EUR / PAL"
  },
  {
    "id": "y6x47x1y",
    "player": "spiceeTV",
    "player_location": "us",
    "region": "USA / NTSC"
  },
  {
    "id": "mkgk6d5y",
    "player": "Stalker-kun",
    "player_location": "us",
    "region": "USA / NTSC"
  },
  {
    "id": "yjg8oroy",
    "player": "DudeVanDudestein",
    "player_location": "us",
    "region": "USA / NTSC"
  },
  {
    "id": "ydrg9wxz",
    "player": "Kaori_3",
    "player_location": "us",
    "region": "USA / NTSC"
  },
  {
    "id": "me73qe8y",
    "player": "DocRoeGames",
    "player_location": "nl",
    "region": "EUR / PAL"
  },
  {
    "id": "zxg7138y",
    "player": "KyloStrawberry",
    "player_location": "us",
    "region": "USA / NTSC"
  },
  {
    "id": "z1g4jngz",
    "player": "DIABLERIE",
    "player_location": "us",
    "region": "USA / NTSC"
  },
  {
    "id": "yv10l14y",
    "player": "Failmore",
    "player_location": "us",
    "region": "USA / NTSC"
  },
  {
    "id": "zn1jjxvm",
    "player": "jmcelroy",
    "player_location": "gb/eng",
    "region": "EUR / PAL"
  },
  {
    "id": "mr1onedz",
    "player": "BebeoAmibo",
    "player_location": "us",
    "region": "USA / NTSC"
  },
  {
    "id": "mkgk6pvy",
    "player": "Quagnoth",
    "player_location": "us",
    "region": "USA / NTSC"
  },
  {
    "id": "z0l2gr8z",
    "player": "DrAlbarn",
    "player_location": "us",
    "region": "USA / NTSC"
  },
  {
    "id": "zn159p7m",
    "player": "otasac",
    "player_location": "jp",
    "region": "USA / NTSC"
  },
  {
    "id": "mkgk61vy",
    "player": "SniX",
    "player_location": "ca",
    "region": null
  },
  {
    "id": "z0rnpp9z",
    "player": "Marc-Andr\u00e9_Morin",
    "player_location": "ca/qc",
    "region": "USA / NTSC"
  },
  {
    "id": "me71jpqy",
    "player": "Distortion2",
    "player_location": "us",
    "region": "USA / NTSC"
  },
  {
    "id": "yvr4kpoz",
    "player": "excel86j",
    "player_location": "gb/eng",
    "region": "EUR / PAL"
  },
  {
    "id": "ydg62pwy",
    "player": "Volgher",
    "player_location": "br",
    "region": null
  },
  {
    "id": "z0rnqp4z",
    "player": "M1nM8",
    "player_location": "th",
    "region": null
  },
  {
    "id": "mkgxervy",
    "player": "Loreweaver",
    "player_location": "us",
    "region": "USA / NTSC"
  },
  {
    "id": "y2xpo49m",
    "player": "itsAkashi",
    "player_location": "ca",
    "region": "USA / NTSC"
  },
  {
    "id": "yv1rdk6y",
    "player": "Sakendei",
    "player_location": "us",
    "region": "USA / NTSC"
  },
  {
    "id": "yo7pwgdm",
    "player": "moremrot",
    "player_location": "ru",
    "region": "EUR / PAL"
  },
  {
    "id": "z0rjjw8z",
    "player": "zgl",
    "player_location": "us",
    "region": null
  },
  {
    "id": "mr13kvdz",
    "player": "waleedknight",
    "player_location": "sa",
    "region": null
  },
  {
    "id": "z5re0xjy",
    "player": "danejerus",
    "player_location": "us",
    "region": "USA / NTSC"
  },
  {
    "id": "mr173jgz",
    "player": "majestic1888",
    "player_location": "us",
    "region": "USA / NTSC"
  },
  {
    "id": "z1rpw37m",
    "player": "Mysterion_06_",
    "player_location": "de",
    "region": "EUR / PAL"
  },
  {
    "id": "zpgn678z",
    "player": "kibowman",
    "player_location": "id",
    "region": null
  },
  {
    "id": "z5rxd9ey",
    "player": "larxa",
    "player_location": "be",
    "region": null
  },
  {
    "id": "yo7p1p1m",
    "player": "Whitty",
    "player_location": "us",
    "region": "USA / NTSC"
  },
  {
    "id": "y6d0kxqm",
    "player": "FostrChildz",
    "player_location": null,
    "region": "USA / NTSC"
  },
  {
    "id": "z0rpvl8z",
    "player": "Kaprito",
    "player_location": "au",
    "region": null
  },
  {
    "id": "mkgkjq5y",
    "player": "AdmiralFarcri",
    "player_location": "us",
    "region": "USA / NTSC"
  },
  {
    "id": "y4rqpkkz",
    "player": "Meta",
    "player_location": "ca",
    "region": "USA / NTSC"
  },
  {
    "id": "z1rpw9rm",
    "player": "CarePackage",
    "player_location": "us",
    "region": "USA / NTSC"
  },
  {
    "id": "ylqneenz",
    "player": "Desmirage",
    "player_location": "us",
    "region": "USA / NTSC"
  },
  {
    "id": "yjgdgrny",
    "player": "Fran_Winchester1",
    "player_location": "ar",
    "region": null
  },
  {
    "id": "y2xpln6m",
    "player": "Ebbit",
    "player_location": "us",
    "region": "USA / NTSC"
  },
  {
    "id": "zggp49vz",
    "player": "TheMagicDaniels",
    "player_location": "us",
    "region": "USA / NTSC"
  },
  {
    "id": "zxn9eegm",
    "player": "ingne135",
    "player_location": "kr",
    "region": null
  },
  {
    "id": "y4rx933z",
    "player": "xxhaagseharriexx",
    "player_location": "nl",
    "region": "EUR / PAL"
  },
  {
    "id": "y8dxj4wz",
    "player": "kingkirby_ttv",
    "player_location": "us",
    "region": "USA / NTSC"
  },
  {
    "id": "zq19kwrm",
    "player": "lordhorationortonii",
    "player_location": "gb/nir",
    "region": "EUR / PAL"
  },
  {
    "id": "y6dx3r0m",
    "player": "C0reX4",
    "player_location": "de",
    "region": "EUR / PAL"
  },
  {
    "id": "y8x40edm",
    "player": "7rayD",
    "player_location": "fi",
    "region": null
  },
  {
    "id": "zgg9v7jz",
    "player": "salvequemvos",
    "player_location": "tr",
    "region": null
  },
  {
    "id": "zp156knz",
    "player": "Gidano",
    "player_location": "it",
    "region": "EUR / PAL"
  },
  {
    "id": "y8d74wxz",
    "player": "BlueAssY",
    "player_location": "cn",
    "region": null
  },
  {
    "id": "yv104qxy",
    "player": "Xxcilo",
    "player_location": "au",
    "region": null
  },
  {
    "id": "y4rx9qqz",
    "player": "Prophetblack",
    "player_location": "au",
    "region": "EUR / PAL"
  },
  {
    "id": "m7dx1x5m",
    "player": "Lovenewton",
    "player_location": "fr",
    "region": "EUR / PAL"
  },
  {
    "id": "y6do32jm",
    "player": "Duders",
    "player_location": "us",
    "region": "USA / NTSC"
  },
  {
    "id": "yjdrdn3y",
    "player": "DewiieSpeedrun",
    "player_location": "fr",
    "region": null
  },
  {
    "id": "yjgdjvgy",
    "player": "Captain_Pig4",
    "player_location": "us",
    "region": "USA / NTSC"
  },
  {
    "id": "m7dx14em",
    "player": "residenceofthedead",
    "player_location": "us",
    "region": "USA / NTSC"
  },
  {
    "id": "yo7d4vdm",
    "player": "Trashmonstar",
    "player_location": "de",
    "region": "EUR / PAL"
  },
  {
    "id": "m3rj1qqm",
    "player": "mcarnoldhat",
    "player_location": "at",
    "region": "EUR / PAL"
  },
  {
    "id": "y4rggpqz",
    "player": "bersi",
    "player_location": "de",
    "region": "EUR / PAL"
  },
  {
    "id": "zggqn20z",
    "player": "juh0",
    "player_location": "sg",
    "region": "USA / NTSC"
  },
  {
    "id": "zp1go8rz",
    "player": "TheAmanix13",
    "player_location": "fr",
    "region": "EUR / PAL"
  },
  {
    "id": "y4rx5vnz",
    "player": "BlackyDay",
    "player_location": "fr",
    "region": "EUR / PAL"
  },
  {
    "id": "z5renq5y",
    "player": "s7etro",
    "player_location": "ca",
    "region": "USA / NTSC"
  },
  {
    "id": "yv10jjoy",
    "player": "whitenoize__",
    "player_location": "it",
    "region": "EUR / PAL"
  },
  {
    "id": "yjgd46dy",
    "player": "Abueid318",
    "player_location": "sa",
    "region": null
  },
  {
    "id": "zp1d01vz",
    "player": "MGhanji",
    "player_location": "us",
    "region": "USA / NTSC"
  },
  {
    "id": "y4rxdokz",
    "player": "AnonymouslyMyself",
    "player_location": "us",
    "region": null
  },
  {
    "id": "ylq1dwxz",
    "player": "CaliPR90",
    "player_location": "us",
    "region": "USA / NTSC"
  },
  {
    "id": "z5rx75ny",
    "player": "EL_Carreon",
    "player_location": "us",
    "region": "USA / NTSC"
  },
  {
    "id": "y4rx15dz",
    "player": "ParmeShawn",
    "player_location": "ca",
    "region": "USA / NTSC"
  },
  {
    "id": "mr1xnd7z",
    "player": "JPQed",
    "player_location": "us",
    "region": "USA / NTSC"
  },
  {
    "id": "z5rx7kdy",
    "player": "Moonbun",
    "player_location": null,
    "region": "USA / NTSC"
  },
  {
    "id": "ylq8ro2z",
    "player": "RejectedGamerSam",
    "player_location": "gb/wls",
    "region": "EUR / PAL"
  },
  {
    "id": "m3rj8wdm",
    "player": "ArayanGame",
    "player_location": "jp",
    "region": "JPN / NTSC"
  },
  {
    "id": "y99x5dny",
    "player": "Manuia_SNG",
    "player_location": "fr",
    "region": "EUR / PAL"
  },
  {
    "id": "me1d3q9y",
    "player": "maxylobes",
    "player_location": "us",
    "region": null
  },
  {
    "id": "yjgdljgy",
    "player": "ReconGames",
    "player_location": "us",
    "region": "USA / NTSC"
  },
  {
    "id": "mkgd341y",
    "player": "Psych0sis",
    "player_location": "us",
    "region": null
  },
  {
    "id": "yv1066oy",
    "player": "Skuttie",
    "player_location": "us",
    "region": "USA / NTSC"
  },
  {
    "id": "zggqwdjz",
    "player": "Abbiescorner",
    "player_location": "ca",
    "region": "USA / NTSC"
  },
  {
    "id": "mkgd3dly",
    "player": "Jason2890",
    "player_location": "us",
    "region": "USA / NTSC"
  },
  {
    "id": "z1rg5gwm",
    "player": "RezurrectJohn",
    "player_location": "us",
    "region": null
  },
  {
    "id": "y6dx5qqm",
    "player": "PapaPrime27",
    "player_location": "us",
    "region": "USA / NTSC"
  },
  {
    "id": "m3rx5j6m",
    "player": "spottyJJ",
    "player_location": "us",
    "region": "USA / NTSC"
  },
  {
    "id": "z1r6q39m",
    "player": "Mr_Peanut8",
    "player_location": "ca/qc",
    "region": "USA / NTSC"
  },
  {
    "id": "z1rgo2wm",
    "player": "PR_ThunderCat",
    "player_location": "us",
    "region": "USA / NTSC"
  },
  {
    "id": "y4rxeq2z",
    "player": "Westcheme",
    "player_location": "us",
    "region": "USA / NTSC"
  },
  {
    "id": "z5rerwdy",
    "player": "OPLAN0723",
    "player_location": "jp",
    "region": "JPN / NTSC"
  },
  {
    "id": "zn1q3jvm",
    "player": "Cannedwhoopass",
    "player_location": null,
    "region": "USA / NTSC"
  },
  {
    "id": "z5rx3gdy",
    "player": "NovaKane",
    "player_location": "us",
    "region": "USA / NTSC"
  },
  {
    "id": "yo7d3w7m",
    "player": "ColdBloodRonan",
    "player_location": "nl",
    "region": null
  },
  {
    "id": "z5rx3qgy",
    "player": "scarekrow",
    "player_location": "us",
    "region": "USA / NTSC"
  },
  {
    "id": "y6x1w7jy",
    "player": "futureeva",
    "player_location": "cn",
    "region": null
  },
  {
    "id": "y99xn0ky",
    "player": "ZekeWolfe",
    "player_location": "us",
    "region": "USA / NTSC"
  },
  {
    "id": "zxg5qp8y",
    "player": "Quasimodo",
    "player_location": "cn",
    "region": "USA / NTSC"
  },
  {
    "id": "z1rqqejm",
    "player": "LeviTheRelentless",
    "player_location": "us",
    "region": "USA / NTSC"
  },
  {
    "id": "y2xevj7m",
    "player": "OBDSmilinat",
    "player_location": "ru",
    "region": null
  },
  {
    "id": "y99xngny",
    "player": "ColdAsSnow",
    "player_location": "ca",
    "region": "USA / NTSC"
  },
  {
    "id": "me7lj02y",
    "player": "Nerd_Squared",
    "player_location": "us",
    "region": "USA / NTSC"
  },
  {
    "id": "m3rxr7dm",
    "player": "redz0ro",
    "player_location": "gr",
    "region": "EUR / PAL"
  },
  {
    "id": "y8dxd0xz",
    "player": "RE_ToaL",
    "player_location": "us",
    "region": "USA / NTSC"
  },
  {
    "id": "zggqr7vz",
    "player": "madfreDz",
    "player_location": "de",
    "region": "EUR / PAL"
  },
  {
    "id": "zp1d81gz",
    "player": "Arranes",
    "player_location": "de",
    "region": "EUR / PAL"
  },
  {
    "id": "ydrxewqz",
    "player": "IM4Guilty",
    "player_location": "az",
    "region": null
  },
  {
    "id": "zggqodvz",
    "player": "Seinfelf",
    "player_location": "us",
    "region": "USA / NTSC"
  },
  {
    "id": "zn1voo7m",
    "player": "slexxor",
    "player_location": "de",
    "region": "EUR / PAL"
  },
  {
    "id": "z0pxr8jy",
    "player": "Captain_Ezekiel",
    "player_location": "us",
    "region": "USA / NTSC"
  },
  {
    "id": "zn1q0dlm",
    "player": "SethLeSepti\u00e8me",
    "player_location": "fr",
    "region": "EUR / PAL"
  },
  {
    "id": "y4rov7kz",
    "player": "CapN121",
    "player_location": "us",
    "region": "USA / NTSC"
  },
  {
    "id": "yv10q64y",
    "player": "1DrkKnight",
    "player_location": "us",
    "region": "USA / NTSC"
  },
  {
    "id": "mkgvlj1y",
    "player": "ragnarokhybrid",
    "player_location": "us",
    "region": "USA / NTSC"
  },
  {
    "id": "yo7drp0m",
    "player": "BalvedaVex",
    "player_location": "us",
    "region": "USA / NTSC"
  },
  {
    "id": "y6dxnv0m",
    "player": "Krispykins",
    "player_location": "us",
    "region": "USA / NTSC"
  },
  {
    "id": "yv18g74y",
    "player": "TheMrEnigma72",
    "player_location": "us",
    "region": "USA / NTSC"
  },
  {
    "id": "z5rx25ey",
    "player": "MinakataJin",
    "player_location": "us",
    "region": "JPN / NTSC"
  },
  {
    "id": "ydrn7vjz",
    "player": "Sutsith",
    "player_location": "ca",
    "region": "USA / NTSC"
  },
  {
    "id": "me7e1n2y",
    "player": "BigManSlater",
    "player_location": "us",
    "region": "USA / NTSC"
  },
  {
    "id": "zp1d98gz",
    "player": "BigChiefKalzone",
    "player_location": "us",
    "region": "USA / NTSC"
  },
  {
    "id": "zp1d9dxz",
    "player": "Qwackin",
    "player_location": "ca",
    "region": "USA / NTSC"
  },
  {
    "id": "zq1ee68m",
    "player": "HolyyPepeg",
    "player_location": "au",
    "region": "USA / NTSC"
  },
  {
    "id": "zn16768m",
    "player": "Minnotar",
    "player_location": "au",
    "region": null
  },
  {
    "id": "y8dwo4xz",
    "player": "Naixi",
    "player_location": "tw",
    "region": null
  },
  {
    "id": "zxg87e8y",
    "player": "GTFOeefan",
    "player_location": "gb/eng",
    "region": "EUR / PAL"
  },
  {
    "id": "zp8q5qgy",
    "player": "Chocobotamer",
    "player_location": "fi",
    "region": "EUR / PAL"
  },
  {
    "id": "zp1djgrz",
    "player": "darkrayne0",
    "player_location": "us",
    "region": "USA / NTSC"
  },
  {
    "id": "zp1gk4nz",
    "player": "LeLapinPancake",
    "player_location": "fr",
    "region": "EUR / PAL"
  },
  {
    "id": "y8dxx6dz",
    "player": "bassesports",
    "player_location": "pe",
    "region": "USA / NTSC"
  },
  {
    "id": "ydrg35vz",
    "player": "LegacyGR",
    "player_location": "gr",
    "region": "EUR / PAL"
  },
  {
    "id": "ydr114xz",
    "player": "noahflareheart",
    "player_location": "us",
    "region": "USA / NTSC"
  },
  {
    "id": "y8dnrw5z",
    "player": "DarkHades",
    "player_location": "gb/eng",
    "region": null
  },
  {
    "id": "y99x6ery",
    "player": "LonesomeLoki238",
    "player_location": "us",
    "region": "USA / NTSC"
  },
  {
    "id": "me71e5qy",
    "player": "HarSlane",
    "player_location": "ru",
    "region": null
  },
  {
    "id": "yodwjg0m",
    "player": "nicowithaC",
    "player_location": "dk",
    "region": null
  },
  {
    "id": "m7d284wm",
    "player": "NerfRez",
    "player_location": "us",
    "region": "USA / NTSC"
  },
  {
    "id": "yjgd29dy",
    "player": "Alfie872",
    "player_location": "gb",
    "region": "EUR / PAL"
  },
  {
    "id": "z1rn7n7m",
    "player": "Gulch2",
    "player_location": "us",
    "region": "USA / NTSC"
  },
  {
    "id": "y99813ry",
    "player": "Sminoe",
    "player_location": "nl",
    "region": "EUR / PAL"
  },
  {
    "id": "z0rlj2oz",
    "player": "WhyEvenBother",
    "player_location": "us",
    "region": null
  },
  {
    "id": "zp1dp0rz",
    "player": "Amai_Fox",
    "player_location": "us",
    "region": "USA / NTSC"
  },
  {
    "id": "zn0lkr9y",
    "player": "shimarisu",
    "player_location": "jp",
    "region": "USA / NTSC"
  },
  {
    "id": "yj5r3w3m",
    "player": "Christian1727",
    "player_location": "us",
    "region": "USA / NTSC"
  },
  {
    "id": "y8dxw2nz",
    "player": "CBItemBox",
    "player_location": "us",
    "region": "USA / NTSC"
  },
  {
    "id": "zq19n85m",
    "player": "lethargicwaldo",
    "player_location": "us",
    "region": "USA / NTSC"
  },
  {
    "id": "y4rx68nz",
    "player": "Kaidesa",
    "player_location": "us",
    "region": "USA / NTSC"
  },
  {
    "id": "zp1d6wgz",
    "player": "SlaveKnightFael",
    "player_location": "gb/eng",
    "region": "EUR / PAL"
  },
  {
    "id": "zxg36nky",
    "player": "Tolerant_Madman",
    "player_location": "us",
    "region": "USA / NTSC"
  },
  {
    "id": "m7d33v9m",
    "player": "Chancellor_Pepetine",
    "player_location": "de",
    "region": "EUR / PAL"
  },
  {
    "id": "ydr1lwwz",
    "player": "0SharkGuy",
    "player_location": "us",
    "region": "USA / NTSC"
  },
  {
    "id": "zq1on1xm",
    "player": "shishijima402",
    "player_location": "jp",
    "region": null
  },
  {
    "id": "y4rxlv3z",
    "player": "Rokkettzz",
    "player_location": "gb/eng",
    "region": "EUR / PAL"
  },
  {
    "id": "yo7nqjjm",
    "player": "Swifty8236",
    "player_location": null,
    "region": "EUR / PAL"
  },
  {
    "id": "z0rjqjez",
    "player": "Shilvicx",
    "player_location": "us",
    "region": "USA / NTSC"
  },
  {
    "id": "y4rxjn3z",
    "player": "MakireTG",
    "player_location": "us",
    "region": "USA / NTSC"
  },
  {
    "id": "zn1q9g7m",
    "player": "Carlosvvv47",
    "player_location": "br",
    "region": null
  },
  {
    "id": "zp1go3rz",
    "player": "lazersharkzzz",
    "player_location": "us",
    "region": "USA / NTSC"
  },
  {
    "id": "m3rxv16m",
    "player": "Zylarix",
    "player_location": "ca",
    "region": "USA / NTSC"
  },
  {
    "id": "zq1p9q9m",
    "player": "Dowdy1308",
    "player_location": "gb/eng",
    "region": null
  },
  {
    "id": "mr1xv37z",
    "player": "PoliteBanshee",
    "player_location": "ca/qc",
    "region": null
  },
  {
    "id": "zgg8e3nz",
    "player": "Impuzzable",
    "player_location": null,
    "region": "USA / NTSC"
  },
  {
    "id": "zn1jo37m",
    "player": "TeliasGamingCove",
    "player_location": "us",
    "region": "USA / NTSC"
  },
  {
    "id": "zn1q5v8m",
    "player": "SoulsSlayerEND",
    "player_location": "co",
    "region": "USA / NTSC"
  },
  {
    "id": "yv1pj18y",
    "player": "AshiNoMegami",
    "player_location": "cl",
    "region": "USA / NTSC"
  },
  {
    "id": "y6dx8k0m",
    "player": "Venticals",
    "player_location": "us",
    "region": "USA / NTSC"
  },
  {
    "id": "yjg87egy",
    "player": "VerySmartTM",
    "player_location": "ca",
    "region": null
  },
  {
    "id": "yv1pe2ey",
    "player": "CaraDeChiste",
    "player_location": "co",
    "region": null
  },
  {
    "id": "z0rkv64z",
    "player": "EmmieJacob",
    "player_location": "us",
    "region": "USA / NTSC"
  },
  {
    "id": "yjgdr7gy",
    "player": "Kevtom",
    "player_location": "ee",
    "region": "EUR / PAL"
  },
  {
    "id": "mr104v7z",
    "player": "DMCX",
    "player_location": "us",
    "region": "USA / NTSC"
  },
  {
    "id": "zxg8rp5y",
    "player": "Kymilink",
    "player_location": "fr",
    "region": null
  },
  {
    "id": "mkgq6e5y",
    "player": "Milmilk",
    "player_location": "jp",
    "region": "JPN / NTSC"
  },
  {
    "id": "zp92lkvm",
    "player": "dopeydyl",
    "player_location": "au",
    "region": null
  },
  {
    "id": "y2xjg09m",
    "player": "DiRay",
    "player_location": "de",
    "region": "EUR / PAL"
  },
  {
    "id": "zxg8e2ky",
    "player": "kati",
    "player_location": "ru",
    "region": "EUR / PAL"
  },
  {
    "id": "ydrj48qz",
    "player": "Wilroach",
    "player_location": "be",
    "region": null
  },
  {
    "id": "zggq4x0z",
    "player": "Fr0sty2022",
    "player_location": "us",
    "region": "USA / NTSC"
  },
  {
    "id": "yw69p1nm",
    "player": "DontCallMeChris",
    "player_location": "ua",
    "region": null
  },
  {
    "id": "ywqvee3y",
    "player": "KrisTehDerp",
    "player_location": "us",
    "region": "USA / NTSC"
  },
  {
    "id": "mr12nj2z",
    "player": "emery22",
    "player_location": null,
    "region": "USA / NTSC"
  },
  {
    "id": "me7l9d8y",
    "player": "HarmonyXVI",
    "player_location": "us",
    "region": "USA / NTSC"
  },
  {
    "id": "zgg2ngjz",
    "player": "pugpugzyt",
    "player_location": "us",
    "region": "USA / NTSC"
  },
  {
    "id": "y4rvv3kz",
    "player": "Mankey",
    "player_location": "ca",
    "region": null
  },
  {
    "id": "z1xrjvjm",
    "player": "tannsei",
    "player_location": "jp",
    "region": null
  },
  {
    "id": "y6do7g1m",
    "player": "imashbuttons",
    "player_location": "us",
    "region": "USA / NTSC"
  },
  {
    "id": "y8d00kdz",
    "player": "darkcrusher89",
    "player_location": "de",
    "region": "EUR / PAL"
  },
  {
    "id": "mr1o88gz",
    "player": "zzz_2T",
    "player_location": "th",
    "region": null
  },
  {
    "id": "mr1o852z",
    "player": "Rochoe",
    "player_location": "us",
    "region": "USA / NTSC"
  },
  {
    "id": "y8ed345y",
    "player": "HangZhoulo",
    "player_location": "de",
    "region": "EUR / PAL"
  },
  {
    "id": "mr1oe68z",
    "player": "WaxyBear",
    "player_location": "us",
    "region": "USA / NTSC"
  },
  {
    "id": "zn1jjj7m",
    "player": "Bloodysnow09",
    "player_location": "de",
    "region": "EUR / PAL"
  },
  {
    "id": "z0rn1k4z",
    "player": "Tnewx",
    "player_location": "us",
    "region": null
  },
  {
    "id": "y6dolw1m",
    "player": "Eboieboi",
    "player_location": "ru",
    "region": null
  },
  {
    "id": "me7eox0y",
    "player": "Londrekia_senpai",
    "player_location": "fr",
    "region": "EUR / PAL"
  },
  {
    "id": "zp1grlxz",
    "player": "MoonRunesV2",
    "player_location": "us",
    "region": "EUR / PAL"
  },
  {
    "id": "y8d69rxz",
    "player": "Sychotixx",
    "player_location": "us",
    "region": "USA / NTSC"
  },
  {
    "id": "z5rejngy",
    "player": "nyiddle",
    "player_location": "us",
    "region": "USA / NTSC"
  },
  {
    "id": "y6dorn0m",
    "player": "drippiin.",
    "player_location": "no",
    "region": null
  },
  {
    "id": "yv189pxy",
    "player": "xPrincess_Bethx",
    "player_location": "gb/sct",
    "region": null
  },
  {
    "id": "zn1j3e9m",
    "player": "xerian",
    "player_location": "us",
    "region": "USA / NTSC"
  },
  {
    "id": "zq1eg1rm",
    "player": "ZedReverso",
    "player_location": "br",
    "region": null
  },
  {
    "id": "ywqv0q3y",
    "player": "TheSpectreKING",
    "player_location": "ca",
    "region": null
  },
  {
    "id": "mkgv75xy",
    "player": "slime762",
    "player_location": "jp",
    "region": "JPN / NTSC"
  },
  {
    "id": "yo7l9ejm",
    "player": "Djungueule",
    "player_location": "fr",
    "region": "EUR / PAL"
  },
  {
    "id": "y996nqny",
    "player": "Mieslwd",
    "player_location": "nl",
    "region": "EUR / PAL"
  },
  {
    "id": "ydrg97wz",
    "player": "SACRAsCAVE",
    "player_location": "de",
    "region": "EUR / PAL"
  },
  {
    "id": "z1rqrqwm",
    "player": "Void1019",
    "player_location": "br",
    "region": null
  },
  {
    "id": "z1rex3wm",
    "player": "TheeShrimp",
    "player_location": "si",
    "region": "EUR / PAL"
  },
  {
    "id": "yv18oooy",
    "player": "JeroenSnijders",
    "player_location": "nl",
    "region": "EUR / PAL"
  },
  {
    "id": "zggogq0z",
    "player": "Lubi",
    "player_location": "cz",
    "region": null
  },
  {
    "id": "ydrgj30z",
    "player": "Samehada92",
    "player_location": "at",
    "region": "EUR / PAL"
  },
  {
    "id": "zxgnor8y",
    "player": "DuskRage",
    "player_location": "us",
    "region": "USA / NTSC"
  },
  {
    "id": "z1rq2x7m",
    "player": "HL_Sonnentreppe",
    "player_location": "br",
    "region": null
  },
  {
    "id": "z1rq2g7m",
    "player": "polluxik",
    "player_location": "cz",
    "region": null
  },
  {
    "id": "y996lkry",
    "player": "juhde",
    "player_location": "us",
    "region": "USA / NTSC"
  },
  {
    "id": "ydrgd5wz",
    "player": "altenase0705",
    "player_location": "de",
    "region": "EUR / PAL"
  },
  {
    "id": "zp1g9enz",
    "player": "crazygamingdayz",
    "player_location": "us",
    "region": "USA / NTSC"
  },
  {
    "id": "zp1oe9gz",
    "player": "OhLyon",
    "player_location": "us",
    "region": "USA / NTSC"
  },
  {
    "id": "y996xxey",
    "player": "Anfibio69",
    "player_location": "cl",
    "region": null
  },
  {
    "id": "y8x438nm",
    "player": "Tuna-Maguro",
    "player_location": "jp",
    "region": "USA / NTSC"
  },
  {
    "id": "ydr219jz",
    "player": "Anteniinha",
    "player_location": "br",
    "region": "USA / NTSC"
  },
  {
    "id": "yv15r6oy",
    "player": "the_sundstrom",
    "player_location": "se",
    "region": "EUR / PAL"
  },
  {
    "id": "y99kn9ry",
    "player": "Praisor",
    "player_location": "de",
    "region": "EUR / PAL"
  },
  {
    "id": "zp1gwenz",
    "player": "Dauphin935",
    "player_location": "mx",
    "region": "USA / NTSC"
  },
  {
    "id": "mkgjw81y",
    "player": "DayC",
    "player_location": "gb",
    "region": "EUR / PAL"
  },
  {
    "id": "y4q85r3m",
    "player": "veryberrykeri",
    "player_location": "us",
    "region": "USA / NTSC"
  },
  {
    "id": "m7xjvxey",
    "player": "Collin255",
    "player_location": "us",
    "region": "USA / NTSC"
  },
  {
    "id": "y8d0klxz",
    "player": "Zackattack5123",
    "player_location": "us",
    "region": "USA / NTSC"
  },
  {
    "id": "y8d0wlxz",
    "player": "angelbless45",
    "player_location": "bo",
    "region": "USA / NTSC"
  },
  {
    "id": "y6do1wpm",
    "player": "Ryback68",
    "player_location": "us",
    "region": "USA / NTSC"
  },
  {
    "id": "ydrgnxxz",
    "player": "JDFish",
    "player_location": null,
    "region": "USA / NTSC"
  },
  {
    "id": "m7d2oj9m",
    "player": "168metal",
    "player_location": "cn",
    "region": null
  },
  {
    "id": "ylqprknz",
    "player": "deweydream",
    "player_location": "fr",
    "region": "EUR / PAL"
  },
  {
    "id": "mrn8d4gy",
    "player": "Nemz38",
    "player_location": "ee",
    "region": null
  },
  {
    "id": "z07k0oey",
    "player": "SauNaCM",
    "player_location": "fr",
    "region": "EUR / PAL"
  },
  {
    "id": "z5rewkny",
    "player": "Kiranightmare",
    "player_location": "br",
    "region": null
  },
  {
    "id": "z0rn0qez",
    "player": "ZSGJason",
    "player_location": "de",
    "region": "EUR / PAL"
  },
  {
    "id": "m7d2v60m",
    "player": "Elixir95",
    "player_location": "fr",
    "region": "EUR / PAL"
  },
  {
    "id": "y6do816m",
    "player": "Symystery",
    "player_location": "us",
    "region": "USA / NTSC"
  },
  {
    "id": "zxgp4pey",
    "player": "Ragnarok_ex",
    "player_location": "mx",
    "region": null
  },
  {
    "id": "m7d0pp4m",
    "player": "BolognaToaster",
    "player_location": "us",
    "region": "USA / NTSC"
  },
  {
    "id": "yjd0we7y",
    "player": "KMBagpipes",
    "player_location": "us",
    "region": "USA / NTSC"
  },
  {
    "id": "m7d24eem",
    "player": "hazeblade",
    "player_location": "us",
    "region": "USA / NTSC"
  },
  {
    "id": "z1rk8qjm",
    "player": "MasterDragon88pete",
    "player_location": "us",
    "region": "USA / NTSC"
  },
  {
    "id": "ylqn89xz",
    "player": "sloidsnak5",
    "player_location": "us",
    "region": "USA / NTSC"
  },
  {
    "id": "ydr2jk0z",
    "player": "Luxaflexje",
    "player_location": "nl",
    "region": "EUR / PAL"
  },
  {
    "id": "z5re91jy",
    "player": "Malkulz",
    "player_location": "de",
    "region": "EUR / PAL"
  },
  {
    "id": "ywqre13y",
    "player": "Dante69",
    "player_location": "fr",
    "region": "EUR / PAL"
  },
  {
    "id": "y2xgenjm",
    "player": "ifeellikeboba",
    "player_location": "ca",
    "region": null
  },
  {
    "id": "yjgqk83y",
    "player": "Dawsjuan",
    "player_location": "us",
    "region": "USA / NTSC"
  },
  {
    "id": "y99kl1ky",
    "player": "Lucianov3",
    "player_location": "de",
    "region": "EUR / PAL"
  },
  {
    "id": "me4jdw9y",
    "player": "tonijuliette_ttv",
    "player_location": "us",
    "region": "USA / NTSC"
  },
  {
    "id": "m7d0840m",
    "player": "Andrew_thePRO1",
    "player_location": "ca",
    "region": null
  },
  {
    "id": "yjg25xdy",
    "player": "Fl\u00e1vio03",
    "player_location": "br",
    "region": null
  },
  {
    "id": "zn1v0vvm",
    "player": "onikutengoku",
    "player_location": "jp",
    "region": "JPN / NTSC"
  },
  {
    "id": "zq1dvl5m",
    "player": "kk_spud",
    "player_location": "us",
    "region": "USA / NTSC"
  },
  {
    "id": "y6d29jqm",
    "player": "PunisherLDZ",
    "player_location": "pl",
    "region": "EUR / PAL"
  },
  {
    "id": "m3rq67dm",
    "player": "MackMaybe",
    "player_location": null,
    "region": "USA / NTSC"
  },
  {
    "id": "yv1eq4oy",
    "player": "DannyDocDoh",
    "player_location": "gb/eng",
    "region": "EUR / PAL"
  },
  {
    "id": "y8d68pxz",
    "player": "Fallbutfast",
    "player_location": "gb/wls",
    "region": null
  },
  {
    "id": "y99e6vry",
    "player": "MarandaScreams",
    "player_location": "us",
    "region": "USA / NTSC"
  },
  {
    "id": "mkkx2v5m",
    "player": "dthLazer",
    "player_location": "us",
    "region": null
  },
  {
    "id": "yjgowddy",
    "player": "TheMightyTore",
    "player_location": "ca",
    "region": "USA / NTSC"
  },
  {
    "id": "zp1wpnrz",
    "player": "Mgee",
    "player_location": "de",
    "region": "EUR / PAL"
  },
  {
    "id": "ywqnl02y",
    "player": "MagnetStryker",
    "player_location": "be",
    "region": "EUR / PAL"
  },
  {
    "id": "me7l033y",
    "player": "Gimlas",
    "player_location": "pl",
    "region": null
  },
  {
    "id": "me7l022y",
    "player": "Eroktar",
    "player_location": "fr",
    "region": null
  },
  {
    "id": "m3rq0wdm",
    "player": "Bawxxy",
    "player_location": "de",
    "region": null
  },
  {
    "id": "zn1vxe7m",
    "player": "marphoria",
    "player_location": "us",
    "region": "USA / NTSC"
  },
  {
    "id": "zggejgvz",
    "player": "Spectrolyte",
    "player_location": "us",
    "region": "USA / NTSC"
  },
  {
    "id": "me7ln39y",
    "player": "the_wq",
    "player_location": null,
    "region": "JPN / NTSC"
  },
  {
    "id": "mkgnn95y",
    "player": "Heartcheatpop",
    "player_location": "pl",
    "region": "EUR / PAL"
  },
  {
    "id": "mr12orgz",
    "player": "Joseval",
    "player_location": "br",
    "region": "EUR / PAL"
  },
  {
    "id": "z5rpn2gy",
    "player": "Zer0iced",
    "player_location": "gb/eng",
    "region": "EUR / PAL"
  },
  {
    "id": "yjg2v47y",
    "player": "BiggyMatt",
    "player_location": "us",
    "region": "USA / NTSC"
  },
  {
    "id": "z1g443jz",
    "player": "Jikkachan",
    "player_location": "jp",
    "region": null
  },
  {
    "id": "zgge4njz",
    "player": "ladiiv",
    "player_location": "de",
    "region": "EUR / PAL"
  },
  {
    "id": "z0rxl8jz",
    "player": "AyyItsL",
    "player_location": "us",
    "region": "USA / NTSC"
  },
  {
    "id": "z0rxw2ez",
    "player": "JustADude720",
    "player_location": null,
    "region": "USA / NTSC"
  },
  {
    "id": "yjgwj0dy",
    "player": "Zexceede117",
    "player_location": "us",
    "region": "USA / NTSC"
  },
  {
    "id": "y8dw3xnz",
    "player": "Anidark",
    "player_location": "ca",
    "region": "USA / NTSC"
  },
  {
    "id": "y2x69j9m",
    "player": "die_Eisdiele",
    "player_location": "au",
    "region": null
  },
  {
    "id": "yvo3v8ez",
    "player": "Swordfish4649",
    "player_location": "jp",
    "region": "JPN / NTSC"
  },
  {
    "id": "y6dq581m",
    "player": "REZ69",
    "player_location": null,
    "region": "USA / NTSC"
  },
  {
    "id": "yjgw6jgy",
    "player": "Alexgamer300",
    "player_location": "br",
    "region": "USA / NTSC"
  },
  {
    "id": "y2xkdnwm",
    "player": "MeteorRights",
    "player_location": "us",
    "region": "USA / NTSC"
  },
  {
    "id": "mkgq0oly",
    "player": "ArkanModified",
    "player_location": "us",
    "region": "USA / NTSC"
  },
  {
    "id": "y8dkdnnz",
    "player": "FBBREDBUFALO",
    "player_location": "us",
    "region": "USA / NTSC"
  },
  {
    "id": "me49vx3y",
    "player": "Pojodin",
    "player_location": null,
    "region": "USA / NTSC"
  },
  {
    "id": "mr12394z",
    "player": "toybox3D",
    "player_location": "jp",
    "region": "JPN / NTSC"
  },
  {
    "id": "mkgqeqly",
    "player": "Volvulus",
    "player_location": "us",
    "region": "USA / NTSC"
  },
  {
    "id": "z5v09d5m",
    "player": "SparkySparkyBoomMan",
    "player_location": "lv",
    "region": "EUR / PAL"
  },
  {
    "id": "zn0198vy",
    "player": "CarbineZ882",
    "player_location": "gb/eng",
    "region": "EUR / PAL"
  },
  {
    "id": "zxgw8oey",
    "player": "Tense",
    "player_location": "lt",
    "region": "EUR / PAL"
  },
  {
    "id": "yo7odr0m",
    "player": "Jackdynomite21",
    "player_location": "ca",
    "region": "USA / NTSC"
  },
  {
    "id": "zp1pgpvz",
    "player": "smile_C",
    "player_location": "kr",
    "region": null
  },
  {
    "id": "m7d30wem",
    "player": "arseniccatnip44",
    "player_location": "us",
    "region": "USA / NTSC"
  },
  {
    "id": "z1r470jm",
    "player": "AllEyesOnMisael",
    "player_location": "it",
    "region": "EUR / PAL"
  },
  {
    "id": "z5rkkp5y",
    "player": "Baconlitheque",
    "player_location": "us",
    "region": "USA / NTSC"
  },
  {
    "id": "y8dkwkdz",
    "player": "Sorry",
    "player_location": "ca",
    "region": null
  },
  {
    "id": "z0rdk58z",
    "player": "ThePatient",
    "player_location": null,
    "region": "USA / NTSC"
  },
  {
    "id": "zxgwrl8y",
    "player": "Splagoon",
    "player_location": "us",
    "region": "USA / NTSC"
  },
  {
    "id": "mkgxgd5y",
    "player": "Lowrie",
    "player_location": "gb/eng",
    "region": "EUR / PAL"
  },
  {
    "id": "mr1v8pdz",
    "player": "DomTheOnion",
    "player_location": "us",
    "region": "USA / NTSC"
  },
  {
    "id": "z0r85q4z",
    "player": "SmokeyRuns",
    "player_location": "nl",
    "region": "EUR / PAL"
  },
  {
    "id": "mkgp3q5y",
    "player": "coldspartanYT",
    "player_location": "us",
    "region": "USA / NTSC"
  },
  {
    "id": "y2x20g7m",
    "player": "Jadusable2",
    "player_location": "us",
    "region": "USA / NTSC"
  },
  {
    "id": "z0rdpxoz",
    "player": "SamWithoutAPlan",
    "player_location": "us",
    "region": "USA / NTSC"
  },
  {
    "id": "ydrvq8xz",
    "player": "Brad1563",
    "player_location": null,
    "region": "USA / NTSC"
  },
  {
    "id": "mkgpvg1y",
    "player": "Wasabinikoff69",
    "player_location": "jp",
    "region": "JPN / NTSC"
  },
  {
    "id": "z5vog8dm",
    "player": "stmk12",
    "player_location": "jp",
    "region": "USA / NTSC"
  },
  {
    "id": "y6dvwrjm",
    "player": "Its_RichJ",
    "player_location": "gb/eng",
    "region": "EUR / PAL"
  },
  {
    "id": "mr1vw47z",
    "player": "Quasi_a_la_Modo",
    "player_location": "us",
    "region": "USA / NTSC"
  },
  {
    "id": "z0rd474z",
    "player": "Frit",
    "player_location": "us",
    "region": "USA / NTSC"
  },
  {
    "id": "y6dv186m",
    "player": "Doctor_Moon1",
    "player_location": null,
    "region": "EUR / PAL"
  },
  {
    "id": "m7do900m",
    "player": "siujoga",
    "player_location": "br",
    "region": "USA / NTSC"
  },
  {
    "id": "m3rjov4m",
    "player": "natEEEE",
    "player_location": "us",
    "region": "USA / NTSC"
  },
  {
    "id": "y8dp21xz",
    "player": "Sallavon",
    "player_location": "us",
    "region": "USA / NTSC"
  },
  {
    "id": "y6dw7pqm",
    "player": "kinsanity",
    "player_location": "ca",
    "region": "USA / NTSC"
  },
  {
    "id": "z1rno8wm",
    "player": "SunnySunsunsun",
    "player_location": "hk",
    "region": null
  },
  {
    "id": "zggoxonz",
    "player": "oohay0201",
    "player_location": "tw",
    "region": null
  },
  {
    "id": "y2x6n4wm",
    "player": "Blucker12",
    "player_location": "br",
    "region": "USA / NTSC"
  },
  {
    "id": "y8dpevdz",
    "player": "Prood",
    "player_location": "gb/eng",
    "region": "EUR / PAL"
  },
  {
    "id": "ylqxrrxz",
    "player": "Vzzl",
    "player_location": "us",
    "region": "USA / NTSC"
  },
  {
    "id": "zggore0z",
    "player": "OmicronGamma",
    "player_location": "us",
    "region": "USA / NTSC"
  },
  {
    "id": "z1rnx0gm",
    "player": "ahostilepuma",
    "player_location": "us",
    "region": "USA / NTSC"
  },
  {
    "id": "y2xw0o6m",
    "player": "omnishambles",
    "player_location": "gb",
    "region": "EUR / PAL"
  },
  {
    "id": "mkg1v4vy",
    "player": "ClearlyBrogan",
    "player_location": "gb",
    "region": "EUR / PAL"
  },
  {
    "id": "y6de2dpm",
    "player": "valentineeLIVE",
    "player_location": "us",
    "region": null
  },
  {
    "id": "zx89x3km",
    "player": "Cross_X_Check",
    "player_location": "us",
    "region": "USA / NTSC"
  },
  {
    "id": "m3rjqldm",
    "player": "HeyItsATree",
    "player_location": "us",
    "region": "USA / NTSC"
  },
  {
    "id": "y8dpg1nz",
    "player": "Plebstin_42",
    "player_location": "za",
    "region": null
  },
  {
    "id": "mr6onp4m",
    "player": "SupaScared",
    "player_location": "us",
    "region": "USA / NTSC"
  },
  {
    "id": "me7g2w0y",
    "player": "shinsica",
    "player_location": "th",
    "region": null
  },
  {
    "id": "y2xr63wm",
    "player": "saintcastle",
    "player_location": "us",
    "region": "USA / NTSC"
  },
  {
    "id": "ywqx592y",
    "player": "herbthehobbit",
    "player_location": "us",
    "region": "USA / NTSC"
  },
  {
    "id": "ywqlqpny",
    "player": "kakeru",
    "player_location": "jp",
    "region": "JPN / NTSC"
  },
  {
    "id": "ylqx2nrz",
    "player": "ptngms",
    "player_location": "cz",
    "region": null
  },
  {
    "id": "z5rgqxgy",
    "player": "djragon_warrior",
    "player_location": "us",
    "region": "USA / NTSC"
  },
  {
    "id": "yjgqxwny",
    "player": "Brannnn",
    "player_location": "jp",
    "region": "JPN / NTSC"
  },
  {
    "id": "z5vxkenm",
    "player": "proxbalance",
    "player_location": "fi",
    "region": "EUR / PAL"
  },
  {
    "id": "y693w4jy",
    "player": "ISH",
    "player_location": "ph",
    "region": "USA / NTSC"
  },
  {
    "id": "ylrg6d3y",
    "player": "avukamu",
    "player_location": "us",
    "region": "USA / NTSC"
  },
  {
    "id": "zgp1drjz",
    "player": "PajarmaMama",
    "player_location": "gb/eng",
    "region": "EUR / PAL"
  },
  {
    "id": "mr108wdz",
    "player": "MrDevine84",
    "player_location": "gb/eng",
    "region": "EUR / PAL"
  },
  {
    "id": "m7deg94m",
    "player": "ashleytheheart",
    "player_location": "us",
    "region": "USA / NTSC"
  },
  {
    "id": "zn19kplm",
    "player": "N7Soul",
    "player_location": "us",
    "region": "USA / NTSC"
  },
  {
    "id": "yjge5ngy",
    "player": "Danteeee77",
    "player_location": "es",
    "region": "EUR / PAL"
  },
  {
    "id": "zxgjldey",
    "player": "konrad_22021",
    "player_location": "pl",
    "region": null
  },
  {
    "id": "y99pvoky",
    "player": "MgPlayer1337",
    "player_location": "pl",
    "region": "EUR / PAL"
  },
  {
    "id": "z1r0959m",
    "player": "FullMaster",
    "player_location": "mx",
    "region": null
  },
  {
    "id": "z0r8pjjz",
    "player": "opgferaligater",
    "player_location": "us",
    "region": "USA / NTSC"
  },
  {
    "id": "y8do8wwz",
    "player": "Twitch_SkyWolf93",
    "player_location": "ec",
    "region": "USA / NTSC"
  },
  {
    "id": "y2xned5m",
    "player": "Arispici",
    "player_location": "us",
    "region": "USA / NTSC"
  },
  {
    "id": "z0r8lpoz",
    "player": "GDSamsquatch",
    "player_location": "us",
    "region": "USA / NTSC"
  },
  {
    "id": "yjge8k3y",
    "player": "Crawfdog",
    "player_location": "us",
    "region": "USA / NTSC"
  },
  {
    "id": "zp1kw2xz",
    "player": "Zavestache",
    "player_location": "us",
    "region": "USA / NTSC"
  },
  {
    "id": "m7de0v5m",
    "player": "MattStrats",
    "player_location": "br",
    "region": "USA / NTSC"
  },
  {
    "id": "ydrvodjz",
    "player": "EmilyIsHome",
    "player_location": "us",
    "region": "USA / NTSC"
  },
  {
    "id": "mkgwe2xy",
    "player": "warwickzero",
    "player_location": "gb/eng",
    "region": "EUR / PAL"
  },
  {
    "id": "me72elqy",
    "player": "BreezeOwO",
    "player_location": "tw",
    "region": null
  },
  {
    "id": "me7202qy",
    "player": "Lifesmeaning42",
    "player_location": "gb/eng",
    "region": "EUR / PAL"
  },
  {
    "id": "y8dgpgwz",
    "player": "SuperKingAndy",
    "player_location": "gb/eng",
    "region": "EUR / PAL"
  },
  {
    "id": "y994q9ky",
    "player": "RyuRonin",
    "player_location": "us",
    "region": "USA / NTSC"
  },
  {
    "id": "y6dw8o6m",
    "player": "Hyrulewarrior7",
    "player_location": "us",
    "region": "USA / NTSC"
  },
  {
    "id": "m7dv4o4m",
    "player": "MutantAye",
    "player_location": "nl",
    "region": "EUR / PAL"
  },
  {
    "id": "y2xrqr5m",
    "player": "monstr",
    "player_location": "no",
    "region": "EUR / PAL"
  },
  {
    "id": "z0rk66oz",
    "player": "DrThread",
    "player_location": "de",
    "region": "EUR / PAL"
  },
  {
    "id": "y479nvky",
    "player": "Sir_Lumberjack",
    "player_location": "fr",
    "region": "EUR / PAL"
  },
  {
    "id": "mr64797m",
    "player": "TackyTactics_",
    "player_location": "gb/eng",
    "region": "EUR / PAL"
  },
  {
    "id": "zq15dvrm",
    "player": "Oskar_Ank",
    "player_location": "mx",
    "region": null
  },
  {
    "id": "zp1561xz",
    "player": "umbasamufasa",
    "player_location": "us",
    "region": "USA / NTSC"
  },
  {
    "id": "z5r688jy",
    "player": "k_twelve",
    "player_location": "jp",
    "region": "JPN / NTSC"
  },
  {
    "id": "mr15g62z",
    "player": "Veratyr",
    "player_location": "fr",
    "region": "EUR / PAL"
  },
  {
    "id": "zgg94wnz",
    "player": "Gav1n",
    "player_location": "gb/eng",
    "region": "EUR / PAL"
  },
  {
    "id": "me7d820y",
    "player": "Cropax",
    "player_location": "dk",
    "region": null
  },
  {
    "id": "z1gwl59z",
    "player": "relax_kuma",
    "player_location": "hk",
    "region": null
  },
  {
    "id": "zn160n3m",
    "player": "SupaDoopa",
    "player_location": "gb/eng",
    "region": "EUR / PAL"
  },
  {
    "id": "y8d4o21z",
    "player": "Goldhagen",
    "player_location": "se",
    "region": "EUR / PAL"
  },
  {
    "id": "z5rnxngy",
    "player": "Paradox_Grael",
    "player_location": "us",
    "region": "USA / NTSC"
  },
  {
    "id": "ywk9xw2y",
    "player": "Moreas",
    "player_location": "fr",
    "region": "EUR / PAL"
  },
  {
    "id": "zxgpxvqy",
    "player": "DarkCosmo",
    "player_location": "us",
    "region": "USA / NTSC"
  },
  {
    "id": "zq1nq35m",
    "player": "Elib215",
    "player_location": "us",
    "region": "USA / NTSC"
  },
  {
    "id": "y2x6n75m",
    "player": "reddosukato",
    "player_location": "tw",
    "region": null
  },
  {
    "id": "zpdjqvxz",
    "player": "FreggelHousen",
    "player_location": "at",
    "region": "EUR / PAL"
  },
  {
    "id": "yjg067dy",
    "player": "AnyArt",
    "player_location": "de",
    "region": "EUR / PAL"
  },
  {
    "id": "m3r889qm",
    "player": "luci4lolz",
    "player_location": "us",
    "region": "USA / NTSC"
  },
  {
    "id": "ydwknp0m",
    "player": "Xalding",
    "player_location": "cl",
    "region": null
  },
  {
    "id": "zq1ok2rm",
    "player": "Deekus_Maximus",
    "player_location": "gb/sct",
    "region": "EUR / PAL"
  },
  {
    "id": "z0r419jz",
    "player": "Emiya524",
    "player_location": "cn",
    "region": null
  },
  {
    "id": "zq1ovg1m",
    "player": "Toxysmile",
    "player_location": "us",
    "region": "USA / NTSC"
  },
  {
    "id": "y4r4xw3z",
    "player": "Shrimpish_",
    "player_location": "us",
    "region": "USA / NTSC"
  },
  {
    "id": "zq1ojv1m",
    "player": "xAnthraXv",
    "player_location": "us",
    "region": "USA / NTSC"
  },
  {
    "id": "zn7lgp7m",
    "player": "jonsku1",
    "player_location": "fi",
    "region": "EUR / PAL"
  },
  {
    "id": "zq1oq89m",
    "player": "Toomuchmansonttv",
    "player_location": "us",
    "region": "USA / NTSC"
  },
  {
    "id": "m7d4l74m",
    "player": "Thegamingkitten",
    "player_location": null,
    "region": null
  },
  {
    "id": "yv1k7roy",
    "player": "Souldapop",
    "player_location": "us",
    "region": "USA / NTSC"
  },
  {
    "id": "zn1lgjvm",
    "player": "Lisaq28",
    "player_location": "jp",
    "region": "JPN / NTSC"
  },
  {
    "id": "y6d4w7jm",
    "player": "SOULxREAV3R",
    "player_location": "gb/eng",
    "region": null
  },
  {
    "id": "y6d13e6m",
    "player": "Slerder",
    "player_location": "de",
    "region": "EUR / PAL"
  },
  {
    "id": "y2xoq5wm",
    "player": "StefanGose",
    "player_location": "de",
    "region": "EUR / PAL"
  },
  {
    "id": "zqv31nrm",
    "player": "ZeddTheSecond",
    "player_location": "us",
    "region": "USA / NTSC"
  },
  {
    "id": "z5rqpwey",
    "player": "karajoestar",
    "player_location": "nl",
    "region": "EUR / PAL"
  },
  {
    "id": "ydr72pwz",
    "player": "Remake_Freddy",
    "player_location": "us",
    "region": "USA / NTSC"
  },
  {
    "id": "ywq9x59y",
    "player": "j3llyFPS",
    "player_location": "au",
    "region": "EUR / PAL"
  },
  {
    "id": "yv1wjxoy",
    "player": "BungerHaver",
    "player_location": "fo",
    "region": "EUR / PAL"
  },
  {
    "id": "ylnoqpnz",
    "player": "LupaRumah",
    "player_location": "id",
    "region": null
  },
  {
    "id": "y2799p9z",
    "player": "elijah_torrez_",
    "player_location": "us",
    "region": "USA / NTSC"
  },
  {
    "id": "y279347z",
    "player": "Punchy",
    "player_location": "gb/eng",
    "region": "EUR / PAL"
  },
  {
    "id": "z5d73rgm",
    "player": "Chalk_Head",
    "player_location": "us",
    "region": "USA / NTSC"
  },
  {
    "id": "me4xk89y",
    "player": "Pata87",
    "player_location": "de",
    "region": "EUR / PAL"
  },
  {
    "id": "mk5v2p3m",
    "player": "raymondluxuryyacht",
    "player_location": "us",
    "region": "USA / NTSC"
  },
  {
    "id": "zp8q418y",
    "player": "RatSqxasher",
    "player_location": "us",
    "region": "USA / NTSC"
  },
  {
    "id": "y937lqey",
    "player": "sweeveirl",
    "player_location": "us",
    "region": "USA / NTSC"
  },
  {
    "id": "mk54d2lm",
    "player": "ImHyyper",
    "player_location": "us",
    "region": "USA / NTSC"
  },
  {
    "id": "zqv6e19m",
    "player": "perfectfalse",
    "player_location": "us",
    "region": "USA / NTSC"
  },
  {
    "id": "me4kq40y",
    "player": "Re4lion95",
    "player_location": "ca",
    "region": null
  },
  {
    "id": "y8eq795y",
    "player": "zerodux",
    "player_location": "br",
    "region": null
  },
  {
    "id": "z0739k9y",
    "player": "cactusyack",
    "player_location": "mx",
    "region": "USA / NTSC"
  },
  {
    "id": "y882v2ny",
    "player": "DJ_ace972",
    "player_location": "fr",
    "region": "EUR / PAL"
  },
  {
    "id": "zxo4xpqz",
    "player": "Terukosan",
    "player_location": "ca",
    "region": "USA / NTSC"
  },
  {
    "id": "z07343ey",
    "player": "SilverSh33p",
    "player_location": "us",
    "region": null
  },
  {
    "id": "ywv8xopz",
    "player": "SekainoMatchan",
    "player_location": "jp",
    "region": "JPN / NTSC"
  },
  {
    "id": "y471vnky",
    "player": "TURDMANJONES",
    "player_location": "us",
    "region": "USA / NTSC"
  },
  {
    "id": "zqvro71m",
    "player": "SquigglyPete",
    "player_location": "us",
    "region": "USA / NTSC"
  },
  {
    "id": "zxokrjgz",
    "player": "anagolles",
    "player_location": "jp",
    "region": "JPN / NTSC"
  },
  {
    "id": "z1x52jjm",
    "player": "theseed",
    "player_location": "fr",
    "region": "USA / NTSC"
  },
  {
    "id": "mk530d5m",
    "player": "JediJinbog",
    "player_location": "us",
    "region": "USA / NTSC"
  },
  {
    "id": "zn0k57vy",
    "player": "iNQK",
    "player_location": "fi",
    "region": "EUR / PAL"
  },
  {
    "id": "yj5lv5om",
    "player": "Outragedconvct",
    "player_location": "ca",
    "region": "USA / NTSC"
  },
  {
    "id": "zqvwlp8m",
    "player": "dr3am_illusion",
    "player_location": "us",
    "region": "USA / NTSC"
  },
  {
    "id": "zn7k0lvm",
    "player": "Evilklm",
    "player_location": "us",
    "region": "USA / NTSC"
  },
  {
    "id": "yo633e5y",
    "player": "Bloodymayhem89",
    "player_location": "us",
    "region": null
  },
  {
    "id": "zxod7o8z",
    "player": "Project_Wesker",
    "player_location": "us",
    "region": "USA / NTSC"
  },
  {
    "id": "zqv4jj5m",
    "player": "QuinnQ",
    "player_location": "us",
    "region": "USA / NTSC"
  },
  {
    "id": "zqv4j5xm",
    "player": "LFTDarkness",
    "player_location": "us",
    "region": "USA / NTSC"
  },
  {
    "id": "y2elx49y",
    "player": "RunJPizzle",
    "player_location": "us",
    "region": "USA / NTSC"
  },
  {
    "id": "mk58pjxm",
    "player": "MrDaltonn",
    "player_location": "br",
    "region": null
  },
  {
    "id": "zn03ll8y",
    "player": "u_san",
    "player_location": "jp",
    "region": "JPN / NTSC"
  },
  {
    "id": "yo69v90y",
    "player": "dcwebb85",
    "player_location": null,
    "region": "USA / NTSC"
  },
  {
    "id": "yj51jo7m",
    "player": "LunacyGames",
    "player_location": "gb/eng",
    "region": "EUR / PAL"
  },
  {
    "id": "z076l5jy",
    "player": "RetroChris64",
    "player_location": "us",
    "region": "USA / NTSC"
  },
  {
    "id": "y8evn2dy",
    "player": "DisTurBed2236",
    "player_location": "gb/eng",
    "region": "EUR / PAL"
  },
  {
    "id": "zqv16j1m",
    "player": "erHorhengar",
    "player_location": "es",
    "region": "EUR / PAL"
  },
  {
    "id": "ylrq1lry",
    "player": "Talox",
    "player_location": "nl",
    "region": "EUR / PAL"
  },
  {
    "id": "zgrglpnm",
    "player": "PoiseBois64",
    "player_location": null,
    "region": "USA / NTSC"
  },
  {
    "id": "ywkro6py",
    "player": "JaTeNZ",
    "player_location": "th",
    "region": null
  },
  {
    "id": "zp82dpxy",
    "player": "MG_7721",
    "player_location": "us",
    "region": "USA / NTSC"
  },
  {
    "id": "zxol335z",
    "player": "MagmaTNT138",
    "player_location": "us",
    "region": "USA / NTSC"
  },
  {
    "id": "mk5eo73m",
    "player": "Moar",
    "player_location": "us",
    "region": "USA / NTSC"
  },
  {
    "id": "m373d5dz",
    "player": "TooSuperDuper",
    "player_location": "us",
    "region": null
  },
  {
    "id": "zxo741qz",
    "player": "MegaDroogie",
    "player_location": null,
    "region": "USA / NTSC"
  },
  {
    "id": "y93xw7ry",
    "player": "enocmon2034",
    "player_location": null,
    "region": null
  },
  {
    "id": "y8e00oxy",
    "player": "Matt_0z3",
    "player_location": "gb/sct",
    "region": "EUR / PAL"
  },
  {
    "id": "ydegv7xm",
    "player": "Wheezus",
    "player_location": "ca",
    "region": "USA / NTSC"
  },
  {
    "id": "mr6d448m",
    "player": "TANAKANOANIKI",
    "player_location": "jp",
    "region": "JPN / NTSC"
  },
  {
    "id": "zn0vj2vy",
    "player": "TheDough_Nut",
    "player_location": null,
    "region": null
  },
  {
    "id": "y69qxjqy",
    "player": "imreallyotaku",
    "player_location": "ca",
    "region": null
  },
  {
    "id": "y205o8jm",
    "player": "Crunchbite_1",
    "player_location": "ca",
    "region": null
  },
  {
    "id": "zxoqg2ez",
    "player": "DarkSR",
    "player_location": "us",
    "region": "USA / NTSC"
  },
  {
    "id": "yleoq7rz",
    "player": "mmewtwoj",
    "player_location": "au",
    "region": null
  },
  {
    "id": "zn7kn99m",
    "player": "Im_LightningBlade",
    "player_location": "us",
    "region": "USA / NTSC"
  },
  {
    "id": "y8e43gdy",
    "player": "Zionzatman",
    "player_location": "gb/wls",
    "region": null
  },
  {
    "id": "mkd79l5y",
    "player": "bigscared",
    "player_location": "us",
    "region": "USA / NTSC"
  },
  {
    "id": "z1x62vrm",
    "player": "kromen_nox",
    "player_location": null,
    "region": "EUR / PAL"
  },
  {
    "id": "y69jg3jy",
    "player": "aucloud1234",
    "player_location": "cn",
    "region": null
  },
  {
    "id": "me425n0y",
    "player": "Shaochy",
    "player_location": "fr",
    "region": "EUR / PAL"
  },
  {
    "id": "y27r7ejz",
    "player": "YoshiChief",
    "player_location": "gb/eng",
    "region": "EUR / PAL"
  },
  {
    "id": "zp85o0ry",
    "player": "The_Chris27",
    "player_location": "au",
    "region": "EUR / PAL"
  },
  {
    "id": "y698w26y",
    "player": "N1_Chris",
    "player_location": "fr",
    "region": "EUR / PAL"
  },
  {
    "id": "y27rlxwz",
    "player": "Huntz_Kush",
    "player_location": "us",
    "region": "USA / NTSC"
  },
  {
    "id": "y202gw7m",
    "player": "jonuhtan",
    "player_location": "us",
    "region": "USA / NTSC"
  },
  {
    "id": "y47vgoqy",
    "player": "JohnKaname",
    "player_location": "fr",
    "region": "EUR / PAL"
  },
  {
    "id": "yo68ol5y",
    "player": "Dans_Survival",
    "player_location": "us",
    "region": "USA / NTSC"
  },
  {
    "id": "z0ov079z",
    "player": "Manodead",
    "player_location": "de",
    "region": "EUR / PAL"
  },
  {
    "id": "zqvnd89m",
    "player": "AlecMaes1",
    "player_location": "be",
    "region": "EUR / PAL"
  },
  {
    "id": "ydexx5wm",
    "player": "The_R1ckster",
    "player_location": "de",
    "region": "EUR / PAL"
  },
  {
    "id": "ywk90l3y",
    "player": "KillerNarwal",
    "player_location": "us",
    "region": "USA / NTSC"
  },
  {
    "id": "yo6w02dy",
    "player": "Crosshire",
    "player_location": "gb/eng",
    "region": "EUR / PAL"
  },
  {
    "id": "yodpje1m",
    "player": "TwitchLimitless",
    "player_location": "fi",
    "region": "EUR / PAL"
  },
  {
    "id": "yjp6we3y",
    "player": "Komrade_Kit",
    "player_location": "gb/eng",
    "region": "EUR / PAL"
  },
  {
    "id": "zp2nlexy",
    "player": "morcexd",
    "player_location": "cz",
    "region": null
  },
  {
    "id": "yop6xq7m",
    "player": "GroofyTuber",
    "player_location": "co",
    "region": "USA / NTSC"
  },
  {
    "id": "zp24o78y",
    "player": "mar1met",
    "player_location": "fr",
    "region": "EUR / PAL"
  },
  {
    "id": "zxl9qngz",
    "player": "Fearthepoke",
    "player_location": "us",
    "region": "USA / NTSC"
  },
  {
    "id": "ywjkkv0z",
    "player": "vobruh",
    "player_location": "us",
    "region": "USA / NTSC"
  },
  {
    "id": "zgq031ey",
    "player": "YingZi",
    "player_location": "cn",
    "region": null
  },
  {
    "id": "z12329gy",
    "player": "booger_thief",
    "player_location": "us",
    "region": "USA / NTSC"
  },
  {
    "id": "y8j9rpdz",
    "player": "Mioiciin",
    "player_location": "us",
    "region": null
  },
  {
    "id": "y6x2v9jy",
    "player": "AdomHaMez",
    "player_location": "gb/eng",
    "region": "EUR / PAL"
  },
  {
    "id": "zn745r3m",
    "player": "Nakkivene",
    "player_location": "fi",
    "region": "EUR / PAL"
  },
  {
    "id": "z0o3kxjz",
    "player": "truble",
    "player_location": "us",
    "region": "USA / NTSC"
  },
  {
    "id": "z0l466oz",
    "player": "TetriCatt",
    "player_location": "us",
    "region": "USA / NTSC"
  },
  {
    "id": "mej3q4qy",
    "player": "calamitynolan",
    "player_location": "us",
    "region": "USA / NTSC"
  },
  {
    "id": "zp24398y",
    "player": "Exlard",
    "player_location": "id",
    "region": null
  },
  {
    "id": "m36n3nqm",
    "player": "ExtremEAntiloP",
    "player_location": "se",
    "region": "EUR / PAL"
  },
  {
    "id": "ydw57gxm",
    "player": "millsman",
    "player_location": "us",
    "region": "USA / NTSC"
  },
  {
    "id": "zp2d568y",
    "player": "MiikeWolf",
    "player_location": "mx",
    "region": "USA / NTSC"
  },
  {
    "id": "m7w57p5z",
    "player": "PateDours",
    "player_location": "ca/qc",
    "region": null
  },
  {
    "id": "y48235nm",
    "player": "Anti_moronick185",
    "player_location": "um",
    "region": "USA / NTSC"
  },
  {
    "id": "y9vgk4nm",
    "player": "Gunter45singh",
    "player_location": "it",
    "region": null
  },
  {
    "id": "y9ln1nvy",
    "player": "icazeyy",
    "player_location": "us",
    "region": "USA / NTSC"
  },
  {
    "id": "zq01gr8y",
    "player": "xrayspex",
    "player_location": "us",
    "region": "USA / NTSC"
  },
  {
    "id": "z5vr2vgm",
    "player": "Joie",
    "player_location": "jp",
    "region": "JPN / NTSC"
  },
  {
    "id": "m7wde4ez",
    "player": "strikerc345",
    "player_location": "gb/eng",
    "region": "USA / NTSC"
  },
  {
    "id": "y200pdwm",
    "player": "number_007desu",
    "player_location": "jp",
    "region": null
  },
  {
    "id": "zx7o5dky",
    "player": "GGGingey",
    "player_location": "us",
    "region": "USA / NTSC"
  },
  {
    "id": "ywjkdl9z",
    "player": "AFTV_Rand",
    "player_location": "kr",
    "region": null
  },
  {
    "id": "m7w7750z",
    "player": "_grass_",
    "player_location": "us",
    "region": "USA / NTSC"
  },
  {
    "id": "ylere1rz",
    "player": "WI_MB",
    "player_location": "de",
    "region": "EUR / PAL"
  },
  {
    "id": "zq0vdw9y",
    "player": "Chxse1408",
    "player_location": "us",
    "region": "USA / NTSC"
  },
  {
    "id": "mej4g50y",
    "player": "0itmelex0",
    "player_location": "us",
    "region": "USA / NTSC"
  },
  {
    "id": "mke5xj1m",
    "player": "Zamnesia",
    "player_location": "gb/eng",
    "region": "EUR / PAL"
  },
  {
    "id": "znq6qr3z",
    "player": "KadirBJ26",
    "player_location": "us",
    "region": "USA / NTSC"
  },
  {
    "id": "m7ww7k5z",
    "player": "Hene",
    "player_location": "de",
    "region": "EUR / PAL"
  },
  {
    "id": "yjxxxeoz",
    "player": "Popper2424",
    "player_location": "us",
    "region": "USA / NTSC"
  },
  {
    "id": "y6nn02pz",
    "player": "xdbulldog2327",
    "player_location": "us",
    "region": "USA / NTSC"
  },
  {
    "id": "z0nwk8om",
    "player": "hudlesswhorseman",
    "player_location": "us",
    "region": "USA / NTSC"
  },
  {
    "id": "z5v254gm",
    "player": "Peely1Lol",
    "player_location": "gb",
    "region": null
  },
  {
    "id": "zq07671y",
    "player": "Evelin_Musija",
    "player_location": "ba",
    "region": null
  },
  {
    "id": "mkekdl3m",
    "player": "Godwillaswift",
    "player_location": "gb/eng",
    "region": null
  },
  {
    "id": "z0opg39z",
    "player": "Pahrol",
    "player_location": "us",
    "region": "USA / NTSC"
  },
  {
    "id": "ywv89ppz",
    "player": "RPD_CHAMBERS",
    "player_location": "us",
    "region": "USA / NTSC"
  },
  {
    "id": "yvq73e6m",
    "player": "DixStark",
    "player_location": "br",
    "region": null
  },
  {
    "id": "mked0pxm",
    "player": "Vethsera",
    "player_location": "de",
    "region": "EUR / PAL"
  },
  {
    "id": "yvq0vo4m",
    "player": "BAOHmiya",
    "player_location": "jp",
    "region": "JPN / NTSC"
  },
  {
    "id": "zx8p34qm",
    "player": "SpeedIdol",
    "player_location": "ru",
    "region": null
  },
  {
    "id": "yord1xjy",
    "player": "13ylf",
    "player_location": "ru",
    "region": "JPN / NTSC"
  },
  {
    "id": "yjxex97z",
    "player": "Wombatu",
    "player_location": "no",
    "region": "EUR / PAL"
  },
  {
    "id": "ydw2lvvm",
    "player": "PenguinRhythm",
    "player_location": null,
    "region": "USA / NTSC"
  },
  {
    "id": "y8j0v55z",
    "player": "Avalon",
    "player_location": "ch",
    "region": "EUR / PAL"
  },
  {
    "id": "zn7jpn9m",
    "player": "VanHelsing305",
    "player_location": "gb/eng",
    "region": "EUR / PAL"
  },
  {
    "id": "zq0e2k1y",
    "player": "Trenaz",
    "player_location": "au",
    "region": null
  },
  {
    "id": "y48n20nm",
    "player": "ElectricHusky",
    "player_location": "us",
    "region": null
  },
  {
    "id": "y6n2g9jz",
    "player": "onevoltage",
    "player_location": "us",
    "region": "USA / NTSC"
  },
  {
    "id": "ylel30xz",
    "player": "NekronDoesSR",
    "player_location": "us",
    "region": "USA / NTSC"
  },
  {
    "id": "yvqv30xm",
    "player": "hugovs",
    "player_location": "br",
    "region": "USA / NTSC"
  },
  {
    "id": "m36kk96m",
    "player": "SylvanEd",
    "player_location": "us",
    "region": "USA / NTSC"
  },
  {
    "id": "zp2pvjxy",
    "player": "ItsVengey",
    "player_location": "us",
    "region": "USA / NTSC"
  },
  {
    "id": "ydwn0l0m",
    "player": "Frolund",
    "player_location": "dk",
    "region": "EUR / PAL"
  },
  {
    "id": "y9ljj9vy",
    "player": "BobbySlamm",
    "player_location": "us",
    "region": "USA / NTSC"
  },
  {
    "id": "y4qqplkm",
    "player": "oxRazeox",
    "player_location": "us",
    "region": "USA / NTSC"
  },
  {
    "id": "zgdok9vz",
    "player": "AlienEimer",
    "player_location": "de",
    "region": "EUR / PAL"
  },
  {
    "id": "mr6xwg8m",
    "player": "brandonltxxp",
    "player_location": "us",
    "region": "USA / NTSC"
  },
  {
    "id": "y9lporey",
    "player": "RE_Gear",
    "player_location": "gb/wls",
    "region": "EUR / PAL"
  },
  {
    "id": "ydwv940m",
    "player": "Tsufi",
    "player_location": "fi",
    "region": "EUR / PAL"
  },
  {
    "id": "y8jok15z",
    "player": "Wheatbreadco",
    "player_location": "us",
    "region": "USA / NTSC"
  },
  {
    "id": "ylejg8xz",
    "player": "bilbobangboom",
    "player_location": "ca",
    "region": "USA / NTSC"
  },
  {
    "id": "yjx74l7z",
    "player": "TallestLemon",
    "player_location": "ee",
    "region": "USA / NTSC"
  },
  {
    "id": "zp924lgm",
    "player": "Rory",
    "player_location": "do",
    "region": "USA / NTSC"
  },
  {
    "id": "yle2123z",
    "player": "Dreafon",
    "player_location": null,
    "region": null
  },
  {
    "id": "yle82rrz",
    "player": "SiD3_Echo",
    "player_location": "gb/eng",
    "region": "EUR / PAL"
  },
  {
    "id": "yod1xo5m",
    "player": "KatSuD0n",
    "player_location": "ca",
    "region": null
  },
  {
    "id": "zq0l9xxy",
    "player": "xae00",
    "player_location": "gb/eng",
    "region": "EUR / PAL"
  },
  {
    "id": "yvqdllxm",
    "player": "1223apples",
    "player_location": "ca",
    "region": null
  },
  {
    "id": "z12eeg9y",
    "player": "crispychrissyboi",
    "player_location": "ph",
    "region": null
  },
  {
    "id": "z0pw9p4y",
    "player": "nousomi",
    "player_location": "us",
    "region": "USA / NTSC"
  },
  {
    "id": "yor11g1y",
    "player": "talru_c",
    "player_location": "jp",
    "region": "USA / NTSC"
  },
  {
    "id": "y9vox9rm",
    "player": "Nickname_DDS",
    "player_location": null,
    "region": null
  },
  {
    "id": "zp90q6xm",
    "player": "TinyTrees",
    "player_location": "us",
    "region": "USA / NTSC"
  },
  {
    "id": "zx7klqqy",
    "player": "THEXPENDABLE8",
    "player_location": null,
    "region": "USA / NTSC"
  },
  {
    "id": "m331q84m",
    "player": "CallMeCrumpets",
    "player_location": "us",
    "region": "USA / NTSC"
  },
  {
    "id": "yjp300ny",
    "player": "FURYCrH",
    "player_location": "gb/eng",
    "region": "EUR / PAL"
  },
  {
    "id": "zq74888m",
    "player": "MadAnthony1",
    "player_location": "ee",
    "region": "EUR / PAL"
  },
  {
    "id": "me36k30z",
    "player": "gousteLan",
    "player_location": "fr",
    "region": "EUR / PAL"
  },
  {
    "id": "m765qr5y",
    "player": "mikkinels",
    "player_location": "ru",
    "region": "EUR / PAL"
  },
  {
    "id": "y4qeq7km",
    "player": "kimchiRocket",
    "player_location": null,
    "region": "USA / NTSC"
  },
  {
    "id": "y2pv047z",
    "player": "mbmb55_66",
    "player_location": null,
    "region": null
  },
  {
    "id": "mkdxxgvy",
    "player": "Eternal_Blaze",
    "player_location": "us",
    "region": null
  },
  {
    "id": "yjp11j7y",
    "player": "jmcjke",
    "player_location": "gb/nir",
    "region": "EUR / PAL"
  },
  {
    "id": "yjp1rjgy",
    "player": "nycaknug",
    "player_location": "tw",
    "region": null
  },
  {
    "id": "zx7gvkqy",
    "player": "thezooted420",
    "player_location": "us",
    "region": "USA / NTSC"
  },
  {
    "id": "yjpp6e7y",
    "player": "Okwerdz",
    "player_location": "us",
    "region": "USA / NTSC"
  },
  {
    "id": "z1pww3jz",
    "player": "iiDynastyFTW",
    "player_location": "us",
    "region": "USA / NTSC"
  },
  {
    "id": "me30o70z",
    "player": "ceceboki0710",
    "player_location": null,
    "region": "EUR / PAL"
  },
  {
    "id": "z1pp2l7z",
    "player": "mustafaw69",
    "player_location": null,
    "region": "EUR / PAL"
  },
  {
    "id": "y2ppkn9z",
    "player": "capow275",
    "player_location": "gb/eng",
    "region": "EUR / PAL"
  },
  {
    "id": "zp9dx7vm",
    "player": "Alberto84",
    "player_location": "ro",
    "region": "EUR / PAL"
  },
  {
    "id": "y2pjopjz",
    "player": "Crytox",
    "player_location": "de",
    "region": "EUR / PAL"
  },
  {
    "id": "zpgq8o8z",
    "player": "Bulldagger",
    "player_location": "us",
    "region": "USA / NTSC"
  },
  {
    "id": "yl766pnm",
    "player": "thesleeplessman",
    "player_location": "us",
    "region": "USA / NTSC"
  },
  {
    "id": "mr7lxwgz",
    "player": "Keanu",
    "player_location": "nl",
    "region": "EUR / PAL"
  },
  {
    "id": "m760lx0y",
    "player": "RenzkeDK",
    "player_location": "dk",
    "region": "EUR / PAL"
  },
  {
    "id": "mkkqrrxm",
    "player": "Bloomyy",
    "player_location": "us",
    "region": "USA / NTSC"
  },
  {
    "id": "z1p95egz",
    "player": "popog777",
    "player_location": null,
    "region": "USA / NTSC"
  },
  {
    "id": "z1gjj4wz",
    "player": "TheMathemagician",
    "player_location": "us",
    "region": "USA / NTSC"
  },
  {
    "id": "m33jxxdm",
    "player": "McTutlenugget",
    "player_location": "au",
    "region": null
  },
  {
    "id": "yjp9wv7y",
    "player": "willbot89",
    "player_location": "gb/eng",
    "region": "EUR / PAL"
  },
  {
    "id": "yddvnnvy",
    "player": "devoisaqi",
    "player_location": "iq",
    "region": "USA / NTSC"
  },
  {
    "id": "y9ve0gvm",
    "player": "Asxce",
    "player_location": null,
    "region": null
  },
  {
    "id": "zpdweqxz",
    "player": "LanceLM",
    "player_location": "es/cn",
    "region": null
  },
  {
    "id": "yop5lp0m",
    "player": "Nocturnal586",
    "player_location": "ie",
    "region": null
  },
  {
    "id": "z52n73jz",
    "player": "ArrestedSky0",
    "player_location": "us",
    "region": "USA / NTSC"
  },
  {
    "id": "z0p2864y",
    "player": "Deschain33",
    "player_location": "ca",
    "region": "USA / NTSC"
  },
  {
    "id": "y6xne1py",
    "player": "kurae_mon",
    "player_location": "jp",
    "region": "JPN / NTSC"
  },
  {
    "id": "z5248ogz",
    "player": "Nepxnthe",
    "player_location": "gb/eng",
    "region": "EUR / PAL"
  },
  {
    "id": "y8xke95m",
    "player": "mrfrhy",
    "player_location": "de",
    "region": "EUR / PAL"
  },
  {
    "id": "yv0k32xz",
    "player": "Mudveinz",
    "player_location": "ca",
    "region": null
  },
  {
    "id": "yd18q1wy",
    "player": "Toad_Sage_Spike",
    "player_location": null,
    "region": "USA / NTSC"
  },
  {
    "id": "m3xd80gm",
    "player": "Highena",
    "player_location": "nz",
    "region": null
  },
  {
    "id": "y2e1846y",
    "player": "WEEN_Eposs111",
    "player_location": "ch",
    "region": "EUR / PAL"
  },
  {
    "id": "y8xrqqnm",
    "player": "Eze460",
    "player_location": "ph",
    "region": null
  },
  {
    "id": "y2edd25y",
    "player": "ELIIASJNRR",
    "player_location": null,
    "region": "USA / NTSC"
  },
  {
    "id": "mkd8q05y",
    "player": "PandaPlayer",
    "player_location": "fi",
    "region": "EUR / PAL"
  },
  {
    "id": "mrrrd5dm",
    "player": "kokko1224",
    "player_location": "jp",
    "region": "JPN / NTSC"
  },
  {
    "id": "yjd1n0ny",
    "player": "NoelCrist",
    "player_location": "us",
    "region": "USA / NTSC"
  },
  {
    "id": "zpd81qnz",
    "player": "BloodyLungz",
    "player_location": null,
    "region": null
  },
  {
    "id": "z0l7g99z",
    "player": "Capt_josephsmith",
    "player_location": null,
    "region": "USA / NTSC"
  },
  {
    "id": "y2e001wy",
    "player": "SE7ENtotheA",
    "player_location": "kr",
    "region": null
  },
  {
    "id": "y4xxxj3z",
    "player": "YamaJuugo",
    "player_location": "us",
    "region": "USA / NTSC"
  },
  {
    "id": "z5x2o4ey",
    "player": "Kvint",
    "player_location": "ru",
    "region": null
  },
  {
    "id": "yodp1d1m",
    "player": "KassXCII",
    "player_location": "au",
    "region": null
  },
  {
    "id": "yw66x82m",
    "player": "Fuga",
    "player_location": "jp",
    "region": "JPN / NTSC"
  },
  {
    "id": "me1lg20y",
    "player": "NR_ZERO7",
    "player_location": "jp",
    "region": "JPN / NTSC"
  },
  {
    "id": "znqj539z",
    "player": "whoisCDF_",
    "player_location": "pt",
    "region": "EUR / PAL"
  },
  {
    "id": "zq9dk88y",
    "player": "pompeje144",
    "player_location": null,
    "region": "USA / NTSC"
  },
  {
    "id": "z1gk8r7z",
    "player": "Andre_3200",
    "player_location": null,
    "region": "EUR / PAL"
  },
  {
    "id": "yv0vr5xz",
    "player": "pudgy_boy",
    "player_location": "us",
    "region": "USA / NTSC"
  },
  {
    "id": "yl1ljlkm",
    "player": "Zombie_Chomper_86",
    "player_location": "us",
    "region": "USA / NTSC"
  },
  {
    "id": "y2eo3r5y",
    "player": "Gallonzofmilk",
    "player_location": null,
    "region": "USA / NTSC"
  },
  {
    "id": "y4xjnj3z",
    "player": "Sovereign",
    "player_location": "us",
    "region": "USA / NTSC"
  },
  {
    "id": "yod59l1m",
    "player": "uav2k",
    "player_location": "br",
    "region": null
  },
  {
    "id": "mkdonvvy",
    "player": "LilyEbbsArt",
    "player_location": null,
    "region": "USA / NTSC"
  },
  {
    "id": "y2enl97y",
    "player": "SulfaliAvia",
    "player_location": "us",
    "region": "USA / NTSC"
  },
  {
    "id": "mrr5q02m",
    "player": "Draconiczahak",
    "player_location": "us",
    "region": "USA / NTSC"
  },
  {
    "id": "mro81o7m",
    "player": "kakeru_6121",
    "player_location": "jp",
    "region": "JPN / NTSC"
  },
  {
    "id": "yodg271m",
    "player": "Nindo",
    "player_location": "de",
    "region": "EUR / PAL"
  },
  {
    "id": "yw670g9m",
    "player": "signal20",
    "player_location": null,
    "region": "USA / NTSC"
  },
  {
    "id": "me1p2x8y",
    "player": "at0micf0x",
    "player_location": "de",
    "region": "EUR / PAL"
  },
  {
    "id": "mkdxd0ly",
    "player": "PsychicImpala",
    "player_location": "us",
    "region": "USA / NTSC"
  },
  {
    "id": "y8xlx4nm",
    "player": "sunnjoe",
    "player_location": "us",
    "region": "USA / NTSC"
  },
  {
    "id": "y6xw8qpy",
    "player": "KingMoony",
    "player_location": "us",
    "region": "USA / NTSC"
  },
  {
    "id": "mkd6lvvy",
    "player": "ReminaZahard",
    "player_location": "br",
    "region": "USA / NTSC"
  },
  {
    "id": "yjdrr53y",
    "player": "sukimos",
    "player_location": "kr",
    "region": null
  },
  {
    "id": "y96okd2y",
    "player": "rusarusa",
    "player_location": "jp",
    "region": "JPN / NTSC"
  },
  {
    "id": "z5xq18gy",
    "player": "Manakim",
    "player_location": "jp",
    "region": null
  },
  {
    "id": "y9xq02ry",
    "player": "Dark3",
    "player_location": "sk",
    "region": "USA / NTSC"
  },
  {
    "id": "y4g5g72y",
    "player": "AdamSE",
    "player_location": "gb/eng",
    "region": null
  },
  {
    "id": "me15929y",
    "player": "Zachstonhail",
    "player_location": null,
    "region": "USA / NTSC"
  },
  {
    "id": "m3x4394m",
    "player": "TheBurgerBro",
    "player_location": "ca",
    "region": "USA / NTSC"
  },
  {
    "id": "me1qkl9y",
    "player": "StopThese",
    "player_location": "it",
    "region": "EUR / PAL"
  },
  {
    "id": "y9xqx0ky",
    "player": "Sam_KIA",
    "player_location": "us",
    "region": "USA / NTSC"
  },
  {
    "id": "z5e1rvez",
    "player": "l1zack",
    "player_location": null,
    "region": "EUR / PAL"
  },
  {
    "id": "yjdvexgy",
    "player": "BoBo_273",
    "player_location": "ca",
    "region": "USA / NTSC"
  },
  {
    "id": "yol20l1y",
    "player": "WitchRain",
    "player_location": "us",
    "region": "USA / NTSC"
  },
  {
    "id": "y8x44qwm",
    "player": "Billy1337",
    "player_location": "br",
    "region": null
  },
  {
    "id": "mrrpp97m",
    "player": "SlakkHusky",
    "player_location": "au",
    "region": null
  },
  {
    "id": "yd1x78qy",
    "player": "Chrizzall",
    "player_location": "ca",
    "region": null
  },
  {
    "id": "yolked5y",
    "player": "JIEIJIEI",
    "player_location": "jp",
    "region": "USA / NTSC"
  },
  {
    "id": "yv0djx6z",
    "player": "Kovert_Kolt",
    "player_location": "us",
    "region": "USA / NTSC"
  },
  {
    "id": "yv0dgp4z",
    "player": "PolyMorphKat",
    "player_location": "us",
    "region": "USA / NTSC"
  },
  {
    "id": "z0nend8m",
    "player": "vhgxd",
    "player_location": "br",
    "region": "USA / NTSC"
  },
  {
    "id": "yjd04rdy",
    "player": "Thompson_02",
    "player_location": null,
    "region": "USA / NTSC"
  },
  {
    "id": "y8x7141m",
    "player": "mondomantra",
    "player_location": "us",
    "region": null
  },
  {
    "id": "mrrgr32m",
    "player": "Ignatious",
    "player_location": "us",
    "region": "USA / NTSC"
  },
  {
    "id": "y802201m",
    "player": "GibboJr",
    "player_location": null,
    "region": null
  },
  {
    "id": "yl18l0rm",
    "player": "Bks13",
    "player_location": "ye",
    "region": null
  },
  {
    "id": "yodwoo5m",
    "player": "HeadshotHeadache",
    "player_location": "ca",
    "region": "USA / NTSC"
  },
  {
    "id": "y2elx15y",
    "player": "jfrancoginn",
    "player_location": "ph",
    "region": null
  },
  {
    "id": "y6o71q6y",
    "player": "harootatobio",
    "player_location": "jp",
    "region": "JPN / NTSC"
  },
  {
    "id": "y2elwrjy",
    "player": "Markoe",
    "player_location": "nl",
    "region": "EUR / PAL"
  },
  {
    "id": "yv8jkwem",
    "player": "sevit913",
    "player_location": "be",
    "region": null
  },
  {
    "id": "y6xkk91y",
    "player": "Bebop757",
    "player_location": null,
    "region": "USA / NTSC"
  },
  {
    "id": "y8033pdm",
    "player": "Hauredar",
    "player_location": "fr",
    "region": "EUR / PAL"
  },
  {
    "id": "yj86qpom",
    "player": "bostondk31",
    "player_location": "fr",
    "region": "EUR / PAL"
  },
  {
    "id": "zxn9wxgm",
    "player": "deserteagle417",
    "player_location": "us",
    "region": "USA / NTSC"
  },
  {
    "id": "zpgnojrz",
    "player": "I_Am_Spaceboy",
    "player_location": null,
    "region": "USA / NTSC"
  },
  {
    "id": "z0n1nrom",
    "player": "beat2dxcm",
    "player_location": "kr",
    "region": null
  },
  {
    "id": "y8091enm",
    "player": "Im_Reddo",
    "player_location": "us",
    "region": "USA / NTSC"
  },
  {
    "id": "z5e1r0dz",
    "player": "TofuTripp",
    "player_location": "us",
    "region": "USA / NTSC"
  },
  {
    "id": "yj8lx17m",
    "player": "AdeptGaming",
    "player_location": null,
    "region": null
  },
  {
    "id": "zg2v0ejy",
    "player": "turndol",
    "player_location": "kr",
    "region": null
  },
  {
    "id": "zpgr43rz",
    "player": "DeuneB07",
    "player_location": "es",
    "region": "EUR / PAL"
  },
  {
    "id": "y2j5j49z",
    "player": "NightRoar",
    "player_location": "us",
    "region": "USA / NTSC"
  },
  {
    "id": "ywvdk6pz",
    "player": "thevegandude",
    "player_location": "de",
    "region": "EUR / PAL"
  },
  {
    "id": "m728pe9z",
    "player": "ofinso",
    "player_location": null,
    "region": "USA / NTSC"
  },
  {
    "id": "mee9orqm",
    "player": "KotEstPaket",
    "player_location": "ru",
    "region": null
  }
]