[
  {
    "id": "zxo09q5z",
    "player": "MerhabaBenIrfan",
    "player_location": "tr",
    "region": "EUR / PAL"
  },
  {
    "id": "m7wrxx5z",
    "player": "Lilayah",
    "player_location": "hu",
    "region": "EUR / PAL"
  },
  {
    "id": "yde4w3jm",
    "player": "BrianTheDrummer",
    "player_location": "nl",
    "region": "EUR / PAL"
  },
  {
    "id": "zp85j98y",
    "player": "funya2yan",
    "player_location": "jp",
    "region": "JPN / NTSC"
  },
  {
    "id": "y93wopky",
    "player": "dackid19",
    "player_location": "us",
    "region": "USA / NTSC"
  },
  {
    "id": "y69k290y",
    "player": "Dmitri",
    "player_location": "us",
    "region": "USA / NTSC"
  },
  {
    "id": "z5vl665m",
    "player": "Elipsis",
    "player_location": "us",
    "region": "USA / NTSC"
  },
  {
    "id": "y9vvkgem",
    "player": "Breakdown",
    "player_location": "us",
    "region": "USA / NTSC"
  },
  {
    "id": "znp69xvm",
    "player": "CrovZA",
    "player_location": "za",
    "region": "USA / NTSC"
  },
  {
    "id": "m3x17n6m",
    "player": "troyofathyns",
    "player_location": "us",
    "region": "USA / NTSC"
  }
]