[
  {
    "id": "ydq0x0qm",
    "player": "FireFox",
    "player_location": "au",
    "region": "USA / NTSC"
  },
  {
    "id": "yvgkv0ey",
    "player": "chiteiro1",
    "player_location": "br",
    "region": "USA / NTSC"
  },
  {
    "id": "zn8n0j3z",
    "player": "CariocaMEX",
    "player_location": "br",
    "region": "JPN / NTSC"
  },
  {
    "id": "y43vp0qz",
    "player": "MadPunkerz",
    "player_location": "it",
    "region": "USA / NTSC"
  },
  {
    "id": "z01lnp9y",
    "player": "Tei",
    "player_location": "vn",
    "region": "USA / NTSC"
  },
  {
    "id": "z01jwqey",
    "player": "RitaH",
    "player_location": "br",
    "region": "USA / NTSC"
  },
  {
    "id": "z157p17y",
    "player": "juanpablogp13",
    "player_location": "cl",
    "region": "USA / NTSC"
  },
  {
    "id": "z052ejem",
    "player": "andresfgp13",
    "player_location": "cl",
    "region": "USA / NTSC"
  },
  {
    "id": "zn0lo98y",
    "player": "alex92Tcordobes",
    "player_location": "ar",
    "region": "USA / NTSC"
  },
  {
    "id": "z0o7wjjz",
    "player": "saulonpb",
    "player_location": "br",
    "region": null
  },
  {
    "id": "yjd1n8oy",
    "player": "AlphaNerd",
    "player_location": "ca",
    "region": "USA / NTSC"
  }
]