[
  {
    "id": "1zqpww8m",
    "player": "andou88",
    "player_location": "ca",
    "region": "USA / NTSC"
  },
  {
    "id": "m3dd1g4z",
    "player": "AceUhh",
    "player_location": "us",
    "region": "USA / NTSC"
  },
  {
    "id": "mek8473m",
    "player": "swed7",
    "player_location": "fr",
    "region": "USA / NTSC"
  },
  {
    "id": "yjkdrodm",
    "player": "CapA33",
    "player_location": "us",
    "region": "USA / NTSC"
  },
  {
    "id": "yjkgd5gm",
    "player": "Zooball",
    "player_location": "gb/wls",
    "region": "USA / NTSC"
  },
  {
    "id": "yjkwj9dm",
    "player": "MrMannyRodz",
    "player_location": "us",
    "region": "USA / NTSC"
  },
  {
    "id": "yo450xjm",
    "player": "SeasonsCollective",
    "player_location": "us",
    "region": "USA / NTSC"
  },
  {
    "id": "ylk76w2z",
    "player": "Frika",
    "player_location": "br",
    "region": "USA / NTSC"
  },
  {
    "id": "mrqp684y",
    "player": "Sk1pBaSe",
    "player_location": "ru",
    "region": "USA / NTSC"
  },
  {
    "id": "zx493kgy",
    "player": "Carlao_Herege",
    "player_location": "br",
    "region": "USA / NTSC"
  },
  {
    "id": "z51jo4gm",
    "player": "kickasspancakes",
    "player_location": "us",
    "region": "USA / NTSC"
  },
  {
    "id": "z1xq8wgm",
    "player": "hockeyrulz21",
    "player_location": "us",
    "region": "USA / NTSC"
  },
  {
    "id": "y213r2wz",
    "player": "YoBGS",
    "player_location": "us",
    "region": "USA / NTSC"
  },
  {
    "id": "yj3lp63z",
    "player": "Anko",
    "player_location": "ru",
    "region": "USA / NTSC"
  },
  {
    "id": "z06n6k8z",
    "player": "Dalimyr",
    "player_location": "gb/sct",
    "region": "USA / NTSC"
  },
  {
    "id": "y20xlkjm",
    "player": "Matias_daisenryaku",
    "player_location": "ar",
    "region": null
  },
  {
    "id": "y4qxedkm",
    "player": "AlphaNerd",
    "player_location": "ca",
    "region": "USA / NTSC"
  },
  {
    "id": "z0pl39ey",
    "player": "Canadian_Gamer",
    "player_location": "ca",
    "region": "USA / NTSC"
  },
  {
    "id": "z1pnndjz",
    "player": "Stommelen",
    "player_location": "ru",
    "region": "EUR / PAL"
  },
  {
    "id": "y2ev6x5y",
    "player": "Yorkeyjones",
    "player_location": "gb/eng",
    "region": "USA / NTSC"
  },
  {
    "id": "zg2n050y",
    "player": "Basecase",
    "player_location": "us",
    "region": "USA / NTSC"
  }
]