[
  {
    "id": "mekk300m",
    "player": "GreenZSaber",
    "player_location": null,
    "region": "USA / NTSC"
  },
  {
    "id": "z0e3oqom",
    "player": "MECHDRAGON777",
    "player_location": "aq",
    "region": "USA / NTSC"
  },
  {
    "id": "yl42r9xm",
    "player": "FumoFumoMeiling",
    "player_location": "ca",
    "region": "USA / NTSC"
  },
  {
    "id": "yl46egrm",
    "player": "blackfieldhsk",
    "player_location": "tw",
    "region": "JPN / NTSC"
  },
  {
    "id": "m3x1r3qm",
    "player": "TheThumb",
    "player_location": "gb/wls",
    "region": "EUR / PAL"
  },
  {
    "id": "zqg0d69m",
    "player": "shinsa843",
    "player_location": "us",
    "region": "USA / NTSC"
  },
  {
    "id": "zq01298y",
    "player": "Noved",
    "player_location": "us",
    "region": "USA / NTSC"
  }
]