[
  {
    "id": "8yv38poz",
    "player": "adakop",
    "player_location": "gb/eng",
    "region": null
  },
  {
    "id": "1zqq439z",
    "player": "exeloar",
    "player_location": "us",
    "region": "USA / NTSC"
  },
  {
    "id": "y671qq1m",
    "player": "YoloJesus420",
    "player_location": "us",
    "region": "USA / NTSC"
  },
  {
    "id": "me6dg28z",
    "player": "Munds",
    "player_location": "gb/eng",
    "region": "EUR / PAL"
  },
  {
    "id": "yv3rl4ez",
    "player": "Texalex7",
    "player_location": "us",
    "region": "USA / NTSC"
  },
  {
    "id": "z01n074y",
    "player": "royeab",
    "player_location": "il",
    "region": null
  },
  {
    "id": "y214vl7z",
    "player": "CabbageTortoise",
    "player_location": null,
    "region": "USA / NTSC"
  },
  {
    "id": "zpllowrm",
    "player": "Hover_Things",
    "player_location": "hr",
    "region": "USA / NTSC"
  },
  {
    "id": "y6rjqd6y",
    "player": "s0ck_l0rd",
    "player_location": "us",
    "region": "USA / NTSC"
  },
  {
    "id": "y4eqgj2m",
    "player": "Katrix",
    "player_location": "us",
    "region": "USA / NTSC"
  },
  {
    "id": "zplg13xm",
    "player": "BagelKnight",
    "player_location": "br",
    "region": null
  },
  {
    "id": "z1ol3kgm",
    "player": "Digglet_123",
    "player_location": "gl",
    "region": "USA / NTSC"
  },
  {
    "id": "ylv6jlnm",
    "player": "acmariochamp",
    "player_location": "ca",
    "region": null
  },
  {
    "id": "zx6v8l8z",
    "player": "Buuwelka",
    "player_location": "fr",
    "region": null
  },
  {
    "id": "m78jk6ez",
    "player": "ytmasonlane",
    "player_location": "us",
    "region": "USA / NTSC"
  },
  {
    "id": "ylqkoerz",
    "player": "F3xp",
    "player_location": "us",
    "region": "USA / NTSC"
  },
  {
    "id": "m3r1qn6m",
    "player": "BananaHead23",
    "player_location": "us",
    "region": "USA / NTSC"
  },
  {
    "id": "ylqvgwkz",
    "player": "AmYourFriend",
    "player_location": "us",
    "region": "USA / NTSC"
  },
  {
    "id": "y69n596y",
    "player": "SumoDuo",
    "player_location": "ca",
    "region": "USA / NTSC"
  },
  {
    "id": "yvqxl78m",
    "player": "PunchSh0t",
    "player_location": "us",
    "region": "USA / NTSC"
  },
  {
    "id": "yjp26doy",
    "player": "Doggo425",
    "player_location": null,
    "region": "USA / NTSC"
  },
  {
    "id": "zx860dem",
    "player": "jimploot",
    "player_location": null,
    "region": "USA / NTSC"
  },
  {
    "id": "z0ne7x8m",
    "player": "Ned_Bacon",
    "player_location": "us",
    "region": null
  }
]