[
  {
    "id": "pydo2qvz",
    "player": "Isaq21",
    "player_location": "se",
    "region": "EUR / PAL"
  },
  {
    "id": "8yv702xy",
    "player": "Phio",
    "player_location": "us",
    "region": "USA / NTSC"
  },
  {
    "id": "dy44loky",
    "player": "tcbtrio",
    "player_location": "us",
    "region": "USA / NTSC"
  },
  {
    "id": "zn8wk59z",
    "player": "theultimategamer95",
    "player_location": "gb/eng",
    "region": "EUR / PAL"
  },
  {
    "id": "yo47g50m",
    "player": "Glimster",
    "player_location": "ie",
    "region": "EUR / PAL"
  },
  {
    "id": "y8qw3nxy",
    "player": "FunkyCat229",
    "player_location": "us",
    "region": null
  },
  {
    "id": "z1g7e99z",
    "player": "louisboss99",
    "player_location": "us",
    "region": "USA / NTSC"
  },
  {
    "id": "yj4wjrdy",
    "player": "Deviled_Bread",
    "player_location": "ca",
    "region": "USA / NTSC"
  },
  {
    "id": "zp0d45gm",
    "player": "Haylsho",
    "player_location": "gb",
    "region": "EUR / PAL"
  },
  {
    "id": "zg7dpgez",
    "player": "Joes_go_for_gold",
    "player_location": "ie",
    "region": "EUR / PAL"
  },
  {
    "id": "yl1861xm",
    "player": "waz00",
    "player_location": "de",
    "region": "EUR / PAL"
  },
  {
    "id": "y2q2l67y",
    "player": "Akainu913",
    "player_location": "gb/eng",
    "region": "EUR / PAL"
  },
  {
    "id": "zp0x33nm",
    "player": "McSqueezy",
    "player_location": "pl",
    "region": "EUR / PAL"
  },
  {
    "id": "yvj5p54y",
    "player": "ph\u00e9nixcrow",
    "player_location": "fr",
    "region": null
  },
  {
    "id": "zqrr509y",
    "player": "N\u00e9otix",
    "player_location": null,
    "region": "EUR / PAL"
  },
  {
    "id": "yojlvv5m",
    "player": "FixMyReview",
    "player_location": "ru",
    "region": null
  },
  {
    "id": "znp9j77m",
    "player": "ThatGuyKaiden",
    "player_location": "us",
    "region": "USA / NTSC"
  },
  {
    "id": "yw87jpny",
    "player": "aims",
    "player_location": "us",
    "region": null
  },
  {
    "id": "m7g0rp5m",
    "player": "Screechy",
    "player_location": "us",
    "region": "USA / NTSC"
  },
  {
    "id": "y4e5wk3m",
    "player": "Theretrogamerbay",
    "player_location": "us",
    "region": "USA / NTSC"
  },
  {
    "id": "yd06kp0z",
    "player": "Cocodoggo333",
    "player_location": "be",
    "region": "EUR / PAL"
  },
  {
    "id": "znkdl43z",
    "player": "PurpleDragon796",
    "player_location": "us",
    "region": "USA / NTSC"
  },
  {
    "id": "y8d0w81z",
    "player": "TheDapperWaffle",
    "player_location": "us",
    "region": "USA / NTSC"
  },
  {
    "id": "zq14151m",
    "player": "Fab1an",
    "player_location": "de",
    "region": "EUR / PAL"
  },
  {
    "id": "zq7rr38m",
    "player": "Jaxler",
    "player_location": "us",
    "region": null
  },
  {
    "id": "z1pkd9rz",
    "player": "Kobayashi",
    "player_location": "nl",
    "region": "EUR / PAL"
  },
  {
    "id": "mkkp1jlm",
    "player": "Myuui",
    "player_location": "fr",
    "region": "USA / NTSC"
  },
  {
    "id": "z0p2539y",
    "player": "PookaTank",
    "player_location": "us",
    "region": "USA / NTSC"
  },
  {
    "id": "znq16pvz",
    "player": "Stampede27",
    "player_location": null,
    "region": "EUR / PAL"
  },
  {
    "id": "ywve279z",
    "player": "xDarknova",
    "player_location": "fr",
    "region": "EUR / PAL"
  },
  {
    "id": "mkv989ly",
    "player": "kubiX404",
    "player_location": null,
    "region": "EUR / PAL"
  }
]