[
  {
    "id": "2ywjwj0z",
    "player": "Snowfats",
    "player_location": "us",
    "region": "USA / NTSC"
  },
  {
    "id": "0y60lk6y",
    "player": "Linkcoeur",
    "player_location": "fr",
    "region": "EUR / PAL"
  },
  {
    "id": "9mr2w6dy",
    "player": "cruxit",
    "player_location": null,
    "region": "EUR / PAL"
  },
  {
    "id": "oy22g86y",
    "player": "FreeRunnerGuys",
    "player_location": "ca/qc",
    "region": "USA / NTSC"
  },
  {
    "id": "z5o53jgy",
    "player": "Hamiax",
    "player_location": "us",
    "region": null
  },
  {
    "id": "yo4og11m",
    "player": "McNuttyNut",
    "player_location": "us",
    "region": "USA / NTSC"
  },
  {
    "id": "ydq2xkqm",
    "player": "KoolKid35",
    "player_location": "us",
    "region": "USA / NTSC"
  },
  {
    "id": "m79v2xwy",
    "player": "Citruscat",
    "player_location": "ca",
    "region": "USA / NTSC"
  },
  {
    "id": "zp037nxm",
    "player": "zzj2",
    "player_location": "lt",
    "region": "EUR / PAL"
  },
  {
    "id": "zg7xk5vz",
    "player": "smileyshirt",
    "player_location": "ca",
    "region": "USA / NTSC"
  },
  {
    "id": "y899xx1m",
    "player": "AkaJacob",
    "player_location": "us",
    "region": "USA / NTSC"
  },
  {
    "id": "y2qrg35y",
    "player": "Nebuladiv",
    "player_location": "ca",
    "region": "USA / NTSC"
  },
  {
    "id": "zq3ndn5y",
    "player": "door",
    "player_location": "us",
    "region": "USA / NTSC"
  },
  {
    "id": "m7p2e1wm",
    "player": "CrushforceX",
    "player_location": "ca",
    "region": "USA / NTSC"
  },
  {
    "id": "me89219m",
    "player": "Otaku-2",
    "player_location": "us",
    "region": "USA / NTSC"
  },
  {
    "id": "yvj25n6y",
    "player": "LiquidZulu",
    "player_location": "gb/sct",
    "region": "EUR / PAL"
  },
  {
    "id": "m7p8j20m",
    "player": "kevinkrust",
    "player_location": "us",
    "region": "USA / NTSC"
  },
  {
    "id": "y926djrz",
    "player": "Zardy45321",
    "player_location": "us",
    "region": "USA / NTSC"
  },
  {
    "id": "zp0240xm",
    "player": "Purple",
    "player_location": "gb/wls",
    "region": "EUR / PAL"
  },
  {
    "id": "me8e1lqm",
    "player": "Condor",
    "player_location": "us",
    "region": "USA / NTSC"
  },
  {
    "id": "y8906xxm",
    "player": "glenn1011",
    "player_location": "us",
    "region": "USA / NTSC"
  },
  {
    "id": "z51eenem",
    "player": "spcreat",
    "player_location": "us",
    "region": "USA / NTSC"
  },
  {
    "id": "mr8lqr2y",
    "player": "zgeckozz",
    "player_location": "us",
    "region": "USA / NTSC"
  },
  {
    "id": "y900q9ry",
    "player": "NotVeryGood",
    "player_location": "us",
    "region": "USA / NTSC"
  },
  {
    "id": "yo2njj5z",
    "player": "TheTruePickle",
    "player_location": "us",
    "region": "USA / NTSC"
  },
  {
    "id": "ywpw8d9z",
    "player": "pigwhoeatsbacon",
    "player_location": "us",
    "region": "USA / NTSC"
  },
  {
    "id": "mrevgq4y",
    "player": "trunkynugget",
    "player_location": "ca",
    "region": "USA / NTSC"
  },
  {
    "id": "zp0x20xm",
    "player": "radb1t",
    "player_location": "au",
    "region": null
  },
  {
    "id": "y6pqe96m",
    "player": "MiM",
    "player_location": "au",
    "region": null
  },
  {
    "id": "y92kd3ez",
    "player": "Climatee",
    "player_location": "us",
    "region": "USA / NTSC"
  },
  {
    "id": "y6pe76jm",
    "player": "Brogan_",
    "player_location": "pl",
    "region": "EUR / PAL"
  },
  {
    "id": "z57odw5m",
    "player": "skype11",
    "player_location": "us",
    "region": "USA / NTSC"
  },
  {
    "id": "y434wqdz",
    "player": "Kate",
    "player_location": "gb/eng",
    "region": null
  },
  {
    "id": "z51gjjdm",
    "player": "ScooterComputer",
    "player_location": "us",
    "region": "USA / NTSC"
  },
  {
    "id": "mr8xk67y",
    "player": "sfolden",
    "player_location": "us",
    "region": "USA / NTSC"
  },
  {
    "id": "y2qwxewy",
    "player": "JKanStyle",
    "player_location": "us",
    "region": "USA / NTSC"
  },
  {
    "id": "zqwkp3rz",
    "player": "Haugenic",
    "player_location": "no",
    "region": "EUR / PAL"
  },
  {
    "id": "y6pen36m",
    "player": "pagem4",
    "player_location": "us",
    "region": "USA / NTSC"
  },
  {
    "id": "yj49px7y",
    "player": "Philosopher_Dog",
    "player_location": "us",
    "region": "USA / NTSC"
  },
  {
    "id": "zgvdlknz",
    "player": "AppreciativeWalrus",
    "player_location": "us",
    "region": null
  },
  {
    "id": "m3ojv3dm",
    "player": "CountGooby",
    "player_location": "us",
    "region": "USA / NTSC"
  },
  {
    "id": "zg70360z",
    "player": "Amalox",
    "player_location": "nl",
    "region": "EUR / PAL"
  },
  {
    "id": "zn4l22lm",
    "player": "Bramdoir",
    "player_location": "nl",
    "region": null
  },
  {
    "id": "y2qr089y",
    "player": "eirik",
    "player_location": "fi",
    "region": "EUR / PAL"
  },
  {
    "id": "ywp5n2pz",
    "player": "Usually",
    "player_location": "us",
    "region": "USA / NTSC"
  },
  {
    "id": "me8djv2m",
    "player": "leperleep",
    "player_location": "us",
    "region": "USA / NTSC"
  },
  {
    "id": "yvjejvoy",
    "player": "Nermal",
    "player_location": "nl",
    "region": "EUR / PAL"
  },
  {
    "id": "m315gw6z",
    "player": "TheDazer",
    "player_location": "ca",
    "region": null
  },
  {
    "id": "zg70v8dz",
    "player": "PizzaDaBoss",
    "player_location": "us",
    "region": "USA / NTSC"
  },
  {
    "id": "zxl6v18z",
    "player": "Azanguru",
    "player_location": "ie",
    "region": "EUR / PAL"
  },
  {
    "id": "mk9je75z",
    "player": "astrophysinot",
    "player_location": null,
    "region": null
  },
  {
    "id": "z1j3q1jz",
    "player": "zezof",
    "player_location": "ee",
    "region": "EUR / PAL"
  },
  {
    "id": "y4wqrjqm",
    "player": "Terro",
    "player_location": "nz",
    "region": null
  },
  {
    "id": "yd65wejz",
    "player": "CrusaderShip",
    "player_location": "us",
    "region": "USA / NTSC"
  },
  {
    "id": "y6l5jdqy",
    "player": "JackkRepublicc",
    "player_location": "gb/eng",
    "region": "EUR / PAL"
  },
  {
    "id": "m7q5ndwz",
    "player": "ThiccDaddyLOAF",
    "player_location": "us",
    "region": "USA / NTSC"
  },
  {
    "id": "yd69r4qz",
    "player": "TontoFeliz1",
    "player_location": "es",
    "region": "EUR / PAL"
  },
  {
    "id": "m31n746z",
    "player": "mickey592592",
    "player_location": "us",
    "region": "USA / NTSC"
  },
  {
    "id": "m31nl8gz",
    "player": "LasagnaNMondays",
    "player_location": "us",
    "region": "USA / NTSC"
  },
  {
    "id": "zp423pnz",
    "player": "oskarosw3",
    "player_location": "pl",
    "region": "EUR / PAL"
  },
  {
    "id": "y6lxo31y",
    "player": "micsuro1",
    "player_location": "fi",
    "region": "EUR / PAL"
  },
  {
    "id": "z1jgx39z",
    "player": "ismukki22",
    "player_location": "fi",
    "region": "EUR / PAL"
  },
  {
    "id": "yd532xvm",
    "player": "Sinno",
    "player_location": "us",
    "region": "USA / NTSC"
  },
  {
    "id": "m35k6d4y",
    "player": "Lieutenant_Boo",
    "player_location": "us",
    "region": "USA / NTSC"
  },
  {
    "id": "z57w0q5m",
    "player": "Azmok",
    "player_location": "ca/qc",
    "region": "USA / NTSC"
  },
  {
    "id": "zp4o268z",
    "player": "GrayHam",
    "player_location": "us",
    "region": null
  },
  {
    "id": "y6ljnwpy",
    "player": "recorderenthusiast",
    "player_location": "us",
    "region": "USA / NTSC"
  },
  {
    "id": "zprnxnxm",
    "player": "Nana",
    "player_location": null,
    "region": "USA / NTSC"
  },
  {
    "id": "zgvd840z",
    "player": "BaconKing",
    "player_location": "us",
    "region": "USA / NTSC"
  },
  {
    "id": "m31evwqz",
    "player": "ExpiredYogurt",
    "player_location": "us",
    "region": "USA / NTSC"
  },
  {
    "id": "yokvoq7z",
    "player": "RareBen",
    "player_location": "nl",
    "region": null
  },
  {
    "id": "mk392r3z",
    "player": "ChipFlip",
    "player_location": "ca",
    "region": "USA / NTSC"
  },
  {
    "id": "mrkekogy",
    "player": "Dayn",
    "player_location": "gb",
    "region": "EUR / PAL"
  },
  {
    "id": "yw84j60y",
    "player": "LordAbyx",
    "player_location": "de",
    "region": "EUR / PAL"
  },
  {
    "id": "zn0q8ely",
    "player": "me57tm",
    "player_location": "gb/eng",
    "region": "EUR / PAL"
  },
  {
    "id": "zprr1xvm",
    "player": "Salaxio",
    "player_location": "fr",
    "region": "EUR / PAL"
  },
  {
    "id": "meo9122z",
    "player": "Chandler_YOURMOM",
    "player_location": "us",
    "region": "USA / NTSC"
  },
  {
    "id": "y82d2jdy",
    "player": "Biscuits",
    "player_location": "us",
    "region": "USA / NTSC"
  },
  {
    "id": "z0666n9z",
    "player": "Baconman12",
    "player_location": "fi",
    "region": null
  },
  {
    "id": "y65o801z",
    "player": "fastfruitman",
    "player_location": "gb",
    "region": "EUR / PAL"
  },
  {
    "id": "z157r1wy",
    "player": "KoolGuy",
    "player_location": null,
    "region": "USA / NTSC"
  },
  {
    "id": "y8rnrdnm",
    "player": "gaigul",
    "player_location": null,
    "region": null
  },
  {
    "id": "mr960ldm",
    "player": "OneThirteen",
    "player_location": "gb",
    "region": null
  },
  {
    "id": "yw8or43y",
    "player": "GuacomoleMan",
    "player_location": "us",
    "region": "USA / NTSC"
  },
  {
    "id": "y91539vm",
    "player": "DadBot",
    "player_location": "us",
    "region": "USA / NTSC"
  },
  {
    "id": "zpl7n7nm",
    "player": "TMan8595",
    "player_location": "us",
    "region": "USA / NTSC"
  },
  {
    "id": "m3g72v4z",
    "player": "BlueChicken",
    "player_location": "gb/eng",
    "region": "EUR / PAL"
  },
  {
    "id": "y6r909py",
    "player": "NaClyYT",
    "player_location": "us",
    "region": "USA / NTSC"
  },
  {
    "id": "yd0e4qxz",
    "player": "GarfieldIsHigh",
    "player_location": "nl",
    "region": "EUR / PAL"
  },
  {
    "id": "y4eqpgkm",
    "player": "realpencat",
    "player_location": "sk",
    "region": "EUR / PAL"
  },
  {
    "id": "yd011pqz",
    "player": "youiefilms",
    "player_location": "us",
    "region": "USA / NTSC"
  },
  {
    "id": "yv909lez",
    "player": "biurko",
    "player_location": "pl",
    "region": "EUR / PAL"
  },
  {
    "id": "z5r66vny",
    "player": "LimesTM",
    "player_location": "us",
    "region": "USA / NTSC"
  },
  {
    "id": "y4exrvkm",
    "player": "ryusavage",
    "player_location": "gb/wls",
    "region": "EUR / PAL"
  },
  {
    "id": "yo3dlo5y",
    "player": "MortimerNova",
    "player_location": "us",
    "region": "USA / NTSC"
  },
  {
    "id": "yd01lwwz",
    "player": "MochaDuke",
    "player_location": "us",
    "region": "USA / NTSC"
  },
  {
    "id": "z0n5rwom",
    "player": "Maronki",
    "player_location": "pl",
    "region": null
  },
  {
    "id": "mr9rgxdm",
    "player": "MadladSpades",
    "player_location": "bd",
    "region": "EUR / PAL"
  },
  {
    "id": "yd0g9gqz",
    "player": "R\u00f3\u0107",
    "player_location": "pl",
    "region": "EUR / PAL"
  },
  {
    "id": "y2djqejz",
    "player": "water_cream",
    "player_location": "us",
    "region": null
  },
  {
    "id": "yo3ldr0y",
    "player": "Ada\u015b",
    "player_location": "pl",
    "region": "EUR / PAL"
  },
  {
    "id": "z53ee6dy",
    "player": "NotleyJ",
    "player_location": "gb/sct",
    "region": "EUR / PAL"
  },
  {
    "id": "ylvp75km",
    "player": "JamesDash",
    "player_location": "au",
    "region": null
  },
  {
    "id": "m3gjrddz",
    "player": "SoapTheGod",
    "player_location": "us",
    "region": "USA / NTSC"
  },
  {
    "id": "yv10d4oy",
    "player": "Maxtans",
    "player_location": "us",
    "region": "USA / NTSC"
  },
  {
    "id": "y6r8701y",
    "player": "Quiv",
    "player_location": "au",
    "region": null
  },
  {
    "id": "z09469jz",
    "player": "nicolucc",
    "player_location": "ar",
    "region": null
  },
  {
    "id": "zqgk6q1m",
    "player": "noraqs99",
    "player_location": "ca",
    "region": "USA / NTSC"
  },
  {
    "id": "zpljpdnm",
    "player": "WaffleHero",
    "player_location": "us",
    "region": "USA / NTSC"
  },
  {
    "id": "ywdlk20z",
    "player": "FranK28",
    "player_location": "us",
    "region": null
  },
  {
    "id": "y9n7x8vz",
    "player": "jakhlaghi",
    "player_location": "us",
    "region": "USA / NTSC"
  },
  {
    "id": "m3ndodqy",
    "player": "MisticLego",
    "player_location": "us",
    "region": "USA / NTSC"
  },
  {
    "id": "y425ke2m",
    "player": "microwave208",
    "player_location": "us",
    "region": "USA / NTSC"
  },
  {
    "id": "yo93vw7y",
    "player": "CommitALTF4",
    "player_location": "us",
    "region": null
  },
  {
    "id": "yw0pke2m",
    "player": "Deposital",
    "player_location": "hr",
    "region": "EUR / PAL"
  },
  {
    "id": "z18jw19y",
    "player": "BandToaster2005",
    "player_location": "us",
    "region": "USA / NTSC"
  },
  {
    "id": "yd9516qz",
    "player": "kakj",
    "player_location": "us",
    "region": "USA / NTSC"
  },
  {
    "id": "m780vp5z",
    "player": "TyrtleACS",
    "player_location": null,
    "region": "USA / NTSC"
  },
  {
    "id": "zqgvejxm",
    "player": "TheWiseHusky",
    "player_location": "gb/eng",
    "region": "EUR / PAL"
  },
  {
    "id": "mk75voxy",
    "player": "Trollypoly420",
    "player_location": "us",
    "region": "USA / NTSC"
  },
  {
    "id": "z0670r8z",
    "player": "RD_Diamond",
    "player_location": "us",
    "region": "USA / NTSC"
  },
  {
    "id": "m78xjnez",
    "player": "Esen",
    "player_location": "us",
    "region": null
  },
  {
    "id": "y42gwlkm",
    "player": "BigSweaterMan",
    "player_location": "us",
    "region": "USA / NTSC"
  },
  {
    "id": "zp3p5xxm",
    "player": "Barack",
    "player_location": "us",
    "region": "USA / NTSC"
  },
  {
    "id": "ylqgpw3z",
    "player": "michcode",
    "player_location": "gb/eng",
    "region": "EUR / PAL"
  },
  {
    "id": "y664dojy",
    "player": "Ingwarn",
    "player_location": "pl",
    "region": "EUR / PAL"
  },
  {
    "id": "y4r0w93z",
    "player": "Amogoose",
    "player_location": null,
    "region": "USA / NTSC"
  },
  {
    "id": "y661x9qy",
    "player": "Merlin21212167",
    "player_location": "us",
    "region": "USA / NTSC"
  },
  {
    "id": "y9n4o9vz",
    "player": "notmegan",
    "player_location": "us",
    "region": "USA / NTSC"
  },
  {
    "id": "y6d77x6m",
    "player": "serendep1ty",
    "player_location": "us",
    "region": "USA / NTSC"
  },
  {
    "id": "mkg90e3y",
    "player": "Not Applicable (read for info)",
    "player_location": null,
    "region": "BRA / PAL"
  },
  {
    "id": "zxld6xez",
    "player": "chefcooke",
    "player_location": "us",
    "region": "USA / NTSC"
  },
  {
    "id": "m3r1604m",
    "player": "aryies",
    "player_location": "ca",
    "region": null
  },
  {
    "id": "z5r3e5jy",
    "player": "5hiroe",
    "player_location": "us",
    "region": "USA / NTSC"
  },
  {
    "id": "ywqrpwpy",
    "player": "mistersteen",
    "player_location": "us",
    "region": "USA / NTSC"
  },
  {
    "id": "zxg3dqgy",
    "player": "adosknad",
    "player_location": null,
    "region": "USA / NTSC"
  },
  {
    "id": "y6d2qkqm",
    "player": "DJFIRE",
    "player_location": "gb",
    "region": null
  },
  {
    "id": "z0rj449z",
    "player": "TheJMoney",
    "player_location": "gb",
    "region": "EUR / PAL"
  },
  {
    "id": "ylq6g4xz",
    "player": "ollybry",
    "player_location": "gb",
    "region": "EUR / PAL"
  },
  {
    "id": "me70v82y",
    "player": "FrostSlayer",
    "player_location": "gb/wls",
    "region": "EUR / PAL"
  },
  {
    "id": "y99k68ry",
    "player": "Zarza",
    "player_location": "ar",
    "region": null
  },
  {
    "id": "yjg9drny",
    "player": "Evo10",
    "player_location": "lb",
    "region": "EUR / PAL"
  },
  {
    "id": "z0r4o5oz",
    "player": "xtheplaguebearerx",
    "player_location": "us",
    "region": "USA / NTSC"
  },
  {
    "id": "m366ndqm",
    "player": "theluigiwa",
    "player_location": "gb/eng",
    "region": "EUR / PAL"
  },
  {
    "id": "y4rp3odz",
    "player": "GingeSwagTia",
    "player_location": "gb/eng",
    "region": "EUR / PAL"
  },
  {
    "id": "mrnjl3dy",
    "player": "RildoGamer",
    "player_location": "pe",
    "region": null
  },
  {
    "id": "yo6vo87y",
    "player": "Arkanias566",
    "player_location": "es",
    "region": "EUR / PAL"
  },
  {
    "id": "zxov8dkz",
    "player": "AlpacaJake",
    "player_location": "us",
    "region": "USA / NTSC"
  },
  {
    "id": "zqvlx9xm",
    "player": "BlameLukes",
    "player_location": "gb",
    "region": null
  },
  {
    "id": "m37ode6z",
    "player": "izanagifonfabre",
    "player_location": "ar",
    "region": "USA / NTSC"
  },
  {
    "id": "z1xjlprm",
    "player": "taadels",
    "player_location": "fi",
    "region": "EUR / PAL"
  },
  {
    "id": "y935epny",
    "player": "xGreenviper",
    "player_location": "de",
    "region": "EUR / PAL"
  },
  {
    "id": "z1x5g07m",
    "player": "RileyCoughlan",
    "player_location": "gb/eng",
    "region": null
  },
  {
    "id": "m3736nwz",
    "player": "ThePiPiper",
    "player_location": "us",
    "region": "USA / NTSC"
  },
  {
    "id": "yvqgk7xm",
    "player": "DannyFernanny",
    "player_location": "us",
    "region": "USA / NTSC"
  },
  {
    "id": "y48w5rdm",
    "player": "Nightmarebro932",
    "player_location": "us",
    "region": "USA / NTSC"
  },
  {
    "id": "z0o907oz",
    "player": "Vu16",
    "player_location": "ca/qc",
    "region": "USA / NTSC"
  },
  {
    "id": "y48r5o2m",
    "player": "Catseye2007",
    "player_location": "us",
    "region": "USA / NTSC"
  },
  {
    "id": "z12p0gry",
    "player": "Hypcros",
    "player_location": "us",
    "region": "USA / NTSC"
  },
  {
    "id": "y9lv5vry",
    "player": "StellarChaos",
    "player_location": "au",
    "region": "EUR / PAL"
  },
  {
    "id": "ydw2lnvm",
    "player": "Le_phishe",
    "player_location": "gb/eng",
    "region": "EUR / PAL"
  },
  {
    "id": "mr6x6o8m",
    "player": "PB_Speedruns",
    "player_location": "us",
    "region": "USA / NTSC"
  },
  {
    "id": "m36jl74m",
    "player": "Elkonium",
    "player_location": "gb/eng",
    "region": null
  },
  {
    "id": "zxlrn58z",
    "player": "BERKA",
    "player_location": "au",
    "region": "EUR / PAL"
  },
  {
    "id": "mkk56o5m",
    "player": "Nateyumad",
    "player_location": "us",
    "region": null
  },
  {
    "id": "znpnv83m",
    "player": "Doodlebug_54",
    "player_location": "us",
    "region": null
  },
  {
    "id": "yod8qo0m",
    "player": "Willys",
    "player_location": null,
    "region": "USA / NTSC"
  },
  {
    "id": "y2ev5e9y",
    "player": "casuqa",
    "player_location": "gb",
    "region": null
  },
  {
    "id": "m7x3xxey",
    "player": "justatheorry",
    "player_location": null,
    "region": "USA / NTSC"
  },
  {
    "id": "mrrvd94m",
    "player": "bignosepig",
    "player_location": "ca",
    "region": "USA / NTSC"
  },
  {
    "id": "zq9qw6xy",
    "player": "Cum_Wrangler",
    "player_location": null,
    "region": "EUR / PAL"
  },
  {
    "id": "yv8gjx6m",
    "player": "tomico05",
    "player_location": "ar",
    "region": "BRA / PAL"
  }
]