[
  {
    "id": "1zx105qy",
    "player": "omegaevolution",
    "player_location": "cl",
    "region": "JPN / NTSC"
  },
  {
    "id": "yl9r4jky",
    "player": "HowDenKing",
    "player_location": "eu",
    "region": "JPN / NTSC"
  },
  {
    "id": "nz1e649y",
    "player": "'XYZ'",
    "player_location": null,
    "region": "JPN / NTSC"
  },
  {
    "id": "1zqlpoxy",
    "player": "[jp]XYZ",
    "player_location": null,
    "region": "JPN / NTSC"
  },
  {
    "id": "pzg565dy",
    "player": "[jp]\u3071\u3093\u306d\u304f\u3063\u304f",
    "player_location": null,
    "region": "JPN / NTSC"
  },
  {
    "id": "9mrgdgdz",
    "player": "[jp]weather",
    "player_location": null,
    "region": "JPN / NTSC"
  },
  {
    "id": "1zqlplxy",
    "player": "'areis'",
    "player_location": null,
    "region": "JPN / NTSC"
  },
  {
    "id": "8y87g51z",
    "player": "'\u4e00\u7403'",
    "player_location": null,
    "region": "JPN / NTSC"
  },
  {
    "id": "8yvd7w6y",
    "player": "[jp]Rouno384",
    "player_location": null,
    "region": "JPN / NTSC"
  },
  {
    "id": "9meq2r3m",
    "player": "'\u307f\u305f\u307e'",
    "player_location": null,
    "region": "JPN / NTSC"
  },
  {
    "id": "9yowe1dz",
    "player": "[jp]\u306b\u304e\u306b\u304e",
    "player_location": null,
    "region": "JPN / NTSC"
  },
  {
    "id": "9meqp59m",
    "player": "'\u3042\u3056\u3089\u3057'",
    "player_location": null,
    "region": "JPN / NTSC"
  },
  {
    "id": "0zndwllm",
    "player": "'\u3053\u306a'",
    "player_location": null,
    "region": "JPN / NTSC"
  },
  {
    "id": "yvgld06y",
    "player": "Rensay",
    "player_location": "jp",
    "region": "JPN / NTSC"
  },
  {
    "id": "pydk3rjm",
    "player": "[jp]\u4e00\u7403",
    "player_location": null,
    "region": "JPN / NTSC"
  },
  {
    "id": "9mrgd3dz",
    "player": "[jp]areis",
    "player_location": null,
    "region": "JPN / NTSC"
  },
  {
    "id": "8yvd546y",
    "player": "[jp]kirari",
    "player_location": null,
    "region": "JPN / NTSC"
  },
  {
    "id": "oy2or99m",
    "player": "[jp]\u91ce\u7363\u5148\u8f29",
    "player_location": null,
    "region": "JPN / NTSC"
  },
  {
    "id": "oy2or35m",
    "player": "'\u30df\u30ab\u30f3'",
    "player_location": null,
    "region": "JPN / NTSC"
  },
  {
    "id": "wzpj5ngz",
    "player": "'\u30ce\u30fc\u30c8'",
    "player_location": null,
    "region": "JPN / NTSC"
  },
  {
    "id": "1zqllq9y",
    "player": "'K/M/H'",
    "player_location": null,
    "region": "JPN / NTSC"
  },
  {
    "id": "8yvw4kem",
    "player": "'\u307e\u3063\u3061\u3083\u3093'",
    "player_location": null,
    "region": "JPN / NTSC"
  },
  {
    "id": "7z0gkeey",
    "player": "'Catherine'",
    "player_location": null,
    "region": "JPN / NTSC"
  },
  {
    "id": "nz1e7e9y",
    "player": "'Biscotti'",
    "player_location": null,
    "region": "JPN / NTSC"
  },
  {
    "id": "0znn5l8z",
    "player": "'.\u6c5f\u83ef+\u309c'",
    "player_location": null,
    "region": "JPN / NTSC"
  },
  {
    "id": "2yw957pm",
    "player": "'\u963f\u7c73\u6b27'",
    "player_location": null,
    "region": "JPN / NTSC"
  },
  {
    "id": "9mr386gm",
    "player": "'Mike'",
    "player_location": null,
    "region": "JPN / NTSC"
  },
  {
    "id": "9yow5g7z",
    "player": "'\u30c1\u30e3\u30c3\u30d7'",
    "player_location": null,
    "region": "JPN / NTSC"
  },
  {
    "id": "jy9423em",
    "player": "'Fuji'",
    "player_location": null,
    "region": "JPN / NTSC"
  },
  {
    "id": "0y61841m",
    "player": "'\u30ab\u30a4\u30b8()'",
    "player_location": null,
    "region": "JPN / NTSC"
  },
  {
    "id": "1zx15rqy",
    "player": "'weather'",
    "player_location": null,
    "region": "JPN / NTSC"
  },
  {
    "id": "kz5q64gz",
    "player": "'\u8c82\u3061\u3083'",
    "player_location": null,
    "region": "JPN / NTSC"
  },
  {
    "id": "dy4d04ny",
    "player": "'kirari'",
    "player_location": null,
    "region": "JPN / NTSC"
  },
  {
    "id": "7z0gk44y",
    "player": "'\u5927\u5b66potato'",
    "player_location": null,
    "region": "JPN / NTSC"
  },
  {
    "id": "8y87n45z",
    "player": "'KBTIT'",
    "player_location": null,
    "region": "JPN / NTSC"
  },
  {
    "id": "8y859jdy",
    "player": "'\u3082\u3061\u30d1\u30f3'",
    "player_location": null,
    "region": "JPN / NTSC"
  },
  {
    "id": "wzpj5jgz",
    "player": "'Crescent\u2606'",
    "player_location": null,
    "region": "JPN / NTSC"
  },
  {
    "id": "1zx1515y",
    "player": "[jp]Qiao",
    "player_location": null,
    "region": "JPN / NTSC"
  },
  {
    "id": "pm3p2p4z",
    "player": "'\u30de\u30c3\u30c1'",
    "player_location": null,
    "region": "JPN / NTSC"
  },
  {
    "id": "9mervq8z",
    "player": "[jp]\u3053\u306a",
    "player_location": null,
    "region": "JPN / NTSC"
  },
  {
    "id": "0y618kpm",
    "player": "'GwanYue-\u89c2\u6708'",
    "player_location": null,
    "region": "JPN / NTSC"
  },
  {
    "id": "kz5qn9nz",
    "player": "MegNis",
    "player_location": "jp",
    "region": "JPN / NTSC"
  },
  {
    "id": "jy9rr3ry",
    "player": "'\u2020\u30e2\u30af\u30ec\u30f3\u2020'",
    "player_location": null,
    "region": "JPN / NTSC"
  },
  {
    "id": "pm3pp6gz",
    "player": "[jp]\u3042\u3056\u3089\u3057",
    "player_location": null,
    "region": "JPN / NTSC"
  },
  {
    "id": "2yw99jnm",
    "player": "'katun0sin'",
    "player_location": null,
    "region": "JPN / NTSC"
  },
  {
    "id": "9meqqj2m",
    "player": "'Nagaruru'",
    "player_location": null,
    "region": "JPN / NTSC"
  },
  {
    "id": "emkj95xy",
    "player": "[jp]Catherine",
    "player_location": null,
    "region": "JPN / NTSC"
  },
  {
    "id": "7z0ggpoy",
    "player": "'\u3042\u3044\u308a\u30fc'",
    "player_location": null,
    "region": "JPN / NTSC"
  },
  {
    "id": "pzg431nz",
    "player": "'\u30e9\u30e9'",
    "player_location": null,
    "region": "JPN / NTSC"
  },
  {
    "id": "oy2lq79m",
    "player": "'mono'",
    "player_location": null,
    "region": "JPN / NTSC"
  },
  {
    "id": "7z0ggxjy",
    "player": "'\u5bc2\u5be5'",
    "player_location": null,
    "region": "JPN / NTSC"
  },
  {
    "id": "pzg5580y",
    "player": "'\u306a\u306a\u3057'",
    "player_location": null,
    "region": "JPN / NTSC"
  },
  {
    "id": "1zx11qgy",
    "player": "'\u305f\u3080'",
    "player_location": null,
    "region": "JPN / NTSC"
  },
  {
    "id": "2ywlp33m",
    "player": "[jp]\u306a\u306a\u3057",
    "player_location": null,
    "region": "JPN / NTSC"
  },
  {
    "id": "0znnnxlz",
    "player": "'\u30a2\u30fc\u30eb'",
    "player_location": null,
    "region": "JPN / NTSC"
  },
  {
    "id": "6yj009nz",
    "player": "'\u4e03\u6d77\u308f\u304b\u3081'",
    "player_location": null,
    "region": "JPN / NTSC"
  },
  {
    "id": "wzp7nerz",
    "player": "'\u3068\u308a\u3063\u304f'",
    "player_location": null,
    "region": "JPN / NTSC"
  },
  {
    "id": "nz1eevry",
    "player": "[jp]katun0sin",
    "player_location": null,
    "region": "JPN / NTSC"
  },
  {
    "id": "8y853nny",
    "player": "'\u767d\u86c7'",
    "player_location": null,
    "region": "JPN / NTSC"
  },
  {
    "id": "8yvw45em",
    "player": "[jp]matchan",
    "player_location": null,
    "region": "JPN / NTSC"
  },
  {
    "id": "9merv58z",
    "player": "'Ekuta'",
    "player_location": null,
    "region": "JPN / NTSC"
  },
  {
    "id": "oy2l94wm",
    "player": "'\u3055\u304f\u3089'",
    "player_location": null,
    "region": "JPN / NTSC"
  },
  {
    "id": "6yjnjrnm",
    "player": "[jp]\u30d5\u30fc\u30ea\u30b9",
    "player_location": null,
    "region": "JPN / NTSC"
  },
  {
    "id": "pydk8x0m",
    "player": "[jp]D. Yuki",
    "player_location": null,
    "region": "JPN / NTSC"
  },
  {
    "id": "pm3e94qy",
    "player": "'D. Yuki'",
    "player_location": null,
    "region": "JPN / NTSC"
  },
  {
    "id": "9mr3jp7m",
    "player": "'\u8eca\u8766'",
    "player_location": null,
    "region": "JPN / NTSC"
  },
  {
    "id": "1zqxko8y",
    "player": "'\u305a\u3063\u3061\u3083\u3093'",
    "player_location": null,
    "region": "JPN / NTSC"
  },
  {
    "id": "7ylg383m",
    "player": "'\u30e0\u30e9\u30af\u30e2'",
    "player_location": null,
    "region": "JPN / NTSC"
  },
  {
    "id": "6yjn4xdm",
    "player": "'\u30d1\u30d1\u30a4\u30e4'",
    "player_location": null,
    "region": "JPN / NTSC"
  },
  {
    "id": "emkjl65y",
    "player": "'\u306d\u3053\u3057\u306e\u3073'",
    "player_location": null,
    "region": "JPN / NTSC"
  },
  {
    "id": "7z0vew4y",
    "player": "'FabiusFlynn'",
    "player_location": null,
    "region": "JPN / NTSC"
  },
  {
    "id": "9merkk9z",
    "player": "[br]FabiusFlynn",
    "player_location": null,
    "region": "JPN / NTSC"
  },
  {
    "id": "nz1w53ry",
    "player": "Erothaur",
    "player_location": "ca",
    "region": "JPN / NTSC"
  },
  {
    "id": "wzp701gz",
    "player": "[jp]\u30bb\u30e9",
    "player_location": null,
    "region": "JPN / NTSC"
  },
  {
    "id": "emkj9g1y",
    "player": "'Sakaki'",
    "player_location": null,
    "region": "JPN / NTSC"
  },
  {
    "id": "9mer830z",
    "player": "'\u30ad\u30e3\u30ce\u30f3\u9ad8\u5c71'",
    "player_location": null,
    "region": "JPN / NTSC"
  },
  {
    "id": "oy2lq05m",
    "player": "'\u307e\u3093\u307c\u3046'",
    "player_location": null,
    "region": "JPN / NTSC"
  },
  {
    "id": "nz1w1p7y",
    "player": "[jp]\u305f\u3080",
    "player_location": null,
    "region": "JPN / NTSC"
  },
  {
    "id": "emkj9exy",
    "player": "[jp]S4'",
    "player_location": null,
    "region": "JPN / NTSC"
  },
  {
    "id": "pzg47pez",
    "player": "'\u8c82'",
    "player_location": null,
    "region": "JPN / NTSC"
  },
  {
    "id": "9mr387gm",
    "player": "'Apex Schu'",
    "player_location": null,
    "region": "JPN / NTSC"
  },
  {
    "id": "kz591x5y",
    "player": "'\u3046\u3067\u3093(\u4eee\u540d)'",
    "player_location": null,
    "region": "JPN / NTSC"
  },
  {
    "id": "7z0v1oey",
    "player": "'\u30c8\u30c3\u30ad\u30fc'",
    "player_location": null,
    "region": "JPN / NTSC"
  },
  {
    "id": "6yjn377m",
    "player": "'JackRed'",
    "player_location": null,
    "region": "JPN / NTSC"
  },
  {
    "id": "7z0vdkey",
    "player": "Tron_Javolta",
    "player_location": "vh",
    "region": "JPN / NTSC"
  },
  {
    "id": "yw1e179z",
    "player": "'\u3059\u3053\u3093\u3076'",
    "player_location": null,
    "region": "JPN / NTSC"
  },
  {
    "id": "ydq80gvm",
    "player": "[jp]\u25c6Gazelle\u25c6",
    "player_location": null,
    "region": "JPN / NTSC"
  },
  {
    "id": "y97o52vm",
    "player": "'\u3057\u3087\u3063\u304b\u30fc'",
    "player_location": null,
    "region": "JPN / NTSC"
  },
  {
    "id": "zgn3wxdy",
    "player": "'\u3048\u3059\u3048\u3059'",
    "player_location": null,
    "region": "JPN / NTSC"
  },
  {
    "id": "z5o50rny",
    "player": "'\u271d\u305e\u306e\u271d'",
    "player_location": null,
    "region": "JPN / NTSC"
  },
  {
    "id": "yvg43dey",
    "player": "'S'",
    "player_location": null,
    "region": "JPN / NTSC"
  },
  {
    "id": "y239556m",
    "player": "'\uff57\uff57\uff57'",
    "player_location": null,
    "region": "JPN / NTSC"
  },
  {
    "id": "y6735e0m",
    "player": "'Python'",
    "player_location": null,
    "region": "JPN / NTSC"
  },
  {
    "id": "zpqnlgxy",
    "player": "'\u3058\u30fc\u306a'",
    "player_location": null,
    "region": "JPN / NTSC"
  },
  {
    "id": "z13doq7m",
    "player": "'Qiao'",
    "player_location": null,
    "region": "JPN / NTSC"
  },
  {
    "id": "yo4v797m",
    "player": "'\u30ec\u30a4'",
    "player_location": null,
    "region": "JPN / NTSC"
  },
  {
    "id": "zq6k4jry",
    "player": "[jp]Sodium",
    "player_location": null,
    "region": "JPN / NTSC"
  },
  {
    "id": "y673r26m",
    "player": "'Roman'",
    "player_location": null,
    "region": "JPN / NTSC"
  },
  {
    "id": "yvg49poy",
    "player": "'\u3074\u306a\u306e\u308c'",
    "player_location": null,
    "region": "JPN / NTSC"
  },
  {
    "id": "zn8w3v7z",
    "player": "'\u30ec\u30ca\u30b9\u30d8\u30d3\u30a3'",
    "player_location": null,
    "region": "JPN / NTSC"
  },
  {
    "id": "zq6kg1xy",
    "player": "'SCORPION'",
    "player_location": null,
    "region": "JPN / NTSC"
  },
  {
    "id": "y239v79m",
    "player": "'\u9ed2\u6fa4\u30eb\u30d3\u30a3'",
    "player_location": null,
    "region": "JPN / NTSC"
  },
  {
    "id": "z0ew67em",
    "player": "'\u305f\u307e\u306d\u304e\u5263\u58eb'",
    "player_location": null,
    "region": "JPN / NTSC"
  },
  {
    "id": "y8q3ve1y",
    "player": "'\u30c1\u30af'",
    "player_location": null,
    "region": "JPN / NTSC"
  },
  {
    "id": "ydq8r9wm",
    "player": "'\u306a\u3044\u3075'",
    "player_location": null,
    "region": "JPN / NTSC"
  },
  {
    "id": "z13dr8gm",
    "player": "'\u9811\u5f35\u308a\u307e\u3059'",
    "player_location": null,
    "region": "JPN / NTSC"
  },
  {
    "id": "m791d80y",
    "player": "[jp]\u6850\u4eba",
    "player_location": null,
    "region": "JPN / NTSC"
  },
  {
    "id": "mrqj142y",
    "player": "'tiratore'",
    "player_location": null,
    "region": "JPN / NTSC"
  },
  {
    "id": "zxv9g6qy",
    "player": "'\u30bb\u30e9'",
    "player_location": null,
    "region": "JPN / NTSC"
  },
  {
    "id": "yw1e2q2z",
    "player": "[jp]gaijinhunter",
    "player_location": null,
    "region": "JPN / NTSC"
  },
  {
    "id": "y4556gnm",
    "player": "'\u871c\u67d1'",
    "player_location": null,
    "region": "JPN / NTSC"
  },
  {
    "id": "y2332j6m",
    "player": "'Sodium'",
    "player_location": null,
    "region": "JPN / NTSC"
  },
  {
    "id": "zpqe91ry",
    "player": "[jp]\u9ed2\u30ab\u30ca",
    "player_location": null,
    "region": "JPN / NTSC"
  },
  {
    "id": "z1339lgm",
    "player": "[jp]ago",
    "player_location": null,
    "region": "JPN / NTSC"
  },
  {
    "id": "m799n00y",
    "player": "'\u30ac\u30d6\u30ea\u30a2\u30b9\u30ad\u30fc'",
    "player_location": null,
    "region": "JPN / NTSC"
  },
  {
    "id": "zxvvq3qy",
    "player": "'\u3042\u304a'",
    "player_location": null,
    "region": "JPN / NTSC"
  },
  {
    "id": "y97217vm",
    "player": "[us]Mirage",
    "player_location": null,
    "region": "JPN / NTSC"
  },
  {
    "id": "z131o3gm",
    "player": "'Nerdess'",
    "player_location": null,
    "region": "JPN / NTSC"
  },
  {
    "id": "ydq3r0wm",
    "player": "'Deaga'",
    "player_location": null,
    "region": null
  },
  {
    "id": "zgn7evny",
    "player": "'Freakmod'",
    "player_location": null,
    "region": "JPN / NTSC"
  },
  {
    "id": "m79p0r9y",
    "player": "[jp]Rain",
    "player_location": null,
    "region": "JPN / NTSC"
  },
  {
    "id": "yl94d02y",
    "player": "'Rayla'",
    "player_location": null,
    "region": null
  },
  {
    "id": "y45107qm",
    "player": "[eu]CantaPerMe",
    "player_location": null,
    "region": "JPN / NTSC"
  },
  {
    "id": "m79qvwwy",
    "player": "'Mirage'",
    "player_location": null,
    "region": "JPN / NTSC"
  },
  {
    "id": "mek615qm",
    "player": "'neko miya'",
    "player_location": null,
    "region": "JPN / NTSC"
  },
  {
    "id": "zq64oq5y",
    "player": "'Sigma'",
    "player_location": null,
    "region": "JPN / NTSC"
  },
  {
    "id": "y23d4w6m",
    "player": "'\u3073\u306b\u308d\u3093'",
    "player_location": null,
    "region": "JPN / NTSC"
  },
  {
    "id": "y67r4e1m",
    "player": "'Jude'",
    "player_location": null,
    "region": "JPN / NTSC"
  },
  {
    "id": "y23d4n9m",
    "player": "'Taka'",
    "player_location": null,
    "region": "JPN / NTSC"
  },
  {
    "id": "z0e62x4m",
    "player": "[us]Boney",
    "player_location": null,
    "region": null
  },
  {
    "id": "zq6gllry",
    "player": "MaiLbg",
    "player_location": "us",
    "region": null
  },
  {
    "id": "zpqpdqgy",
    "player": "MonhunCake",
    "player_location": "gb/eng",
    "region": null
  },
  {
    "id": "yo47xldm",
    "player": "HikikomoriSam",
    "player_location": "se",
    "region": null
  },
  {
    "id": "y23x6o5m",
    "player": "'Jagger'",
    "player_location": null,
    "region": "JPN / NTSC"
  },
  {
    "id": "zx4d1vey",
    "player": "mosstkm",
    "player_location": "jp",
    "region": "JPN / NTSC"
  },
  {
    "id": "z132149m",
    "player": "Ndayday",
    "player_location": "us",
    "region": null
  },
  {
    "id": "yvgq6vey",
    "player": "'Ruin1835'",
    "player_location": null,
    "region": "JPN / NTSC"
  },
  {
    "id": "z0ep04om",
    "player": "Yukino_Yari",
    "player_location": "de",
    "region": null
  },
  {
    "id": "yvgl3r4y",
    "player": "[au]MHFuji",
    "player_location": null,
    "region": "JPN / NTSC"
  },
  {
    "id": "yl9de63y",
    "player": "[jp]Robeneal",
    "player_location": null,
    "region": null
  },
  {
    "id": "zgnldeny",
    "player": "[jp]u n i",
    "player_location": null,
    "region": "JPN / NTSC"
  },
  {
    "id": "y89r7knm",
    "player": "greengatea",
    "player_location": "jp",
    "region": "JPN / NTSC"
  },
  {
    "id": "y92k17rz",
    "player": "MEGA-MIMI",
    "player_location": "fr",
    "region": "EUR / PAL"
  },
  {
    "id": "zn8l4o8z",
    "player": "[jp]sugi",
    "player_location": null,
    "region": "JPN / NTSC"
  },
  {
    "id": "yw17p0pz",
    "player": "[jp]\u7530\u87baMAN",
    "player_location": null,
    "region": "JPN / NTSC"
  },
  {
    "id": "yjkv413m",
    "player": "[jp]\u3042\u308a\u3059",
    "player_location": null,
    "region": "JPN / NTSC"
  },
  {
    "id": "zgn07xvy",
    "player": "[jp]Levi",
    "player_location": null,
    "region": "JPN / NTSC"
  },
  {
    "id": "mek5899m",
    "player": "[jp]X.phantasm",
    "player_location": null,
    "region": "JPN / NTSC"
  },
  {
    "id": "yvgkj16y",
    "player": "[jp]xzy",
    "player_location": null,
    "region": "JPN / NTSC"
  },
  {
    "id": "y234vvwm",
    "player": "[jp]S4 '",
    "player_location": null,
    "region": "JPN / NTSC"
  },
  {
    "id": "ydqxd0qm",
    "player": "[jp]R-19",
    "player_location": null,
    "region": "JPN / NTSC"
  },
  {
    "id": "zxvr76gy",
    "player": "[jp]\u30b7\u30aa\u30f3",
    "player_location": null,
    "region": "JPN / NTSC"
  },
  {
    "id": "z0e4p68m",
    "player": "[jp]\u3089\u3044\u305c\u3063\u304f\u3059",
    "player_location": null,
    "region": "JPN / NTSC"
  },
  {
    "id": "z0e4p6jm",
    "player": "[jp]\u305f\u306b\u3057",
    "player_location": null,
    "region": "JPN / NTSC"
  },
  {
    "id": "m3d4xkwz",
    "player": "[jp]\u3046\u3063\u3061\u30fc",
    "player_location": null,
    "region": "JPN / NTSC"
  },
  {
    "id": "zn8lpolz",
    "player": "[jp]APEX",
    "player_location": null,
    "region": "JPN / NTSC"
  },
  {
    "id": "yw17309z",
    "player": "[jp]rocher",
    "player_location": null,
    "region": "JPN / NTSC"
  },
  {
    "id": "mek5378m",
    "player": "[jp]\u3053\u3061\u3084\u3055\u306a\u3048",
    "player_location": null,
    "region": "JPN / NTSC"
  },
  {
    "id": "y97qv9nm",
    "player": "[jp]\u305f\u307e\u306d\u304e\u5263\u58eb",
    "player_location": null,
    "region": "JPN / NTSC"
  },
  {
    "id": "mk4nkg5y",
    "player": "[jp]\u971e\u306e\u5b50\u30ca\u30ba\u30c1",
    "player_location": null,
    "region": "JPN / NTSC"
  },
  {
    "id": "mrqp717y",
    "player": "[jp]Ghana",
    "player_location": null,
    "region": "JPN / NTSC"
  },
  {
    "id": "zq6o9d5y",
    "player": "[jp]\u30df\u30ab\u30f3",
    "player_location": null,
    "region": "JPN / NTSC"
  },
  {
    "id": "y234ek6m",
    "player": "[jp]\u9b3c\u67f3\u674f\u4ecb",
    "player_location": null,
    "region": "JPN / NTSC"
  },
  {
    "id": "mek5l6qm",
    "player": "[jp]\u30c1\u30e3\u30c3\u30d7",
    "player_location": null,
    "region": "JPN / NTSC"
  },
  {
    "id": "y97q8n2m",
    "player": "[jp]\u7121\u9650\u306e\u9f8d",
    "player_location": null,
    "region": "JPN / NTSC"
  },
  {
    "id": "mk4n073y",
    "player": "[jp]Z",
    "player_location": null,
    "region": "JPN / NTSC"
  },
  {
    "id": "m3d4qn6z",
    "player": "[jp]\u9ed2\u864e",
    "player_location": null,
    "region": "JPN / NTSC"
  },
  {
    "id": "y454o2qm",
    "player": "[jp]\u30d5\u30ec\u30fb\u00d7\u30fb\u02dc",
    "player_location": null,
    "region": "JPN / NTSC"
  },
  {
    "id": "y234gvjm",
    "player": "[jp]\u3055\u3064\u304d",
    "player_location": null,
    "region": "JPN / NTSC"
  },
  {
    "id": "z0e4j6jm",
    "player": "[jp]\u307f\u306e\u306e\u2606\u3002",
    "player_location": null,
    "region": "JPN / NTSC"
  },
  {
    "id": "yvgkp2xy",
    "player": "[jp]\u2606RiYu\u2606",
    "player_location": null,
    "region": "JPN / NTSC"
  },
  {
    "id": "y674q36m",
    "player": "[jp]\u306c\u3048\u3093\u3052",
    "player_location": null,
    "region": "JPN / NTSC"
  },
  {
    "id": "mrqpd07y",
    "player": "\u30d5\u30fc\u30ea\u30b9",
    "player_location": null,
    "region": "JPN / NTSC"
  },
  {
    "id": "m7pow3wm",
    "player": "KitsuOfCherry",
    "player_location": "us",
    "region": "USA / NTSC"
  },
  {
    "id": "zq3evv1y",
    "player": "Kyle",
    "player_location": "us",
    "region": "USA / NTSC"
  },
  {
    "id": "y89kkkwm",
    "player": "Ion",
    "player_location": "fi",
    "region": "EUR / PAL"
  },
  {
    "id": "yd3ox4qz",
    "player": "_Regis_",
    "player_location": "br",
    "region": "JPN / NTSC"
  },
  {
    "id": "zpr7lnnm",
    "player": "verb",
    "player_location": "jp",
    "region": "JPN / NTSC"
  },
  {
    "id": "zq4pk75m",
    "player": "Navolas",
    "player_location": "us",
    "region": "JPN / NTSC"
  },
  {
    "id": "zn3x22vy",
    "player": "Kethianne",
    "player_location": "us",
    "region": "JPN / NTSC"
  }
]