[
  {
    "id": "oy2q5njy",
    "player": "cak",
    "player_location": "us",
    "region": "USA / NTSC"
  },
  {
    "id": "zgnklldy",
    "player": "Garrison",
    "player_location": "us",
    "region": "USA / NTSC"
  },
  {
    "id": "1zq3wl8y",
    "player": "jprophet22",
    "player_location": null,
    "region": "USA / NTSC"
  },
  {
    "id": "8y853kwy",
    "player": "Dragondarch",
    "player_location": "us",
    "region": "USA / NTSC"
  },
  {
    "id": "oy2qd36y",
    "player": "Red Scarlet",
    "player_location": null,
    "region": "USA / NTSC"
  },
  {
    "id": "9yo2347z",
    "player": "sdkess",
    "player_location": "us",
    "region": "USA / NTSC"
  },
  {
    "id": "wzp0lq8m",
    "player": "Spider-Waffle",
    "player_location": "us",
    "region": "USA / NTSC"
  },
  {
    "id": "8y89rq5m",
    "player": "MyCatSucks",
    "player_location": "us",
    "region": "USA / NTSC"
  },
  {
    "id": "8y8965wm",
    "player": "MitchFlowerPower",
    "player_location": null,
    "region": "USA / NTSC"
  },
  {
    "id": "z133dljm",
    "player": "inkject",
    "player_location": "us",
    "region": "USA / NTSC"
  },
  {
    "id": "0znr2kly",
    "player": "lurk",
    "player_location": null,
    "region": "USA / NTSC"
  },
  {
    "id": "z03p5pjz",
    "player": "Remz",
    "player_location": "ca/qc",
    "region": "USA / NTSC"
  },
  {
    "id": "1zqq57rz",
    "player": "barnowl",
    "player_location": "us",
    "region": "USA / NTSC"
  },
  {
    "id": "8y8vrrdz",
    "player": "TheTycon",
    "player_location": "us",
    "region": "USA / NTSC"
  },
  {
    "id": "7ylew5nz",
    "player": "controllerhead",
    "player_location": "us",
    "region": "USA / NTSC"
  },
  {
    "id": "7z00g7ez",
    "player": "Vidtendo",
    "player_location": "ca/qc",
    "region": "USA / NTSC"
  },
  {
    "id": "0znq1w7z",
    "player": "JaggerG",
    "player_location": "us",
    "region": "USA / NTSC"
  },
  {
    "id": "9megd73y",
    "player": "dookel",
    "player_location": "us",
    "region": "USA / NTSC"
  },
  {
    "id": "9mewwj2m",
    "player": "Floatious",
    "player_location": "us",
    "region": "USA / NTSC"
  },
  {
    "id": "0zng8j7m",
    "player": "Toad22484",
    "player_location": "us",
    "region": "USA / NTSC"
  },
  {
    "id": "yj3x79gz",
    "player": "Yogidamonk",
    "player_location": "us",
    "region": "USA / NTSC"
  },
  {
    "id": "zn40o43m",
    "player": "SubStylee",
    "player_location": "us",
    "region": "USA / NTSC"
  },
  {
    "id": "0znx427y",
    "player": "Nibikibiki",
    "player_location": "us",
    "region": "USA / NTSC"
  },
  {
    "id": "y8qd6oxy",
    "player": "Enmet",
    "player_location": "se",
    "region": "USA / NTSC"
  },
  {
    "id": "zpq1xnny",
    "player": "t3rr4",
    "player_location": "gb",
    "region": "USA / NTSC"
  },
  {
    "id": "8y846enz",
    "player": "ellisdeez",
    "player_location": "us",
    "region": "USA / NTSC"
  },
  {
    "id": "0znlx98y",
    "player": "p_bodied",
    "player_location": "us",
    "region": "USA / NTSC"
  },
  {
    "id": "y8e1q15y",
    "player": "WeakerYouth",
    "player_location": "us",
    "region": "USA / NTSC"
  },
  {
    "id": "z0e7k4om",
    "player": "kaennimodo",
    "player_location": "fi",
    "region": null
  },
  {
    "id": "7z04o98y",
    "player": "wetze7",
    "player_location": "at",
    "region": "EUR / PAL"
  },
  {
    "id": "yw11w50z",
    "player": "TNMYcFan182",
    "player_location": "us",
    "region": "USA / NTSC"
  },
  {
    "id": "9me5e9qm",
    "player": "Mastermaxify",
    "player_location": "pl",
    "region": "EUR / PAL"
  },
  {
    "id": "nz14ne9z",
    "player": "Romain909",
    "player_location": "fr",
    "region": "USA / NTSC"
  },
  {
    "id": "yjxjg83z",
    "player": "Dyceron",
    "player_location": "us",
    "region": "USA / NTSC"
  },
  {
    "id": "y6735wqm",
    "player": "arctic.fox0708",
    "player_location": "us",
    "region": "USA / NTSC"
  },
  {
    "id": "zpqrnxry",
    "player": "Annelits",
    "player_location": "ca",
    "region": "USA / NTSC"
  },
  {
    "id": "zxgr6ggy",
    "player": "The_Retro_Challenger",
    "player_location": "ca/qc",
    "region": "USA / NTSC"
  },
  {
    "id": "mrqe4j2y",
    "player": "StingrayGaming",
    "player_location": "us",
    "region": "USA / NTSC"
  },
  {
    "id": "zn8k6plz",
    "player": "GinTatsu2",
    "player_location": "ca",
    "region": "USA / NTSC"
  },
  {
    "id": "yvgodw8y",
    "player": "BanzaiChuck",
    "player_location": "de",
    "region": "USA / NTSC"
  },
  {
    "id": "z0ep6njm",
    "player": "Retro_Omega",
    "player_location": null,
    "region": "USA / NTSC"
  },
  {
    "id": "y23017jm",
    "player": "boredSpy",
    "player_location": "us",
    "region": "USA / NTSC"
  },
  {
    "id": "y237dl9m",
    "player": "Gromfalloon",
    "player_location": null,
    "region": "USA / NTSC"
  },
  {
    "id": "y2dgeowz",
    "player": "Arcus",
    "player_location": "us",
    "region": "USA / NTSC"
  },
  {
    "id": "zx44n0ey",
    "player": "daniel_collin",
    "player_location": "se",
    "region": "USA / NTSC"
  },
  {
    "id": "yw1jew0z",
    "player": "Olympus72",
    "player_location": "us",
    "region": "USA / NTSC"
  },
  {
    "id": "zpq234xy",
    "player": "OldSchool_Richard",
    "player_location": "se",
    "region": "USA / NTSC"
  },
  {
    "id": "yw15lppz",
    "player": "the_kov",
    "player_location": "us",
    "region": "USA / NTSC"
  },
  {
    "id": "z514lngm",
    "player": "Mazimov",
    "player_location": "ca",
    "region": "USA / NTSC"
  },
  {
    "id": "yl91q3ry",
    "player": "Tipsy3000",
    "player_location": "us",
    "region": "USA / NTSC"
  },
  {
    "id": "yjkd7dgm",
    "player": "thepenguinduke",
    "player_location": null,
    "region": "USA / NTSC"
  },
  {
    "id": "y67owq6m",
    "player": "Antillian",
    "player_location": "us",
    "region": "USA / NTSC"
  },
  {
    "id": "zn895w8z",
    "player": "EclipseMT",
    "player_location": "us",
    "region": "JPN / NTSC"
  },
  {
    "id": "m3dq93wz",
    "player": "TheMotherBrain86",
    "player_location": "nl",
    "region": "USA / NTSC"
  },
  {
    "id": "y951g6nz",
    "player": "BreadForBrunch",
    "player_location": "us",
    "region": "USA / NTSC"
  },
  {
    "id": "z03g62oz",
    "player": "Cypherin",
    "player_location": "us",
    "region": "USA / NTSC"
  },
  {
    "id": "yjke3qdm",
    "player": "megmactv",
    "player_location": "ca",
    "region": "USA / NTSC"
  },
  {
    "id": "mrq0l68y",
    "player": "gannondork",
    "player_location": "us",
    "region": "USA / NTSC"
  },
  {
    "id": "zn89dr8z",
    "player": "Avijobat",
    "player_location": "mx",
    "region": "USA / NTSC"
  },
  {
    "id": "zxv0815y",
    "player": "Antii85",
    "player_location": "se",
    "region": "USA / NTSC"
  },
  {
    "id": "mkeod31m",
    "player": "CHX42",
    "player_location": "us",
    "region": "USA / NTSC"
  },
  {
    "id": "y97gp2em",
    "player": "Redbirdgrad",
    "player_location": "us",
    "region": "USA / NTSC"
  },
  {
    "id": "zqr227ry",
    "player": "jnich87",
    "player_location": "us",
    "region": "USA / NTSC"
  },
  {
    "id": "y674ddjm",
    "player": "fluojn",
    "player_location": "fi",
    "region": "EUR / PAL"
  },
  {
    "id": "yw17k6pz",
    "player": "infinitemystery",
    "player_location": null,
    "region": "USA / NTSC"
  },
  {
    "id": "y89n81xm",
    "player": "follow_the_dan",
    "player_location": "ca/qc",
    "region": "USA / NTSC"
  },
  {
    "id": "z0e4leom",
    "player": "Koh1",
    "player_location": null,
    "region": "USA / NTSC"
  },
  {
    "id": "yj414ngy",
    "player": "mincus_co3",
    "player_location": "us",
    "region": "USA / NTSC"
  },
  {
    "id": "y892qjxm",
    "player": "Ima_Sugu",
    "player_location": "ca",
    "region": "USA / NTSC"
  },
  {
    "id": "y6l1qxqy",
    "player": "NeGAtiv4k",
    "player_location": "ru",
    "region": "USA / NTSC"
  },
  {
    "id": "z51ok7dm",
    "player": "KLM1187",
    "player_location": "us",
    "region": null
  },
  {
    "id": "mr87qv2y",
    "player": "ScottDevonKane",
    "player_location": "us",
    "region": "USA / NTSC"
  },
  {
    "id": "y6p4p51m",
    "player": "EthanRTA",
    "player_location": "us",
    "region": "USA / NTSC"
  },
  {
    "id": "mrnxjddy",
    "player": "CScottyW",
    "player_location": "us",
    "region": null
  },
  {
    "id": "ywpo449z",
    "player": "klmszr",
    "player_location": "us",
    "region": "USA / NTSC"
  },
  {
    "id": "yj45gw7y",
    "player": "Osage_Orange",
    "player_location": "us",
    "region": "USA / NTSC"
  },
  {
    "id": "y43eq4qz",
    "player": "fruitbatsalad",
    "player_location": "us",
    "region": "USA / NTSC"
  },
  {
    "id": "zg7534nz",
    "player": "miketheswan",
    "player_location": "ca/qc",
    "region": "USA / NTSC"
  },
  {
    "id": "zp03wkvm",
    "player": "ja_kite",
    "player_location": null,
    "region": "USA / NTSC"
  },
  {
    "id": "yvj2lwxy",
    "player": "Laanyy",
    "player_location": "au",
    "region": "USA / NTSC"
  },
  {
    "id": "yvj0oley",
    "player": "MarvelousChester",
    "player_location": "fi",
    "region": "USA / NTSC"
  },
  {
    "id": "mk24v0vm",
    "player": "DeeEddy",
    "player_location": "us",
    "region": "USA / NTSC"
  },
  {
    "id": "z05ow39m",
    "player": "sghtblinder",
    "player_location": "us",
    "region": "USA / NTSC"
  },
  {
    "id": "y2qeo7wy",
    "player": "sYn",
    "player_location": "us",
    "region": "USA / NTSC"
  },
  {
    "id": "zn421l3m",
    "player": "4iSteven",
    "player_location": "us",
    "region": "USA / NTSC"
  },
  {
    "id": "m311wpdz",
    "player": "Retrogaming2084",
    "player_location": "us",
    "region": "USA / NTSC"
  },
  {
    "id": "y43orddz",
    "player": "SimonPatience",
    "player_location": "us",
    "region": "USA / NTSC"
  },
  {
    "id": "y6ndedqz",
    "player": "dr1ox1",
    "player_location": "no",
    "region": "USA / NTSC"
  },
  {
    "id": "me8n1d9m",
    "player": "0063617368",
    "player_location": "us",
    "region": "USA / NTSC"
  },
  {
    "id": "zx40485y",
    "player": "Pieous",
    "player_location": "us",
    "region": "USA / NTSC"
  },
  {
    "id": "y818wpdz",
    "player": "ANOVA80",
    "player_location": "us",
    "region": "USA / NTSC"
  },
  {
    "id": "mej22rqy",
    "player": "izerli",
    "player_location": "ru",
    "region": "USA / NTSC"
  },
  {
    "id": "y2q8409y",
    "player": "ZodiacDredd",
    "player_location": "us",
    "region": "USA / NTSC"
  },
  {
    "id": "y430vlqz",
    "player": "skateman222",
    "player_location": "ca/qc",
    "region": "USA / NTSC"
  },
  {
    "id": "mr9w7gdm",
    "player": "Tecate",
    "player_location": "us",
    "region": "USA / NTSC"
  },
  {
    "id": "y8jegvxz",
    "player": "prawnzo",
    "player_location": "us",
    "region": "USA / NTSC"
  },
  {
    "id": "zno5ew8y",
    "player": "Merriam",
    "player_location": "us",
    "region": "USA / NTSC"
  },
  {
    "id": "m7pk8e4m",
    "player": "dm1184",
    "player_location": "us",
    "region": "USA / NTSC"
  },
  {
    "id": "zgv706nz",
    "player": "Niss3",
    "player_location": "se",
    "region": "USA / NTSC"
  },
  {
    "id": "m31god4z",
    "player": "brocis420",
    "player_location": "ca",
    "region": "USA / NTSC"
  },
  {
    "id": "ylr0n13y",
    "player": "KuperSeeper",
    "player_location": "ca",
    "region": "USA / NTSC"
  },
  {
    "id": "yl0rnrry",
    "player": "JSR_",
    "player_location": "us",
    "region": "USA / NTSC"
  },
  {
    "id": "y816055z",
    "player": "rooslugs",
    "player_location": "us",
    "region": "USA / NTSC"
  },
  {
    "id": "yojox81m",
    "player": "Logical",
    "player_location": "gb/sct",
    "region": "USA / NTSC"
  },
  {
    "id": "mk2q1x3m",
    "player": "noxiousnick",
    "player_location": "us",
    "region": "USA / NTSC"
  },
  {
    "id": "zqwe28rz",
    "player": "Jellyphiish",
    "player_location": null,
    "region": "USA / NTSC"
  },
  {
    "id": "zgv364dz",
    "player": "mrcab55",
    "player_location": "us",
    "region": "USA / NTSC"
  },
  {
    "id": "m759qk5z",
    "player": "LatestGaymeReviews",
    "player_location": "us",
    "region": "USA / NTSC"
  },
  {
    "id": "yo33q10y",
    "player": "tatertaint1",
    "player_location": "us",
    "region": null
  },
  {
    "id": "zq46orxm",
    "player": "smartalec24",
    "player_location": "us",
    "region": "USA / NTSC"
  },
  {
    "id": "y915wevm",
    "player": "Rumbleminze",
    "player_location": "us",
    "region": "USA / NTSC"
  },
  {
    "id": "mkdkkl3y",
    "player": "59pbass",
    "player_location": "ca",
    "region": "USA / NTSC"
  },
  {
    "id": "zplwd8xm",
    "player": "corey042",
    "player_location": "us",
    "region": "USA / NTSC"
  },
  {
    "id": "y4ev72qm",
    "player": "Anonymous",
    "player_location": null,
    "region": "USA / NTSC"
  },
  {
    "id": "znoo0gvy",
    "player": "JoeyJojoJr",
    "player_location": "is",
    "region": "USA / NTSC"
  },
  {
    "id": "zn1og87m",
    "player": "R3fl3cti0ns",
    "player_location": "us",
    "region": "USA / NTSC"
  },
  {
    "id": "mr4q7vdz",
    "player": "Sonny",
    "player_location": "se",
    "region": "USA / NTSC"
  },
  {
    "id": "y2p684jz",
    "player": "yato2112",
    "player_location": "br",
    "region": "USA / NTSC"
  },
  {
    "id": "z50d535y",
    "player": "Throgg",
    "player_location": "us",
    "region": "USA / NTSC"
  },
  {
    "id": "zno7d19y",
    "player": "hoodbag",
    "player_location": "us",
    "region": "USA / NTSC"
  },
  {
    "id": "me9wwr8z",
    "player": "WhizKidKev",
    "player_location": null,
    "region": null
  },
  {
    "id": "me95v22z",
    "player": "Grubdog",
    "player_location": "au",
    "region": null
  },
  {
    "id": "y8xwx3nm",
    "player": "jamielovesgames",
    "player_location": "us",
    "region": "USA / NTSC"
  },
  {
    "id": "ylqwnj3z",
    "player": "SpaceColonizer",
    "player_location": "us",
    "region": "USA / NTSC"
  },
  {
    "id": "yv1k2koy",
    "player": "KingDurdle",
    "player_location": "us",
    "region": "USA / NTSC"
  },
  {
    "id": "me75950y",
    "player": "themechanicalkoopa",
    "player_location": "us",
    "region": "USA / NTSC"
  },
  {
    "id": "z0r4g8oz",
    "player": "Spider_Waffle",
    "player_location": null,
    "region": "USA / NTSC"
  },
  {
    "id": "z0766pey",
    "player": "8bitacrylic",
    "player_location": null,
    "region": "USA / NTSC"
  },
  {
    "id": "mk5e1p1m",
    "player": "Nobey47",
    "player_location": null,
    "region": "USA / NTSC"
  },
  {
    "id": "ywk8pq0y",
    "player": "SeamlessLink",
    "player_location": "us",
    "region": "USA / NTSC"
  },
  {
    "id": "zp8p6vvy",
    "player": "OneCreditBen",
    "player_location": "gb/eng",
    "region": null
  },
  {
    "id": "zqvd641m",
    "player": "Rayeo",
    "player_location": "us",
    "region": "USA / NTSC"
  },
  {
    "id": "zp86q68y",
    "player": "lackattack",
    "player_location": "us",
    "region": "USA / NTSC"
  },
  {
    "id": "yjd066oy",
    "player": "Ugondis",
    "player_location": "us",
    "region": "USA / NTSC"
  },
  {
    "id": "zxojqpgz",
    "player": "JonnyLink",
    "player_location": "us",
    "region": "USA / NTSC"
  },
  {
    "id": "yordo9jy",
    "player": "Caius_the_gamer",
    "player_location": "us",
    "region": "USA / NTSC"
  },
  {
    "id": "yord3r0y",
    "player": "JQR_",
    "player_location": "us",
    "region": "USA / NTSC"
  },
  {
    "id": "y488k52m",
    "player": "sascha-gaming",
    "player_location": "de",
    "region": "USA / NTSC"
  },
  {
    "id": "zp29d0ry",
    "player": "RickyBoy_EA96",
    "player_location": "ca/qc",
    "region": "USA / NTSC"
  },
  {
    "id": "mr6219dm",
    "player": "thenesmaster",
    "player_location": "mx",
    "region": "USA / NTSC"
  },
  {
    "id": "ydwnj30m",
    "player": "thekrynn",
    "player_location": "us",
    "region": "USA / NTSC"
  },
  {
    "id": "y8jpgk1z",
    "player": "zekeSSB",
    "player_location": "us",
    "region": "USA / NTSC"
  },
  {
    "id": "z1275qry",
    "player": "Centroid41",
    "player_location": "us",
    "region": "USA / NTSC"
  },
  {
    "id": "y8jn621z",
    "player": "JuegAriel",
    "player_location": "es",
    "region": "USA / NTSC"
  },
  {
    "id": "z1gjn2wz",
    "player": "Shauing",
    "player_location": null,
    "region": "USA / NTSC"
  },
  {
    "id": "m72p7lez",
    "player": "tweak_beacon",
    "player_location": "us",
    "region": "USA / NTSC"
  },
  {
    "id": "yj86xw3m",
    "player": "TechGamer36",
    "player_location": "us",
    "region": "USA / NTSC"
  },
  {
    "id": "yddw02xy",
    "player": "Penzcrazy",
    "player_location": "us",
    "region": "USA / NTSC"
  },
  {
    "id": "mkk0551m",
    "player": "AuroraX",
    "player_location": "us",
    "region": null
  },
  {
    "id": "y600xopy",
    "player": "cyberpod3",
    "player_location": "jp",
    "region": "USA / NTSC"
  },
  {
    "id": "z1g8k1wz",
    "player": "2snek",
    "player_location": "us",
    "region": "USA / NTSC"
  },
  {
    "id": "yd1ogevy",
    "player": "ChillRuns",
    "player_location": "us",
    "region": "USA / NTSC"
  }
]