[
  {
    "id": "z1jngo7z",
    "player": "Dragondarch",
    "player_location": "us",
    "region": "USA / NTSC"
  },
  {
    "id": "kz5rjgey",
    "player": "authorblues",
    "player_location": "us",
    "region": "USA / NTSC"
  },
  {
    "id": "yv3prw4z",
    "player": "cantaloupeme",
    "player_location": "us",
    "region": "USA / NTSC"
  },
  {
    "id": "zn8qnlvz",
    "player": "100Ton",
    "player_location": "cn",
    "region": "USA / NTSC"
  },
  {
    "id": "mr8r4jdy",
    "player": "Toad22484",
    "player_location": "us",
    "region": "USA / NTSC"
  },
  {
    "id": "m7pxjw0m",
    "player": "RottDawg",
    "player_location": null,
    "region": "USA / NTSC"
  },
  {
    "id": "zg7268ez",
    "player": "Angrylanks",
    "player_location": "us",
    "region": "USA / NTSC"
  },
  {
    "id": "y8rw251m",
    "player": "SuperPitFro",
    "player_location": "us",
    "region": "USA / NTSC"
  },
  {
    "id": "zn8q678z",
    "player": "Retro_Omega",
    "player_location": null,
    "region": "USA / NTSC"
  },
  {
    "id": "y2091o7m",
    "player": "Apollo22237",
    "player_location": "us",
    "region": "USA / NTSC"
  },
  {
    "id": "zn8jj07z",
    "player": "SubStylee",
    "player_location": "us",
    "region": "USA / NTSC"
  },
  {
    "id": "zg73p0jz",
    "player": "TricKyBoy",
    "player_location": "ca/qc",
    "region": "USA / NTSC"
  },
  {
    "id": "yl4378xm",
    "player": "The_Retro_Challenger",
    "player_location": "ca/qc",
    "region": "USA / NTSC"
  },
  {
    "id": "z11gxd9z",
    "player": "Gilthflo",
    "player_location": "us",
    "region": "USA / NTSC"
  },
  {
    "id": "y2qjv2wy",
    "player": "Beerfullofbelly",
    "player_location": null,
    "region": "USA / NTSC"
  },
  {
    "id": "z51x70jm",
    "player": "baldnate",
    "player_location": null,
    "region": "USA / NTSC"
  },
  {
    "id": "mr8r2w4y",
    "player": "Retrogaming2084",
    "player_location": "us",
    "region": "USA / NTSC"
  },
  {
    "id": "zn4qod3m",
    "player": "Twintail_Nami",
    "player_location": "uy",
    "region": "USA / NTSC"
  },
  {
    "id": "yv98oq8z",
    "player": "CritRocket",
    "player_location": "us",
    "region": "USA / NTSC"
  },
  {
    "id": "zp0d30xm",
    "player": "rainwarrior",
    "player_location": "ca",
    "region": "USA / NTSC"
  },
  {
    "id": "y81grjnz",
    "player": "hirexen",
    "player_location": "pl",
    "region": "USA / NTSC"
  },
  {
    "id": "ywp6n1pz",
    "player": "RealBonner",
    "player_location": "us",
    "region": "USA / NTSC"
  },
  {
    "id": "m7px264m",
    "player": "whitman_price_",
    "player_location": "us",
    "region": "JPN / NTSC"
  },
  {
    "id": "z11qp19z",
    "player": "stormcrow56k",
    "player_location": "us",
    "region": "USA / NTSC"
  },
  {
    "id": "yl0ng1ky",
    "player": "mikethev",
    "player_location": "de",
    "region": "USA / NTSC"
  },
  {
    "id": "y6pxwopm",
    "player": "s__herzog",
    "player_location": "us",
    "region": "USA / NTSC"
  },
  {
    "id": "yl4n14rm",
    "player": "bartaan",
    "player_location": "us",
    "region": "USA / NTSC"
  },
  {
    "id": "y2qel0wy",
    "player": "Skuttie",
    "player_location": "us",
    "region": "USA / NTSC"
  },
  {
    "id": "zq39x5ry",
    "player": "Yogidamonk",
    "player_location": "us",
    "region": "USA / NTSC"
  },
  {
    "id": "zg72n1ez",
    "player": "z_tox",
    "player_location": "us",
    "region": "USA / NTSC"
  },
  {
    "id": "yl4nxlxm",
    "player": "COOLKID",
    "player_location": "se",
    "region": "USA / NTSC"
  },
  {
    "id": "mk2p3g3m",
    "player": "OldLeakyPipes",
    "player_location": "us",
    "region": "USA / NTSC"
  },
  {
    "id": "m3ol496m",
    "player": "Pianotorious",
    "player_location": "us",
    "region": "USA / NTSC"
  },
  {
    "id": "y2qgdpjy",
    "player": "infinitemystery",
    "player_location": null,
    "region": "USA / NTSC"
  },
  {
    "id": "z11l7q7z",
    "player": "Sathdresh",
    "player_location": "us",
    "region": "USA / NTSC"
  },
  {
    "id": "m31q9g6z",
    "player": "NickBGoHard",
    "player_location": null,
    "region": "USA / NTSC"
  },
  {
    "id": "zgk2lxdy",
    "player": "WoopVonWoop",
    "player_location": "us",
    "region": "USA / NTSC"
  },
  {
    "id": "y41gl1ny",
    "player": "ShesChardcore",
    "player_location": "us",
    "region": "USA / NTSC"
  },
  {
    "id": "yodgx51m",
    "player": "Arcus",
    "player_location": "us",
    "region": "USA / NTSC"
  },
  {
    "id": "y21g4g9z",
    "player": "FCJ2000",
    "player_location": null,
    "region": "USA / NTSC"
  },
  {
    "id": "y2j98g7z",
    "player": "burst_error",
    "player_location": "us",
    "region": "USA / NTSC"
  },
  {
    "id": "y41k5rky",
    "player": "marquisdan",
    "player_location": "us",
    "region": "USA / NTSC"
  },
  {
    "id": "zqrqwj5y",
    "player": "stealThunder",
    "player_location": "pl",
    "region": "USA / NTSC"
  },
  {
    "id": "ywdn4wpz",
    "player": "xChristine",
    "player_location": "us",
    "region": "USA / NTSC"
  },
  {
    "id": "yd0165vz",
    "player": "Bassguy4",
    "player_location": "us",
    "region": "USA / NTSC"
  },
  {
    "id": "m3gk9j4z",
    "player": "skawttie",
    "player_location": "us",
    "region": "USA / NTSC"
  },
  {
    "id": "mr95j0gm",
    "player": "NeoX5",
    "player_location": "us",
    "region": "USA / NTSC"
  },
  {
    "id": "z1r7nvjm",
    "player": "shannaberryblast",
    "player_location": "us",
    "region": "USA / NTSC"
  },
  {
    "id": "y2e81w6y",
    "player": "LevelUpLeo",
    "player_location": "ca",
    "region": "USA / NTSC"
  },
  {
    "id": "y96ok6ry",
    "player": "KumaKhan22",
    "player_location": "us",
    "region": "USA / NTSC"
  },
  {
    "id": "mrnp80dy",
    "player": "Xexzy",
    "player_location": null,
    "region": "USA / NTSC"
  },
  {
    "id": "m77revwm",
    "player": "birdmanmark",
    "player_location": "us",
    "region": "USA / NTSC"
  },
  {
    "id": "yol9721y",
    "player": "RoyJonzeJr",
    "player_location": "ca",
    "region": "USA / NTSC"
  }
]