[
  {
    "id": "0znv7ovm",
    "player": "Kobral",
    "player_location": "de",
    "region": "JPN / NTSC"
  },
  {
    "id": "2ywvrq3z",
    "player": "ykrin",
    "player_location": "jp",
    "region": "JPN / NTSC"
  },
  {
    "id": "2ywn690y",
    "player": "Demolition14",
    "player_location": "gb/eng",
    "region": "JPN / NTSC"
  },
  {
    "id": "mrq0v32y",
    "player": "barbarasasaki",
    "player_location": "cl",
    "region": "USA / NTSC"
  },
  {
    "id": "y8qqwn1y",
    "player": "yosshiV3",
    "player_location": "jp",
    "region": "JPN / NTSC"
  },
  {
    "id": "oy2g0v7z",
    "player": "Esuwai",
    "player_location": null,
    "region": "JPN / NTSC"
  },
  {
    "id": "8m70w79y",
    "player": "ebloodycandy",
    "player_location": "us",
    "region": "USA / NTSC"
  },
  {
    "id": "9mrl6o4m",
    "player": "Woutt64",
    "player_location": "be",
    "region": "EUR / PAL"
  },
  {
    "id": "dy4o84dz",
    "player": "ahbeef",
    "player_location": "us",
    "region": "USA / NTSC"
  },
  {
    "id": "6yj2px7m",
    "player": "BONK",
    "player_location": "us",
    "region": "USA / NTSC"
  },
  {
    "id": "pydj42xy",
    "player": "Gabgab2222",
    "player_location": "ca/qc",
    "region": "USA / NTSC"
  },
  {
    "id": "nz1lg57m",
    "player": "TheOthin",
    "player_location": "us",
    "region": "USA / NTSC"
  },
  {
    "id": "pm3q07dy",
    "player": "zig019",
    "player_location": "us",
    "region": "USA / NTSC"
  },
  {
    "id": "8yvpkvoy",
    "player": "LaurieDBunnykins",
    "player_location": "us",
    "region": "USA / NTSC"
  },
  {
    "id": "zgx4xldm",
    "player": "Kyzirado",
    "player_location": null,
    "region": "USA / NTSC"
  },
  {
    "id": "y67lk50m",
    "player": "Theguesst",
    "player_location": "us",
    "region": "USA / NTSC"
  },
  {
    "id": "oy2gj77z",
    "player": "Ouro",
    "player_location": "us",
    "region": "USA / NTSC"
  },
  {
    "id": "1zxwjqkm",
    "player": "Smasher89_UGS",
    "player_location": "se",
    "region": null
  },
  {
    "id": "0znvn6vm",
    "player": "Burnsy",
    "player_location": "us",
    "region": null
  },
  {
    "id": "nz1lk19m",
    "player": "hotdogturtle",
    "player_location": "us",
    "region": "USA / NTSC"
  },
  {
    "id": "oy229v6y",
    "player": "thelvl99charmander",
    "player_location": "us",
    "region": "USA / NTSC"
  },
  {
    "id": "pm3qvwgy",
    "player": "Allegro",
    "player_location": "us",
    "region": "USA / NTSC"
  },
  {
    "id": "1zqdk15m",
    "player": "UnfriendlyBlob",
    "player_location": "us",
    "region": "USA / NTSC"
  },
  {
    "id": "y6524g6z",
    "player": "tails41yoshi",
    "player_location": "pt",
    "region": "EUR / PAL"
  },
  {
    "id": "1zxwvg8m",
    "player": "Ruin",
    "player_location": "no",
    "region": "EUR / PAL"
  },
  {
    "id": "6yjwp2nm",
    "player": "Splagoon",
    "player_location": "us",
    "region": "USA / NTSC"
  },
  {
    "id": "6yjw0knm",
    "player": "Mimimax",
    "player_location": "br",
    "region": "USA / NTSC"
  },
  {
    "id": "dy4jxvdy",
    "player": "PokoKirby9420",
    "player_location": "gr",
    "region": "EUR / PAL"
  },
  {
    "id": "dy4lqxkz",
    "player": "chooch23",
    "player_location": "us",
    "region": "USA / NTSC"
  },
  {
    "id": "nz19edrm",
    "player": "Vivi",
    "player_location": "ca",
    "region": "USA / NTSC"
  },
  {
    "id": "0znx139y",
    "player": "AzureNightfall",
    "player_location": "us",
    "region": "USA / NTSC"
  },
  {
    "id": "jy9e82ez",
    "player": "MP",
    "player_location": "us",
    "region": "USA / NTSC"
  },
  {
    "id": "0zn99v9y",
    "player": "GalaxyMan",
    "player_location": "us",
    "region": "USA / NTSC"
  },
  {
    "id": "emkwoq3m",
    "player": "Mic_Feedback",
    "player_location": "us",
    "region": "USA / NTSC"
  },
  {
    "id": "9me5pp9m",
    "player": "Emoglobin",
    "player_location": "us",
    "region": "USA / NTSC"
  },
  {
    "id": "yv9vjrez",
    "player": "Mu_II",
    "player_location": "us",
    "region": "USA / NTSC"
  },
  {
    "id": "2yw93p2m",
    "player": "CPU0",
    "player_location": "us",
    "region": "USA / NTSC"
  },
  {
    "id": "0y6175pm",
    "player": "Ruben17",
    "player_location": null,
    "region": "JPN / NTSC"
  },
  {
    "id": "8yvdx56y",
    "player": "Mugman",
    "player_location": "ca",
    "region": "USA / NTSC"
  },
  {
    "id": "6yj0917z",
    "player": "Kishumen",
    "player_location": "jp",
    "region": "JPN / NTSC"
  },
  {
    "id": "jy9rp8ny",
    "player": "dekutony",
    "player_location": "gt",
    "region": "USA / NTSC"
  },
  {
    "id": "8yvw3o6m",
    "player": "remonnamedaisuki",
    "player_location": "jp",
    "region": "JPN / NTSC"
  },
  {
    "id": "9merj13z",
    "player": "kurohito",
    "player_location": null,
    "region": "JPN / NTSC"
  },
  {
    "id": "mrq888dy",
    "player": "MA-121",
    "player_location": null,
    "region": "JPN / NTSC"
  },
  {
    "id": "yo4j4k0m",
    "player": "ProfanedGlitch",
    "player_location": "us",
    "region": "USA / NTSC"
  },
  {
    "id": "y675n51m",
    "player": "Avgn_Gamer",
    "player_location": "us",
    "region": "USA / NTSC"
  },
  {
    "id": "zq646kxy",
    "player": "Sebrettl",
    "player_location": "at",
    "region": "EUR / PAL"
  },
  {
    "id": "z13o3gjm",
    "player": "Diamond",
    "player_location": "us",
    "region": "USA / NTSC"
  },
  {
    "id": "z0e9rqjm",
    "player": "Ethanite",
    "player_location": "us",
    "region": "USA / NTSC"
  },
  {
    "id": "mr4gx9gz",
    "player": "Kinnin11",
    "player_location": "nl",
    "region": "EUR / PAL"
  },
  {
    "id": "z0e63rom",
    "player": "jigamufenuf",
    "player_location": "us",
    "region": "USA / NTSC"
  },
  {
    "id": "yvg2qeey",
    "player": "MasterOfZoroark",
    "player_location": "us",
    "region": "USA / NTSC"
  },
  {
    "id": "z5o0kqdy",
    "player": "Pidovary",
    "player_location": "us",
    "region": "USA / NTSC"
  },
  {
    "id": "mrq199gy",
    "player": "STSriracha",
    "player_location": "il",
    "region": "USA / NTSC"
  },
  {
    "id": "y23xdnwm",
    "player": "mrsteyk",
    "player_location": "ru",
    "region": null
  },
  {
    "id": "m3drkgwz",
    "player": "ViviBloom",
    "player_location": "us",
    "region": "USA / NTSC"
  },
  {
    "id": "yvjgjnxy",
    "player": "bac0n",
    "player_location": "us",
    "region": "USA / NTSC"
  },
  {
    "id": "y67n7jpm",
    "player": "alfredodevars",
    "player_location": "mx",
    "region": "USA / NTSC"
  },
  {
    "id": "mrq61r8y",
    "player": "Elite_Tube",
    "player_location": "us",
    "region": "USA / NTSC"
  },
  {
    "id": "mrq6704y",
    "player": "Epicpokefan13",
    "player_location": "us",
    "region": "USA / NTSC"
  },
  {
    "id": "mrq7q3gy",
    "player": "dark-kirb",
    "player_location": "de",
    "region": "EUR / PAL"
  },
  {
    "id": "yl91x6ny",
    "player": "Glackum",
    "player_location": "us",
    "region": "USA / NTSC"
  },
  {
    "id": "y21w4ljz",
    "player": "ooinuDK",
    "player_location": "jp",
    "region": "JPN / NTSC"
  },
  {
    "id": "zgn86rdy",
    "player": "Waterlemon",
    "player_location": "us",
    "region": "USA / NTSC"
  },
  {
    "id": "y672p86m",
    "player": "TinyLittleTeeny",
    "player_location": null,
    "region": "USA / NTSC"
  },
  {
    "id": "z5okq6jy",
    "player": "shirokirby",
    "player_location": "jp",
    "region": "JPN / NTSC"
  },
  {
    "id": "z0ed24jm",
    "player": "Eviona",
    "player_location": "us",
    "region": "USA / NTSC"
  },
  {
    "id": "yjk92v3m",
    "player": "bestuserman",
    "player_location": null,
    "region": "USA / NTSC"
  },
  {
    "id": "ydqoew0m",
    "player": "Leafia_Barrett",
    "player_location": "us",
    "region": "USA / NTSC"
  },
  {
    "id": "yo48nv0m",
    "player": "ARAB2A",
    "player_location": "kr",
    "region": null
  },
  {
    "id": "zxvr8j5y",
    "player": "Sayuri",
    "player_location": "us",
    "region": "USA / NTSC"
  },
  {
    "id": "y8q4kdwy",
    "player": "Uarux",
    "player_location": "br",
    "region": "USA / NTSC"
  },
  {
    "id": "y97qnjem",
    "player": "Super10ZX",
    "player_location": null,
    "region": "USA / NTSC"
  },
  {
    "id": "yl9wlo2y",
    "player": "Beanos",
    "player_location": "us",
    "region": "USA / NTSC"
  },
  {
    "id": "y8q7lnny",
    "player": "Solmization",
    "player_location": "us",
    "region": "USA / NTSC"
  },
  {
    "id": "y893195m",
    "player": "ZeroSuitViolet",
    "player_location": "fr",
    "region": "EUR / PAL"
  },
  {
    "id": "y439k92z",
    "player": "Groinificator",
    "player_location": "ca",
    "region": "USA / NTSC"
  },
  {
    "id": "zp0q31gm",
    "player": "Firepanda",
    "player_location": "de",
    "region": "EUR / PAL"
  },
  {
    "id": "y899e6dm",
    "player": "Gigabars",
    "player_location": "us",
    "region": "USA / NTSC"
  },
  {
    "id": "zp0lwvvm",
    "player": "Shiny",
    "player_location": "us",
    "region": "USA / NTSC"
  },
  {
    "id": "zp0ldenm",
    "player": "S.C.Nallry",
    "player_location": "jp",
    "region": null
  },
  {
    "id": "y43889nz",
    "player": "Labbie",
    "player_location": "us",
    "region": "JPN / NTSC"
  },
  {
    "id": "y89d095m",
    "player": "CaptainYoshi64_Yt",
    "player_location": "us",
    "region": "USA / NTSC"
  },
  {
    "id": "z037v49z",
    "player": "R!",
    "player_location": null,
    "region": "JPN / NTSC"
  },
  {
    "id": "yl4nkdkm",
    "player": "Dat_Kirby",
    "player_location": "us",
    "region": "USA / NTSC"
  },
  {
    "id": "y926nx2z",
    "player": "lumpman2",
    "player_location": "us",
    "region": "USA / NTSC"
  },
  {
    "id": "z11l9erz",
    "player": "JvBlade",
    "player_location": "kr",
    "region": null
  },
  {
    "id": "m7pegj4m",
    "player": "HSkirby28",
    "player_location": null,
    "region": "JPN / NTSC"
  },
  {
    "id": "yd3xoxwz",
    "player": "yellow",
    "player_location": "au",
    "region": null
  },
  {
    "id": "z114w27z",
    "player": "ReNeDe",
    "player_location": "es/ct",
    "region": "EUR / PAL"
  },
  {
    "id": "y957gwvz",
    "player": "PixelWolph",
    "player_location": null,
    "region": "EUR / PAL"
  },
  {
    "id": "y81r27nz",
    "player": "bouboul",
    "player_location": "fr",
    "region": "EUR / PAL"
  },
  {
    "id": "z1jo0grz",
    "player": "ipixx",
    "player_location": "fr",
    "region": "EUR / PAL"
  },
  {
    "id": "zqrnq3xy",
    "player": "Revv",
    "player_location": null,
    "region": "USA / NTSC"
  },
  {
    "id": "y6l8xqjy",
    "player": "Ezradekezra",
    "player_location": "us",
    "region": "USA / NTSC"
  },
  {
    "id": "yd6pr9qz",
    "player": "Klinsytatari",
    "player_location": "us",
    "region": "USA / NTSC"
  },
  {
    "id": "y81ledwz",
    "player": "BigHumongous",
    "player_location": null,
    "region": "USA / NTSC"
  },
  {
    "id": "y657nw0z",
    "player": "Phishie",
    "player_location": null,
    "region": null
  },
  {
    "id": "yd5qg1wm",
    "player": "ThreeBreenSalad",
    "player_location": null,
    "region": "USA / NTSC"
  },
  {
    "id": "yo7l8w0m",
    "player": "daniel0114",
    "player_location": "kr",
    "region": null
  },
  {
    "id": "mk339dlz",
    "player": "Motiko",
    "player_location": "jp",
    "region": "JPN / NTSC"
  },
  {
    "id": "zgwo46ey",
    "player": "Korebi41",
    "player_location": null,
    "region": null
  },
  {
    "id": "zxg2q38y",
    "player": "Shiro785",
    "player_location": "jp",
    "region": "JPN / NTSC"
  },
  {
    "id": "y4ww4lkm",
    "player": "Quiqueh",
    "player_location": "mx",
    "region": "USA / NTSC"
  },
  {
    "id": "zqwg9l9z",
    "player": "Ryangamingandplush",
    "player_location": null,
    "region": "USA / NTSC"
  },
  {
    "id": "zgwr1njy",
    "player": "Shadowker",
    "player_location": "ca/qc",
    "region": "EUR / PAL"
  },
  {
    "id": "yjl5rndz",
    "player": "SonicBlur23",
    "player_location": "ca",
    "region": "JPN / NTSC"
  },
  {
    "id": "zx2lreem",
    "player": "Mr_Shasta",
    "player_location": "us",
    "region": "USA / NTSC"
  },
  {
    "id": "yok52g5z",
    "player": "ChillyIce",
    "player_location": "us",
    "region": "USA / NTSC"
  },
  {
    "id": "z05jdl9m",
    "player": "Borb12246",
    "player_location": null,
    "region": "USA / NTSC"
  },
  {
    "id": "y82k0jdy",
    "player": "NeoKad",
    "player_location": "ca/qc",
    "region": "USA / NTSC"
  },
  {
    "id": "y9l71lvy",
    "player": "radio--waves",
    "player_location": "mx",
    "region": null
  },
  {
    "id": "y4wv2onm",
    "player": "Small_Nerd",
    "player_location": "us",
    "region": "USA / NTSC"
  },
  {
    "id": "yd0gqojz",
    "player": "sokuno",
    "player_location": "jp",
    "region": "JPN / NTSC"
  },
  {
    "id": "yw07p09m",
    "player": "swordsmankirby",
    "player_location": "us",
    "region": "USA / NTSC"
  },
  {
    "id": "mk8825xm",
    "player": "KirbySSU",
    "player_location": "us",
    "region": "USA / NTSC"
  },
  {
    "id": "zq4gek9m",
    "player": "justmoa",
    "player_location": "fr",
    "region": "EUR / PAL"
  },
  {
    "id": "m3glpw4z",
    "player": "MMLink2000",
    "player_location": "ca",
    "region": null
  },
  {
    "id": "yd0vx8qz",
    "player": "Sanic205",
    "player_location": "us",
    "region": "USA / NTSC"
  },
  {
    "id": "y91drwrm",
    "player": "DerpyyP",
    "player_location": "au",
    "region": null
  },
  {
    "id": "mk74oxvy",
    "player": "Mania313",
    "player_location": "cl",
    "region": "USA / NTSC"
  },
  {
    "id": "zgv1e3dz",
    "player": "DrBluestone",
    "player_location": "de",
    "region": "EUR / PAL"
  },
  {
    "id": "ylo480ry",
    "player": "Kaiphenix",
    "player_location": "us",
    "region": "USA / NTSC"
  },
  {
    "id": "yjgvq0ny",
    "player": "MagoMinMin",
    "player_location": "us",
    "region": "USA / NTSC"
  },
  {
    "id": "me94qjqz",
    "player": "FlizzLeFr",
    "player_location": "fr",
    "region": "EUR / PAL"
  },
  {
    "id": "yd9wgwjz",
    "player": "PierreJ",
    "player_location": "fr",
    "region": "EUR / PAL"
  },
  {
    "id": "znox01vy",
    "player": "Kirbo_God",
    "player_location": "us",
    "region": "USA / NTSC"
  },
  {
    "id": "y2v6qn5z",
    "player": "ShyBombSexy",
    "player_location": "br",
    "region": "USA / NTSC"
  },
  {
    "id": "yvqlo1om",
    "player": "matteoxxxx",
    "player_location": "fr",
    "region": "EUR / PAL"
  },
  {
    "id": "z5rvo6ey",
    "player": "MrTheTaste",
    "player_location": "ca",
    "region": null
  },
  {
    "id": "zgp7490z",
    "player": "JustCallMeGio",
    "player_location": "cl",
    "region": "USA / NTSC"
  },
  {
    "id": "m7d2ne4m",
    "player": "dishonored_smurf",
    "player_location": "us",
    "region": "USA / NTSC"
  },
  {
    "id": "mk569rxm",
    "player": "Magikman",
    "player_location": "us",
    "region": "USA / NTSC"
  },
  {
    "id": "z1x45kgm",
    "player": "Minutes",
    "player_location": "fr",
    "region": "EUR / PAL"
  },
  {
    "id": "z07ojdey",
    "player": "Skylon01",
    "player_location": "us",
    "region": "USA / NTSC"
  },
  {
    "id": "ylre7vky",
    "player": "YYyukige",
    "player_location": "jp",
    "region": "JPN / NTSC"
  },
  {
    "id": "zqve5e5m",
    "player": "Stevecomicsgame",
    "player_location": "it",
    "region": "EUR / PAL"
  },
  {
    "id": "me4non9y",
    "player": "AshlynnTheDog",
    "player_location": "us",
    "region": "USA / NTSC"
  },
  {
    "id": "znqr139z",
    "player": "Brooke",
    "player_location": "us",
    "region": "USA / NTSC"
  },
  {
    "id": "zgdn3rdz",
    "player": "VittoSpeedrunner",
    "player_location": "it",
    "region": "EUR / PAL"
  },
  {
    "id": "y9l900vy",
    "player": "anima596",
    "player_location": "it",
    "region": "EUR / PAL"
  },
  {
    "id": "zgp101jz",
    "player": "prohybrid",
    "player_location": "ca",
    "region": "USA / NTSC"
  },
  {
    "id": "z5v0k1jm",
    "player": "SnowNight",
    "player_location": "nl",
    "region": "EUR / PAL"
  },
  {
    "id": "ydwrvdqm",
    "player": "CloverDragon",
    "player_location": "us",
    "region": null
  },
  {
    "id": "y207rd7m",
    "player": "Alex35",
    "player_location": "it",
    "region": null
  },
  {
    "id": "yled0rxz",
    "player": "MagolorLover",
    "player_location": "es",
    "region": "EUR / PAL"
  },
  {
    "id": "z0oq6jjz",
    "player": "BENNETTSOAP",
    "player_location": "es",
    "region": "EUR / PAL"
  },
  {
    "id": "y48d543m",
    "player": "Joyce_Kun",
    "player_location": "ve",
    "region": null
  },
  {
    "id": "z5vlxx5m",
    "player": "HANDSON",
    "player_location": "kr",
    "region": null
  },
  {
    "id": "zq02jjry",
    "player": "Lor",
    "player_location": "jp",
    "region": null
  },
  {
    "id": "z5vw08em",
    "player": "TurtleSpeed",
    "player_location": "no",
    "region": "EUR / PAL"
  },
  {
    "id": "zxl16jqz",
    "player": "Narutombroy",
    "player_location": null,
    "region": "EUR / PAL"
  },
  {
    "id": "z12wq7gy",
    "player": "Cyanon",
    "player_location": "us",
    "region": "USA / NTSC"
  },
  {
    "id": "y6079rqy",
    "player": "BluJaga",
    "player_location": "us",
    "region": "USA / NTSC"
  },
  {
    "id": "yvrg744z",
    "player": "Alex69782",
    "player_location": null,
    "region": "EUR / PAL"
  },
  {
    "id": "zp9qjqrm",
    "player": "cloveygirl",
    "player_location": "gb/eng",
    "region": "EUR / PAL"
  },
  {
    "id": "me37wq0z",
    "player": "Jenkles",
    "player_location": "gb/wls",
    "region": "EUR / PAL"
  },
  {
    "id": "yl7ro03m",
    "player": "tenkuooyuki",
    "player_location": "jp",
    "region": "JPN / NTSC"
  },
  {
    "id": "y2p7er5z",
    "player": "Swordsmith709",
    "player_location": "us",
    "region": "USA / NTSC"
  },
  {
    "id": "mkkex2xm",
    "player": "ForgoAnDa",
    "player_location": "mx",
    "region": "USA / NTSC"
  },
  {
    "id": "y9vv2ovm",
    "player": "Malachie_2000",
    "player_location": "fr",
    "region": "EUR / PAL"
  },
  {
    "id": "yjpnr33y",
    "player": "HIKARU",
    "player_location": "kr",
    "region": null
  },
  {
    "id": "yl140ekm",
    "player": "Dogmoticon",
    "player_location": "us",
    "region": "USA / NTSC"
  },
  {
    "id": "yw601dpm",
    "player": "MojoJoji1",
    "player_location": null,
    "region": "USA / NTSC"
  },
  {
    "id": "yw6qek3m",
    "player": "MightyWy",
    "player_location": null,
    "region": "USA / NTSC"
  },
  {
    "id": "y4xqjlnz",
    "player": "Noel345yt",
    "player_location": null,
    "region": "EUR / PAL"
  },
  {
    "id": "y809g55m",
    "player": "ratosa",
    "player_location": "jp",
    "region": null
  },
  {
    "id": "z1gn539z",
    "player": "snrZora",
    "player_location": "fi",
    "region": null
  },
  {
    "id": "y8xplvnm",
    "player": "JLMetak",
    "player_location": "fr",
    "region": "EUR / PAL"
  },
  {
    "id": "m7xe7w4y",
    "player": "Hachidori",
    "player_location": "jp",
    "region": "JPN / NTSC"
  },
  {
    "id": "znjwk4vm",
    "player": "Skycia",
    "player_location": "fr",
    "region": "EUR / PAL"
  }
]