[
  {
    "id": "7z069eez",
    "player": "aleckermit",
    "player_location": "us",
    "region": "USA / NTSC"
  },
  {
    "id": "yj8lxegm",
    "player": "headstrong1290",
    "player_location": null,
    "region": null
  },
  {
    "id": "y819o5dz",
    "player": "Sultra",
    "player_location": "us",
    "region": "USA / NTSC"
  },
  {
    "id": "yl4d2okm",
    "player": "Acer9393",
    "player_location": "us",
    "region": "USA / NTSC"
  },
  {
    "id": "mrexvngy",
    "player": "Usui",
    "player_location": "jp",
    "region": "USA / NTSC"
  },
  {
    "id": "y4r9l72z",
    "player": "JSR_",
    "player_location": "us",
    "region": "USA / NTSC"
  },
  {
    "id": "yl7jx22m",
    "player": "bradharmar",
    "player_location": "us",
    "region": "USA / NTSC"
  }
]