[
  {
    "id": "y9793wnm",
    "player": "BlueMetal",
    "player_location": "us",
    "region": "USA / NTSC"
  },
  {
    "id": "yvg3n84y",
    "player": "EDO",
    "player_location": "jp",
    "region": "JPN / NTSC"
  },
  {
    "id": "zn8r9j8z",
    "player": "JMC4789",
    "player_location": "us",
    "region": "USA / NTSC"
  },
  {
    "id": "yl90pnky",
    "player": "Obdajr",
    "player_location": "ca",
    "region": "USA / NTSC"
  },
  {
    "id": "y97978nm",
    "player": "Gesellschaft",
    "player_location": "ca",
    "region": "USA / NTSC"
  },
  {
    "id": "m79dkr4y",
    "player": "chibizer0",
    "player_location": "au",
    "region": "JPN / NTSC"
  },
  {
    "id": "y205qlwm",
    "player": "Auchgard",
    "player_location": "us",
    "region": "USA / NTSC"
  },
  {
    "id": "y4w84qkm",
    "player": "yamanaru",
    "player_location": "jp",
    "region": "JPN / NTSC"
  },
  {
    "id": "yl1p73km",
    "player": "RepublicAdmiral",
    "player_location": "us",
    "region": "USA / NTSC"
  }
]