[
  {
    "id": "zgn5r6ey",
    "player": "The_Retro_Challenger",
    "player_location": "ca/qc",
    "region": "USA / NTSC"
  },
  {
    "id": "z037x38z",
    "player": "Ferrolho",
    "player_location": "br",
    "region": "USA / NTSC"
  },
  {
    "id": "yl46k5rm",
    "player": "msm_smtn",
    "player_location": "jp",
    "region": "USA / NTSC"
  },
  {
    "id": "m7532qez",
    "player": "Angrylanks",
    "player_location": "us",
    "region": "USA / NTSC"
  },
  {
    "id": "y6dl6ljm",
    "player": "SpaceColonizer",
    "player_location": "us",
    "region": "JPN / NTSC"
  },
  {
    "id": "y6nll91z",
    "player": "KumaKhan22",
    "player_location": "us",
    "region": "USA / NTSC"
  },
  {
    "id": "me15lnqy",
    "player": "PGHGuitarGuy",
    "player_location": "us",
    "region": "USA / NTSC"
  }
]