[
  {
    "id": "pzge70ey",
    "player": "Mix",
    "player_location": "us",
    "region": null
  },
  {
    "id": "ydqw7vjm",
    "player": "Vicious_LP",
    "player_location": "us",
    "region": "USA / NTSC"
  },
  {
    "id": "z0391njz",
    "player": "RKanharn",
    "player_location": "gb/eng",
    "region": "EUR / PAL"
  },
  {
    "id": "zgw3180y",
    "player": "Bills",
    "player_location": null,
    "region": null
  },
  {
    "id": "yjl1gpdz",
    "player": "Calumrf02",
    "player_location": "gb",
    "region": "EUR / PAL"
  },
  {
    "id": "z0oe26ez",
    "player": "Alrovid",
    "player_location": "es",
    "region": "EUR / PAL"
  },
  {
    "id": "y8ro22xm",
    "player": "Jaypin88",
    "player_location": "ca",
    "region": null
  },
  {
    "id": "z09g5dez",
    "player": "Aardappelschil",
    "player_location": "nl",
    "region": "EUR / PAL"
  },
  {
    "id": "yv2jjq6m",
    "player": "imnotjudebuthey",
    "player_location": "gb",
    "region": "EUR / PAL"
  },
  {
    "id": "z1r8n1wm",
    "player": "d4nv9rs",
    "player_location": "ru",
    "region": "EUR / PAL"
  }
]