[
  {
    "id": "8y8kj5y1",
    "player": "neskamikaze",
    "player_location": "us",
    "region": "USA / NTSC"
  },
  {
    "id": "8yvvr4yo",
    "player": "mugg1991",
    "player_location": "de",
    "region": "EUR / PAL"
  },
  {
    "id": "0znep8zn",
    "player": "TheTycon",
    "player_location": "us",
    "region": "USA / NTSC"
  },
  {
    "id": "oy23kxwm",
    "player": "Sparsie",
    "player_location": "de",
    "region": "EUR / PAL"
  },
  {
    "id": "8m794d9y",
    "player": "barnowl",
    "player_location": "us",
    "region": "USA / NTSC"
  },
  {
    "id": "y8293owy",
    "player": "Arkanias566",
    "player_location": "es",
    "region": null
  },
  {
    "id": "yl981gxy",
    "player": "ebloodycandy",
    "player_location": "us",
    "region": "USA / NTSC"
  },
  {
    "id": "kz5l2eey",
    "player": "mrcab55",
    "player_location": "us",
    "region": "USA / NTSC"
  },
  {
    "id": "8yv6o88z",
    "player": "Ectoplasmus",
    "player_location": "fr",
    "region": "USA / NTSC"
  },
  {
    "id": "6yjglony",
    "player": "authorblues",
    "player_location": "us",
    "region": "USA / NTSC"
  },
  {
    "id": "7z0roo9z",
    "player": "lonelydevil90",
    "player_location": "it",
    "region": "EUR / PAL"
  },
  {
    "id": "9mrnlv8y",
    "player": "Beld_X",
    "player_location": "es",
    "region": "USA / NTSC"
  },
  {
    "id": "z12qnqgy",
    "player": "darbian",
    "player_location": "us",
    "region": "USA / NTSC"
  },
  {
    "id": "zn8wpklz",
    "player": "Theguesst",
    "player_location": "us",
    "region": "USA / NTSC"
  },
  {
    "id": "m3do7kdz",
    "player": "callumbal",
    "player_location": "gb/eng",
    "region": "USA / NTSC"
  },
  {
    "id": "8m76vk5y",
    "player": "rezephae",
    "player_location": "us",
    "region": "USA / NTSC"
  },
  {
    "id": "9yod4n7m",
    "player": "RainingEndavor",
    "player_location": "ca",
    "region": "USA / NTSC"
  },
  {
    "id": "0znq3l3z",
    "player": "BigJon",
    "player_location": "us",
    "region": "USA / NTSC"
  },
  {
    "id": "0y6o22qy",
    "player": "LovenityJade",
    "player_location": "ca/qc",
    "region": "USA / NTSC"
  },
  {
    "id": "8m7n134z",
    "player": "GarbitheGlitcheress",
    "player_location": "us",
    "region": "USA / NTSC"
  },
  {
    "id": "yjkle47m",
    "player": "Evil_I",
    "player_location": "nl",
    "region": null
  },
  {
    "id": "pm30d3wm",
    "player": "Trysdyn",
    "player_location": null,
    "region": "USA / NTSC"
  },
  {
    "id": "pydornjz",
    "player": "Oh_DeeR",
    "player_location": "de",
    "region": "JPN / NTSC"
  },
  {
    "id": "oy2n069y",
    "player": "Darko",
    "player_location": null,
    "region": "USA / NTSC"
  },
  {
    "id": "9mr5887y",
    "player": "PalOne",
    "player_location": "de",
    "region": null
  },
  {
    "id": "0zn57v8z",
    "player": "Iceplug",
    "player_location": "us",
    "region": "USA / NTSC"
  },
  {
    "id": "wzp5d1ny",
    "player": "Xdragon",
    "player_location": "us",
    "region": "USA / NTSC"
  },
  {
    "id": "zn88267z",
    "player": "ultimatedragon111",
    "player_location": "es",
    "region": null
  },
  {
    "id": "7z04004y",
    "player": "SteveTheBull",
    "player_location": "us",
    "region": "USA / NTSC"
  },
  {
    "id": "nz1ekkgy",
    "player": "DeMoNFLiP84",
    "player_location": "us",
    "region": "USA / NTSC"
  },
  {
    "id": "y4ge7ldy",
    "player": "Acmlm",
    "player_location": "ca/qc",
    "region": "USA / NTSC"
  },
  {
    "id": "zpqn558y",
    "player": "Smartball",
    "player_location": "us",
    "region": "USA / NTSC"
  },
  {
    "id": "9mrpoxdz",
    "player": "pikmin6000",
    "player_location": "us",
    "region": null
  },
  {
    "id": "nz14kxjz",
    "player": "LinkBlade24",
    "player_location": "us",
    "region": "USA / NTSC"
  },
  {
    "id": "9me5570m",
    "player": "faulteroyy",
    "player_location": "ca",
    "region": "USA / NTSC"
  },
  {
    "id": "pm3pk1gz",
    "player": "MegaChikkenRise",
    "player_location": null,
    "region": null
  },
  {
    "id": "kz5906jy",
    "player": "Galaxsinger",
    "player_location": "de",
    "region": "EUR / PAL"
  },
  {
    "id": "zgnxqjjy",
    "player": "TheGreatToddman",
    "player_location": "us",
    "region": null
  },
  {
    "id": "z0e13wem",
    "player": "JuegAriel",
    "player_location": "es",
    "region": "USA / NTSC"
  },
  {
    "id": "yj3x2knz",
    "player": "BloodDerg",
    "player_location": "de",
    "region": "USA / NTSC"
  },
  {
    "id": "z5ox5jdy",
    "player": "WinnerBit",
    "player_location": "us",
    "region": "USA / NTSC"
  },
  {
    "id": "z1148n7z",
    "player": "SSbeatle",
    "player_location": "es",
    "region": "EUR / PAL"
  },
  {
    "id": "zgn277jy",
    "player": "smartalec24",
    "player_location": "us",
    "region": "USA / NTSC"
  },
  {
    "id": "mk47v45y",
    "player": "Onionknigget",
    "player_location": "se",
    "region": "USA / NTSC"
  },
  {
    "id": "yw1qjvnz",
    "player": "Ben",
    "player_location": "gb/nir",
    "region": "JPN / NTSC"
  },
  {
    "id": "y230dx7m",
    "player": "Triple-067",
    "player_location": "us",
    "region": "USA / NTSC"
  },
  {
    "id": "y97djgnm",
    "player": "SuperBigKMart",
    "player_location": "ca/qc",
    "region": "USA / NTSC"
  },
  {
    "id": "z0exovem",
    "player": "dmjman",
    "player_location": "us",
    "region": null
  },
  {
    "id": "yw1xdnpz",
    "player": "ekomessenger",
    "player_location": "gb/wls",
    "region": null
  },
  {
    "id": "yl9p46ry",
    "player": "Hekkta",
    "player_location": "gb/wls",
    "region": null
  },
  {
    "id": "zn4vrk9m",
    "player": "Annorax",
    "player_location": "us",
    "region": "USA / NTSC"
  },
  {
    "id": "zn8xeglz",
    "player": "MrNoneLP",
    "player_location": "de",
    "region": "EUR / PAL"
  },
  {
    "id": "y974xrrm",
    "player": "__LoS_",
    "player_location": "ch",
    "region": null
  },
  {
    "id": "yj4n4jny",
    "player": "Retroverse",
    "player_location": "us",
    "region": "USA / NTSC"
  },
  {
    "id": "yo4qk6jm",
    "player": "ulvsblakk",
    "player_location": "at",
    "region": "USA / NTSC"
  },
  {
    "id": "yvg56e8y",
    "player": "xenkaroshi",
    "player_location": "se",
    "region": "EUR / PAL"
  },
  {
    "id": "ywdk162z",
    "player": "LarviStar",
    "player_location": "us",
    "region": "USA / NTSC"
  },
  {
    "id": "zq6nxj1y",
    "player": "infinitemystery",
    "player_location": null,
    "region": "USA / NTSC"
  },
  {
    "id": "m7penjwm",
    "player": "sYn",
    "player_location": "us",
    "region": "USA / NTSC"
  },
  {
    "id": "zgn507dy",
    "player": "Zzz_pc",
    "player_location": "jp",
    "region": "JPN / NTSC"
  },
  {
    "id": "zq6ll29y",
    "player": "johncarls",
    "player_location": "us",
    "region": "USA / NTSC"
  },
  {
    "id": "z0evql8m",
    "player": "goodpilotfish",
    "player_location": "se",
    "region": null
  },
  {
    "id": "yjd9wjny",
    "player": "Glitchman24",
    "player_location": "us",
    "region": null
  },
  {
    "id": "m3ooq8dm",
    "player": "ffpoke",
    "player_location": "us",
    "region": "USA / NTSC"
  },
  {
    "id": "z51jo9gm",
    "player": "SuperMegaDav",
    "player_location": "ca",
    "region": "USA / NTSC"
  },
  {
    "id": "y2qwqo7y",
    "player": "skyehoppers",
    "player_location": "us",
    "region": "USA / NTSC"
  },
  {
    "id": "y2qd7q6y",
    "player": "JWILD",
    "player_location": "us",
    "region": null
  },
  {
    "id": "y95742kz",
    "player": "AmenAnthem",
    "player_location": "at",
    "region": "USA / NTSC"
  },
  {
    "id": "m3on594m",
    "player": "pianistman",
    "player_location": "us",
    "region": "USA / NTSC"
  },
  {
    "id": "zpdwv5gz",
    "player": "EiP25",
    "player_location": "jp",
    "region": "JPN / NTSC"
  },
  {
    "id": "y2qpv39y",
    "player": "zigo",
    "player_location": "us",
    "region": "USA / NTSC"
  },
  {
    "id": "z51202jm",
    "player": "JuiceACD",
    "player_location": "us",
    "region": "USA / NTSC"
  },
  {
    "id": "y2qe8n7y",
    "player": "Okmenaut",
    "player_location": "de",
    "region": "JPN / NTSC"
  },
  {
    "id": "z03d7ljz",
    "player": "DiskKun",
    "player_location": "ca",
    "region": "USA / NTSC"
  },
  {
    "id": "z0388qjz",
    "player": "Rallis",
    "player_location": "us",
    "region": "USA / NTSC"
  },
  {
    "id": "zg7oj1nz",
    "player": "xeroxfiend",
    "player_location": "us",
    "region": "USA / NTSC"
  },
  {
    "id": "y89nwwnm",
    "player": "NickDoane",
    "player_location": "us",
    "region": "USA / NTSC"
  },
  {
    "id": "mk96kqvz",
    "player": "SuperSpeedRunner",
    "player_location": "us",
    "region": "JPN / NTSC"
  },
  {
    "id": "m3o4d0dm",
    "player": "wlg3r",
    "player_location": "us",
    "region": "USA / NTSC"
  },
  {
    "id": "y2qlp85y",
    "player": "Siver",
    "player_location": "de",
    "region": "EUR / PAL"
  },
  {
    "id": "ywplw8nz",
    "player": "TheClassicOne88",
    "player_location": "us",
    "region": "USA / NTSC"
  },
  {
    "id": "z01e50oy",
    "player": "DidierLeVolant",
    "player_location": null,
    "region": "EUR / PAL"
  },
  {
    "id": "ylnkgxxz",
    "player": "J_duude",
    "player_location": "ca",
    "region": "USA / NTSC"
  },
  {
    "id": "y4116wqy",
    "player": "YoBGS",
    "player_location": "us",
    "region": "USA / NTSC"
  },
  {
    "id": "mk23281m",
    "player": "PhantasmBreaker",
    "player_location": "ca",
    "region": null
  },
  {
    "id": "m313d24z",
    "player": "Vehemens",
    "player_location": "de",
    "region": "EUR / PAL"
  },
  {
    "id": "mrerdldy",
    "player": "Blitzspiel",
    "player_location": "de",
    "region": null
  },
  {
    "id": "mexg8v2z",
    "player": "KrisCynical",
    "player_location": "us",
    "region": null
  },
  {
    "id": "mex0g2qz",
    "player": "fubukifuuta_",
    "player_location": "jp",
    "region": "JPN / NTSC"
  },
  {
    "id": "y81n81xz",
    "player": "bitpix3l",
    "player_location": "us",
    "region": "USA / NTSC"
  },
  {
    "id": "yoje4jjm",
    "player": "Zappa159",
    "player_location": "de",
    "region": "JPN / NTSC"
  },
  {
    "id": "yoje6j5m",
    "player": "Blasco",
    "player_location": "it",
    "region": "USA / NTSC"
  },
  {
    "id": "ylkp70nz",
    "player": "Zockerstu",
    "player_location": "de",
    "region": "USA / NTSC"
  },
  {
    "id": "zxk1g2gm",
    "player": "TheRudyyy",
    "player_location": "fr",
    "region": "USA / NTSC"
  },
  {
    "id": "zprnrqrm",
    "player": "TegoSamego2020",
    "player_location": "de",
    "region": "EUR / PAL"
  },
  {
    "id": "zgw754vy",
    "player": "Reon8",
    "player_location": "es",
    "region": null
  },
  {
    "id": "y91dr0nm",
    "player": "SomeSpeedrunner",
    "player_location": "de",
    "region": "USA / NTSC"
  },
  {
    "id": "yv698p6z",
    "player": "Voidsabre",
    "player_location": "us",
    "region": "USA / NTSC"
  },
  {
    "id": "z15rp9wy",
    "player": "basementgamer",
    "player_location": "us",
    "region": "USA / NTSC"
  },
  {
    "id": "y82776xy",
    "player": "XrackProject",
    "player_location": "at",
    "region": null
  },
  {
    "id": "m35nwn6y",
    "player": "gravedigger2807",
    "player_location": "de",
    "region": null
  },
  {
    "id": "z158e09y",
    "player": "Nolmy",
    "player_location": "us",
    "region": "USA / NTSC"
  },
  {
    "id": "m7gdjn0m",
    "player": "Squiggles",
    "player_location": "ch",
    "region": null
  },
  {
    "id": "m757q05z",
    "player": "Mr.Hartree",
    "player_location": "be",
    "region": null
  },
  {
    "id": "z18r9lgy",
    "player": "kili28",
    "player_location": "de",
    "region": "EUR / PAL"
  },
  {
    "id": "yok5w2jz",
    "player": "Niamek",
    "player_location": "ca",
    "region": "USA / NTSC"
  },
  {
    "id": "y9065gky",
    "player": "Rainbow_Ride",
    "player_location": "se",
    "region": "USA / NTSC"
  },
  {
    "id": "y4wd5rnm",
    "player": "MinusWorldJay",
    "player_location": "us",
    "region": "USA / NTSC"
  },
  {
    "id": "meo5029z",
    "player": "Dani\u00eblHarteveld",
    "player_location": "nl",
    "region": null
  },
  {
    "id": "zprvk6nm",
    "player": "SethBling",
    "player_location": "us",
    "region": "USA / NTSC"
  },
  {
    "id": "y82lj9xy",
    "player": "BambooShadow",
    "player_location": "de",
    "region": "JPN / NTSC"
  },
  {
    "id": "zx213n8m",
    "player": "LMMotoss",
    "player_location": "us",
    "region": "USA / NTSC"
  },
  {
    "id": "y8v3kxwz",
    "player": "Damos",
    "player_location": "gb/eng",
    "region": null
  },
  {
    "id": "ylv0kw2m",
    "player": "MagicK",
    "player_location": "ca/qc",
    "region": "USA / NTSC"
  },
  {
    "id": "ylvn7d2m",
    "player": "AdamFerrari",
    "player_location": "us",
    "region": "USA / NTSC"
  },
  {
    "id": "yd09r1vz",
    "player": "JoshKeys",
    "player_location": null,
    "region": "EUR / PAL"
  },
  {
    "id": "yj1no1oy",
    "player": "TokAmentia",
    "player_location": "fr",
    "region": null
  },
  {
    "id": "y6rn07jy",
    "player": "BigChiefJahaley",
    "player_location": "us",
    "region": "USA / NTSC"
  },
  {
    "id": "y2derqjz",
    "player": "tewr24",
    "player_location": "us",
    "region": "JPN / NTSC"
  },
  {
    "id": "mr9r4qdm",
    "player": "SailorShirayuki",
    "player_location": "ca",
    "region": null
  },
  {
    "id": "me6g8j8z",
    "player": "ZeeGee_",
    "player_location": "us",
    "region": "USA / NTSC"
  },
  {
    "id": "zplk2krm",
    "player": "RickyBoy_EA96",
    "player_location": "ca/qc",
    "region": "USA / NTSC"
  },
  {
    "id": "ylv201km",
    "player": "proa007",
    "player_location": "us",
    "region": "USA / NTSC"
  },
  {
    "id": "z0946p8z",
    "player": "Wizzard_of_hazz",
    "player_location": "us",
    "region": "USA / NTSC"
  },
  {
    "id": "z06w2poz",
    "player": "Wazzy_YT",
    "player_location": "gb/eng",
    "region": null
  },
  {
    "id": "z5vren5m",
    "player": "CadenzaVvi",
    "player_location": "ca/qc",
    "region": null
  },
  {
    "id": "z18jnowy",
    "player": "kampfkarren",
    "player_location": null,
    "region": "USA / NTSC"
  },
  {
    "id": "zno2q99y",
    "player": "limestoners",
    "player_location": "us",
    "region": "USA / NTSC"
  },
  {
    "id": "y2v80n6z",
    "player": "thetantalus",
    "player_location": "us",
    "region": "USA / NTSC"
  },
  {
    "id": "y930k7ry",
    "player": "roelve",
    "player_location": "be",
    "region": "EUR / PAL"
  },
  {
    "id": "yjg49loy",
    "player": "KumaKhan22",
    "player_location": "us",
    "region": null
  },
  {
    "id": "y2xxx25m",
    "player": "Cerpin",
    "player_location": "at",
    "region": null
  },
  {
    "id": "me78r12y",
    "player": "The_A_Drain",
    "player_location": "gb",
    "region": "JPN / NTSC"
  },
  {
    "id": "y2xj139m",
    "player": "DieKnoblauchwurst",
    "player_location": "de",
    "region": "USA / NTSC"
  },
  {
    "id": "yjg9d1dy",
    "player": "SeanRaider",
    "player_location": "ca",
    "region": "USA / NTSC"
  },
  {
    "id": "ywj276pz",
    "player": "SUNNYblue",
    "player_location": "tw",
    "region": "USA / NTSC"
  },
  {
    "id": "yde347wm",
    "player": "nanashisan",
    "player_location": "jp",
    "region": "JPN / NTSC"
  },
  {
    "id": "yvoo194z",
    "player": "SevenHeavenHaven",
    "player_location": "us",
    "region": "USA / NTSC"
  },
  {
    "id": "yj5xwqdm",
    "player": "JoePulito",
    "player_location": "us",
    "region": "USA / NTSC"
  },
  {
    "id": "ywkrgqpy",
    "player": "MrPleasant59",
    "player_location": "ca",
    "region": null
  },
  {
    "id": "y69gon6y",
    "player": "Stigmat",
    "player_location": "vh",
    "region": "USA / NTSC"
  },
  {
    "id": "yvovd84z",
    "player": "deanna6812",
    "player_location": "ca",
    "region": null
  },
  {
    "id": "zp8o1v8y",
    "player": "beerfullofbelly",
    "player_location": "us",
    "region": "USA / NTSC"
  },
  {
    "id": "me42d79y",
    "player": "JSR_",
    "player_location": "us",
    "region": "USA / NTSC"
  },
  {
    "id": "ywk7peny",
    "player": "VintageClassicGamer",
    "player_location": "us",
    "region": null
  },
  {
    "id": "mrn3114y",
    "player": "Anonymous",
    "player_location": null,
    "region": null
  },
  {
    "id": "z0ow7x4z",
    "player": "Martin Hauer",
    "player_location": null,
    "region": null
  },
  {
    "id": "y6npv0qz",
    "player": "De_Wanna_Wanga",
    "player_location": "us",
    "region": "USA / NTSC"
  },
  {
    "id": "m36n0qqm",
    "player": "Mars02",
    "player_location": "us",
    "region": "USA / NTSC"
  },
  {
    "id": "mr6v852m",
    "player": "smythe",
    "player_location": "gb/eng",
    "region": "JPN / NTSC"
  },
  {
    "id": "yorgw77y",
    "player": "Conner_Moss",
    "player_location": "us",
    "region": "USA / NTSC"
  },
  {
    "id": "yle8843z",
    "player": "bruceiam",
    "player_location": "us",
    "region": "USA / NTSC"
  },
  {
    "id": "z0pl9doy",
    "player": "ShinDigPig",
    "player_location": "us",
    "region": "USA / NTSC"
  },
  {
    "id": "yop00e5m",
    "player": "Phillyjoe",
    "player_location": "gb/eng",
    "region": null
  },
  {
    "id": "m7x6pw4y",
    "player": "TheBenjanator",
    "player_location": "us",
    "region": "USA / NTSC"
  },
  {
    "id": "mkkvn53m",
    "player": "yeabruh",
    "player_location": "ph",
    "region": "USA / NTSC"
  },
  {
    "id": "m336rjdm",
    "player": "Carldoska",
    "player_location": "at",
    "region": "USA / NTSC"
  },
  {
    "id": "yl7w0wnm",
    "player": "AyakaPerfectDream",
    "player_location": "jp",
    "region": "JPN / NTSC"
  },
  {
    "id": "yvred04z",
    "player": "Javi",
    "player_location": "es",
    "region": "USA / NTSC"
  },
  {
    "id": "yjpvqpgy",
    "player": "McDanger88",
    "player_location": null,
    "region": "USA / NTSC"
  },
  {
    "id": "yodj9w5m",
    "player": "JoshTGR",
    "player_location": "us",
    "region": "USA / NTSC"
  },
  {
    "id": "yd1r9kqy",
    "player": "sup3rlitluigi",
    "player_location": "us",
    "region": "USA / NTSC"
  },
  {
    "id": "yjd5xqdy",
    "player": "Miller_2k7",
    "player_location": "gb/eng",
    "region": "EUR / PAL"
  },
  {
    "id": "yl16v9km",
    "player": "QuinnNoble",
    "player_location": "us",
    "region": "USA / NTSC"
  },
  {
    "id": "z0lxlvjz",
    "player": "Brendorphin",
    "player_location": null,
    "region": "USA / NTSC"
  },
  {
    "id": "z1g9997z",
    "player": "TheStrixLord",
    "player_location": "ca",
    "region": null
  },
  {
    "id": "yod8xe5m",
    "player": "CornWizard",
    "player_location": "be",
    "region": null
  },
  {
    "id": "y96774ry",
    "player": "notitsam",
    "player_location": "us",
    "region": "USA / NTSC"
  },
  {
    "id": "zqegro1z",
    "player": "Schneller_Boi",
    "player_location": "de",
    "region": "USA / NTSC"
  }
]