[
  {
    "id": "me8l9d3m",
    "player": "GLand24",
    "player_location": "us",
    "region": "USA / NTSC"
  },
  {
    "id": "yv3jojez",
    "player": "Dannyh09",
    "player_location": "gb/eng",
    "region": "EUR / PAL"
  },
  {
    "id": "m7p2119m",
    "player": "Francesco",
    "player_location": "us",
    "region": "USA / NTSC"
  },
  {
    "id": "zx4n99ky",
    "player": "tendog",
    "player_location": "us",
    "region": "USA / NTSC"
  },
  {
    "id": "z51e55jm",
    "player": "Alaskaxp2",
    "player_location": "us",
    "region": "USA / NTSC"
  },
  {
    "id": "y65dj01z",
    "player": "Cmdr",
    "player_location": "us",
    "region": "USA / NTSC"
  },
  {
    "id": "mr8oj94y",
    "player": "KingJ0444",
    "player_location": "ca",
    "region": "USA / NTSC"
  },
  {
    "id": "y25d8djy",
    "player": "Plyd823",
    "player_location": "us",
    "region": "USA / NTSC"
  },
  {
    "id": "zp0gr9nm",
    "player": "JasperTheFish",
    "player_location": "au",
    "region": "EUR / PAL"
  },
  {
    "id": "y9098lvy",
    "player": "Luvbaseball58",
    "player_location": "us",
    "region": "USA / NTSC"
  },
  {
    "id": "mr8o1n8y",
    "player": "Count",
    "player_location": "us",
    "region": "USA / NTSC"
  },
  {
    "id": "z11qkjgz",
    "player": "SwampertTube",
    "player_location": "us",
    "region": "USA / NTSC"
  },
  {
    "id": "y8x5d1dm",
    "player": "NintendoLper",
    "player_location": "us",
    "region": "USA / NTSC"
  },
  {
    "id": "m7p27nwm",
    "player": "EMB",
    "player_location": "us",
    "region": "USA / NTSC"
  },
  {
    "id": "ylo9253y",
    "player": "JamIsNotJelly",
    "player_location": "us",
    "region": "USA / NTSC"
  },
  {
    "id": "yok8vx0z",
    "player": "BossFighter832",
    "player_location": "us",
    "region": "USA / NTSC"
  },
  {
    "id": "z110wr9z",
    "player": "Allenbot",
    "player_location": "sg",
    "region": "USA / NTSC"
  },
  {
    "id": "zxk43vkm",
    "player": "TBA_aro",
    "player_location": "us",
    "region": "USA / NTSC"
  },
  {
    "id": "yo21d45z",
    "player": "MadSkillzGH",
    "player_location": "us",
    "region": "USA / NTSC"
  },
  {
    "id": "y6l3k2qy",
    "player": "GreenSnowDog",
    "player_location": "lu",
    "region": "EUR / PAL"
  },
  {
    "id": "m7qp5l9z",
    "player": "SkipMcLazy",
    "player_location": "us",
    "region": "USA / NTSC"
  },
  {
    "id": "zxkv6jkm",
    "player": "jackodell32",
    "player_location": "us",
    "region": "JPN / NTSC"
  },
  {
    "id": "y6l7wn0y",
    "player": "Haloinator297",
    "player_location": "us",
    "region": "USA / NTSC"
  },
  {
    "id": "yjlvn1gz",
    "player": "GoomBayPacker",
    "player_location": "us",
    "region": "USA / NTSC"
  },
  {
    "id": "y21dx4wz",
    "player": "KnucklesFan2013",
    "player_location": "us",
    "region": "USA / NTSC"
  },
  {
    "id": "y418lj3y",
    "player": "YoshiRocks57",
    "player_location": "us",
    "region": "USA / NTSC"
  },
  {
    "id": "zp2dpqny",
    "player": "MrJimmysteel25",
    "player_location": "us",
    "region": "USA / NTSC"
  },
  {
    "id": "yj32eooz",
    "player": "8uddyH",
    "player_location": "ca",
    "region": "USA / NTSC"
  },
  {
    "id": "zqrnogxy",
    "player": "Red",
    "player_location": "us",
    "region": "USA / NTSC"
  },
  {
    "id": "y4eow72m",
    "player": "MXCRunner",
    "player_location": "us",
    "region": "USA / NTSC"
  },
  {
    "id": "meoon7qz",
    "player": "cyndifusic",
    "player_location": "us",
    "region": "USA / NTSC"
  },
  {
    "id": "z57woqjm",
    "player": "OddPandemonium",
    "player_location": "us",
    "region": "USA / NTSC"
  },
  {
    "id": "y20e4vjm",
    "player": "ShockwaveTLS",
    "player_location": "gb",
    "region": "USA / NTSC"
  },
  {
    "id": "yd9660wz",
    "player": "TheRoadRunner",
    "player_location": "gb/eng",
    "region": "EUR / PAL"
  },
  {
    "id": "mexdlk0z",
    "player": "diggity",
    "player_location": "au",
    "region": "EUR / PAL"
  },
  {
    "id": "z57qrw5m",
    "player": "Rykaii",
    "player_location": "ca",
    "region": "USA / NTSC"
  },
  {
    "id": "zgwoel0y",
    "player": "Memery",
    "player_location": "us",
    "region": "USA / NTSC"
  },
  {
    "id": "me4nve9y",
    "player": "EmoadNomad",
    "player_location": "ca",
    "region": "USA / NTSC"
  },
  {
    "id": "yl0gx8ry",
    "player": "CarterKirby",
    "player_location": "us",
    "region": "USA / NTSC"
  },
  {
    "id": "yv60k48z",
    "player": "Baconater540",
    "player_location": "us",
    "region": "USA / NTSC"
  },
  {
    "id": "m7gpnxwm",
    "player": "Dishline",
    "player_location": "us",
    "region": "USA / NTSC"
  },
  {
    "id": "y821335y",
    "player": "big_MDOG",
    "player_location": "gb/eng",
    "region": "EUR / PAL"
  },
  {
    "id": "z053vqjm",
    "player": "Tripleforlife",
    "player_location": "us",
    "region": "USA / NTSC"
  },
  {
    "id": "mk32k43z",
    "player": "DaBomb921",
    "player_location": "us",
    "region": "USA / NTSC"
  },
  {
    "id": "znkrr33z",
    "player": "dragonz",
    "player_location": "us",
    "region": "USA / NTSC"
  },
  {
    "id": "mk32k01z",
    "player": "eastinanddopey",
    "player_location": "us",
    "region": "USA / NTSC"
  },
  {
    "id": "zpr8378m",
    "player": "GoGoGadget",
    "player_location": "us",
    "region": "USA / NTSC"
  },
  {
    "id": "y4ww5x2m",
    "player": "Hollywood_03",
    "player_location": null,
    "region": "USA / NTSC"
  },
  {
    "id": "z5j055nm",
    "player": "FierceShadow",
    "player_location": "us",
    "region": "USA / NTSC"
  },
  {
    "id": "yw8w5l9y",
    "player": "bendersrus",
    "player_location": "ca",
    "region": "USA / NTSC"
  },
  {
    "id": "mk8l5q1m",
    "player": "Murasaki",
    "player_location": "gb/eng",
    "region": "EUR / PAL"
  },
  {
    "id": "zprrwvxm",
    "player": "LKComputes",
    "player_location": "td",
    "region": "USA / NTSC"
  },
  {
    "id": "zgww4ndy",
    "player": "JuniorGaming11",
    "player_location": "us",
    "region": "USA / NTSC"
  },
  {
    "id": "z5jjnvdm",
    "player": "WyWyWilky",
    "player_location": null,
    "region": "USA / NTSC"
  },
  {
    "id": "y4ww4w3m",
    "player": "jtrotter09",
    "player_location": "nz",
    "region": "EUR / PAL"
  },
  {
    "id": "yd50jxxm",
    "player": "supernoa2003",
    "player_location": "nl",
    "region": "EUR / PAL"
  },
  {
    "id": "y65rx61z",
    "player": "Npurch",
    "player_location": "us",
    "region": "USA / NTSC"
  },
  {
    "id": "y82r0x1y",
    "player": "DefultoverDefault",
    "player_location": "gb/eng",
    "region": "EUR / PAL"
  },
  {
    "id": "yd5e5wxm",
    "player": "thatsmeimkey",
    "player_location": "us",
    "region": "USA / NTSC"
  },
  {
    "id": "mk37e8vz",
    "player": "Ael",
    "player_location": "fr",
    "region": "EUR / PAL"
  },
  {
    "id": "m3n0woqy",
    "player": "Sphere_Cube",
    "player_location": "us",
    "region": "USA / NTSC"
  },
  {
    "id": "z5j0x2nm",
    "player": "mmatt",
    "player_location": "us",
    "region": "USA / NTSC"
  },
  {
    "id": "zpr3wggm",
    "player": "CrazierChimp",
    "player_location": "us",
    "region": "USA / NTSC"
  },
  {
    "id": "zx2g665m",
    "player": "NathanRhiley",
    "player_location": "us",
    "region": "USA / NTSC"
  },
  {
    "id": "y82dvr1y",
    "player": "kiwifruit",
    "player_location": "us",
    "region": "USA / NTSC"
  },
  {
    "id": "z5jr42em",
    "player": "WaluiGG",
    "player_location": "us",
    "region": "USA / NTSC"
  },
  {
    "id": "yd5eq9xm",
    "player": "ThaBoss00541",
    "player_location": "us",
    "region": "USA / NTSC"
  },
  {
    "id": "zgwrr8jy",
    "player": "DeGaulle",
    "player_location": "gb/eng",
    "region": "EUR / PAL"
  },
  {
    "id": "m357k6wy",
    "player": "Juno_GW",
    "player_location": "us",
    "region": "USA / NTSC"
  },
  {
    "id": "ylkrxnrz",
    "player": "Big_Mukmuk",
    "player_location": "ca",
    "region": "USA / NTSC"
  },
  {
    "id": "znk0g89z",
    "player": "Silo_Simon",
    "player_location": null,
    "region": "USA / NTSC"
  },
  {
    "id": "yokr9w7z",
    "player": "alexthedefault1",
    "player_location": "us",
    "region": null
  },
  {
    "id": "z05p7k8m",
    "player": "LordCheeseBurger",
    "player_location": "us",
    "region": "USA / NTSC"
  },
  {
    "id": "yv6e37oz",
    "player": "Luxii",
    "player_location": "fr",
    "region": "EUR / PAL"
  },
  {
    "id": "mrkr4l4y",
    "player": "JXjunk",
    "player_location": "us",
    "region": "USA / NTSC"
  },
  {
    "id": "mk3rk7lz",
    "player": "Reni",
    "player_location": "pl",
    "region": "USA / NTSC"
  },
  {
    "id": "m7g0x4wm",
    "player": "Circinus",
    "player_location": "gb",
    "region": "EUR / PAL"
  },
  {
    "id": "mrk2kn4y",
    "player": "gooofball5000",
    "player_location": "us",
    "region": "USA / NTSC"
  },
  {
    "id": "z05d1o8m",
    "player": "Columbusxr47",
    "player_location": null,
    "region": "USA / NTSC"
  },
  {
    "id": "mejd1lqy",
    "player": "Dalton-L",
    "player_location": "us",
    "region": "USA / NTSC"
  },
  {
    "id": "z05dp1em",
    "player": "Soyhoiboy",
    "player_location": "us",
    "region": "USA / NTSC"
  },
  {
    "id": "zpl95lnm",
    "player": "Paul_inthe_Mall",
    "player_location": "us",
    "region": "USA / NTSC"
  },
  {
    "id": "y82pgkdy",
    "player": "FreezAtom",
    "player_location": "ma",
    "region": null
  },
  {
    "id": "yd5vrnwm",
    "player": "crayyy",
    "player_location": "ar",
    "region": null
  },
  {
    "id": "y2p5e37z",
    "player": "Midbro",
    "player_location": "us",
    "region": "USA / NTSC"
  },
  {
    "id": "zgw9rkjy",
    "player": "ethanspitzer",
    "player_location": "us",
    "region": "USA / NTSC"
  },
  {
    "id": "meop7g9z",
    "player": "7H3",
    "player_location": "ca",
    "region": null
  },
  {
    "id": "y42xd0dm",
    "player": "Zennan",
    "player_location": "us",
    "region": "USA / NTSC"
  },
  {
    "id": "m3n4996y",
    "player": "theriverp",
    "player_location": "us",
    "region": "USA / NTSC"
  },
  {
    "id": "y6d8oeqm",
    "player": "Soupious",
    "player_location": "us",
    "region": "USA / NTSC"
  },
  {
    "id": "m358jd4y",
    "player": "pokeplanet369",
    "player_location": "us",
    "region": "USA / NTSC"
  },
  {
    "id": "y90gr3ky",
    "player": "Kezza_24",
    "player_location": "gb/eng",
    "region": "EUR / PAL"
  },
  {
    "id": "z5dj5kjm",
    "player": "MichaelBeep",
    "player_location": "us",
    "region": "USA / NTSC"
  },
  {
    "id": "m7gk50em",
    "player": "McKiddy",
    "player_location": "us",
    "region": "USA / NTSC"
  },
  {
    "id": "m7gkx14m",
    "player": "AwesomeUSB123",
    "player_location": "gb/eng",
    "region": "EUR / PAL"
  },
  {
    "id": "z05gqd8m",
    "player": "UmbreSR",
    "player_location": "us",
    "region": "USA / NTSC"
  },
  {
    "id": "zn3w2vly",
    "player": "Th3on3C",
    "player_location": "ca",
    "region": "USA / NTSC"
  },
  {
    "id": "y4e5892m",
    "player": "redhotquixotic",
    "player_location": "us",
    "region": "USA / NTSC"
  },
  {
    "id": "yj63gjnz",
    "player": "killerman123498",
    "player_location": "ca",
    "region": null
  },
  {
    "id": "zq449o1m",
    "player": "Reball",
    "player_location": "us",
    "region": "USA / NTSC"
  },
  {
    "id": "z0990p8z",
    "player": "Future34",
    "player_location": "gb/eng",
    "region": "EUR / PAL"
  },
  {
    "id": "yw3qrx0m",
    "player": "JP44",
    "player_location": "us",
    "region": "USA / NTSC"
  },
  {
    "id": "mr94we8m",
    "player": "Matt_Landre_YT",
    "player_location": "us",
    "region": "USA / NTSC"
  },
  {
    "id": "yd960wjz",
    "player": "weebo582",
    "player_location": "us",
    "region": "USA / NTSC"
  },
  {
    "id": "yo73w4dm",
    "player": "SpeedyClub",
    "player_location": "us",
    "region": "USA / NTSC"
  },
  {
    "id": "y2d03wwz",
    "player": "Infinite_K",
    "player_location": "us",
    "region": "USA / NTSC"
  },
  {
    "id": "z1o907wm",
    "player": "YUSAMA",
    "player_location": "jp",
    "region": "JPN / NTSC"
  },
  {
    "id": "z1op1gjm",
    "player": "EpicCrossover",
    "player_location": "st",
    "region": "USA / NTSC"
  },
  {
    "id": "mk7deply",
    "player": "ZMistero",
    "player_location": "us",
    "region": "USA / NTSC"
  },
  {
    "id": "y8r08edm",
    "player": "OfficialWaffles",
    "player_location": "us",
    "region": "USA / NTSC"
  },
  {
    "id": "zq4j4o5m",
    "player": "OneSmallToucan",
    "player_location": "us",
    "region": "USA / NTSC"
  },
  {
    "id": "y2vl3ljz",
    "player": "Toad3007",
    "player_location": "us",
    "region": "USA / NTSC"
  },
  {
    "id": "z1pg339z",
    "player": "silver_speedrunz",
    "player_location": "us",
    "region": "USA / NTSC"
  },
  {
    "id": "yd046gwz",
    "player": "Nec-Os",
    "player_location": "jp",
    "region": "JPN / NTSC"
  },
  {
    "id": "yv9kng6z",
    "player": "Duckiiiiiii",
    "player_location": "us",
    "region": "USA / NTSC"
  },
  {
    "id": "znooq6vy",
    "player": "Claimanx",
    "player_location": "fr",
    "region": "EUR / PAL"
  },
  {
    "id": "z0615n9z",
    "player": "skob",
    "player_location": "us",
    "region": "USA / NTSC"
  },
  {
    "id": "y8vp0edz",
    "player": "bootycheekman",
    "player_location": "us",
    "region": "USA / NTSC"
  },
  {
    "id": "y8d2njwz",
    "player": "GlassCoke",
    "player_location": "us",
    "region": "USA / NTSC"
  },
  {
    "id": "zx6gxq5z",
    "player": "muu_",
    "player_location": "us",
    "region": "USA / NTSC"
  },
  {
    "id": "m77rwkem",
    "player": "B747Ultimate",
    "player_location": null,
    "region": null
  },
  {
    "id": "zqgprxrm",
    "player": "Kikiran",
    "player_location": "ca",
    "region": "USA / NTSC"
  },
  {
    "id": "zgx978dm",
    "player": "KillerSharkNHwk",
    "player_location": "us",
    "region": "USA / NTSC"
  },
  {
    "id": "z50neony",
    "player": "LeviTheRelentless",
    "player_location": "us",
    "region": "USA / NTSC"
  },
  {
    "id": "yo9gp71y",
    "player": "Standard_Gamer",
    "player_location": "us",
    "region": "USA / NTSC"
  },
  {
    "id": "mk7j5pvy",
    "player": "sastofficial",
    "player_location": "se",
    "region": "EUR / PAL"
  },
  {
    "id": "yv14ojxy",
    "player": "Meme",
    "player_location": null,
    "region": "USA / NTSC"
  },
  {
    "id": "zn1qo43m",
    "player": "waz00",
    "player_location": "de",
    "region": "EUR / PAL"
  },
  {
    "id": "mr19ok4z",
    "player": "01natedawg",
    "player_location": "us",
    "region": "USA / NTSC"
  },
  {
    "id": "mee9vl0m",
    "player": "Fleptypaper",
    "player_location": "us",
    "region": "JPN / NTSC"
  },
  {
    "id": "y99p32ey",
    "player": "Kelleck",
    "player_location": "us",
    "region": "USA / NTSC"
  },
  {
    "id": "y8j22r5z",
    "player": "Wookis",
    "player_location": "us",
    "region": "USA / NTSC"
  },
  {
    "id": "y887qk1y",
    "player": "DankArmy",
    "player_location": "us",
    "region": "USA / NTSC"
  },
  {
    "id": "y930j0ry",
    "player": "Pog_In_Non_House",
    "player_location": "gb",
    "region": "USA / NTSC"
  },
  {
    "id": "z1xx5vjm",
    "player": "JuniorNitro",
    "player_location": "us",
    "region": "USA / NTSC"
  },
  {
    "id": "zxon7qkz",
    "player": "The_GMeister",
    "player_location": "us",
    "region": "JPN / NTSC"
  },
  {
    "id": "zn0vl1ly",
    "player": "CedrikPle",
    "player_location": "de",
    "region": "EUR / PAL"
  },
  {
    "id": "zp2n03ry",
    "player": "MudkipSR",
    "player_location": "gb/sct",
    "region": "EUR / PAL"
  },
  {
    "id": "zn0drdvy",
    "player": "R3VERTZO",
    "player_location": "fi",
    "region": "EUR / PAL"
  },
  {
    "id": "y4853pqm",
    "player": "M42ONtheboi",
    "player_location": "us",
    "region": "USA / NTSC"
  },
  {
    "id": "y485e92m",
    "player": "JustKillingaming",
    "player_location": "fr",
    "region": "EUR / PAL"
  },
  {
    "id": "yor2w05y",
    "player": "HA27",
    "player_location": "kr",
    "region": "KOR / NTSC"
  },
  {
    "id": "mejowl8y",
    "player": "Florida",
    "player_location": null,
    "region": null
  },
  {
    "id": "m365w6gm",
    "player": "myburrito",
    "player_location": "us",
    "region": "USA / NTSC"
  },
  {
    "id": "y200rk6m",
    "player": "Kvaus26",
    "player_location": "us",
    "region": "USA / NTSC"
  },
  {
    "id": "zq099n1y",
    "player": "pepsiopen",
    "player_location": "gb/eng",
    "region": "USA / NTSC"
  },
  {
    "id": "yv0el4ez",
    "player": "bruda0sas420",
    "player_location": "fj",
    "region": null
  },
  {
    "id": "z0o054ez",
    "player": "willustop1",
    "player_location": "us",
    "region": "USA / NTSC"
  },
  {
    "id": "ywvp3j2z",
    "player": "PrinceDizzy226",
    "player_location": "us",
    "region": "USA / NTSC"
  },
  {
    "id": "m7wlk5wz",
    "player": "Scherbiie99",
    "player_location": "ie",
    "region": "EUR / PAL"
  },
  {
    "id": "zgqlw9ny",
    "player": "Resonation",
    "player_location": "gb/sct",
    "region": "EUR / PAL"
  },
  {
    "id": "y48vlnqm",
    "player": "VarsoDX",
    "player_location": "us",
    "region": "USA / NTSC"
  },
  {
    "id": "zgd536ez",
    "player": "keyweigh",
    "player_location": "us",
    "region": "USA / NTSC"
  },
  {
    "id": "ydw70vjm",
    "player": "Gamerz",
    "player_location": "au",
    "region": "EUR / PAL"
  },
  {
    "id": "ydd80njy",
    "player": "WiiFi66",
    "player_location": "us",
    "region": "USA / NTSC"
  },
  {
    "id": "mr7ej2gz",
    "player": "Dareal",
    "player_location": "gb/eng",
    "region": "EUR / PAL"
  },
  {
    "id": "z52794dz",
    "player": "DOTINGAABEAST21",
    "player_location": "us",
    "region": "USA / NTSC"
  },
  {
    "id": "y9v1jx2m",
    "player": "TachimoriYotaka",
    "player_location": "jp",
    "region": "JPN / NTSC"
  },
  {
    "id": "y9v99o2m",
    "player": "Newb_429",
    "player_location": "us",
    "region": "USA / NTSC"
  },
  {
    "id": "z52dp5jz",
    "player": "JIEIJIEI",
    "player_location": "jp",
    "region": "JPN / NTSC"
  },
  {
    "id": "y60xqk0y",
    "player": "cgtoad625yt",
    "player_location": "us",
    "region": "USA / NTSC"
  },
  {
    "id": "y60q30qy",
    "player": "Ethan103ooahYT",
    "player_location": "gb/eng",
    "region": "EUR / PAL"
  },
  {
    "id": "y2po3o5z",
    "player": "baraguda",
    "player_location": "us",
    "region": "USA / NTSC"
  },
  {
    "id": "mkd44pxy",
    "player": "SpenceMK",
    "player_location": "us",
    "region": "USA / NTSC"
  },
  {
    "id": "y6x31w0y",
    "player": "sup3rlitluigi",
    "player_location": "us",
    "region": "USA / NTSC"
  },
  {
    "id": "mrrqvo8m",
    "player": "m",
    "player_location": "ie",
    "region": "EUR / PAL"
  },
  {
    "id": "z1g1l57z",
    "player": "Tomato_",
    "player_location": "au",
    "region": "EUR / PAL"
  },
  {
    "id": "y6x14qpy",
    "player": "Retrowavey",
    "player_location": "fr",
    "region": "USA / NTSC"
  },
  {
    "id": "z5xv17gy",
    "player": "Al09rt45",
    "player_location": "ro",
    "region": "EUR / PAL"
  },
  {
    "id": "zx8qe9em",
    "player": "Mr_Shy_Guy",
    "player_location": "us",
    "region": "USA / NTSC"
  },
  {
    "id": "yl1n38km",
    "player": "J_man",
    "player_location": "us",
    "region": "USA / NTSC"
  },
  {
    "id": "y6xeodpy",
    "player": "KrazySickGamer",
    "player_location": "gb/eng",
    "region": "USA / NTSC"
  },
  {
    "id": "y2el735y",
    "player": "YourLocalLogo",
    "player_location": "us",
    "region": "USA / NTSC"
  }
]