[
  {
    "id": "z53oe2ey",
    "player": "XoS_TW1G",
    "player_location": "us",
    "region": "USA / NTSC"
  },
  {
    "id": "z0993r9z",
    "player": "Rockethockett62",
    "player_location": "gb",
    "region": null
  },
  {
    "id": "yw0xvd0m",
    "player": "Mr_Orangutan",
    "player_location": "us",
    "region": "USA / NTSC"
  },
  {
    "id": "yv14e1oy",
    "player": "AridLearner9702",
    "player_location": "mx",
    "region": null
  },
  {
    "id": "mk8dlk3m",
    "player": "SvenBruh",
    "player_location": "se",
    "region": "EUR / PAL"
  },
  {
    "id": "yd04w1qz",
    "player": "WildBungy",
    "player_location": "au",
    "region": "EUR / PAL"
  },
  {
    "id": "yv1og5ey",
    "player": "Excalth",
    "player_location": "us",
    "region": "USA / NTSC"
  },
  {
    "id": "ywqn36ny",
    "player": "Hubus",
    "player_location": "hu",
    "region": "EUR / PAL"
  },
  {
    "id": "zn1gjx9m",
    "player": "shawneeonamission",
    "player_location": "us",
    "region": "USA / NTSC"
  },
  {
    "id": "me3dw93z",
    "player": "2012MostWanted",
    "player_location": "kr",
    "region": "KOR / NTSC"
  },
  {
    "id": "m77gdr9m",
    "player": "Natroxi",
    "player_location": "us",
    "region": "USA / NTSC"
  },
  {
    "id": "zgrr45vm",
    "player": "TheBeardedHorsemen",
    "player_location": "us",
    "region": "USA / NTSC"
  },
  {
    "id": "me3l3k8z",
    "player": "ihmeheepo",
    "player_location": "fi",
    "region": "EUR / PAL"
  },
  {
    "id": "yor2941y",
    "player": "kfithen",
    "player_location": "us",
    "region": "USA / NTSC"
  },
  {
    "id": "zgd0k5ez",
    "player": "GeorgeMHall",
    "player_location": "ca",
    "region": null
  },
  {
    "id": "y20odn9m",
    "player": "Quattrozander",
    "player_location": "gb/eng",
    "region": "EUR / PAL"
  },
  {
    "id": "m33x6p6m",
    "player": "F7FF",
    "player_location": "ca",
    "region": "USA / NTSC"
  },
  {
    "id": "y60ep56y",
    "player": "PolskaChild",
    "player_location": "pl",
    "region": null
  },
  {
    "id": "m33wnxgm",
    "player": "Robloximus2020",
    "player_location": "us",
    "region": "USA / NTSC"
  },
  {
    "id": "yopgp30m",
    "player": "Commiellama",
    "player_location": "gb/eng",
    "region": "EUR / PAL"
  },
  {
    "id": "yln4qq2z",
    "player": "AceDestruction",
    "player_location": "ca",
    "region": "USA / NTSC"
  }
]