[
  {
    "id": "9mr91v4m",
    "player": "hurimaru",
    "player_location": "us",
    "region": "USA / NTSC"
  },
  {
    "id": "7ylveg3m",
    "player": "ShadowDraft",
    "player_location": "de",
    "region": "JPN / NTSC"
  },
  {
    "id": "7z06n7ez",
    "player": "lifning",
    "player_location": null,
    "region": "JPN / NTSC"
  },
  {
    "id": "pm3nvl4y",
    "player": "Zimmycakes",
    "player_location": "us",
    "region": "JPN / NTSC"
  },
  {
    "id": "pydrg9jz",
    "player": "hazdogga",
    "player_location": "au",
    "region": null
  },
  {
    "id": "1zqvroxm",
    "player": "Saefer",
    "player_location": null,
    "region": null
  },
  {
    "id": "1zxldx8z",
    "player": "Lost",
    "player_location": "us",
    "region": "USA / NTSC"
  },
  {
    "id": "dy4x7w3z",
    "player": "frenzied_coder",
    "player_location": "us",
    "region": "JPN / NTSC"
  },
  {
    "id": "m7qeke9z",
    "player": "TheBarrel",
    "player_location": "us",
    "region": null
  },
  {
    "id": "kz5wk8ez",
    "player": "Serena",
    "player_location": "us",
    "region": "JPN / NTSC"
  },
  {
    "id": "9yongddz",
    "player": "FoolsLynx",
    "player_location": "gb/eng",
    "region": "JPN / NTSC"
  },
  {
    "id": "9merp1qz",
    "player": "RaspberryAmber",
    "player_location": "ca",
    "region": "JPN / NTSC"
  },
  {
    "id": "pydvp2xy",
    "player": "dacoconuttman",
    "player_location": "us",
    "region": null
  },
  {
    "id": "8y8n7xxy",
    "player": "Chikakoo",
    "player_location": "us",
    "region": "JPN / NTSC"
  },
  {
    "id": "mr66eedm",
    "player": "weseykone",
    "player_location": "nl",
    "region": "CHN / PAL"
  },
  {
    "id": "y97138rm",
    "player": "cleverpidgeon",
    "player_location": "gb/eng",
    "region": "JPN / NTSC"
  },
  {
    "id": "y8q203ny",
    "player": "Cherry_Soup",
    "player_location": "us",
    "region": "JPN / NTSC"
  },
  {
    "id": "mk9de7xz",
    "player": "Megami_infini",
    "player_location": "pl",
    "region": null
  },
  {
    "id": "mre1qgdy",
    "player": "roxaloxa",
    "player_location": "us",
    "region": "JPN / NTSC"
  },
  {
    "id": "yd5wn4xm",
    "player": "Nerd_Squared",
    "player_location": "us",
    "region": "CHN / PAL"
  },
  {
    "id": "z578q3em",
    "player": "KevBun",
    "player_location": "us",
    "region": null
  },
  {
    "id": "yd6pe9qz",
    "player": "AurySystem",
    "player_location": "us",
    "region": "JPN / NTSC"
  },
  {
    "id": "z1op7xrm",
    "player": "LaserTrap_",
    "player_location": "us",
    "region": "CHN / PAL"
  },
  {
    "id": "zgvvj0ez",
    "player": "Soocy",
    "player_location": "us",
    "region": "CHN / PAL"
  },
  {
    "id": "y4wjl9nm",
    "player": "brnzen",
    "player_location": "us",
    "region": "JPN / NTSC"
  },
  {
    "id": "zqwxqrrz",
    "player": "Bandicoyote",
    "player_location": "fi",
    "region": "USA / NTSC"
  },
  {
    "id": "me6evg9z",
    "player": "mrman255",
    "player_location": "us",
    "region": "USA / NTSC"
  },
  {
    "id": "yw0wkl0m",
    "player": "RedPanda77",
    "player_location": "gb/eng",
    "region": "USA / NTSC"
  },
  {
    "id": "y4rwgrkz",
    "player": "JustLeeBelmont",
    "player_location": "pr",
    "region": "USA / NTSC"
  },
  {
    "id": "zp1124rz",
    "player": "Mallix",
    "player_location": "dk",
    "region": "CHN / PAL"
  },
  {
    "id": "y2x7on6m",
    "player": "NoelleTGS",
    "player_location": "ca",
    "region": "USA / NTSC"
  },
  {
    "id": "m3r4l5dm",
    "player": "troutmask",
    "player_location": "us",
    "region": "CHN / PAL"
  },
  {
    "id": "y47d8lny",
    "player": "blightwight",
    "player_location": "ca",
    "region": "USA / NTSC"
  },
  {
    "id": "y6nq350z",
    "player": "CodeGorilla",
    "player_location": "us",
    "region": "CHN / PAL"
  }
]