[
  {
    "id": "8yvwk3om",
    "player": "2000Crabmaster",
    "player_location": null,
    "region": "USA / NTSC"
  },
  {
    "id": "ydq3970m",
    "player": "GreenBomber",
    "player_location": "us",
    "region": "USA / NTSC"
  },
  {
    "id": "yo432g7m",
    "player": "MagmaW0LF",
    "player_location": "us",
    "region": "USA / NTSC"
  },
  {
    "id": "zpq3gpxy",
    "player": "Dugongue",
    "player_location": "us",
    "region": "USA / NTSC"
  },
  {
    "id": "y4354jkz",
    "player": "Lamorosii",
    "player_location": "us",
    "region": "USA / NTSC"
  },
  {
    "id": "yo27le5z",
    "player": "Zericc",
    "player_location": "ca",
    "region": "USA / NTSC"
  }
]