[
  {
    "id": "pzgq280y",
    "player": "Elgu",
    "player_location": "eu",
    "region": "EUR / PAL"
  },
  {
    "id": "0znq1jlz",
    "player": "ParallaxDG",
    "player_location": "ca",
    "region": "EUR / PAL"
  },
  {
    "id": "zgvdegvz",
    "player": "Pudzila",
    "player_location": null,
    "region": null
  },
  {
    "id": "mr4227gz",
    "player": "summertimealice",
    "player_location": "us",
    "region": "EUR / PAL"
  },
  {
    "id": "zq93vpxy",
    "player": "Pad-Ass",
    "player_location": "fi",
    "region": "EUR / PAL"
  }
]