[
  {
    "id": "zprrrdxm",
    "player": "seasoner13_2",
    "player_location": "gb",
    "region": "EUR / PAL"
  },
  {
    "id": "z0555v8m",
    "player": "Alexo",
    "player_location": "us",
    "region": "USA / NTSC"
  },
  {
    "id": "yokk3vjz",
    "player": "Joebytes",
    "player_location": "us",
    "region": "USA / NTSC"
  },
  {
    "id": "mrkkkl8y",
    "player": "SOB",
    "player_location": "us",
    "region": "USA / NTSC"
  },
  {
    "id": "mk3330lz",
    "player": "TheMidBoss",
    "player_location": "ca",
    "region": "USA / NTSC"
  },
  {
    "id": "zqwwwj1z",
    "player": "illiop",
    "player_location": "us",
    "region": "USA / NTSC"
  },
  {
    "id": "yv666v8z",
    "player": "crazymoose3k",
    "player_location": "us",
    "region": "USA / NTSC"
  },
  {
    "id": "m35550gy",
    "player": "CanuckCharlie",
    "player_location": "ca",
    "region": "USA / NTSC"
  },
  {
    "id": "zprldevm",
    "player": "kai1215",
    "player_location": "us",
    "region": "USA / NTSC"
  },
  {
    "id": "ylkkkw3z",
    "player": "Tigger77",
    "player_location": null,
    "region": "EUR / PAL"
  },
  {
    "id": "y258o87y",
    "player": "Slevanas",
    "player_location": "mx",
    "region": "USA / NTSC"
  },
  {
    "id": "y82w8wwy",
    "player": "nfclips",
    "player_location": "us",
    "region": "USA / NTSC"
  },
  {
    "id": "m3nqj1qy",
    "player": "Setyan_Chokdee",
    "player_location": "jp",
    "region": "JPN / NTSC"
  },
  {
    "id": "z50640gy",
    "player": "SamuSamuS",
    "player_location": "br",
    "region": "USA / NTSC"
  },
  {
    "id": "y6dw50jm",
    "player": "attackofthegio",
    "player_location": "us",
    "region": "USA / NTSC"
  },
  {
    "id": "znp7ol9m",
    "player": "Skelrez",
    "player_location": "fr",
    "region": "USA / NTSC"
  },
  {
    "id": "y8x5rrwm",
    "player": "Lekupaz",
    "player_location": "es",
    "region": "EUR / PAL"
  }
]