[
  {
    "id": "mk81e41m",
    "player": "dlloyd10",
    "player_location": "us",
    "region": "USA / NTSC"
  },
  {
    "id": "zxdxnqgy",
    "player": "Jaypin88",
    "player_location": "ca",
    "region": "USA / NTSC"
  },
  {
    "id": "me9pro8z",
    "player": "ShakeTheShokes",
    "player_location": "us",
    "region": "USA / NTSC"
  },
  {
    "id": "m3rgnrwm",
    "player": "Vfewpeg",
    "player_location": "us",
    "region": "USA / NTSC"
  },
  {
    "id": "zx8q08qm",
    "player": "PastelDeFeira",
    "player_location": "br",
    "region": "USA / NTSC"
  }
]