[
  {
    "id": "y896od1m",
    "player": "TheMidBoss",
    "player_location": "ca",
    "region": "USA / NTSC"
  },
  {
    "id": "y81e1rdz",
    "player": "GTT",
    "player_location": "br",
    "region": "USA / NTSC"
  },
  {
    "id": "y827041y",
    "player": "CriscoWild",
    "player_location": "us",
    "region": "USA / NTSC"
  },
  {
    "id": "zxdp9gqy",
    "player": "Misshapenorphan",
    "player_location": "us",
    "region": "USA / NTSC"
  },
  {
    "id": "ywqdkony",
    "player": "jldbarbosa",
    "player_location": "br",
    "region": "EUR / PAL"
  },
  {
    "id": "y99l29ey",
    "player": "UndisputedChamp",
    "player_location": "us",
    "region": null
  },
  {
    "id": "yj5xjw7m",
    "player": "Gnydsmelt",
    "player_location": "se",
    "region": "EUR / PAL"
  }
]