[
  {
    "id": "meo0jo0z",
    "player": "manticor5",
    "player_location": "cl",
    "region": "USA / NTSC"
  },
  {
    "id": "y4wgj8dm",
    "player": "FelipeNascimento83",
    "player_location": "br",
    "region": "USA / NTSC"
  },
  {
    "id": "yv6pq46z",
    "player": "Dislexsicknik",
    "player_location": "gb/eng",
    "region": "USA / NTSC"
  },
  {
    "id": "zgv9oejz",
    "player": "Commodore64Brannigan",
    "player_location": "gb/sct",
    "region": "USA / NTSC"
  },
  {
    "id": "y8vv295z",
    "player": "RitaH",
    "player_location": "br",
    "region": "USA / NTSC"
  },
  {
    "id": "z0log69z",
    "player": "saulonpb",
    "player_location": "br",
    "region": "USA / NTSC"
  }
]