[
  {
    "id": "ylq790nz",
    "player": "Yoshiabel",
    "player_location": "es/ct",
    "region": null
  },
  {
    "id": "z0rlpdoz",
    "player": "MisterPTX",
    "player_location": "es",
    "region": null
  },
  {
    "id": "yjgd24ny",
    "player": "BTigre",
    "player_location": "es",
    "region": null
  },
  {
    "id": "yvq5opxm",
    "player": "ByLoro42",
    "player_location": "es",
    "region": null
  },
  {
    "id": "y20kl49m",
    "player": "Master_Shancks",
    "player_location": "es",
    "region": null
  },
  {
    "id": "m337wkqm",
    "player": "Frostedness",
    "player_location": "cl",
    "region": "USA / NTSC"
  },
  {
    "id": "zgpg760z",
    "player": "Victom90",
    "player_location": "pe",
    "region": "USA / NTSC"
  }
]