[
  {
    "id": "pyd5gvxm",
    "player": "Qttsix",
    "player_location": "tw",
    "region": "USA / NTSC"
  },
  {
    "id": "9mrrgdgm",
    "player": "PikachuNarutodude",
    "player_location": "us",
    "region": "USA / NTSC"
  },
  {
    "id": "7z075pjy",
    "player": "Titanish",
    "player_location": "br",
    "region": "USA / NTSC"
  },
  {
    "id": "dy465l3z",
    "player": "Zhank",
    "player_location": "cl",
    "region": "USA / NTSC"
  },
  {
    "id": "kz5e44jz",
    "player": "Maestro227",
    "player_location": "us",
    "region": "USA / NTSC"
  },
  {
    "id": "ywdl6q2z",
    "player": "Goofi",
    "player_location": "cl",
    "region": null
  },
  {
    "id": "y8r58ewm",
    "player": "McBobX",
    "player_location": "ma",
    "region": null
  },
  {
    "id": "y459eenm",
    "player": "danyxhunter",
    "player_location": "mx",
    "region": "USA / NTSC"
  },
  {
    "id": "mekjd98m",
    "player": "MysticDraekyoon",
    "player_location": "br",
    "region": "JPN / NTSC"
  },
  {
    "id": "y2qkx15y",
    "player": "sukimos",
    "player_location": "kr",
    "region": "JPN / NTSC"
  },
  {
    "id": "mrqv702y",
    "player": "Darkceo",
    "player_location": "sv",
    "region": "USA / NTSC"
  },
  {
    "id": "m794l40y",
    "player": "blackpliff",
    "player_location": "ca/qc",
    "region": "USA / NTSC"
  },
  {
    "id": "mrqpdp2y",
    "player": "Mythrigon",
    "player_location": "gb/eng",
    "region": null
  },
  {
    "id": "zq6lqe8y",
    "player": "zerolaggaming",
    "player_location": "ca/qc",
    "region": "USA / NTSC"
  },
  {
    "id": "m7wj7g4z",
    "player": "nonnonx",
    "player_location": "jp",
    "region": "JPN / NTSC"
  },
  {
    "id": "zn3dq4vy",
    "player": "Kokunsderp",
    "player_location": "td",
    "region": null
  },
  {
    "id": "y2qd9pjy",
    "player": "nordren",
    "player_location": "ru",
    "region": null
  },
  {
    "id": "y43q08nz",
    "player": "Sharkaon",
    "player_location": "br",
    "region": "USA / NTSC"
  },
  {
    "id": "zq0x1pxy",
    "player": "suruiyingmu0",
    "player_location": "cn",
    "region": null
  },
  {
    "id": "z059pj9m",
    "player": "GRN0",
    "player_location": "jp",
    "region": "JPN / NTSC"
  },
  {
    "id": "yo31pdjy",
    "player": "Laceysan",
    "player_location": null,
    "region": null
  },
  {
    "id": "m75r6eez",
    "player": "Xerobladedge",
    "player_location": "us",
    "region": null
  },
  {
    "id": "z1owgprm",
    "player": "Awsiel",
    "player_location": null,
    "region": null
  },
  {
    "id": "zgxo6qdm",
    "player": "DizzasTeR",
    "player_location": "pk",
    "region": "USA / NTSC"
  },
  {
    "id": "yjxnv63z",
    "player": "SCWeeb1",
    "player_location": "cl",
    "region": null
  },
  {
    "id": "mrrk788m",
    "player": "TheDetonaGabriel",
    "player_location": "br",
    "region": "USA / NTSC"
  },
  {
    "id": "ywjn633z",
    "player": "kinanbelal_",
    "player_location": null,
    "region": "EUR / PAL"
  },
  {
    "id": "mejd288y",
    "player": "zeromodoki",
    "player_location": "jp",
    "region": "JPN / NTSC"
  }
]