[
  {
    "id": "z5oj7ley",
    "player": "korb",
    "player_location": "us",
    "region": "USA / NTSC"
  },
  {
    "id": "m3d55j6z",
    "player": "Zhank",
    "player_location": "cl",
    "region": "USA / NTSC"
  },
  {
    "id": "y45ww4km",
    "player": "Jefestrefe",
    "player_location": null,
    "region": "USA / NTSC"
  },
  {
    "id": "mek7wj3m",
    "player": "felipe27",
    "player_location": "cl",
    "region": "USA / NTSC"
  },
  {
    "id": "y230jw7m",
    "player": "elsiz",
    "player_location": "es",
    "region": "USA / NTSC"
  },
  {
    "id": "yj41lxoy",
    "player": "NihilistComedyHour",
    "player_location": "eo",
    "region": "USA / NTSC"
  },
  {
    "id": "y958wr2z",
    "player": "RopkiHOT",
    "player_location": "br",
    "region": "USA / NTSC"
  },
  {
    "id": "zxkv7q5m",
    "player": "Imadirewolf",
    "player_location": "br",
    "region": null
  },
  {
    "id": "yd61wx0z",
    "player": "Frika",
    "player_location": "br",
    "region": "USA / NTSC"
  },
  {
    "id": "mrev93gy",
    "player": "Zojalyx",
    "player_location": "us",
    "region": "USA / NTSC"
  },
  {
    "id": "yoj1rj1m",
    "player": "Mr_Mary",
    "player_location": "pl",
    "region": "JPN / NTSC"
  },
  {
    "id": "y82pe71y",
    "player": "victu",
    "player_location": "br",
    "region": "JPN / NTSC"
  },
  {
    "id": "zx2q6jqm",
    "player": "Pedro501st",
    "player_location": "br",
    "region": "JPN / NTSC"
  },
  {
    "id": "yd0qdw0z",
    "player": "apocalypticgiraffe",
    "player_location": "us",
    "region": "USA / NTSC"
  },
  {
    "id": "mr9err2m",
    "player": "MaturedSinner",
    "player_location": "us",
    "region": "USA / NTSC"
  },
  {
    "id": "yl7712xm",
    "player": "Chocobolyoko",
    "player_location": "mx",
    "region": "USA / NTSC"
  },
  {
    "id": "zgpe9dnz",
    "player": "HIKARU",
    "player_location": "kr",
    "region": "JPN / NTSC"
  }
]