[
  {
    "id": "pzgqedy2",
    "player": "[jp]\u9ed2\u30d1\u30f3 (JetToast)",
    "player_location": null,
    "region": "JPN / NTSC"
  },
  {
    "id": "7yl93x3y",
    "player": "kirbymastah",
    "player_location": "us",
    "region": "USA / NTSC"
  },
  {
    "id": "dy4xodzl",
    "player": "SirRouven",
    "player_location": "de",
    "region": "EUR / PAL"
  },
  {
    "id": "9mexgd0z",
    "player": "modular",
    "player_location": "au",
    "region": "EUR / PAL"
  },
  {
    "id": "z0ej7wem",
    "player": "yosshiV3",
    "player_location": "jp",
    "region": "JPN / NTSC"
  },
  {
    "id": "jy9kxjnz",
    "player": "Gabgab2222",
    "player_location": "ca/qc",
    "region": "USA / NTSC"
  },
  {
    "id": "oy27lo5z",
    "player": "swordsmankirby",
    "player_location": "us",
    "region": "USA / NTSC"
  },
  {
    "id": "6yj5r1nm",
    "player": "BigMoist",
    "player_location": "us",
    "region": "USA / NTSC"
  },
  {
    "id": "zpq153ry",
    "player": "chooch23",
    "player_location": "us",
    "region": "USA / NTSC"
  },
  {
    "id": "z13j009m",
    "player": "8BitisGr8",
    "player_location": "us",
    "region": "USA / NTSC"
  },
  {
    "id": "mk2nv4xm",
    "player": "LouisWu",
    "player_location": "tw",
    "region": "JPN / NTSC"
  },
  {
    "id": "kz5p8gdm",
    "player": "Esuwai",
    "player_location": null,
    "region": "JPN / NTSC"
  },
  {
    "id": "7yl6dp2y",
    "player": "Woutt64",
    "player_location": "be",
    "region": "EUR / PAL"
  },
  {
    "id": "y23loq9m",
    "player": "Demolition14",
    "player_location": "gb/eng",
    "region": "EUR / PAL"
  },
  {
    "id": "9mrl5p4m",
    "player": "Joselle_Astrid",
    "player_location": "us",
    "region": "USA / NTSC"
  },
  {
    "id": "wzpp678z",
    "player": "Madtaz64",
    "player_location": null,
    "region": "USA / NTSC"
  },
  {
    "id": "6yjoj53z",
    "player": "PengooThePenguin",
    "player_location": "us",
    "region": "USA / NTSC"
  },
  {
    "id": "0y6el5jz",
    "player": "Hayden",
    "player_location": "fr",
    "region": "EUR / PAL"
  },
  {
    "id": "9mrvlo4z",
    "player": "Peribat",
    "player_location": null,
    "region": "EUR / PAL"
  },
  {
    "id": "pzgo7qdm",
    "player": "gunsou_pl-mi",
    "player_location": "jp",
    "region": "JPN / NTSC"
  },
  {
    "id": "jy9d5dem",
    "player": "Theguesst",
    "player_location": "us",
    "region": "USA / NTSC"
  },
  {
    "id": "7z00e4jz",
    "player": "NinGamer",
    "player_location": "ar",
    "region": "EUR / PAL"
  },
  {
    "id": "dy4nkjnm",
    "player": "Rallis",
    "player_location": "us",
    "region": "USA / NTSC"
  },
  {
    "id": "dy4ndwdm",
    "player": "fumin",
    "player_location": "jp",
    "region": "JPN / NTSC"
  },
  {
    "id": "0y6829qz",
    "player": "Ladoly",
    "player_location": "fr",
    "region": "EUR / PAL"
  },
  {
    "id": "yop7e35m",
    "player": "Solmization",
    "player_location": "us",
    "region": "USA / NTSC"
  },
  {
    "id": "z5o17d5y",
    "player": "nick666101",
    "player_location": "nl",
    "region": "EUR / PAL"
  },
  {
    "id": "ydq504qm",
    "player": "augitesoul",
    "player_location": "fr",
    "region": "EUR / PAL"
  },
  {
    "id": "y8q25vxy",
    "player": "ZeldaRocks_Xander",
    "player_location": "us",
    "region": "USA / NTSC"
  },
  {
    "id": "zq60lx1y",
    "player": "TheLaggingGamer",
    "player_location": "us",
    "region": "USA / NTSC"
  },
  {
    "id": "m3dngj6z",
    "player": "KirbyQT",
    "player_location": "de",
    "region": "EUR / PAL"
  },
  {
    "id": "yvgk7q8y",
    "player": "TheSludgyGamer",
    "player_location": "us",
    "region": "USA / NTSC"
  },
  {
    "id": "y89rkvnm",
    "player": "BCP",
    "player_location": "hk",
    "region": "JPN / NTSC"
  },
  {
    "id": "yjk5p1gm",
    "player": "MarioMan",
    "player_location": "us",
    "region": "USA / NTSC"
  },
  {
    "id": "yl9r1rny",
    "player": "keys2019",
    "player_location": null,
    "region": "JPN / NTSC"
  },
  {
    "id": "y45x5ldm",
    "player": "Taechuk",
    "player_location": "ca/qc",
    "region": "USA / NTSC"
  },
  {
    "id": "y232lx6m",
    "player": "Samamon",
    "player_location": "us",
    "region": "USA / NTSC"
  },
  {
    "id": "zq68x9xy",
    "player": "JH159753",
    "player_location": null,
    "region": "USA / NTSC"
  },
  {
    "id": "yw1xo22z",
    "player": "HowToLol",
    "player_location": "us",
    "region": "USA / NTSC"
  },
  {
    "id": "zpq5nqry",
    "player": "whitekirby9",
    "player_location": "us",
    "region": "USA / NTSC"
  },
  {
    "id": "y8qnj1wy",
    "player": "P4ntz",
    "player_location": "ca",
    "region": "USA / NTSC"
  },
  {
    "id": "m3d8nq4z",
    "player": "AntoinetheGamer",
    "player_location": "us",
    "region": "USA / NTSC"
  },
  {
    "id": "y6pknw6m",
    "player": "Ninjadude244",
    "player_location": "kr",
    "region": "KOR / NTSC"
  },
  {
    "id": "mk4nw9xy",
    "player": "cksgurdl7873",
    "player_location": "kr",
    "region": "KOR / NTSC"
  },
  {
    "id": "yd6qo1qz",
    "player": "shirokirby",
    "player_location": "jp",
    "region": "JPN / NTSC"
  },
  {
    "id": "yo27p47z",
    "player": "SpeedGlitchedTrevor",
    "player_location": "us",
    "region": "USA / NTSC"
  },
  {
    "id": "y890pgwm",
    "player": "TDT",
    "player_location": "mx",
    "region": "USA / NTSC"
  },
  {
    "id": "m3olwp6m",
    "player": "Dreemy",
    "player_location": "us",
    "region": "USA / NTSC"
  },
  {
    "id": "ydw3egwm",
    "player": "MaksymHEX",
    "player_location": "pl",
    "region": "EUR / PAL"
  },
  {
    "id": "z1j5qjrz",
    "player": "Hanabuki",
    "player_location": "jp",
    "region": "JPN / NTSC"
  },
  {
    "id": "zn4ld77m",
    "player": "ReNeDe",
    "player_location": "es/ct",
    "region": "EUR / PAL"
  },
  {
    "id": "ywp97r2z",
    "player": "LancerDeltarune",
    "player_location": null,
    "region": "USA / NTSC"
  },
  {
    "id": "y8252wdy",
    "player": "Klaas",
    "player_location": "nl",
    "region": "EUR / PAL"
  },
  {
    "id": "mreqdjgy",
    "player": "Lukefield",
    "player_location": null,
    "region": "USA / NTSC"
  },
  {
    "id": "yd68jnwz",
    "player": "meinashi",
    "player_location": "jp",
    "region": "JPN / NTSC"
  },
  {
    "id": "y415ljny",
    "player": "myuumyuu",
    "player_location": "jp",
    "region": "JPN / NTSC"
  },
  {
    "id": "y95v93rz",
    "player": "ooinuDK",
    "player_location": "jp",
    "region": "JPN / NTSC"
  },
  {
    "id": "yd604e0z",
    "player": "offDawid",
    "player_location": "pl",
    "region": "USA / NTSC"
  },
  {
    "id": "zgkxo2vy",
    "player": "AidanMse",
    "player_location": "ca",
    "region": "USA / NTSC"
  },
  {
    "id": "yl07kgry",
    "player": "SYZekrom",
    "player_location": "ca",
    "region": "USA / NTSC"
  },
  {
    "id": "mex3gl0z",
    "player": "Zapcandy",
    "player_location": "us",
    "region": "USA / NTSC"
  },
  {
    "id": "m31xv34z",
    "player": "Peanutfan22",
    "player_location": "us",
    "region": "USA / NTSC"
  },
  {
    "id": "mrevkk8y",
    "player": "Dragonscout",
    "player_location": "us",
    "region": "USA / NTSC"
  },
  {
    "id": "zxk0ejkm",
    "player": "OddPandemonium",
    "player_location": "us",
    "region": "USA / NTSC"
  },
  {
    "id": "yd6p02jz",
    "player": "4002ahsasz",
    "player_location": "af",
    "region": "EUR / PAL"
  },
  {
    "id": "z57972nm",
    "player": "sokuno",
    "player_location": "jp",
    "region": "JPN / NTSC"
  },
  {
    "id": "m3g0rngz",
    "player": "megameganium",
    "player_location": "jp",
    "region": "JPN / NTSC"
  },
  {
    "id": "mrkq8q2y",
    "player": "daniel0114",
    "player_location": "kr",
    "region": "KOR / NTSC"
  },
  {
    "id": "zgd7lvjz",
    "player": "AlexanderandJohnny",
    "player_location": "us",
    "region": "USA / NTSC"
  },
  {
    "id": "mk37231z",
    "player": "zkjKirby",
    "player_location": "es",
    "region": "EUR / PAL"
  },
  {
    "id": "zpr1p4rm",
    "player": "DoubleFire",
    "player_location": "us",
    "region": "USA / NTSC"
  },
  {
    "id": "y4wrk1km",
    "player": "Dawgup",
    "player_location": "us",
    "region": "USA / NTSC"
  },
  {
    "id": "y82ekj5y",
    "player": "Waterworks",
    "player_location": "us",
    "region": "USA / NTSC"
  },
  {
    "id": "y90l2jny",
    "player": "NeoKad",
    "player_location": "ca/qc",
    "region": "USA / NTSC"
  },
  {
    "id": "y4wxe72m",
    "player": "Makura_kirby",
    "player_location": "jp",
    "region": "JPN / NTSC"
  },
  {
    "id": "y4w8pp3m",
    "player": "Firekirb74",
    "player_location": "us",
    "region": "USA / NTSC"
  },
  {
    "id": "y90vgdky",
    "player": "GabeOnABranch",
    "player_location": "ca",
    "region": "USA / NTSC"
  },
  {
    "id": "y42vlk2m",
    "player": "Spedrrunerarmando",
    "player_location": "mx",
    "region": null
  },
  {
    "id": "yw8v59ny",
    "player": "bwillie215",
    "player_location": "us",
    "region": "USA / NTSC"
  },
  {
    "id": "mrk0kpgy",
    "player": "Rioyner",
    "player_location": "us",
    "region": "USA / NTSC"
  },
  {
    "id": "y90kv7ky",
    "player": "yomogimoti",
    "player_location": "jp",
    "region": "JPN / NTSC"
  },
  {
    "id": "zp2v68xy",
    "player": "prohybrid",
    "player_location": "ca",
    "region": "USA / NTSC"
  },
  {
    "id": "y25rx97y",
    "player": "Diosdi",
    "player_location": "ve",
    "region": "USA / NTSC"
  },
  {
    "id": "yw65dv2m",
    "player": "Hachidori",
    "player_location": "jp",
    "region": "JPN / NTSC"
  },
  {
    "id": "m757e44z",
    "player": "Shromp",
    "player_location": "us",
    "region": "USA / NTSC"
  },
  {
    "id": "z1oq4lgm",
    "player": "PinkCotton",
    "player_location": "kr",
    "region": "USA / NTSC"
  },
  {
    "id": "z5j46ejm",
    "player": "TopazstarV",
    "player_location": "us",
    "region": "USA / NTSC"
  },
  {
    "id": "zx2e3dkm",
    "player": "moge920",
    "player_location": "us",
    "region": "USA / NTSC"
  },
  {
    "id": "zq4kr9xm",
    "player": "El_Chino",
    "player_location": "mx",
    "region": null
  },
  {
    "id": "zn3w097y",
    "player": "bbemilyyy",
    "player_location": null,
    "region": "USA / NTSC"
  },
  {
    "id": "yj63lxgz",
    "player": "pinche12345",
    "player_location": null,
    "region": null
  },
  {
    "id": "ylvv62nm",
    "player": "LuckiCorii",
    "player_location": "gb/eng",
    "region": "EUR / PAL"
  },
  {
    "id": "zq409p1m",
    "player": "Blue_Kirby",
    "player_location": null,
    "region": "USA / NTSC"
  },
  {
    "id": "zn3qr3vy",
    "player": "Vitan",
    "player_location": null,
    "region": "EUR / PAL"
  },
  {
    "id": "z1q55wwy",
    "player": "oldfriend",
    "player_location": null,
    "region": null
  },
  {
    "id": "mr9onv4m",
    "player": "RachelRazzberry",
    "player_location": null,
    "region": "USA / NTSC"
  },
  {
    "id": "z1838q9y",
    "player": "Danklin27",
    "player_location": "us",
    "region": "USA / NTSC"
  },
  {
    "id": "z18jepwy",
    "player": "CrashRide477",
    "player_location": "co",
    "region": "USA / NTSC"
  },
  {
    "id": "ylor8oxy",
    "player": "Future34",
    "player_location": "gb/eng",
    "region": "EUR / PAL"
  },
  {
    "id": "z50236ey",
    "player": "Kapitopanda",
    "player_location": "us",
    "region": "USA / NTSC"
  },
  {
    "id": "z06pnr4z",
    "player": "Turbo_Tank",
    "player_location": null,
    "region": "USA / NTSC"
  },
  {
    "id": "yw0ree3m",
    "player": "Celcy_Ayudante",
    "player_location": "kr",
    "region": "KOR / NTSC"
  },
  {
    "id": "z18lwrjy",
    "player": "AnimeLuigiBoy",
    "player_location": "us",
    "region": "USA / NTSC"
  },
  {
    "id": "y42670km",
    "player": "AngeloLamanti",
    "player_location": "us",
    "region": "USA / NTSC"
  },
  {
    "id": "zqg80q9m",
    "player": "Kirbo_God",
    "player_location": "us",
    "region": "USA / NTSC"
  },
  {
    "id": "z1879qwy",
    "player": "King_Dai",
    "player_location": "us",
    "region": "USA / NTSC"
  },
  {
    "id": "m7ddelem",
    "player": "Arventic",
    "player_location": "mx",
    "region": null
  },
  {
    "id": "zgg3dw0z",
    "player": "Nosnos",
    "player_location": "ie",
    "region": "EUR / PAL"
  },
  {
    "id": "ydrq1vjz",
    "player": "AceLoser",
    "player_location": "au",
    "region": null
  },
  {
    "id": "y993xdey",
    "player": "makooooooo",
    "player_location": "us",
    "region": "USA / NTSC"
  },
  {
    "id": "z5rkk6jy",
    "player": "galactagun",
    "player_location": "kr",
    "region": "KOR / NTSC"
  },
  {
    "id": "ywqwg22y",
    "player": "Quarter_Cut",
    "player_location": null,
    "region": "USA / NTSC"
  },
  {
    "id": "z5rlxxjy",
    "player": "KirberBurgy",
    "player_location": "ca",
    "region": "USA / NTSC"
  },
  {
    "id": "y8dgxpwz",
    "player": "Dean",
    "player_location": "us",
    "region": null
  },
  {
    "id": "zgg9qe0z",
    "player": "gashinii",
    "player_location": "jp",
    "region": "JPN / NTSC"
  },
  {
    "id": "m7dverwm",
    "player": "Tarik320",
    "player_location": "ps",
    "region": null
  },
  {
    "id": "yo78dj0m",
    "player": "ThatGaySoap",
    "player_location": "us",
    "region": "USA / NTSC"
  },
  {
    "id": "z1rev0rm",
    "player": "RoyRaven",
    "player_location": "nl",
    "region": "EUR / PAL"
  },
  {
    "id": "zgrvejdm",
    "player": "_zivave_",
    "player_location": "im",
    "region": "EUR / PAL"
  },
  {
    "id": "y27371jz",
    "player": "sakusyaH",
    "player_location": "jp",
    "region": "JPN / NTSC"
  },
  {
    "id": "me4xjg3y",
    "player": "FlizzLeFr",
    "player_location": "fr",
    "region": null
  },
  {
    "id": "mrn9pegy",
    "player": "FlareBlitz",
    "player_location": "us",
    "region": "USA / NTSC"
  },
  {
    "id": "me4oew9y",
    "player": "magolol",
    "player_location": "us",
    "region": "EUR / PAL"
  },
  {
    "id": "m37nxgqz",
    "player": "Sparkx09",
    "player_location": "us",
    "region": "USA / NTSC"
  },
  {
    "id": "mrn153dy",
    "player": "Procyonite",
    "player_location": "fr",
    "region": "EUR / PAL"
  },
  {
    "id": "y8ej52dy",
    "player": "Grimdonuts",
    "player_location": "us",
    "region": "USA / NTSC"
  },
  {
    "id": "m77ox74m",
    "player": "Jamiee",
    "player_location": "nl",
    "region": "EUR / PAL"
  },
  {
    "id": "y2p1659z",
    "player": "Nippo",
    "player_location": "us",
    "region": "USA / NTSC"
  },
  {
    "id": "zqv23q5m",
    "player": "Fghjkgcfxx56u",
    "player_location": "it",
    "region": "EUR / PAL"
  },
  {
    "id": "mrn0wldy",
    "player": "Darksol88",
    "player_location": "us",
    "region": "USA / NTSC"
  },
  {
    "id": "y20q1d6m",
    "player": "ariamentio",
    "player_location": "us",
    "region": "USA / NTSC"
  },
  {
    "id": "ydeojvqm",
    "player": "Dad",
    "player_location": "us",
    "region": "USA / NTSC"
  },
  {
    "id": "z072gr4y",
    "player": "SuperBaconhair35",
    "player_location": "us",
    "region": "USA / NTSC"
  },
  {
    "id": "y934682y",
    "player": "samichalan",
    "player_location": "fr",
    "region": "EUR / PAL"
  },
  {
    "id": "ydw35qqm",
    "player": "AntonikPRO",
    "player_location": "it",
    "region": "EUR / PAL"
  },
  {
    "id": "y9ln3eey",
    "player": "Magikman",
    "player_location": "us",
    "region": "USA / NTSC"
  },
  {
    "id": "zxl77gqz",
    "player": "Squiddu",
    "player_location": "us",
    "region": "USA / NTSC"
  },
  {
    "id": "yjxw6w7z",
    "player": "LabMichael",
    "player_location": "us",
    "region": "USA / NTSC"
  },
  {
    "id": "yvqv52em",
    "player": "Giannero",
    "player_location": "it",
    "region": "USA / NTSC"
  },
  {
    "id": "ydwnq8vm",
    "player": "CalamityFaygo",
    "player_location": "us",
    "region": "USA / NTSC"
  },
  {
    "id": "mr6w174m",
    "player": "AQ_Noops",
    "player_location": "us",
    "region": "USA / NTSC"
  },
  {
    "id": "y8jo5k5z",
    "player": "oGiNuno",
    "player_location": "jp",
    "region": "JPN / NTSC"
  },
  {
    "id": "zxl08nkz",
    "player": "bestever",
    "player_location": "us",
    "region": "USA / NTSC"
  },
  {
    "id": "mejp1k3y",
    "player": "TheRoyalGamer",
    "player_location": "ca",
    "region": "USA / NTSC"
  },
  {
    "id": "z0o4rl8z",
    "player": "bodizzle91011",
    "player_location": "us",
    "region": "USA / NTSC"
  },
  {
    "id": "m36en76m",
    "player": "krHj",
    "player_location": "kr",
    "region": "KOR / NTSC"
  },
  {
    "id": "y6nkd1pz",
    "player": "LokiBatatinha",
    "player_location": null,
    "region": "USA / NTSC"
  },
  {
    "id": "zx7k8lgy",
    "player": "lunchmeat_and_roscoe",
    "player_location": null,
    "region": "USA / NTSC"
  },
  {
    "id": "yop6nd7m",
    "player": "g6089",
    "player_location": "ua",
    "region": "JPN / NTSC"
  },
  {
    "id": "y4qeq52m",
    "player": "WooffleDee",
    "player_location": "us",
    "region": "USA / NTSC"
  },
  {
    "id": "m33qjk4m",
    "player": "Willster",
    "player_location": "us",
    "region": "USA / NTSC"
  },
  {
    "id": "yw69lonm",
    "player": "oohannkirby",
    "player_location": "jp",
    "region": "JPN / NTSC"
  },
  {
    "id": "y4qq4okm",
    "player": "p1gro",
    "player_location": null,
    "region": "EUR / PAL"
  },
  {
    "id": "me33322z",
    "player": "JC_Players",
    "player_location": "us",
    "region": "USA / NTSC"
  },
  {
    "id": "mkv9v5ly",
    "player": "Neon01",
    "player_location": "co",
    "region": null
  },
  {
    "id": "yw6rp59m",
    "player": "LaSediaVolante2",
    "player_location": "it",
    "region": "EUR / PAL"
  },
  {
    "id": "yw37n80m",
    "player": "SkyALX774",
    "player_location": "fr",
    "region": "EUR / PAL"
  },
  {
    "id": "z1p06k7z",
    "player": "Tranakin13",
    "player_location": null,
    "region": "USA / NTSC"
  },
  {
    "id": "yw6ed20m",
    "player": "EJE11Gaming_YT",
    "player_location": null,
    "region": "USA / NTSC"
  },
  {
    "id": "yv0dr18z",
    "player": "TornadoKirby",
    "player_location": "us",
    "region": "USA / NTSC"
  },
  {
    "id": "y8xx5knm",
    "player": "Sir_Grimmothy",
    "player_location": "us",
    "region": "USA / NTSC"
  },
  {
    "id": "yv0vex4z",
    "player": "snrZora",
    "player_location": "fi",
    "region": null
  },
  {
    "id": "y9xk27ky",
    "player": "Awsm_599",
    "player_location": "us",
    "region": "USA / NTSC"
  },
  {
    "id": "zq92458y",
    "player": "Lilsawblade",
    "player_location": "td",
    "region": null
  },
  {
    "id": "y9xd262y",
    "player": "LukeD",
    "player_location": "gb/eng",
    "region": "USA / NTSC"
  },
  {
    "id": "zq9p8jry",
    "player": "Berry26",
    "player_location": "cz",
    "region": "EUR / PAL"
  },
  {
    "id": "znq511vz",
    "player": "Master_n",
    "player_location": "ca",
    "region": null
  },
  {
    "id": "yw65nnnm",
    "player": "drewbedoobi",
    "player_location": null,
    "region": "USA / NTSC"
  },
  {
    "id": "z5xql0ny",
    "player": "Gilleth",
    "player_location": null,
    "region": "USA / NTSC"
  },
  {
    "id": "zg2n6pey",
    "player": "kirbysnumber1",
    "player_location": null,
    "region": "USA / NTSC"
  }
]