[
  {
    "id": "wzp9vkxm",
    "player": "Ouro",
    "player_location": "us",
    "region": "JPN / NTSC"
  },
  {
    "id": "mr92op7m",
    "player": "Psyclone",
    "player_location": "us",
    "region": "USA / NTSC"
  },
  {
    "id": "zgrdd10m",
    "player": "tyamegane",
    "player_location": "jp",
    "region": "JPN / NTSC"
  },
  {
    "id": "yj5843dm",
    "player": "hetima",
    "player_location": "jp",
    "region": "JPN / NTSC"
  },
  {
    "id": "z5vqv8em",
    "player": "Dymnix",
    "player_location": "us",
    "region": "USA / NTSC"
  }
]