[
  {
    "id": "8y8v6r5z",
    "player": "Thursday",
    "player_location": "aq",
    "region": "USA / NTSC"
  },
  {
    "id": "wzp3w8gm",
    "player": "valiantnorth",
    "player_location": "ca",
    "region": "USA / NTSC"
  },
  {
    "id": "8m780q0z",
    "player": "Flint_gaming",
    "player_location": null,
    "region": null
  },
  {
    "id": "kz50p7gy",
    "player": "Osparsis",
    "player_location": null,
    "region": null
  },
  {
    "id": "8yv2p64m",
    "player": "NimbleTBolt",
    "player_location": "us",
    "region": "USA / NTSC"
  },
  {
    "id": "7yl5dvxz",
    "player": "Tojimaru",
    "player_location": "us",
    "region": "USA / NTSC"
  },
  {
    "id": "wzpxl98m",
    "player": "Vastlam",
    "player_location": "ru",
    "region": "EUR / PAL"
  },
  {
    "id": "pzg1w8ez",
    "player": "Mattie",
    "player_location": "us",
    "region": "USA / NTSC"
  },
  {
    "id": "9yo17g1m",
    "player": "TwoWorlds",
    "player_location": "eg",
    "region": "USA / NTSC"
  },
  {
    "id": "yl9k9qxy",
    "player": "MightyCrab",
    "player_location": "ru",
    "region": null
  },
  {
    "id": "y48np3qm",
    "player": "Biglaw",
    "player_location": "ca",
    "region": null
  },
  {
    "id": "y23n5g9m",
    "player": "Proenke",
    "player_location": "de",
    "region": "EUR / PAL"
  },
  {
    "id": "zxo976gz",
    "player": "niiiicht_pascal",
    "player_location": "de",
    "region": "EUR / PAL"
  },
  {
    "id": "me8d0w8m",
    "player": "thevk",
    "player_location": "ru",
    "region": "EUR / PAL"
  },
  {
    "id": "zgkd12vy",
    "player": "Marc-Andr\u00e9_Morin",
    "player_location": "ca/qc",
    "region": "USA / NTSC"
  },
  {
    "id": "y4xw0r3z",
    "player": "Olson",
    "player_location": "pl",
    "region": "EUR / PAL"
  }
]