[
  {
    "id": "y6n9orjz",
    "player": "CarterKirby",
    "player_location": "us",
    "region": null
  },
  {
    "id": "y8jep8nz",
    "player": "Jenkles",
    "player_location": "gb/wls",
    "region": "USA / NTSC"
  },
  {
    "id": "zp2gj7xy",
    "player": "BloonKart",
    "player_location": null,
    "region": null
  },
  {
    "id": "yvq51gom",
    "player": "Malso",
    "player_location": "pe",
    "region": null
  },
  {
    "id": "mejeww3y",
    "player": "Yevieses",
    "player_location": "pl",
    "region": null
  },
  {
    "id": "y6nokj1z",
    "player": "bozai526",
    "player_location": "tw",
    "region": null
  },
  {
    "id": "yjxe5kgz",
    "player": "TRLittleToaster",
    "player_location": "us",
    "region": "USA / NTSC"
  },
  {
    "id": "m33dkk6m",
    "player": "that1cl0ud",
    "player_location": "us",
    "region": "USA / NTSC"
  },
  {
    "id": "y609v46y",
    "player": "JustARandomBugBoi",
    "player_location": "gb/wls",
    "region": null
  },
  {
    "id": "y88j3kwy",
    "player": "MichiyoMM",
    "player_location": "ca",
    "region": null
  },
  {
    "id": "znppk33m",
    "player": "FinsterGreen",
    "player_location": "au",
    "region": null
  },
  {
    "id": "yl7xldnm",
    "player": "SwagVeemo3",
    "player_location": null,
    "region": null
  },
  {
    "id": "y4xrkw2z",
    "player": "Hedde016",
    "player_location": null,
    "region": null
  },
  {
    "id": "m3xkxdqm",
    "player": "Sora_da_goat",
    "player_location": null,
    "region": null
  },
  {
    "id": "m3xpe2dm",
    "player": "Danielpug105",
    "player_location": "us",
    "region": "USA / NTSC"
  }
]