[
  {
    "id": "0y65696z",
    "player": "sshplur",
    "player_location": null,
    "region": "JPN / NTSC"
  },
  {
    "id": "pzgwxrey",
    "player": "wauhti",
    "player_location": null,
    "region": "JPN / NTSC"
  },
  {
    "id": "9meo940z",
    "player": "Nero_Azur",
    "player_location": "fr",
    "region": "EUR / PAL"
  },
  {
    "id": "wzpr38xm",
    "player": "yannoch007",
    "player_location": "fr",
    "region": "JPN / NTSC"
  },
  {
    "id": "emk375xz",
    "player": "TheMixedHerb",
    "player_location": "gb/eng",
    "region": "USA / NTSC"
  },
  {
    "id": "z0e4088m",
    "player": "uhTrance",
    "player_location": "ie",
    "region": "JPN / NTSC"
  },
  {
    "id": "zp4oo2xz",
    "player": "RawDerps",
    "player_location": "us",
    "region": "JPN / NTSC"
  },
  {
    "id": "0y66d66y",
    "player": "Michaelton",
    "player_location": "us",
    "region": "USA / NTSC"
  },
  {
    "id": "yojo0r0m",
    "player": "crisdoile2",
    "player_location": "mx",
    "region": "JPN / NTSC"
  },
  {
    "id": "1zq75drm",
    "player": "Liv",
    "player_location": "gb",
    "region": "JPN / NTSC"
  },
  {
    "id": "7yl1e0nm",
    "player": "west4it",
    "player_location": "ru",
    "region": "USA / NTSC"
  },
  {
    "id": "oy2k22jy",
    "player": "Starwin",
    "player_location": "us",
    "region": "JPN / NTSC"
  },
  {
    "id": "dy4on3nz",
    "player": "Huoshao",
    "player_location": "cn",
    "region": "USA / NTSC"
  },
  {
    "id": "z0e9889m",
    "player": "Nurmat",
    "player_location": "kg",
    "region": "JPN / NTSC"
  },
  {
    "id": "zp01v4nm",
    "player": "yamachan",
    "player_location": "jp",
    "region": "JPN / NTSC"
  },
  {
    "id": "dy4v9nqy",
    "player": "Poppo",
    "player_location": "jp",
    "region": "JPN / NTSC"
  },
  {
    "id": "yo49qv1m",
    "player": "itsmiahere",
    "player_location": "gb",
    "region": "JPN / NTSC"
  },
  {
    "id": "zxv6w85y",
    "player": "CarcinogenSDA",
    "player_location": "us",
    "region": "JPN / NTSC"
  },
  {
    "id": "y6799x0m",
    "player": "KatDriv",
    "player_location": "fr",
    "region": "JPN / NTSC"
  },
  {
    "id": "zxvrj5qy",
    "player": "Rheinmetall",
    "player_location": "gr",
    "region": "EUR / PAL"
  },
  {
    "id": "zxv83qky",
    "player": "Beckski93",
    "player_location": "gb",
    "region": "JPN / NTSC"
  },
  {
    "id": "z13q837m",
    "player": "Bawkbasoup",
    "player_location": "ca",
    "region": "JPN / NTSC"
  },
  {
    "id": "yjkw483m",
    "player": "allancg",
    "player_location": "br",
    "region": "JPN / NTSC"
  },
  {
    "id": "z5ogq9dy",
    "player": "Roxy_Rose",
    "player_location": "br",
    "region": "JPN / NTSC"
  },
  {
    "id": "y45dddnm",
    "player": "WarKeos",
    "player_location": "fr",
    "region": "EUR / PAL"
  },
  {
    "id": "z5o9r9dy",
    "player": "CrucialSpadez",
    "player_location": "us",
    "region": "USA / NTSC"
  },
  {
    "id": "yv365l4z",
    "player": "MrSilentVid",
    "player_location": "gb",
    "region": "JPN / NTSC"
  },
  {
    "id": "y8rjj7nm",
    "player": "crazygamingdayz",
    "player_location": "us",
    "region": "JPN / NTSC"
  },
  {
    "id": "y89e151m",
    "player": "pekoron",
    "player_location": "jp",
    "region": "JPN / NTSC"
  },
  {
    "id": "yd31v80z",
    "player": "Ventrus",
    "player_location": "ie",
    "region": "EUR / PAL"
  },
  {
    "id": "yopwrl1m",
    "player": "LanceLM",
    "player_location": "es/cn",
    "region": "JPN / NTSC"
  },
  {
    "id": "yd3owd0z",
    "player": "DrewStraight",
    "player_location": "us",
    "region": "JPN / NTSC"
  },
  {
    "id": "m7qd764z",
    "player": "sevit913",
    "player_location": "be",
    "region": "JPN / NTSC"
  },
  {
    "id": "y4welldm",
    "player": "Chrioden",
    "player_location": "fr",
    "region": "JPN / NTSC"
  },
  {
    "id": "zx2v1xgm",
    "player": "Appeasive",
    "player_location": "us",
    "region": "JPN / NTSC"
  },
  {
    "id": "z110rv9z",
    "player": "MDArthur",
    "player_location": "br",
    "region": null
  },
  {
    "id": "yvjke36y",
    "player": "vinny460",
    "player_location": "au",
    "region": "JPN / NTSC"
  },
  {
    "id": "yd6q80jz",
    "player": "angelkof",
    "player_location": "br",
    "region": "USA / NTSC"
  },
  {
    "id": "yw4j7rpz",
    "player": "VictorKratos",
    "player_location": "br",
    "region": "JPN / NTSC"
  },
  {
    "id": "z57v4q5m",
    "player": "TheMidBoss",
    "player_location": "ca",
    "region": "USA / NTSC"
  },
  {
    "id": "y967q7ny",
    "player": "WitchRain",
    "player_location": "us",
    "region": "JPN / NTSC"
  },
  {
    "id": "m31ld9dz",
    "player": "ramaoxfan",
    "player_location": "br",
    "region": "USA / NTSC"
  },
  {
    "id": "z1opjljm",
    "player": "LeviTheRelentless",
    "player_location": "us",
    "region": "JPN / NTSC"
  },
  {
    "id": "y271vdwz",
    "player": "m_naue",
    "player_location": "br",
    "region": "USA / NTSC"
  },
  {
    "id": "zxl49g5z",
    "player": "puseecat692",
    "player_location": "us",
    "region": "USA / NTSC"
  },
  {
    "id": "zqr5o21y",
    "player": "MrChickenDoodle",
    "player_location": "ca",
    "region": "USA / NTSC"
  },
  {
    "id": "mexq17qz",
    "player": "RebeccaRE",
    "player_location": "cl",
    "region": "JPN / NTSC"
  },
  {
    "id": "z059e28m",
    "player": "Saudi_speedrun",
    "player_location": "sa",
    "region": "JPN / NTSC"
  },
  {
    "id": "y25xeqwy",
    "player": "Nicontreras",
    "player_location": "cl",
    "region": null
  },
  {
    "id": "ylrvgnxy",
    "player": "Sjotyme",
    "player_location": "us",
    "region": "JPN / NTSC"
  },
  {
    "id": "yjlo2lgz",
    "player": "NapZ",
    "player_location": "br",
    "region": "JPN / NTSC"
  },
  {
    "id": "zprxglxm",
    "player": "wolfdnc",
    "player_location": "us",
    "region": "JPN / NTSC"
  },
  {
    "id": "y4w01d2m",
    "player": "Jadusable2",
    "player_location": "us",
    "region": "JPN / NTSC"
  },
  {
    "id": "y8rxd4nm",
    "player": "Failmore",
    "player_location": "us",
    "region": null
  },
  {
    "id": "m3642r4m",
    "player": "Liammc90",
    "player_location": "gb/eng",
    "region": "JPN / NTSC"
  },
  {
    "id": "y6rv0qqy",
    "player": "Guelli_Br",
    "player_location": "br",
    "region": null
  },
  {
    "id": "yw3o8q2m",
    "player": "ISH",
    "player_location": "ph",
    "region": "JPN / NTSC"
  },
  {
    "id": "ylvw06rm",
    "player": "ToniR",
    "player_location": "br",
    "region": null
  },
  {
    "id": "y2x168wm",
    "player": "MattRPD",
    "player_location": "gb",
    "region": "JPN / NTSC"
  },
  {
    "id": "z1ow53jm",
    "player": "Enderu",
    "player_location": null,
    "region": "JPN / NTSC"
  },
  {
    "id": "y9noevrz",
    "player": "PedroSantiagoBHGames",
    "player_location": "br",
    "region": "USA / NTSC"
  },
  {
    "id": "y422rl2m",
    "player": "scragglebum",
    "player_location": "us",
    "region": "JPN / NTSC"
  },
  {
    "id": "yo92667y",
    "player": "DRPERRYFALLS",
    "player_location": "us",
    "region": "USA / NTSC"
  },
  {
    "id": "zqgjvrxm",
    "player": "artyfacee",
    "player_location": "ua",
    "region": "JPN / NTSC"
  },
  {
    "id": "m78e765z",
    "player": "JarodRuns",
    "player_location": "us",
    "region": "JPN / NTSC"
  },
  {
    "id": "zx6xk2kz",
    "player": "SauceDallas93",
    "player_location": "fr",
    "region": "JPN / NTSC"
  },
  {
    "id": "y6623rqy",
    "player": "Xl_Oblitiration",
    "player_location": "je",
    "region": "EUR / PAL"
  },
  {
    "id": "zqgqj0rm",
    "player": "SuperSleepyT",
    "player_location": "us",
    "region": "JPN / NTSC"
  },
  {
    "id": "y668nojy",
    "player": "NiceGuyDomm",
    "player_location": "au",
    "region": "JPN / NTSC"
  },
  {
    "id": "m7dpl9em",
    "player": "sswishbone",
    "player_location": "gb/eng",
    "region": "USA / NTSC"
  },
  {
    "id": "mej9j98y",
    "player": "Mogul",
    "player_location": "us",
    "region": "JPN / NTSC"
  },
  {
    "id": "y6d5kgqm",
    "player": "EduPLDS",
    "player_location": "br",
    "region": "JPN / NTSC"
  },
  {
    "id": "zxgd4pgy",
    "player": "Collin255",
    "player_location": "us",
    "region": "USA / NTSC"
  },
  {
    "id": "yjd9rxny",
    "player": "UkzMadman",
    "player_location": "gb/eng",
    "region": "JPN / NTSC"
  },
  {
    "id": "z0rovw9z",
    "player": "NeoX5",
    "player_location": "us",
    "region": "USA / NTSC"
  },
  {
    "id": "y8d06qnz",
    "player": "GuiCostark",
    "player_location": "br",
    "region": "USA / NTSC"
  },
  {
    "id": "mkgwv6vy",
    "player": "the_sundstrom",
    "player_location": "se",
    "region": "EUR / PAL"
  },
  {
    "id": "znpolo7m",
    "player": "tonyy",
    "player_location": "br",
    "region": "JPN / NTSC"
  },
  {
    "id": "y8d40wnz",
    "player": "MarkSeemann",
    "player_location": "br",
    "region": "JPN / NTSC"
  },
  {
    "id": "mke9pl1m",
    "player": "MegaTallica97",
    "player_location": "gb",
    "region": "JPN / NTSC"
  },
  {
    "id": "yj5gnjgm",
    "player": "Hoobie",
    "player_location": "gb/eng",
    "region": "JPN / NTSC"
  },
  {
    "id": "zn07ep8y",
    "player": "Kiid_suricate",
    "player_location": "fr",
    "region": "EUR / PAL"
  },
  {
    "id": "m77xddem",
    "player": "ametto_mania",
    "player_location": "jp",
    "region": "JPN / NTSC"
  },
  {
    "id": "zn02358y",
    "player": "Manodead",
    "player_location": "de",
    "region": "JPN / NTSC"
  },
  {
    "id": "mrnv3ddy",
    "player": "g8tor",
    "player_location": "us",
    "region": "USA / NTSC"
  },
  {
    "id": "z5xqejny",
    "player": "Oo_nya_oO",
    "player_location": "jp",
    "region": "JPN / NTSC"
  },
  {
    "id": "zxn4grem",
    "player": "silentkaster",
    "player_location": "us",
    "region": "JPN / NTSC"
  },
  {
    "id": "y278o9jz",
    "player": "isogai",
    "player_location": "jp",
    "region": "JPN / NTSC"
  },
  {
    "id": "m36o9oqm",
    "player": "Racoon_87",
    "player_location": "de",
    "region": "USA / NTSC"
  },
  {
    "id": "zxl616ez",
    "player": "RespeedBr",
    "player_location": "br",
    "region": "USA / NTSC"
  },
  {
    "id": "y48746km",
    "player": "xtra2Ez",
    "player_location": "gb",
    "region": "JPN / NTSC"
  },
  {
    "id": "y48k0rkm",
    "player": "DeanoWeb",
    "player_location": "gb/sct",
    "region": "JPN / NTSC"
  },
  {
    "id": "zxlq8qkz",
    "player": "AdriWalkedX",
    "player_location": "es",
    "region": "EUR / PAL"
  },
  {
    "id": "m339jxgm",
    "player": "VolcanicAkuma55",
    "player_location": "us",
    "region": "JPN / NTSC"
  },
  {
    "id": "mkkx635m",
    "player": "boomstick1981",
    "player_location": "us",
    "region": "USA / NTSC"
  },
  {
    "id": "zq7v948m",
    "player": "Jon_Spicer",
    "player_location": "us",
    "region": "USA / NTSC"
  },
  {
    "id": "y4x5no2z",
    "player": "KastielPLAY",
    "player_location": "br",
    "region": "JPN / NTSC"
  },
  {
    "id": "yopqlk7m",
    "player": "curtiz",
    "player_location": "gb/eng",
    "region": "JPN / NTSC"
  },
  {
    "id": "y88nvjxy",
    "player": "DIABLERIE",
    "player_location": "us",
    "region": "USA / NTSC"
  },
  {
    "id": "z526lg5z",
    "player": "SilentRedfield321",
    "player_location": null,
    "region": null
  },
  {
    "id": "me3dor0z",
    "player": "CarniCorp",
    "player_location": "gb",
    "region": "EUR / PAL"
  },
  {
    "id": "z1p0rnrz",
    "player": "Ghost_of_baghdad",
    "player_location": "iq",
    "region": "JPN / NTSC"
  },
  {
    "id": "zq9gq79y",
    "player": "Zer0_0",
    "player_location": "us",
    "region": "USA / NTSC"
  },
  {
    "id": "z0l3649z",
    "player": "Neilsonthrasher80",
    "player_location": "br",
    "region": "JPN / NTSC"
  },
  {
    "id": "yw68n43m",
    "player": "Godre_NEMESIS",
    "player_location": "it",
    "region": "USA / NTSC"
  },
  {
    "id": "yod6nedm",
    "player": "ReminaZahard",
    "player_location": "br",
    "region": "JPN / NTSC"
  },
  {
    "id": "yodnne0m",
    "player": "deserteagle417",
    "player_location": "us",
    "region": "JPN / NTSC"
  },
  {
    "id": "yodee41m",
    "player": "Raclesis",
    "player_location": "us",
    "region": "JPN / NTSC"
  },
  {
    "id": "y6x13o1y",
    "player": "Zhao_Tianyou",
    "player_location": null,
    "region": "USA / NTSC"
  },
  {
    "id": "z1q52dwy",
    "player": "fireflyamazonz",
    "player_location": null,
    "region": "JPN / NTSC"
  },
  {
    "id": "z5ej7l5z",
    "player": "goldenweed99",
    "player_location": null,
    "region": null
  }
]