[
  {
    "id": "9yo0907y",
    "player": "Error72",
    "player_location": "us",
    "region": "USA / NTSC"
  },
  {
    "id": "8yv98kxz",
    "player": "corey042",
    "player_location": "us",
    "region": "USA / NTSC"
  },
  {
    "id": "dy4rok3z",
    "player": "Aoneko",
    "player_location": null,
    "region": "JPN / NTSC"
  },
  {
    "id": "oy2704wz",
    "player": "inkject",
    "player_location": "us",
    "region": "USA / NTSC"
  },
  {
    "id": "yo4lpw7m",
    "player": "100Ton",
    "player_location": "cn",
    "region": "USA / NTSC"
  },
  {
    "id": "7z0jq1ey",
    "player": "square_wave",
    "player_location": "us",
    "region": "USA / NTSC"
  },
  {
    "id": "1zqd259m",
    "player": "Aphotic_Ktulu",
    "player_location": "us",
    "region": "USA / NTSC"
  },
  {
    "id": "y92jw6ez",
    "player": "StuckInAPlate",
    "player_location": "us",
    "region": "USA / NTSC"
  },
  {
    "id": "7z0dgw8y",
    "player": "SubStylee",
    "player_location": "us",
    "region": "USA / NTSC"
  },
  {
    "id": "zxvvnjey",
    "player": "Yogidamonk",
    "player_location": "us",
    "region": "USA / NTSC"
  },
  {
    "id": "zn40d0lm",
    "player": "DoctorHandsome",
    "player_location": "us",
    "region": "USA / NTSC"
  },
  {
    "id": "m7p7x24m",
    "player": "DeZhao",
    "player_location": "cn",
    "region": "USA / NTSC"
  },
  {
    "id": "mrqg40gy",
    "player": "wiz",
    "player_location": "jp",
    "region": "JPN / NTSC"
  },
  {
    "id": "ywk1812y",
    "player": "rabbabot",
    "player_location": "es",
    "region": "JPN / NTSC"
  },
  {
    "id": "y219oo6z",
    "player": "Daborshy",
    "player_location": "us",
    "region": "USA / NTSC"
  },
  {
    "id": "m7q51q4z",
    "player": "The_Retro_Challenger",
    "player_location": "ca/qc",
    "region": "USA / NTSC"
  },
  {
    "id": "y818n5xz",
    "player": "WoopVonWoop",
    "player_location": "us",
    "region": "USA / NTSC"
  },
  {
    "id": "yv38o9oz",
    "player": "Vidtendo",
    "player_location": "ca/qc",
    "region": "USA / NTSC"
  },
  {
    "id": "yv69wqxz",
    "player": "Laxxus",
    "player_location": "de",
    "region": "USA / NTSC"
  },
  {
    "id": "ylk65ekz",
    "player": "rentdvdsonline",
    "player_location": "us",
    "region": "USA / NTSC"
  },
  {
    "id": "zprn91rm",
    "player": "badbrakes",
    "player_location": "se",
    "region": "USA / NTSC"
  },
  {
    "id": "mrk8dn4y",
    "player": "zerknerk",
    "player_location": "nl",
    "region": "USA / NTSC"
  },
  {
    "id": "z059jejm",
    "player": "SamuelioX",
    "player_location": "us",
    "region": "USA / NTSC"
  },
  {
    "id": "ywddp1pz",
    "player": "bossco15exists",
    "player_location": "us",
    "region": "USA / NTSC"
  },
  {
    "id": "mrrw632m",
    "player": "PacmanRick",
    "player_location": "mx",
    "region": "USA / NTSC"
  },
  {
    "id": "z06gge4z",
    "player": "elijah",
    "player_location": "us",
    "region": null
  },
  {
    "id": "yo91or1y",
    "player": "MarthSR",
    "player_location": "ca/qc",
    "region": "JPN / NTSC"
  },
  {
    "id": "m7dgwdwm",
    "player": "Gallivanter",
    "player_location": "it",
    "region": "JPN / NTSC"
  },
  {
    "id": "yj5gkk3m",
    "player": "ScottyJ47",
    "player_location": "us",
    "region": "USA / NTSC"
  },
  {
    "id": "y272ovjz",
    "player": "haruma",
    "player_location": "jp",
    "region": "JPN / NTSC"
  },
  {
    "id": "m37e24qz",
    "player": "xenkaroshi",
    "player_location": "se",
    "region": "USA / NTSC"
  },
  {
    "id": "m36q8pdm",
    "player": "pirateghetto",
    "player_location": "us",
    "region": null
  },
  {
    "id": "y8jkd21z",
    "player": "MrMatthews",
    "player_location": "us",
    "region": null
  },
  {
    "id": "yorogrjy",
    "player": "JSR_",
    "player_location": "us",
    "region": "USA / NTSC"
  },
  {
    "id": "zp2jqevy",
    "player": "KromaGames",
    "player_location": "br",
    "region": "JPN / NTSC"
  },
  {
    "id": "yl7x5nkm",
    "player": "asdfspeedrun",
    "player_location": "kr",
    "region": "USA / NTSC"
  },
  {
    "id": "y8xdwewm",
    "player": "minarin",
    "player_location": "jp",
    "region": null
  },
  {
    "id": "yd1o93vy",
    "player": "fchika_20201",
    "player_location": "jp",
    "region": "JPN / NTSC"
  },
  {
    "id": "y2egpe9y",
    "player": "DarthTyrael",
    "player_location": "us",
    "region": "USA / NTSC"
  }
]