[
  {
    "id": "y2vgv19z",
    "player": "Jaypin88",
    "player_location": "ca",
    "region": null
  },
  {
    "id": "y2vgk79z",
    "player": "Otterstone_Gamer",
    "player_location": "us",
    "region": null
  },
  {
    "id": "y9nkn0ez",
    "player": "smailliwniloc",
    "player_location": "us",
    "region": null
  },
  {
    "id": "yo9o5e0y",
    "player": "jatloe",
    "player_location": "us",
    "region": null
  },
  {
    "id": "m78kegez",
    "player": "Reavious",
    "player_location": "us",
    "region": "USA / NTSC"
  },
  {
    "id": "m3ro24wm",
    "player": "TRLittleToaster",
    "player_location": "us",
    "region": "USA / NTSC"
  },
  {
    "id": "m3r5x8dm",
    "player": "ShesChardcore",
    "player_location": "us",
    "region": "USA / NTSC"
  },
  {
    "id": "ylq83g2z",
    "player": "AslanTZ",
    "player_location": "tr",
    "region": null
  },
  {
    "id": "me7r2x3y",
    "player": "Jacob1",
    "player_location": "ca",
    "region": null
  },
  {
    "id": "me4vk69y",
    "player": "daff",
    "player_location": "ru",
    "region": null
  },
  {
    "id": "ydexpkqm",
    "player": "killerkun...",
    "player_location": "jp",
    "region": null
  },
  {
    "id": "york4n0y",
    "player": "Aymbaut",
    "player_location": "us",
    "region": null
  }
]