[
  {
    "id": "z03o5ojz",
    "player": "Peanutfan22",
    "player_location": "us",
    "region": "USA / NTSC"
  },
  {
    "id": "y6pnp76m",
    "player": "NerdyNester",
    "player_location": "us",
    "region": "USA / NTSC"
  },
  {
    "id": "z03k6woz",
    "player": "hyo24",
    "player_location": "us",
    "region": "USA / NTSC"
  },
  {
    "id": "ylk32wkz",
    "player": "ShesChardcore",
    "player_location": "us",
    "region": "USA / NTSC"
  },
  {
    "id": "z0186v9y",
    "player": "Taclite",
    "player_location": "se",
    "region": "USA / NTSC"
  },
  {
    "id": "y25rq1wy",
    "player": "MortimerNova",
    "player_location": "us",
    "region": "USA / NTSC"
  },
  {
    "id": "mk82xglm",
    "player": "DMoons413",
    "player_location": "us",
    "region": "USA / NTSC"
  },
  {
    "id": "y8d7x2dz",
    "player": "grimlocksoflove",
    "player_location": "us",
    "region": "USA / NTSC"
  },
  {
    "id": "zp174rrz",
    "player": "JoePulito",
    "player_location": "us",
    "region": "USA / NTSC"
  },
  {
    "id": "ydev9rxm",
    "player": "NinpoManiac",
    "player_location": "us",
    "region": "USA / NTSC"
  },
  {
    "id": "y606411y",
    "player": "lackattack",
    "player_location": "us",
    "region": "USA / NTSC"
  },
  {
    "id": "m33r1vgm",
    "player": "petaQ",
    "player_location": "gb/eng",
    "region": "USA / NTSC"
  }
]