[
  {
    "id": "znrqenly",
    "player": "HorrorDoesSpeedRuns",
    "player_location": "us",
    "region": "JPN / NTSC"
  },
  {
    "id": "yv30vdez",
    "player": "mmDust",
    "player_location": "us",
    "region": "JPN / NTSC"
  },
  {
    "id": "yj3dw0nz",
    "player": "Psarthex",
    "player_location": "fr",
    "region": "JPN / NTSC"
  },
  {
    "id": "mke8x8xm",
    "player": "SpoopyPenguin",
    "player_location": "us",
    "region": "KOR / NTSC"
  },
  {
    "id": "y41xkvqy",
    "player": "Akaya",
    "player_location": null,
    "region": null
  },
  {
    "id": "zn33vq8y",
    "player": "Rossrossy",
    "player_location": "gb/sct",
    "region": "JPN / NTSC"
  },
  {
    "id": "y6lxqwqy",
    "player": "KatLink",
    "player_location": "ca/qc",
    "region": null
  },
  {
    "id": "zp4dp7rz",
    "player": "DuskRage",
    "player_location": "us",
    "region": "USA / NTSC"
  },
  {
    "id": "znrqe69y",
    "player": "Teru_Janne",
    "player_location": "jp",
    "region": "JPN / NTSC"
  },
  {
    "id": "yd61n80z",
    "player": "carska",
    "player_location": "fi",
    "region": null
  },
  {
    "id": "mex10dqz",
    "player": "Konradgavin",
    "player_location": "be",
    "region": null
  },
  {
    "id": "zp4dpenz",
    "player": "DECosmic",
    "player_location": "us",
    "region": "USA / NTSC"
  },
  {
    "id": "yd612xqz",
    "player": "OmegaValeron",
    "player_location": "us",
    "region": null
  },
  {
    "id": "mk2dpl5m",
    "player": "Duders",
    "player_location": "us",
    "region": "USA / NTSC"
  },
  {
    "id": "mrer2p4y",
    "player": "crisdoile2",
    "player_location": "mx",
    "region": "USA / NTSC"
  },
  {
    "id": "y90kq6ky",
    "player": "Hisu",
    "player_location": "ar",
    "region": null
  },
  {
    "id": "z57xk4dm",
    "player": "TheNightmare311",
    "player_location": "gb/eng",
    "region": "EUR / PAL"
  },
  {
    "id": "z1jgkejz",
    "player": "Dexcral",
    "player_location": "us",
    "region": "USA / NTSC"
  },
  {
    "id": "zqr98vxy",
    "player": "number_007desu",
    "player_location": "jp",
    "region": "JPN / NTSC"
  },
  {
    "id": "y81xk7wz",
    "player": "JesseJames0584",
    "player_location": "be",
    "region": "EUR / PAL"
  },
  {
    "id": "y95xj3kz",
    "player": "Smashbro6894",
    "player_location": "us",
    "region": "USA / NTSC"
  },
  {
    "id": "y6lxqkjy",
    "player": "zgl",
    "player_location": "us",
    "region": null
  },
  {
    "id": "y81xwj1z",
    "player": "GamerYogi",
    "player_location": "us",
    "region": "USA / NTSC"
  },
  {
    "id": "mex1wv8z",
    "player": "King_matt_817",
    "player_location": "us",
    "region": "USA / NTSC"
  },
  {
    "id": "yojd0vjm",
    "player": "qvaku",
    "player_location": "pl",
    "region": "EUR / PAL"
  },
  {
    "id": "zp4d6nrz",
    "player": "Gabzouz",
    "player_location": "be",
    "region": "EUR / PAL"
  },
  {
    "id": "z1jg9drz",
    "player": "FoxyRussianLady",
    "player_location": "us",
    "region": "USA / NTSC"
  },
  {
    "id": "yd0o03xz",
    "player": "maxylobes",
    "player_location": "us",
    "region": "JPN / NTSC"
  },
  {
    "id": "zqr98k8y",
    "player": "Jordyboyrfc__124",
    "player_location": "gb/sct",
    "region": "EUR / PAL"
  },
  {
    "id": "y21e29wz",
    "player": "LeWhoZeHurr",
    "player_location": "us",
    "region": "USA / NTSC"
  },
  {
    "id": "znrq2wly",
    "player": "Maniatikiller",
    "player_location": "cl",
    "region": "USA / NTSC"
  },
  {
    "id": "yojd04jm",
    "player": "Haarberger",
    "player_location": "se",
    "region": "EUR / PAL"
  },
  {
    "id": "zp4d6qrz",
    "player": "Owlflame",
    "player_location": "us",
    "region": "USA / NTSC"
  },
  {
    "id": "yj3dol3z",
    "player": "Briarwoodsz",
    "player_location": "us",
    "region": "USA / NTSC"
  },
  {
    "id": "yojd0k7m",
    "player": "Raisuun",
    "player_location": "gb",
    "region": "EUR / PAL"
  },
  {
    "id": "me77050y",
    "player": "Quagnoth",
    "player_location": "us",
    "region": null
  },
  {
    "id": "z57x83gm",
    "player": "emery22",
    "player_location": null,
    "region": "JPN / NTSC"
  },
  {
    "id": "y21e279z",
    "player": "Philber-ROH",
    "player_location": "us",
    "region": "JPN / NTSC"
  },
  {
    "id": "zgkqlxvy",
    "player": "Yoshi",
    "player_location": "jp",
    "region": null
  },
  {
    "id": "yj5ex03m",
    "player": "YossyHop",
    "player_location": "us",
    "region": "KOR / NTSC"
  },
  {
    "id": "mk2dp7vm",
    "player": "Jigzaw_Killer",
    "player_location": "ie",
    "region": null
  },
  {
    "id": "zqr98g5y",
    "player": "excd",
    "player_location": "us",
    "region": "USA / NTSC"
  },
  {
    "id": "y81xwv5z",
    "player": "subsoldier101",
    "player_location": "gb/eng",
    "region": "EUR / PAL"
  },
  {
    "id": "y6lxvdpy",
    "player": "MrOyadori",
    "player_location": "jp",
    "region": "JPN / NTSC"
  },
  {
    "id": "zgkqlrdy",
    "player": "Atymax",
    "player_location": "fr",
    "region": "JPN / NTSC"
  },
  {
    "id": "yojd06dm",
    "player": "BioEvilCVX",
    "player_location": "us",
    "region": "JPN / NTSC"
  },
  {
    "id": "m7qxn7ez",
    "player": "GirlGame12",
    "player_location": "fr",
    "region": "EUR / PAL"
  },
  {
    "id": "m31x074z",
    "player": "jujuscaf21",
    "player_location": "fr",
    "region": "EUR / PAL"
  },
  {
    "id": "y21e209z",
    "player": "CloneMarie",
    "player_location": "jp",
    "region": "JPN / NTSC"
  },
  {
    "id": "yv30lq6z",
    "player": "DazManianDevil",
    "player_location": "gb/eng",
    "region": "EUR / PAL"
  },
  {
    "id": "znrq273y",
    "player": "basam",
    "player_location": "sa",
    "region": null
  },
  {
    "id": "yl01dery",
    "player": "SethLeSepti\u00e8me",
    "player_location": "fr",
    "region": null
  },
  {
    "id": "zp4d62gz",
    "player": "DeanoWeb",
    "player_location": "gb/sct",
    "region": "EUR / PAL"
  },
  {
    "id": "y95xjlkz",
    "player": "Nasbi114514",
    "player_location": "jp",
    "region": "JPN / NTSC"
  },
  {
    "id": "z1jg929z",
    "player": "CHLi",
    "player_location": "tw",
    "region": null
  },
  {
    "id": "zxk8ql5m",
    "player": "NixIssues",
    "player_location": "us",
    "region": "JPN / NTSC"
  },
  {
    "id": "z57x8vnm",
    "player": "JMGderSchnitter",
    "player_location": "de",
    "region": "EUR / PAL"
  },
  {
    "id": "y21e2p9z",
    "player": "MrReign420",
    "player_location": "gb/eng",
    "region": "EUR / PAL"
  },
  {
    "id": "y95xd0vz",
    "player": "TheTrueArisen",
    "player_location": "gb",
    "region": "EUR / PAL"
  },
  {
    "id": "y25e555y",
    "player": "aaronruiz15",
    "player_location": "cr",
    "region": null
  },
  {
    "id": "y41vw6dy",
    "player": "kibowman",
    "player_location": "id",
    "region": "USA / NTSC"
  },
  {
    "id": "mk26v6xm",
    "player": "StripedPantsu",
    "player_location": "ar",
    "region": "USA / NTSC"
  },
  {
    "id": "mre31g8y",
    "player": "Grim_reaper",
    "player_location": "br",
    "region": null
  },
  {
    "id": "y4w9d0km",
    "player": "savagesaskatch",
    "player_location": "ca/qc",
    "region": "JPN / NTSC"
  },
  {
    "id": "z1x84vrm",
    "player": "swifty_schism",
    "player_location": "us",
    "region": "USA / NTSC"
  },
  {
    "id": "z15xvggy",
    "player": "LPsoldier0303",
    "player_location": "us",
    "region": "JPN / NTSC"
  },
  {
    "id": "m781q49z",
    "player": "CarePackage",
    "player_location": "us",
    "region": "JPN / NTSC"
  },
  {
    "id": "znk2pglz",
    "player": "marphoria",
    "player_location": "us",
    "region": "JPN / NTSC"
  },
  {
    "id": "y69w241y",
    "player": "nyiddle",
    "player_location": "us",
    "region": "JPN / NTSC"
  },
  {
    "id": "y65ep30z",
    "player": "Arvin_TheYellowHerb",
    "player_location": "ph",
    "region": null
  },
  {
    "id": "zqwdj7rz",
    "player": "Kingbigfoot0212",
    "player_location": "za",
    "region": null
  },
  {
    "id": "y8826g5y",
    "player": "SE7ENtotheA",
    "player_location": "kr",
    "region": "KOR / NTSC"
  },
  {
    "id": "yjgl4vny",
    "player": "Collin255",
    "player_location": "us",
    "region": "USA / NTSC"
  },
  {
    "id": "yv67qrxz",
    "player": "AragoldMate",
    "player_location": "gb",
    "region": "JPN / NTSC"
  },
  {
    "id": "zgv3l9vz",
    "player": "Jadusable2",
    "player_location": "us",
    "region": "JPN / NTSC"
  },
  {
    "id": "y6r50k0y",
    "player": "ian_BR",
    "player_location": "br",
    "region": "USA / NTSC"
  },
  {
    "id": "zxd2ex8y",
    "player": "loser0_",
    "player_location": "ie",
    "region": "JPN / NTSC"
  },
  {
    "id": "mk8vk5xm",
    "player": "YOLOO",
    "player_location": "fr",
    "region": "EUR / PAL"
  },
  {
    "id": "zqvjxxrm",
    "player": "konrad_22021",
    "player_location": "pl",
    "region": null
  },
  {
    "id": "y8rll3nm",
    "player": "Horizon",
    "player_location": "tr",
    "region": "USA / NTSC"
  },
  {
    "id": "m781v84z",
    "player": "GatesVarietyPack",
    "player_location": "us",
    "region": null
  },
  {
    "id": "y663j11y",
    "player": "massmass",
    "player_location": "ca",
    "region": null
  },
  {
    "id": "zqgvrvrm",
    "player": "NintenLew",
    "player_location": "gb/eng",
    "region": "EUR / PAL"
  },
  {
    "id": "zgxg82vm",
    "player": "mountain_gorilla",
    "player_location": "jp",
    "region": "JPN / NTSC"
  },
  {
    "id": "z50dvvny",
    "player": "Dans_Survival",
    "player_location": "us",
    "region": "USA / NTSC"
  },
  {
    "id": "z18pk5ry",
    "player": "NakaBraich",
    "player_location": "fr",
    "region": "EUR / PAL"
  },
  {
    "id": "ylon412y",
    "player": "skullspidey",
    "player_location": "ca",
    "region": "USA / NTSC"
  },
  {
    "id": "y20n61jm",
    "player": "Kaimairu",
    "player_location": "th",
    "region": "JPN / NTSC"
  },
  {
    "id": "y9n872rz",
    "player": "PeruanoTeemorato",
    "player_location": "pe",
    "region": "USA / NTSC"
  },
  {
    "id": "zgxjrjnm",
    "player": "HOLS_YOUTUBE",
    "player_location": "ru",
    "region": "EUR / PAL"
  },
  {
    "id": "y42d72qm",
    "player": "TheRewinderCC",
    "player_location": "gb/eng",
    "region": "JPN / NTSC"
  },
  {
    "id": "y8enrvxy",
    "player": "EthanWinters",
    "player_location": "br",
    "region": "JPN / NTSC"
  },
  {
    "id": "zp8p8lgy",
    "player": "BalvedaVex",
    "player_location": "us",
    "region": "JPN / NTSC"
  },
  {
    "id": "ywkj0l9y",
    "player": "LegacyGR",
    "player_location": "gr",
    "region": "JPN / NTSC"
  },
  {
    "id": "yv1e7qoy",
    "player": "Pointylegend_",
    "player_location": "gb/eng",
    "region": "EUR / PAL"
  },
  {
    "id": "z1x95nrm",
    "player": "antmas",
    "player_location": "us",
    "region": "USA / NTSC"
  },
  {
    "id": "y470npqy",
    "player": "Feradar",
    "player_location": "pl",
    "region": "EUR / PAL"
  },
  {
    "id": "ylr2282y",
    "player": "CrimsonVitale",
    "player_location": "us",
    "region": "USA / NTSC"
  },
  {
    "id": "zxlw6nkz",
    "player": "ZX-YINGZI",
    "player_location": "cn",
    "region": "JPN / NTSC"
  },
  {
    "id": "z0oq0voz",
    "player": "VanHelsing305",
    "player_location": "gb/eng",
    "region": "EUR / PAL"
  },
  {
    "id": "y9lp13ry",
    "player": "capow275",
    "player_location": "gb/eng",
    "region": "EUR / PAL"
  },
  {
    "id": "z127g39y",
    "player": "RhymeAVill",
    "player_location": "us",
    "region": "USA / NTSC"
  },
  {
    "id": "z0pwe58y",
    "player": "whoisCDF_",
    "player_location": "pt",
    "region": null
  },
  {
    "id": "z1p18jjz",
    "player": "Captain_Ezekiel",
    "player_location": "us",
    "region": "KOR / NTSC"
  },
  {
    "id": "z526w7ez",
    "player": "GroofyTuber",
    "player_location": "co",
    "region": "USA / NTSC"
  },
  {
    "id": "y88x391y",
    "player": "DominickKenedy",
    "player_location": "br",
    "region": null
  },
  {
    "id": "mkk1ko3m",
    "player": "BUNDAlovich",
    "player_location": "hr",
    "region": "EUR / PAL"
  },
  {
    "id": "z0l8g78z",
    "player": "Eternal_Blaze",
    "player_location": "us",
    "region": null
  },
  {
    "id": "y2er2v6y",
    "player": "iiDynastyFTW",
    "player_location": "us",
    "region": "JPN / NTSC"
  },
  {
    "id": "zq95245y",
    "player": "Stressure",
    "player_location": null,
    "region": "KOR / NTSC"
  },
  {
    "id": "y9670n2y",
    "player": "luk11",
    "player_location": null,
    "region": "USA / NTSC"
  }
]