[
  {
    "id": "pm33vnwm",
    "player": "dylaneka",
    "player_location": "fr",
    "region": "USA / NTSC"
  },
  {
    "id": "9mr8vvdy",
    "player": "flogoo",
    "player_location": "fr",
    "region": "USA / NTSC"
  },
  {
    "id": "emkqwqlm",
    "player": "Sm_Izumi",
    "player_location": "fr",
    "region": "USA / NTSC"
  },
  {
    "id": "7yl85knz",
    "player": "kirlimfaul",
    "player_location": "ru",
    "region": "USA / NTSC"
  },
  {
    "id": "mk9x801z",
    "player": "Kwata",
    "player_location": "ca",
    "region": "USA / NTSC"
  },
  {
    "id": "zxk8q5km",
    "player": "Twan",
    "player_location": "us",
    "region": "USA / NTSC"
  },
  {
    "id": "yj681onz",
    "player": "nero_takenoko",
    "player_location": "jp",
    "region": "JPN / NTSC"
  },
  {
    "id": "zno1w37y",
    "player": "SarthTheSnek",
    "player_location": "us",
    "region": "USA / NTSC"
  },
  {
    "id": "mkg8d55y",
    "player": "CociCookie",
    "player_location": "gb/eng",
    "region": "EUR / PAL"
  },
  {
    "id": "z0r4od8z",
    "player": "JackOfHearts",
    "player_location": "gb/eng",
    "region": "USA / NTSC"
  },
  {
    "id": "mkkl003m",
    "player": "MissScarletTanager",
    "player_location": "us",
    "region": "USA / NTSC"
  },
  {
    "id": "y27r879z",
    "player": "Punchy",
    "player_location": "gb/eng",
    "region": "EUR / PAL"
  },
  {
    "id": "y200rl5m",
    "player": "SirRetro91",
    "player_location": "gb/eng",
    "region": "USA / NTSC"
  },
  {
    "id": "y9vv8jkm",
    "player": "Kindabigdeal44",
    "player_location": "us",
    "region": "USA / NTSC"
  },
  {
    "id": "y8j5llwz",
    "player": "hansolo12",
    "player_location": "us",
    "region": "USA / NTSC"
  },
  {
    "id": "ydd65nvy",
    "player": "karmina",
    "player_location": "jp",
    "region": "JPN / NTSC"
  },
  {
    "id": "yopddjjm",
    "player": "Reverv",
    "player_location": "us",
    "region": "USA / NTSC"
  },
  {
    "id": "y2e9nrwy",
    "player": "triplzer0",
    "player_location": "us",
    "region": null
  }
]