[
  {
    "id": "yvg5rj8y",
    "player": "Jak8",
    "player_location": "us",
    "region": "USA / NTSC"
  },
  {
    "id": "y6lkl26y",
    "player": "29th_letter",
    "player_location": "us",
    "region": "USA / NTSC"
  },
  {
    "id": "zx6v6lqz",
    "player": "clarkjensen",
    "player_location": "us",
    "region": "USA / NTSC"
  },
  {
    "id": "me9xv70z",
    "player": "Jiblobnyan",
    "player_location": "us",
    "region": "USA / NTSC"
  },
  {
    "id": "mke147lm",
    "player": "HoonGoons",
    "player_location": "us",
    "region": "EUR / PAL"
  },
  {
    "id": "y6n0wp6z",
    "player": "Dunhaibee",
    "player_location": "nl",
    "region": "EUR / PAL"
  },
  {
    "id": "yjxe16dz",
    "player": "dripfinlay",
    "player_location": null,
    "region": "EUR / PAL"
  },
  {
    "id": "y6x4ll0y",
    "player": "Dilla",
    "player_location": "us",
    "region": "USA / NTSC"
  },
  {
    "id": "yd1x2x0y",
    "player": "_Goujon_",
    "player_location": "gb/eng",
    "region": "EUR / PAL"
  },
  {
    "id": "me12kl8y",
    "player": "IzzyHopeDolphin",
    "player_location": null,
    "region": "USA / NTSC"
  },
  {
    "id": "znqv6d7z",
    "player": "Selrun",
    "player_location": "us",
    "region": "USA / NTSC"
  }
]