[
  {
    "id": "9mrx0kdm",
    "player": "Anderson",
    "player_location": null,
    "region": "USA / NTSC"
  },
  {
    "id": "6yj976gz",
    "player": "Doppie",
    "player_location": "fr",
    "region": "USA / NTSC"
  },
  {
    "id": "zxvr7q5y",
    "player": "TheCrimsonDoll",
    "player_location": "bo",
    "region": "JPN / NTSC"
  },
  {
    "id": "y80qn3nm",
    "player": "WagnerBrasil",
    "player_location": "br",
    "region": "USA / NTSC"
  },
  {
    "id": "mrkewd2y",
    "player": "Luadveand",
    "player_location": "pe",
    "region": "USA / NTSC"
  },
  {
    "id": "y65d1nqz",
    "player": "astrofelipe",
    "player_location": "cl",
    "region": "JPN / NTSC"
  },
  {
    "id": "ylk2wvrz",
    "player": "MRSS",
    "player_location": "sv",
    "region": "JPN / NTSC"
  },
  {
    "id": "me69jn2z",
    "player": "WylAyres",
    "player_location": "br",
    "region": "JPN / NTSC"
  },
  {
    "id": "z53dgegy",
    "player": "FlowBeat",
    "player_location": "us",
    "region": "JPN / NTSC"
  },
  {
    "id": "zp9d52nm",
    "player": "ffrancob",
    "player_location": "ar",
    "region": "JPN / NTSC"
  },
  {
    "id": "ydw91pvm",
    "player": "lokisanchez",
    "player_location": "bo",
    "region": "USA / NTSC"
  },
  {
    "id": "mkeddgvm",
    "player": "Azzi",
    "player_location": "us",
    "region": "USA / NTSC"
  },
  {
    "id": "yopn1q7m",
    "player": "RAIGEKISGKPC11",
    "player_location": "bo",
    "region": "JPN / NTSC"
  },
  {
    "id": "m7xrg44y",
    "player": "DehBR",
    "player_location": "br",
    "region": "USA / NTSC"
  }
]