[
  {
    "id": "kz5vggjm",
    "player": "speedwerd",
    "player_location": "us",
    "region": "USA / NTSC"
  },
  {
    "id": "7ylexxxz",
    "player": "PhazonElite7",
    "player_location": null,
    "region": "USA / NTSC"
  },
  {
    "id": "emkne6lm",
    "player": "madlib",
    "player_location": null,
    "region": "USA / NTSC"
  },
  {
    "id": "z5o56o5y",
    "player": "Jefestrefe",
    "player_location": null,
    "region": "USA / NTSC"
  },
  {
    "id": "y45884km",
    "player": "Jesse_Lee",
    "player_location": "us",
    "region": "USA / NTSC"
  },
  {
    "id": "mrqpelgy",
    "player": "Witchs_Hex",
    "player_location": null,
    "region": "EUR / PAL"
  },
  {
    "id": "z05rn74m",
    "player": "Nicosar",
    "player_location": "au",
    "region": "EUR / PAL"
  },
  {
    "id": "mkdq42xy",
    "player": "Auchgard",
    "player_location": "us",
    "region": "USA / NTSC"
  }
]