[
  {
    "id": "y6pddppm",
    "player": "HooplaFish",
    "player_location": "us",
    "region": "USA / NTSC"
  },
  {
    "id": "y89vg5xm",
    "player": "Cmdr",
    "player_location": "us",
    "region": "USA / NTSC"
  },
  {
    "id": "zqw91o5z",
    "player": "nitramsic42",
    "player_location": "au",
    "region": "EUR / PAL"
  },
  {
    "id": "z5j8g4dm",
    "player": "kKr\u00e6s",
    "player_location": "no",
    "region": "USA / NTSC"
  },
  {
    "id": "yokpnl0z",
    "player": "Reni",
    "player_location": "pl",
    "region": "USA / NTSC"
  },
  {
    "id": "zp838ovy",
    "player": "Kenworth",
    "player_location": "ca",
    "region": null
  }
]