[
  {
    "id": "mk40grvy",
    "player": "BnH247",
    "player_location": null,
    "region": "USA / NTSC"
  },
  {
    "id": "mrq27gdy",
    "player": "SirFettsack",
    "player_location": "de",
    "region": null
  },
  {
    "id": "zq3kdj5y",
    "player": "i_Cal",
    "player_location": null,
    "region": "USA / NTSC"
  },
  {
    "id": "yo2qjd7z",
    "player": "THEpinknekos",
    "player_location": "us",
    "region": "USA / NTSC"
  },
  {
    "id": "yl4p3jxm",
    "player": "KazanDC",
    "player_location": "us",
    "region": "USA / NTSC"
  },
  {
    "id": "zp05oknm",
    "player": "PillowChrome",
    "player_location": "us",
    "region": "USA / NTSC"
  },
  {
    "id": "zgkk98ny",
    "player": "Bird650",
    "player_location": "us",
    "region": "USA / NTSC"
  },
  {
    "id": "yd65g3qz",
    "player": "kyourikey",
    "player_location": "jp",
    "region": "JPN / NTSC"
  },
  {
    "id": "yv9xgx6z",
    "player": "Avara_HA",
    "player_location": "us",
    "region": null
  }
]