[
  {
    "id": "mkkr601m",
    "player": "Ryz3xPW1",
    "player_location": "ru",
    "region": null
  },
  {
    "id": "m764dv0y",
    "player": "OGGbuda",
    "player_location": "ru",
    "region": null
  },
  {
    "id": "yd1q9xvy",
    "player": "Jaypin88",
    "player_location": "ca",
    "region": null
  },
  {
    "id": "y6x7e8jy",
    "player": "Kerius",
    "player_location": "ru",
    "region": "EUR / PAL"
  },
  {
    "id": "mkd4o31y",
    "player": "GrinRoll",
    "player_location": "ru",
    "region": "EUR / PAL"
  },
  {
    "id": "znq8lwlz",
    "player": "Cadro",
    "player_location": null,
    "region": "EUR / PAL"
  },
  {
    "id": "yjd4lx3y",
    "player": "PresetPad",
    "player_location": "cn",
    "region": "CHN / PAL"
  },
  {
    "id": "yw684e2m",
    "player": "Wacoman",
    "player_location": null,
    "region": "USA / NTSC"
  },
  {
    "id": "zq9wrw8y",
    "player": "Yanix",
    "player_location": "ml",
    "region": "EUR / PAL"
  },
  {
    "id": "y4xd543z",
    "player": "freeve4",
    "player_location": null,
    "region": "USA / NTSC"
  }
]