[
  {
    "id": "yjxrj9gz",
    "player": "afton67",
    "player_location": "us",
    "region": null
  },
  {
    "id": "m7wrgdwz",
    "player": "BandicootMan",
    "player_location": "ro",
    "region": null
  },
  {
    "id": "y8j5l7nz",
    "player": "ThisPlaceIsPoggers",
    "player_location": "ca",
    "region": null
  },
  {
    "id": "yvr9rjxz",
    "player": "Jaypin88",
    "player_location": "ca",
    "region": null
  },
  {
    "id": "y6xln36y",
    "player": "say00r1",
    "player_location": "aq",
    "region": null
  }
]