[
  {
    "id": "0y688ppz",
    "player": "JakatoXtra",
    "player_location": "us",
    "region": "USA / NTSC"
  },
  {
    "id": "zgnqr3dy",
    "player": "Sanjihimura",
    "player_location": "us",
    "region": "USA / NTSC"
  },
  {
    "id": "yj45jloy",
    "player": "fulgore",
    "player_location": "br",
    "region": "USA / NTSC"
  },
  {
    "id": "zx4rlvky",
    "player": "marco_battousai",
    "player_location": "br",
    "region": "EUR / PAL"
  },
  {
    "id": "zq3nge5y",
    "player": "Tenka",
    "player_location": "au",
    "region": "USA / NTSC"
  },
  {
    "id": "y6pw6o1m",
    "player": "Rox_Artur",
    "player_location": "br",
    "region": "USA / NTSC"
  },
  {
    "id": "y92qojrz",
    "player": "NerdyNester",
    "player_location": "us",
    "region": "USA / NTSC"
  },
  {
    "id": "zx4rkk8y",
    "player": "Chronodd",
    "player_location": "br",
    "region": "USA / NTSC"
  },
  {
    "id": "z1143q7z",
    "player": "Krayzar",
    "player_location": "us",
    "region": "EUR / PAL"
  },
  {
    "id": "yl7qkokm",
    "player": "packnerz",
    "player_location": "ph",
    "region": "USA / NTSC"
  },
  {
    "id": "mrr21l8m",
    "player": "FelipeNascimento83",
    "player_location": "br",
    "region": "USA / NTSC"
  }
]