[
  {
    "id": "0zne849z",
    "player": "legrandgrand",
    "player_location": "fr",
    "region": "EUR / PAL"
  },
  {
    "id": "9mr12e2z",
    "player": "Tompa",
    "player_location": "se",
    "region": "EUR / PAL"
  },
  {
    "id": "zq952qry",
    "player": "Blazeingphoenix",
    "player_location": "us",
    "region": "USA / NTSC"
  },
  {
    "id": "7z04e7ey",
    "player": "Mikesky",
    "player_location": "gb",
    "region": "EUR / PAL"
  },
  {
    "id": "yo4vlndm",
    "player": "Hornlitz",
    "player_location": "ca",
    "region": "USA / NTSC"
  },
  {
    "id": "zx4vwg8y",
    "player": "Nexlation",
    "player_location": "us",
    "region": "USA / NTSC"
  },
  {
    "id": "zxk7295m",
    "player": "Corgihero",
    "player_location": "us",
    "region": "USA / NTSC"
  },
  {
    "id": "y8xlv1dm",
    "player": "GZfuse",
    "player_location": null,
    "region": "JPN / NTSC"
  },
  {
    "id": "y95942rz",
    "player": "Gr4de",
    "player_location": "nl",
    "region": "EUR / PAL"
  },
  {
    "id": "yv32wpez",
    "player": "qazythehuman",
    "player_location": "us",
    "region": "JPN / NTSC"
  },
  {
    "id": "z507l55y",
    "player": "CopperHopper",
    "player_location": "ca",
    "region": "JPN / NTSC"
  },
  {
    "id": "y8rq23nm",
    "player": "pidgezz",
    "player_location": "gb/sct",
    "region": "EUR / PAL"
  },
  {
    "id": "y421j4dm",
    "player": "CannotTakeABreak",
    "player_location": null,
    "region": null
  },
  {
    "id": "y9xwq6vy",
    "player": "RedFrost",
    "player_location": "de",
    "region": "JPN / NTSC"
  },
  {
    "id": "yw0j8k3m",
    "player": "kakunpc",
    "player_location": "jp",
    "region": "JPN / NTSC"
  },
  {
    "id": "zx684q8z",
    "player": "floraberry",
    "player_location": null,
    "region": "JPN / NTSC"
  },
  {
    "id": "yjgprqgy",
    "player": "Ronano",
    "player_location": "fr",
    "region": "JPN / NTSC"
  },
  {
    "id": "zq1x119m",
    "player": "Okaito",
    "player_location": "de",
    "region": "EUR / PAL"
  },
  {
    "id": "ylrw1wky",
    "player": "Anorakkis",
    "player_location": "us",
    "region": "JPN / NTSC"
  },
  {
    "id": "zq0707xy",
    "player": "Allegro",
    "player_location": "us",
    "region": "JPN / NTSC"
  },
  {
    "id": "zgpx020z",
    "player": "RewanDemontay",
    "player_location": null,
    "region": "USA / NTSC"
  },
  {
    "id": "y2popv5z",
    "player": "stoic_rose",
    "player_location": "us",
    "region": "USA / NTSC"
  },
  {
    "id": "y802725m",
    "player": "A_pig_that_speedruns",
    "player_location": "gb",
    "region": "JPN / NTSC"
  }
]