[
  {
    "id": "kz5d85em",
    "player": "RubberDuckyAssassin",
    "player_location": "us",
    "region": "USA / NTSC"
  },
  {
    "id": "8m7q529z",
    "player": "devteam",
    "player_location": "us",
    "region": "USA / NTSC"
  },
  {
    "id": "7z01q8ey",
    "player": "Casusby",
    "player_location": "ca",
    "region": "USA / NTSC"
  },
  {
    "id": "0y69owjy",
    "player": "Xealous",
    "player_location": null,
    "region": "JPN / NTSC"
  },
  {
    "id": "9me1v98y",
    "player": "swordsmankirby",
    "player_location": "us",
    "region": "USA / NTSC"
  },
  {
    "id": "ywpd1n9z",
    "player": "LaurieDBunnykins",
    "player_location": "us",
    "region": "USA / NTSC"
  },
  {
    "id": "1zq7lw8m",
    "player": "Mumumu",
    "player_location": null,
    "region": "JPN / NTSC"
  },
  {
    "id": "y23pog9m",
    "player": "Demolition14",
    "player_location": "gb/eng",
    "region": "EUR / PAL"
  },
  {
    "id": "nz17vvrz",
    "player": "GloriousLiar",
    "player_location": "us",
    "region": "USA / NTSC"
  },
  {
    "id": "y8q20wdy",
    "player": "Agent_ATW",
    "player_location": "us",
    "region": "USA / NTSC"
  },
  {
    "id": "zn80po3z",
    "player": "MarioMan",
    "player_location": "us",
    "region": "USA / NTSC"
  },
  {
    "id": "zgnj27ey",
    "player": "Sayuri",
    "player_location": "us",
    "region": "USA / NTSC"
  },
  {
    "id": "mrepo74y",
    "player": "negurusii",
    "player_location": "jp",
    "region": "JPN / NTSC"
  },
  {
    "id": "yj6nj07z",
    "player": "shirokirby",
    "player_location": "jp",
    "region": "JPN / NTSC"
  },
  {
    "id": "mk7j0k3y",
    "player": "Craftygamers411",
    "player_location": "ca",
    "region": "USA / NTSC"
  },
  {
    "id": "me3ewxqz",
    "player": "Rox",
    "player_location": "us",
    "region": "USA / NTSC"
  }
]