[
  {
    "id": "m7g3g2wm",
    "player": "J0nny0",
    "player_location": null,
    "region": "JPN / NTSC"
  },
  {
    "id": "yo3rev5y",
    "player": "BostonBrew",
    "player_location": "us",
    "region": "JPN / NTSC"
  },
  {
    "id": "zxlwg6ez",
    "player": "eagleowl",
    "player_location": "ca",
    "region": "JPN / NTSC"
  },
  {
    "id": "zgxe9dvm",
    "player": "Pok\u00e9si",
    "player_location": "au",
    "region": "EUR / PAL"
  },
  {
    "id": "yw0w2l9m",
    "player": "AslanTZ",
    "player_location": "tr",
    "region": "USA / NTSC"
  },
  {
    "id": "zn1ll8lm",
    "player": "DuckiestTree97",
    "player_location": "us",
    "region": "USA / NTSC"
  },
  {
    "id": "y8e53e5y",
    "player": "Lycanroc_YT",
    "player_location": "us",
    "region": "USA / NTSC"
  },
  {
    "id": "zgdp85jz",
    "player": "FrostySR",
    "player_location": null,
    "region": "JPN / NTSC"
  },
  {
    "id": "y2ew349y",
    "player": "Glitchedblood",
    "player_location": "us",
    "region": "USA / NTSC"
  },
  {
    "id": "ywv18o3z",
    "player": "jensj56",
    "player_location": "nl",
    "region": "EUR / PAL"
  }
]