[
  {
    "id": "kz5kl25z",
    "player": "joshtakovich",
    "player_location": "us",
    "region": "USA / NTSC"
  },
  {
    "id": "0y6qgvqz",
    "player": "RileySkye100",
    "player_location": null,
    "region": "USA / NTSC"
  },
  {
    "id": "dy46jpnz",
    "player": "Laud",
    "player_location": "us",
    "region": "USA / NTSC"
  },
  {
    "id": "y822l9dy",
    "player": "Ophi",
    "player_location": "us",
    "region": "USA / NTSC"
  },
  {
    "id": "yj64gqoz",
    "player": "Retroid99",
    "player_location": "nz",
    "region": "JPN / NTSC"
  },
  {
    "id": "zpr0ljnm",
    "player": "DemonicRobots",
    "player_location": "us",
    "region": "USA / NTSC"
  },
  {
    "id": "y8j2p0nz",
    "player": "Starwin",
    "player_location": "us",
    "region": "USA / NTSC"
  }
]