[
  {
    "id": "pzgk1njy",
    "player": "Dyceron",
    "player_location": "us",
    "region": "JPN / NTSC"
  },
  {
    "id": "pzgk1x0y",
    "player": "RaikouRider",
    "player_location": "us",
    "region": "USA / NTSC"
  },
  {
    "id": "6yjlevoz",
    "player": "SegaJunkie",
    "player_location": "au",
    "region": "JPN / NTSC"
  },
  {
    "id": "wzpro5xm",
    "player": "Wawlconut",
    "player_location": null,
    "region": "USA / NTSC"
  },
  {
    "id": "pzgw0njy",
    "player": "MBisonFut\u00e9",
    "player_location": "fr",
    "region": "JPN / NTSC"
  },
  {
    "id": "7z07kxey",
    "player": "Sharky2107",
    "player_location": "us",
    "region": "USA / NTSC"
  },
  {
    "id": "oy284j7y",
    "player": "Supreme",
    "player_location": "us",
    "region": "JPN / NTSC"
  },
  {
    "id": "y9236nkz",
    "player": "emptysys",
    "player_location": "zw",
    "region": "JPN / NTSC"
  },
  {
    "id": "y95q3wez",
    "player": "dna423",
    "player_location": "eu",
    "region": "JPN / NTSC"
  },
  {
    "id": "mke2d3lm",
    "player": "Niamek",
    "player_location": "ca",
    "region": "JPN / NTSC"
  },
  {
    "id": "me6g9d3z",
    "player": "MotoKong",
    "player_location": "us",
    "region": "USA / NTSC"
  },
  {
    "id": "y2xgo17m",
    "player": "AsneL",
    "player_location": "jp",
    "region": "JPN / NTSC"
  },
  {
    "id": "z5241kgz",
    "player": "RawkinJawsh",
    "player_location": "us",
    "region": "JPN / NTSC"
  },
  {
    "id": "mr6gjodm",
    "player": "SilentWolf",
    "player_location": "us",
    "region": "JPN / NTSC"
  },
  {
    "id": "yl1jr3km",
    "player": "MozzarellaCheez",
    "player_location": "us",
    "region": null
  }
]