[
  {
    "id": "9mrvqdgz",
    "player": "Megami_infini",
    "player_location": "pl",
    "region": "USA / NTSC"
  },
  {
    "id": "wzpg1prz",
    "player": "Mikebloke",
    "player_location": "gb/eng",
    "region": "EUR / PAL"
  },
  {
    "id": "nz1lqj7m",
    "player": "Jiseed",
    "player_location": "ca",
    "region": "USA / NTSC"
  },
  {
    "id": "y928q72z",
    "player": "LadyStarbird",
    "player_location": "us",
    "region": "USA / NTSC"
  },
  {
    "id": "zg7wl6ez",
    "player": "1jovemtr00",
    "player_location": "br",
    "region": "USA / NTSC"
  },
  {
    "id": "yo2o1q0z",
    "player": "veo_",
    "player_location": null,
    "region": "USA / NTSC"
  },
  {
    "id": "mr825d8y",
    "player": "PeteDorr",
    "player_location": "us",
    "region": "USA / NTSC"
  },
  {
    "id": "ylk0j0xz",
    "player": "Devonathan",
    "player_location": "us",
    "region": "USA / NTSC"
  },
  {
    "id": "y255716y",
    "player": "joekhul",
    "player_location": null,
    "region": "USA / NTSC"
  },
  {
    "id": "zgxnrdvm",
    "player": "Ashrum54",
    "player_location": "ca",
    "region": "USA / NTSC"
  },
  {
    "id": "z504pqgy",
    "player": "Kalbelgarion",
    "player_location": "us",
    "region": "USA / NTSC"
  },
  {
    "id": "m3lo6qqm",
    "player": "Ziggy7Z",
    "player_location": "ca/qc",
    "region": "JPN / NTSC"
  },
  {
    "id": "mroe0o8m",
    "player": "Nimn_One",
    "player_location": "se",
    "region": "EUR / PAL"
  }
]