[
  {
    "id": "6yjg6jgy",
    "player": "SpeedySPCFan",
    "player_location": "us",
    "region": null
  },
  {
    "id": "m7q830ez",
    "player": "SMP",
    "player_location": "us",
    "region": "USA / NTSC"
  },
  {
    "id": "y97nqkvm",
    "player": "thk573",
    "player_location": "us",
    "region": "USA / NTSC"
  },
  {
    "id": "yvg8opey",
    "player": "Zwataketa",
    "player_location": "us",
    "region": null
  },
  {
    "id": "yw1nqwpz",
    "player": "MelonSlice",
    "player_location": "gb/sct",
    "region": null
  },
  {
    "id": "y21v74wz",
    "player": "EddventureTime58",
    "player_location": "gb/sct",
    "region": "EUR / PAL"
  },
  {
    "id": "z5708vgm",
    "player": "plank",
    "player_location": "kr",
    "region": "USA / NTSC"
  },
  {
    "id": "zn17ox9m",
    "player": "izanagifonfabre",
    "player_location": "ar",
    "region": "USA / NTSC"
  }
]