[
  {
    "id": "zn8j248z",
    "player": "GaryJ",
    "player_location": "us",
    "region": "USA / NTSC"
  },
  {
    "id": "mekw429m",
    "player": "limga",
    "player_location": "ph",
    "region": "USA / NTSC"
  },
  {
    "id": "yojq547m",
    "player": "Kory_",
    "player_location": "us",
    "region": "USA / NTSC"
  },
  {
    "id": "y67o2vqm",
    "player": "piner",
    "player_location": "us",
    "region": "USA / NTSC"
  },
  {
    "id": "zqwj9l8z",
    "player": "zoomsuper",
    "player_location": "us",
    "region": "USA / NTSC"
  },
  {
    "id": "zn8qq83z",
    "player": "Zrbi",
    "player_location": "ee",
    "region": "EUR / PAL"
  },
  {
    "id": "yvge16ey",
    "player": "Astrobear24",
    "player_location": "us",
    "region": "USA / NTSC"
  },
  {
    "id": "yl03w9ry",
    "player": "LadyAzura",
    "player_location": "us",
    "region": "USA / NTSC"
  },
  {
    "id": "z57vernm",
    "player": "AvengedWerehog",
    "player_location": "au",
    "region": "EUR / PAL"
  },
  {
    "id": "yv6x0d4z",
    "player": "TTVThermiter2006",
    "player_location": "gb/eng",
    "region": null
  },
  {
    "id": "yo3n121y",
    "player": "Polonxy",
    "player_location": "ca",
    "region": "USA / NTSC"
  },
  {
    "id": "zp3njonm",
    "player": "OdaNobunaga",
    "player_location": null,
    "region": "USA / NTSC"
  },
  {
    "id": "zgx2oxvm",
    "player": "PoisonJam",
    "player_location": "us",
    "region": "USA / NTSC"
  },
  {
    "id": "yv1d86oy",
    "player": "OzoneNeutral",
    "player_location": "us",
    "region": "USA / NTSC"
  },
  {
    "id": "mr75l6gz",
    "player": "SenorPenor282",
    "player_location": "nl",
    "region": "USA / NTSC"
  },
  {
    "id": "y20rdn6m",
    "player": "pokmons222",
    "player_location": "us",
    "region": "USA / NTSC"
  },
  {
    "id": "y88d8dny",
    "player": "Nivekublue",
    "player_location": "bg",
    "region": "EUR / PAL"
  },
  {
    "id": "yvr04pxz",
    "player": "Omegas",
    "player_location": "us",
    "region": "USA / NTSC"
  }
]