[
  {
    "id": "zqg11x8m",
    "player": "RayGirl0712",
    "player_location": "my",
    "region": "USA / NTSC"
  },
  {
    "id": "yj16847y",
    "player": "DarkSonicFantasy",
    "player_location": "no",
    "region": "EUR / PAL"
  },
  {
    "id": "z5r08kgy",
    "player": "cirty_09",
    "player_location": "it",
    "region": "JPN / NTSC"
  },
  {
    "id": "ylqkj12z",
    "player": "Jimcarona",
    "player_location": "mx",
    "region": "USA / NTSC"
  },
  {
    "id": "mr1xkgdz",
    "player": "Olavi",
    "player_location": "kr",
    "region": "JPN / NTSC"
  },
  {
    "id": "zx7q21qy",
    "player": "RipperRooTMUF",
    "player_location": "fr",
    "region": "USA / NTSC"
  }
]