[
  {
    "id": "yvg03e6y",
    "player": "CardsOfTheHeart",
    "player_location": "us",
    "region": "USA / NTSC"
  },
  {
    "id": "y6p79npm",
    "player": "LarviStar",
    "player_location": "us",
    "region": "USA / NTSC"
  },
  {
    "id": "y927veez",
    "player": "nick666101",
    "player_location": "nl",
    "region": "EUR / PAL"
  },
  {
    "id": "m7qv775z",
    "player": "MichelleDB",
    "player_location": null,
    "region": "EUR / PAL"
  },
  {
    "id": "meovjl3z",
    "player": "Crrool",
    "player_location": "nl",
    "region": "USA / NTSC"
  },
  {
    "id": "yw8d1x9y",
    "player": "Sklitterbeer",
    "player_location": "lu",
    "region": "EUR / PAL"
  },
  {
    "id": "yw8qjj0y",
    "player": "Wh0misDS",
    "player_location": "us",
    "region": "USA / NTSC"
  }
]