[
  {
    "id": "mek2xkqm",
    "player": "Seth_K20",
    "player_location": "us",
    "region": null
  },
  {
    "id": "mk930gvz",
    "player": "DJB241",
    "player_location": null,
    "region": "EUR / PAL"
  },
  {
    "id": "mr86wdgy",
    "player": "drowelf23",
    "player_location": "us",
    "region": "USA / NTSC"
  },
  {
    "id": "z01g4xoy",
    "player": "InfinityGene",
    "player_location": "gb/eng",
    "region": "USA / NTSC"
  },
  {
    "id": "y8v6vkwz",
    "player": "Joester98",
    "player_location": "us",
    "region": "USA / NTSC"
  },
  {
    "id": "m7dkkj5m",
    "player": "keffmolly",
    "player_location": "us",
    "region": null
  },
  {
    "id": "y208dgwm",
    "player": "Kuro_Usagi",
    "player_location": "kp",
    "region": "USA / NTSC"
  }
]