[
  {
    "id": "z1j85vjz",
    "player": "manticor5",
    "player_location": "cl",
    "region": "USA / NTSC"
  },
  {
    "id": "z05d0d9m",
    "player": "Dumple",
    "player_location": "us",
    "region": "USA / NTSC"
  },
  {
    "id": "yo32091y",
    "player": "INNUENDO_DF",
    "player_location": "br",
    "region": "USA / NTSC"
  },
  {
    "id": "zn7djn8m",
    "player": "Sathdresh",
    "player_location": "us",
    "region": "USA / NTSC"
  },
  {
    "id": "z1gk4w7z",
    "player": "KumaKhan22",
    "player_location": "us",
    "region": "USA / NTSC"
  }
]