[
  {
    "id": "yjk58pdm",
    "player": "RetroGamingVideos",
    "player_location": null,
    "region": "USA / NTSC"
  },
  {
    "id": "zgnr2pey",
    "player": "Rinat Games",
    "player_location": null,
    "region": "KOR / NTSC"
  },
  {
    "id": "mek4e30m",
    "player": "\u0427\u0435\u0448\u0438\u0440 \u041a\u043e\u0442\u043e\u0432\u0441\u043a\u0438\u0439",
    "player_location": null,
    "region": "USA / NTSC"
  },
  {
    "id": "yj4j1l3y",
    "player": "PeteDorr",
    "player_location": "us",
    "region": "USA / NTSC"
  },
  {
    "id": "ywdede2z",
    "player": "falseigabod",
    "player_location": null,
    "region": "USA / NTSC"
  }
]