[
  {
    "id": "z5d3r7em",
    "player": "padics",
    "player_location": "jp",
    "region": null
  },
  {
    "id": "zn74xw3m",
    "player": "Stosta",
    "player_location": "be",
    "region": "EUR / PAL"
  },
  {
    "id": "yle6k3rz",
    "player": "Tiger856",
    "player_location": "us",
    "region": "USA / NTSC"
  },
  {
    "id": "zn725v3m",
    "player": "TitanMoth",
    "player_location": null,
    "region": "USA / NTSC"
  },
  {
    "id": "y8x5gv1m",
    "player": "NinpoManiac",
    "player_location": "us",
    "region": "USA / NTSC"
  },
  {
    "id": "yv00epez",
    "player": "Caveman0426",
    "player_location": null,
    "region": "USA / NTSC"
  },
  {
    "id": "y2e89d7y",
    "player": "bonobo22",
    "player_location": "be",
    "region": "EUR / PAL"
  },
  {
    "id": "y801l21m",
    "player": "shanhallwriter",
    "player_location": "ca",
    "region": null
  },
  {
    "id": "yol3715y",
    "player": "Dewmsdeh",
    "player_location": "ca",
    "region": null
  }
]