[
  {
    "id": "0y6k00z7",
    "player": "cooltrainermichael",
    "player_location": null,
    "region": null
  },
  {
    "id": "0y6k0qz7",
    "player": "KUSH_N_NEWPORTS",
    "player_location": null,
    "region": "USA / NTSC"
  },
  {
    "id": "8y858wy1",
    "player": "Maquina_azul30",
    "player_location": "mx",
    "region": "USA / NTSC"
  },
  {
    "id": "8yvwrxmo",
    "player": "Zatherwrath",
    "player_location": null,
    "region": null
  },
  {
    "id": "0zndp9mn",
    "player": "Darkalber",
    "player_location": "mx",
    "region": null
  },
  {
    "id": "6yjnp7md",
    "player": "Tigerkyle1",
    "player_location": "us",
    "region": null
  },
  {
    "id": "pzg4p0z2",
    "player": "Luminexi",
    "player_location": null,
    "region": null
  },
  {
    "id": "zpqwkvny",
    "player": "Darkceo",
    "player_location": "sv",
    "region": "USA / NTSC"
  },
  {
    "id": "9yo1p1mx",
    "player": "heero_fred",
    "player_location": "mx",
    "region": "USA / NTSC"
  },
  {
    "id": "pydqlgwm",
    "player": "nekustargamer",
    "player_location": "us",
    "region": "USA / NTSC"
  },
  {
    "id": "0y67j9qm",
    "player": "Serph_exe",
    "player_location": "us",
    "region": "USA / NTSC"
  },
  {
    "id": "2ywpe83z",
    "player": "tattmaylor",
    "player_location": "us",
    "region": "USA / NTSC"
  },
  {
    "id": "8y8928xm",
    "player": "Lightning55",
    "player_location": "us",
    "region": "USA / NTSC"
  },
  {
    "id": "8yvjw68y",
    "player": "TheAJJohnson",
    "player_location": "us",
    "region": "USA / NTSC"
  },
  {
    "id": "pyd635vz",
    "player": "alucardtheotaku",
    "player_location": "us",
    "region": "USA / NTSC"
  },
  {
    "id": "1zqrr3xy",
    "player": "shigoninja",
    "player_location": "us",
    "region": "USA / NTSC"
  },
  {
    "id": "yd06n8xz",
    "player": "werster",
    "player_location": "au",
    "region": "USA / NTSC"
  },
  {
    "id": "7z0521jm",
    "player": "nemesiscx3",
    "player_location": "us",
    "region": "USA / NTSC"
  },
  {
    "id": "7ylv8n3m",
    "player": "ChaoticHoundoom",
    "player_location": "us",
    "region": "USA / NTSC"
  },
  {
    "id": "7z06n34z",
    "player": "everlastingwind",
    "player_location": null,
    "region": "USA / NTSC"
  },
  {
    "id": "y67x1x1m",
    "player": "xenyztw",
    "player_location": "fr",
    "region": "USA / NTSC"
  },
  {
    "id": "oy2xw87m",
    "player": "Pokehero",
    "player_location": "us",
    "region": "USA / NTSC"
  },
  {
    "id": "mk297l5m",
    "player": "crystalmond",
    "player_location": "de",
    "region": "USA / NTSC"
  },
  {
    "id": "kz5v1xem",
    "player": "Rykirel",
    "player_location": "ca",
    "region": "USA / NTSC"
  },
  {
    "id": "9me4w73y",
    "player": "eddaket",
    "player_location": "us",
    "region": "USA / NTSC"
  },
  {
    "id": "oy27n9jz",
    "player": "Matoi",
    "player_location": "us",
    "region": "USA / NTSC"
  },
  {
    "id": "1zq04n5y",
    "player": "zewing",
    "player_location": "us",
    "region": "USA / NTSC"
  },
  {
    "id": "0zn76g7m",
    "player": "HeroProc",
    "player_location": "us",
    "region": "USA / NTSC"
  },
  {
    "id": "kz52ke5z",
    "player": "Crrool",
    "player_location": "nl",
    "region": "USA / NTSC"
  },
  {
    "id": "7yl7jlnm",
    "player": "JTMagicman",
    "player_location": "au",
    "region": null
  },
  {
    "id": "9mrrje4m",
    "player": "360Chrism",
    "player_location": "de",
    "region": "USA / NTSC"
  },
  {
    "id": "wzpd4grz",
    "player": "Lighthund",
    "player_location": "fr",
    "region": "USA / NTSC"
  },
  {
    "id": "0znjn18m",
    "player": "jakehathaway",
    "player_location": "us",
    "region": "USA / NTSC"
  },
  {
    "id": "0y6vd9qm",
    "player": "sk84uhlivin",
    "player_location": "us",
    "region": "USA / NTSC"
  },
  {
    "id": "pzgo6qjm",
    "player": "JazzyChoi1991",
    "player_location": "gb/eng",
    "region": "USA / NTSC"
  },
  {
    "id": "6yj9jeoz",
    "player": "gchierico91",
    "player_location": "us",
    "region": "USA / NTSC"
  },
  {
    "id": "mk88431m",
    "player": "kalarse",
    "player_location": "uy",
    "region": "USA / NTSC"
  },
  {
    "id": "mek70g2m",
    "player": "Alphena",
    "player_location": "us",
    "region": "USA / NTSC"
  },
  {
    "id": "y6p9566m",
    "player": "m0m0",
    "player_location": "de",
    "region": "USA / NTSC"
  },
  {
    "id": "pzg5wrdy",
    "player": "lEternalDarkness",
    "player_location": "us",
    "region": "USA / NTSC"
  },
  {
    "id": "1zx1nj5y",
    "player": "Weasel",
    "player_location": "de",
    "region": "EUR / PAL"
  },
  {
    "id": "9mr3k82m",
    "player": "Letsklay",
    "player_location": "de",
    "region": "USA / NTSC"
  },
  {
    "id": "6yjn2egm",
    "player": "Inducted",
    "player_location": "us",
    "region": "USA / NTSC"
  },
  {
    "id": "1zqxng1y",
    "player": "ZEN_Ivan",
    "player_location": "ru",
    "region": "USA / NTSC"
  },
  {
    "id": "1zxe1pqm",
    "player": "Rokyd",
    "player_location": "ca",
    "region": "USA / NTSC"
  },
  {
    "id": "mekkj69m",
    "player": "Tookieman",
    "player_location": null,
    "region": "USA / NTSC"
  },
  {
    "id": "mekx169m",
    "player": "griffinboy775",
    "player_location": "us",
    "region": "USA / NTSC"
  },
  {
    "id": "y812d25z",
    "player": "Silo_Simon",
    "player_location": null,
    "region": "USA / NTSC"
  },
  {
    "id": "z0e59r9m",
    "player": "Pinkpanther01",
    "player_location": "us",
    "region": "USA / NTSC"
  },
  {
    "id": "yw168xpz",
    "player": "Revven",
    "player_location": "us",
    "region": "USA / NTSC"
  },
  {
    "id": "zn8no18z",
    "player": "chillmagic420",
    "player_location": "us",
    "region": "USA / NTSC"
  },
  {
    "id": "zq61nlry",
    "player": "Xita",
    "player_location": "nl",
    "region": "EUR / PAL"
  },
  {
    "id": "yl9r02ky",
    "player": "JJ",
    "player_location": "us",
    "region": "USA / NTSC"
  },
  {
    "id": "m7968ewy",
    "player": "Mergy",
    "player_location": "de",
    "region": "USA / NTSC"
  },
  {
    "id": "yv3w4g4z",
    "player": "BadNewsNate",
    "player_location": "us",
    "region": "USA / NTSC"
  },
  {
    "id": "y67e1v6m",
    "player": "Kane42069",
    "player_location": "us",
    "region": "USA / NTSC"
  },
  {
    "id": "zn8v0w7z",
    "player": "DillonIsMyName",
    "player_location": "gb/eng",
    "region": null
  },
  {
    "id": "y67v3v6m",
    "player": "ItsSweetJP",
    "player_location": "us",
    "region": "USA / NTSC"
  },
  {
    "id": "y45ll6qm",
    "player": "taitaylor",
    "player_location": "gb/sct",
    "region": "EUR / PAL"
  },
  {
    "id": "yl9xdqny",
    "player": "ali",
    "player_location": "us",
    "region": "USA / NTSC"
  },
  {
    "id": "y97drr2m",
    "player": "1davidj",
    "player_location": "us",
    "region": "USA / NTSC"
  },
  {
    "id": "y97w1eem",
    "player": "TheFrozenGlaceon",
    "player_location": "us",
    "region": "USA / NTSC"
  },
  {
    "id": "zxvpdjey",
    "player": "Kaitou_Monkey",
    "player_location": "us",
    "region": "USA / NTSC"
  },
  {
    "id": "zpqvnjny",
    "player": "SilentWolf",
    "player_location": "us",
    "region": "USA / NTSC"
  },
  {
    "id": "z51e8ljm",
    "player": "StaticG703",
    "player_location": "ca",
    "region": "USA / NTSC"
  },
  {
    "id": "yw176x0z",
    "player": "Smartball",
    "player_location": "us",
    "region": "USA / NTSC"
  },
  {
    "id": "y97rgpnm",
    "player": "TonisBolognis",
    "player_location": "us",
    "region": "USA / NTSC"
  },
  {
    "id": "y8q5p0ny",
    "player": "steppehaan",
    "player_location": "nl",
    "region": "EUR / PAL"
  },
  {
    "id": "yw4rlvpz",
    "player": "Joschm4n",
    "player_location": "de",
    "region": "USA / NTSC"
  },
  {
    "id": "y922p6nz",
    "player": "DAVIIID",
    "player_location": "de",
    "region": "USA / NTSC"
  },
  {
    "id": "y6pp190m",
    "player": "mercredi",
    "player_location": "ca",
    "region": "USA / NTSC"
  },
  {
    "id": "yj46x8dy",
    "player": "MereMortem",
    "player_location": "ca",
    "region": "USA / NTSC"
  },
  {
    "id": "yo27v20z",
    "player": "Nix64",
    "player_location": "us",
    "region": "USA / NTSC"
  },
  {
    "id": "y43rg8dz",
    "player": "s1deburns",
    "player_location": "us",
    "region": "USA / NTSC"
  },
  {
    "id": "zgk405vy",
    "player": "GetLow",
    "player_location": "us",
    "region": null
  },
  {
    "id": "z51d6pnm",
    "player": "Chikorita",
    "player_location": "us",
    "region": "JPN / NTSC"
  },
  {
    "id": "me8jg22m",
    "player": "YarvishSaseko",
    "player_location": "jp",
    "region": "JPN / NTSC"
  },
  {
    "id": "z03j9vez",
    "player": "GreenBomber",
    "player_location": "us",
    "region": "USA / NTSC"
  },
  {
    "id": "y89ko6dm",
    "player": "Juanlyways",
    "player_location": "ar",
    "region": "USA / NTSC"
  },
  {
    "id": "mk9pqn5z",
    "player": "doctor_sprinkles",
    "player_location": "us",
    "region": "USA / NTSC"
  },
  {
    "id": "zx4jq1qy",
    "player": "SnubbyKing",
    "player_location": "us",
    "region": "USA / NTSC"
  },
  {
    "id": "zp0xkerm",
    "player": "ThePlumberHimself",
    "player_location": "nl",
    "region": "EUR / PAL"
  },
  {
    "id": "y259xg9y",
    "player": "dunewacky",
    "player_location": "us",
    "region": "USA / NTSC"
  },
  {
    "id": "mex6ex8z",
    "player": "BananaBoatKid",
    "player_location": "us",
    "region": "USA / NTSC"
  },
  {
    "id": "yj33qe3z",
    "player": "Purple",
    "player_location": "gb/wls",
    "region": "USA / NTSC"
  },
  {
    "id": "z5j28vnm",
    "player": "Wh0misDS",
    "player_location": "us",
    "region": "USA / NTSC"
  },
  {
    "id": "zqwv6lxz",
    "player": "onzario",
    "player_location": "us",
    "region": "USA / NTSC"
  },
  {
    "id": "zxkvjlgm",
    "player": "Boo",
    "player_location": "is",
    "region": "USA / NTSC"
  },
  {
    "id": "z57je0em",
    "player": "GZ",
    "player_location": null,
    "region": "JPN / NTSC"
  },
  {
    "id": "y41eg2ny",
    "player": "MADzenith",
    "player_location": null,
    "region": "USA / NTSC"
  },
  {
    "id": "y6l6e7qy",
    "player": "PulseEffects",
    "player_location": "us",
    "region": "USA / NTSC"
  },
  {
    "id": "z05rlw8m",
    "player": "ScotchandTieGuy",
    "player_location": "us",
    "region": "USA / NTSC"
  },
  {
    "id": "m7q7r85z",
    "player": "Cosmo",
    "player_location": "ca",
    "region": "USA / NTSC"
  },
  {
    "id": "mkk327vm",
    "player": "quo",
    "player_location": "ca",
    "region": "USA / NTSC"
  },
  {
    "id": "z1jqk7jz",
    "player": "Zzythiir",
    "player_location": "us",
    "region": "USA / NTSC"
  },
  {
    "id": "yl0699xy",
    "player": "angry_canadian",
    "player_location": "ca",
    "region": "USA / NTSC"
  },
  {
    "id": "y6l25r0y",
    "player": "DaymanAAA",
    "player_location": "us",
    "region": "USA / NTSC"
  },
  {
    "id": "y41ol1ny",
    "player": "cambosteve",
    "player_location": "us",
    "region": "USA / NTSC"
  },
  {
    "id": "m7qn759z",
    "player": "xNose",
    "player_location": "ca",
    "region": "USA / NTSC"
  },
  {
    "id": "yv3lqxez",
    "player": "PittiRage",
    "player_location": "de",
    "region": "EUR / PAL"
  },
  {
    "id": "yd6ngp0z",
    "player": "Kingof3s28",
    "player_location": "us",
    "region": "USA / NTSC"
  },
  {
    "id": "yl766qkm",
    "player": "CharlyALED",
    "player_location": "fr",
    "region": "USA / NTSC"
  },
  {
    "id": "zp4o1nvz",
    "player": "theifatman",
    "player_location": "us",
    "region": "USA / NTSC"
  },
  {
    "id": "y2x79kjm",
    "player": "TheRetroPrime",
    "player_location": "gb/eng",
    "region": "USA / NTSC"
  },
  {
    "id": "z15d6vry",
    "player": "Derekku",
    "player_location": "us",
    "region": "USA / NTSC"
  },
  {
    "id": "ylkol5nz",
    "player": "GetSmiggy",
    "player_location": "us",
    "region": "USA / NTSC"
  },
  {
    "id": "zgrw2lvm",
    "player": "the_dunsparce_dudes",
    "player_location": "us",
    "region": "USA / NTSC"
  },
  {
    "id": "yw8jdp0y",
    "player": "skateman222",
    "player_location": "ca/qc",
    "region": "USA / NTSC"
  },
  {
    "id": "m353owwy",
    "player": "MaxClash101",
    "player_location": "us",
    "region": "USA / NTSC"
  },
  {
    "id": "y93o242y",
    "player": "Kidrocker96",
    "player_location": "us",
    "region": "USA / NTSC"
  },
  {
    "id": "yjlwp27z",
    "player": "randalleatscheese",
    "player_location": "us",
    "region": "USA / NTSC"
  },
  {
    "id": "yokoj61z",
    "player": "PicklePlop",
    "player_location": "us",
    "region": "USA / NTSC"
  },
  {
    "id": "z05j36jm",
    "player": "Headbob",
    "player_location": "us",
    "region": "USA / NTSC"
  },
  {
    "id": "yv6vdv6z",
    "player": "tectectectec",
    "player_location": "de",
    "region": "USA / NTSC"
  },
  {
    "id": "y4e3j13m",
    "player": "jyash4",
    "player_location": "us",
    "region": "USA / NTSC"
  },
  {
    "id": "m3gr8jwz",
    "player": "CFCsales",
    "player_location": "gb/eng",
    "region": null
  },
  {
    "id": "y2e3d0wy",
    "player": "pokeguy",
    "player_location": "us",
    "region": "USA / NTSC"
  },
  {
    "id": "yvq4544m",
    "player": "Vitoamiibo",
    "player_location": "us",
    "region": "USA / NTSC"
  },
  {
    "id": "y66d9kjy",
    "player": "Mr.Pitts",
    "player_location": "us",
    "region": "USA / NTSC"
  },
  {
    "id": "yw08kr0m",
    "player": "LonLonAH",
    "player_location": "us",
    "region": "USA / NTSC"
  },
  {
    "id": "z060ke8z",
    "player": "TheGamingDruid",
    "player_location": "us",
    "region": "USA / NTSC"
  },
  {
    "id": "y8d680xz",
    "player": "Canadian_Major",
    "player_location": "ca",
    "region": "USA / NTSC"
  },
  {
    "id": "y2x9529m",
    "player": "be_be_be_",
    "player_location": "jp",
    "region": "JPN / NTSC"
  },
  {
    "id": "ylqn5gxz",
    "player": "HuckFin_94",
    "player_location": "us",
    "region": "USA / NTSC"
  },
  {
    "id": "y8d2gewz",
    "player": "diegolazor4",
    "player_location": "co",
    "region": "USA / NTSC"
  },
  {
    "id": "z1r8evrm",
    "player": "fiercekyo",
    "player_location": "do",
    "region": "USA / NTSC"
  },
  {
    "id": "z0rreeez",
    "player": "paltha",
    "player_location": "cl",
    "region": "USA / NTSC"
  },
  {
    "id": "m3r6w4dm",
    "player": "Gaby_",
    "player_location": "br",
    "region": "USA / NTSC"
  },
  {
    "id": "m7d73x0m",
    "player": "Glennjamin",
    "player_location": "us",
    "region": "USA / NTSC"
  },
  {
    "id": "zn17563m",
    "player": "Reibello",
    "player_location": "us",
    "region": "USA / NTSC"
  },
  {
    "id": "ydwv26wm",
    "player": "Pichuroxs100",
    "player_location": "us",
    "region": "USA / NTSC"
  },
  {
    "id": "mkgpg2xy",
    "player": "Smileyz",
    "player_location": "us",
    "region": "USA / NTSC"
  },
  {
    "id": "zqv3651m",
    "player": "LukusTheGreat",
    "player_location": "gb/eng",
    "region": "EUR / PAL"
  },
  {
    "id": "z1xkq1gm",
    "player": "disdonn",
    "player_location": "us",
    "region": "USA / NTSC"
  },
  {
    "id": "zqv0vg5m",
    "player": "TheBruteDream",
    "player_location": "us",
    "region": "USA / NTSC"
  },
  {
    "id": "ylr1eqry",
    "player": "BenjyRees",
    "player_location": "gb/eng",
    "region": "EUR / PAL"
  },
  {
    "id": "zqve7q1m",
    "player": "Lemontarine",
    "player_location": "de",
    "region": "USA / NTSC"
  },
  {
    "id": "y6nv0jqz",
    "player": "Crow3893",
    "player_location": "us",
    "region": "USA / NTSC"
  },
  {
    "id": "ywk2nd0y",
    "player": "MooseRef",
    "player_location": "ca",
    "region": "USA / NTSC"
  },
  {
    "id": "yjx963dz",
    "player": "mynameisAndy",
    "player_location": "us",
    "region": "USA / NTSC"
  },
  {
    "id": "mrnpk0dy",
    "player": "Speedrunner0218",
    "player_location": "us",
    "region": "USA / NTSC"
  },
  {
    "id": "zn0d5nly",
    "player": "GhostScit",
    "player_location": null,
    "region": "USA / NTSC"
  },
  {
    "id": "y209e7jm",
    "player": "AyRookie",
    "player_location": "us",
    "region": "USA / NTSC"
  },
  {
    "id": "y201e0wm",
    "player": "Hunter2746",
    "player_location": "us",
    "region": "USA / NTSC"
  },
  {
    "id": "mr65w2gm",
    "player": "winkmarket",
    "player_location": "us",
    "region": "USA / NTSC"
  },
  {
    "id": "ylelo9rz",
    "player": "thenesmaster",
    "player_location": "mx",
    "region": "USA / NTSC"
  },
  {
    "id": "yjdpdnoy",
    "player": "youtalkisleep",
    "player_location": "de",
    "region": "USA / NTSC"
  },
  {
    "id": "z12ww0wy",
    "player": "Vulcanea",
    "player_location": "fr",
    "region": "USA / NTSC"
  },
  {
    "id": "zx7l59ey",
    "player": "The4thGenGamer",
    "player_location": "us",
    "region": "USA / NTSC"
  },
  {
    "id": "zq7kx21m",
    "player": "JuegAriel",
    "player_location": "es",
    "region": "USA / NTSC"
  },
  {
    "id": "znp7n2lm",
    "player": "TH126",
    "player_location": "us",
    "region": "USA / NTSC"
  },
  {
    "id": "yopr06jm",
    "player": "ZackOanomochi",
    "player_location": "ca",
    "region": "USA / NTSC"
  },
  {
    "id": "y4q8px2m",
    "player": "jaysparkxz",
    "player_location": null,
    "region": "USA / NTSC"
  },
  {
    "id": "zq9566ry",
    "player": "Mysticore",
    "player_location": "de",
    "region": "USA / NTSC"
  },
  {
    "id": "zgqqjx0y",
    "player": "AffectedAshes",
    "player_location": "de",
    "region": "USA / NTSC"
  },
  {
    "id": "z5x7v2ey",
    "player": "Latsu7",
    "player_location": "fi",
    "region": "JPN / NTSC"
  },
  {
    "id": "zpd5v5xz",
    "player": "WelshTCG",
    "player_location": "gb/wls",
    "region": "USA / NTSC"
  },
  {
    "id": "m7xj9vey",
    "player": "ergotae",
    "player_location": "fi",
    "region": null
  },
  {
    "id": "zpde7kxz",
    "player": "Kindabigdeal44",
    "player_location": "us",
    "region": "USA / NTSC"
  }
]