[
  {
    "id": "wzpd1rvz",
    "player": "oSeabass",
    "player_location": "us",
    "region": "USA / NTSC"
  },
  {
    "id": "y6r6d3jy",
    "player": "oPumpkinPatcho",
    "player_location": "ge",
    "region": "EUR / PAL"
  },
  {
    "id": "y93qx7ky",
    "player": "CarlEmilEx",
    "player_location": "dk",
    "region": "EUR / PAL"
  },
  {
    "id": "z07x65ey",
    "player": "NPCarlsson",
    "player_location": "gb/eng",
    "region": "EUR / PAL"
  },
  {
    "id": "zplwxovm",
    "player": "PlishT",
    "player_location": "us",
    "region": "USA / NTSC"
  },
  {
    "id": "z0r0274z",
    "player": "kamil2050",
    "player_location": "pl",
    "region": "EUR / PAL"
  },
  {
    "id": "mkk328vm",
    "player": "Zarza",
    "player_location": "ar",
    "region": "EUR / PAL"
  },
  {
    "id": "z5d4pr5m",
    "player": "Edsz",
    "player_location": "es",
    "region": "EUR / PAL"
  }
]