[
  {
    "id": "yo4jwe7m",
    "player": "The_Retro_Challenger",
    "player_location": "ca/qc",
    "region": "JPN / NTSC"
  },
  {
    "id": "y97p552m",
    "player": "Veigard",
    "player_location": "ca",
    "region": "USA / NTSC"
  },
  {
    "id": "y25w046y",
    "player": "mitjitsu",
    "player_location": "gb/sct",
    "region": "USA / NTSC"
  },
  {
    "id": "yd6jev0z",
    "player": "RitaH",
    "player_location": "br",
    "region": "USA / NTSC"
  },
  {
    "id": "y8vdrpxz",
    "player": "Breadstone",
    "player_location": "us",
    "region": "USA / NTSC"
  },
  {
    "id": "m3rx0o6m",
    "player": "JejuKyo",
    "player_location": "jp",
    "region": "JPN / NTSC"
  }
]