[
  {
    "id": "yl47wxrm",
    "player": "Tume_K5",
    "player_location": "fi",
    "region": "EUR / PAL"
  },
  {
    "id": "yd3vn9vz",
    "player": "josef733",
    "player_location": "ca",
    "region": "EUR / PAL"
  },
  {
    "id": "zp02ndrm",
    "player": "Bregermann",
    "player_location": "us",
    "region": "USA / NTSC"
  },
  {
    "id": "m7pxn24m",
    "player": "Teredic",
    "player_location": "fr",
    "region": "EUR / PAL"
  },
  {
    "id": "y92vq6vz",
    "player": "PterodactylGG",
    "player_location": null,
    "region": "USA / NTSC"
  },
  {
    "id": "meonx09z",
    "player": "Jaypin88",
    "player_location": "ca",
    "region": "USA / NTSC"
  },
  {
    "id": "zp9x208m",
    "player": "Subsonix",
    "player_location": "gb/eng",
    "region": "JPN / NTSC"
  },
  {
    "id": "y82gn7ny",
    "player": "TascoDLX",
    "player_location": "us",
    "region": null
  },
  {
    "id": "y66708py",
    "player": "Sonic_BR",
    "player_location": "br",
    "region": "USA / NTSC"
  },
  {
    "id": "y88lrewy",
    "player": "Kyousuba_Youtube",
    "player_location": "jp",
    "region": "EUR / PAL"
  },
  {
    "id": "yjx455nz",
    "player": "jonsku1",
    "player_location": "fi",
    "region": "EUR / PAL"
  },
  {
    "id": "zp95l3vm",
    "player": "ispor",
    "player_location": "es",
    "region": "USA / NTSC"
  },
  {
    "id": "mkd0v43y",
    "player": "lgkimpel",
    "player_location": "us",
    "region": "USA / NTSC"
  }
]