[
  {
    "id": "mk9k03vz",
    "player": "SuperSqank",
    "player_location": "ke",
    "region": "JPN / NTSC"
  },
  {
    "id": "1zqq84rz",
    "player": "MegaSpeedXtreme",
    "player_location": "gb/eng",
    "region": "EUR / PAL"
  },
  {
    "id": "z51xe5gm",
    "player": "DwainiumB",
    "player_location": "gb/eng",
    "region": null
  },
  {
    "id": "8m7o4e9y",
    "player": "spidybawlz",
    "player_location": "af",
    "region": "USA / NTSC"
  },
  {
    "id": "yl4kw8rm",
    "player": "ryobi_100",
    "player_location": "pl",
    "region": "EUR / PAL"
  },
  {
    "id": "mekqqd8m",
    "player": "monkeymandave",
    "player_location": null,
    "region": "USA / NTSC"
  },
  {
    "id": "zpqenpvy",
    "player": "gamingguy63",
    "player_location": "us",
    "region": "USA / NTSC"
  },
  {
    "id": "zg77k5nz",
    "player": "Scarrien",
    "player_location": "us",
    "region": "USA / NTSC"
  },
  {
    "id": "y214kjwz",
    "player": "Mentr",
    "player_location": "ru",
    "region": "EUR / PAL"
  },
  {
    "id": "y25kxl9y",
    "player": "rewdiees",
    "player_location": null,
    "region": "EUR / PAL"
  },
  {
    "id": "m7goqlem",
    "player": "Jak0red",
    "player_location": "sk",
    "region": "EUR / PAL"
  },
  {
    "id": "y4wn05nm",
    "player": "Ashkong",
    "player_location": "us",
    "region": "USA / NTSC"
  },
  {
    "id": "y4rpo22z",
    "player": "GameplayDrive",
    "player_location": null,
    "region": "EUR / PAL"
  },
  {
    "id": "y2d2eg7z",
    "player": "HoonGoons",
    "player_location": "us",
    "region": "USA / NTSC"
  },
  {
    "id": "yj1l3l3y",
    "player": "inkling16",
    "player_location": "us",
    "region": "USA / NTSC"
  },
  {
    "id": "ylv8wkrm",
    "player": "SAMOH",
    "player_location": "pa",
    "region": "USA / NTSC"
  },
  {
    "id": "zn1j5l7m",
    "player": "kabalnaarea",
    "player_location": "br",
    "region": "USA / NTSC"
  },
  {
    "id": "mr12208z",
    "player": "Yuri_oliveira",
    "player_location": "br",
    "region": "USA / NTSC"
  },
  {
    "id": "y6nn1n0z",
    "player": "SourSR",
    "player_location": "au",
    "region": "USA / NTSC"
  }
]