[
  {
    "id": "8y8pk91z",
    "player": "RantronBomb",
    "player_location": null,
    "region": "USA / NTSC"
  },
  {
    "id": "z5oee05y",
    "player": "starcrytas",
    "player_location": "us",
    "region": "USA / NTSC"
  },
  {
    "id": "zxv912ey",
    "player": "TheMotherBrain86",
    "player_location": "nl",
    "region": "USA / NTSC"
  },
  {
    "id": "yvggvoey",
    "player": "Bayrock",
    "player_location": "us",
    "region": "USA / NTSC"
  },
  {
    "id": "zn80dwvz",
    "player": "Wuzi",
    "player_location": "cz",
    "region": null
  },
  {
    "id": "zq676q5y",
    "player": "Mr_Emerald",
    "player_location": "au",
    "region": "USA / NTSC"
  },
  {
    "id": "yjk81q3m",
    "player": "Keaur",
    "player_location": "us",
    "region": "USA / NTSC"
  },
  {
    "id": "yl96np3y",
    "player": "Prinovex",
    "player_location": "fr",
    "region": "USA / NTSC"
  },
  {
    "id": "yvgxdx8y",
    "player": "smoulder",
    "player_location": "ca",
    "region": "USA / NTSC"
  },
  {
    "id": "zgn19xey",
    "player": "The_Retro_Challenger",
    "player_location": "ca/qc",
    "region": "USA / NTSC"
  },
  {
    "id": "zxk4kkqm",
    "player": "YoBGS",
    "player_location": "us",
    "region": "USA / NTSC"
  },
  {
    "id": "y6lll1jy",
    "player": "SrZodiaco",
    "player_location": "co",
    "region": "USA / NTSC"
  },
  {
    "id": "yd6rwgvz",
    "player": "PGHGuitarGuy",
    "player_location": "us",
    "region": "USA / NTSC"
  },
  {
    "id": "m7ggp29m",
    "player": "FlyHec",
    "player_location": "us",
    "region": "USA / NTSC"
  },
  {
    "id": "y6ljnl0y",
    "player": "Toad22484",
    "player_location": "us",
    "region": "USA / NTSC"
  },
  {
    "id": "znk4587z",
    "player": "AndrewG",
    "player_location": "us",
    "region": null
  },
  {
    "id": "mk749n3y",
    "player": "ArkanoidAddict",
    "player_location": "fi",
    "region": "EUR / PAL"
  },
  {
    "id": "z1xk7n9m",
    "player": "Sircrunch",
    "player_location": "us",
    "region": "USA / NTSC"
  },
  {
    "id": "m7w9eewz",
    "player": "smartalec24",
    "player_location": "us",
    "region": "USA / NTSC"
  },
  {
    "id": "me3k5pqz",
    "player": "Johndretrogamer",
    "player_location": "ph",
    "region": "USA / NTSC"
  },
  {
    "id": "mkk2d1vm",
    "player": "Charlie9631",
    "player_location": "us",
    "region": "USA / NTSC"
  }
]