[
  {
    "id": "wzp1vkxz",
    "player": "gyre",
    "player_location": null,
    "region": "USA / NTSC"
  },
  {
    "id": "dy4490qy",
    "player": "sukimos",
    "player_location": "kr",
    "region": "USA / NTSC"
  },
  {
    "id": "z0el409m",
    "player": "WagnerBrasil",
    "player_location": "br",
    "region": "JPN / NTSC"
  },
  {
    "id": "ydq7e00m",
    "player": "ZePouch",
    "player_location": "fr",
    "region": "USA / NTSC"
  },
  {
    "id": "yd5v9vwm",
    "player": "Lincher",
    "player_location": null,
    "region": "USA / NTSC"
  }
]