[
  {
    "id": "2yw1w73z",
    "player": "vlackSR",
    "player_location": "hn",
    "region": "USA / NTSC"
  },
  {
    "id": "yw8rwwny",
    "player": "Dangerless",
    "player_location": "us",
    "region": "USA / NTSC"
  },
  {
    "id": "jy97o4vm",
    "player": "Kentendo",
    "player_location": null,
    "region": null
  },
  {
    "id": "m3o5qk4m",
    "player": "ahbeef",
    "player_location": "us",
    "region": "USA / NTSC"
  },
  {
    "id": "z030qpoz",
    "player": "Witchs_Hex",
    "player_location": null,
    "region": "USA / NTSC"
  },
  {
    "id": "y254ov9y",
    "player": "swordsmankirby",
    "player_location": "us",
    "region": "USA / NTSC"
  },
  {
    "id": "yo9kg30y",
    "player": "JSR_",
    "player_location": "us",
    "region": "USA / NTSC"
  },
  {
    "id": "yle94k3z",
    "player": "SoapAgent",
    "player_location": "us",
    "region": "USA / NTSC"
  }
]