[
  {
    "id": "m3der8gz",
    "player": "TrafficPossum",
    "player_location": "us",
    "region": "USA / NTSC"
  },
  {
    "id": "mrq3134y",
    "player": "CoolThing2014",
    "player_location": "us",
    "region": "USA / NTSC"
  },
  {
    "id": "yo24o0dz",
    "player": "Evil2Net",
    "player_location": "ru",
    "region": null
  },
  {
    "id": "yl0vvlxy",
    "player": "afnannen136",
    "player_location": "us",
    "region": null
  },
  {
    "id": "m7g4lgem",
    "player": "RomanV21",
    "player_location": "us",
    "region": "USA / NTSC"
  },
  {
    "id": "y410knky",
    "player": "_King_Of_All_",
    "player_location": "ca",
    "region": "USA / NTSC"
  },
  {
    "id": "zp45oq8z",
    "player": "jackisspeed",
    "player_location": null,
    "region": "USA / NTSC"
  },
  {
    "id": "m7qr2g9z",
    "player": "virgin-ninja",
    "player_location": "us",
    "region": null
  },
  {
    "id": "y2d9v25z",
    "player": "BodieIsSpeedy",
    "player_location": "us",
    "region": "USA / NTSC"
  },
  {
    "id": "y8r9311m",
    "player": "Bob-chicken",
    "player_location": "tf",
    "region": null
  },
  {
    "id": "m75gj94z",
    "player": "HuonTheHunter",
    "player_location": null,
    "region": null
  },
  {
    "id": "zqgr0w8m",
    "player": "tyreece42",
    "player_location": "au",
    "region": null
  },
  {
    "id": "ylo376ky",
    "player": "lilgucciknot",
    "player_location": "cx",
    "region": null
  },
  {
    "id": "yd953rjz",
    "player": "Amery",
    "player_location": "us",
    "region": "USA / NTSC"
  },
  {
    "id": "zgxkvwvm",
    "player": "8reezy",
    "player_location": "us",
    "region": "USA / NTSC"
  },
  {
    "id": "zgxrdkvm",
    "player": "vCrxxcy",
    "player_location": "au",
    "region": null
  },
  {
    "id": "mr46wn4z",
    "player": "CoolKidJoeYT",
    "player_location": "ca",
    "region": "USA / NTSC"
  },
  {
    "id": "y8vxgvnz",
    "player": "Willi2009",
    "player_location": "us",
    "region": "USA / NTSC"
  },
  {
    "id": "y2vkjp5z",
    "player": "Sugmu",
    "player_location": null,
    "region": null
  },
  {
    "id": "zqvgn99m",
    "player": "TheMonkeyFunk",
    "player_location": "us",
    "region": null
  },
  {
    "id": "y2x11r7m",
    "player": "UnusualAnimations",
    "player_location": null,
    "region": "USA / NTSC"
  },
  {
    "id": "mkggwk5y",
    "player": "maciejklosek",
    "player_location": "pl",
    "region": null
  },
  {
    "id": "zxgl56gy",
    "player": "M3zzzy",
    "player_location": "us",
    "region": null
  },
  {
    "id": "zxg7v8gy",
    "player": "TRLittleToaster",
    "player_location": "us",
    "region": "USA / NTSC"
  },
  {
    "id": "ylqlk0nz",
    "player": "brantacanadensis",
    "player_location": "ca",
    "region": null
  },
  {
    "id": "y20xqq6m",
    "player": "CadyWebber",
    "player_location": "us",
    "region": "USA / NTSC"
  },
  {
    "id": "z5223qez",
    "player": "DreesusChristYT",
    "player_location": "us",
    "region": "USA / NTSC"
  }
]