[
  {
    "id": "pydv7qwy",
    "player": "Roxy_Rose",
    "player_location": "br",
    "region": "USA / NTSC"
  },
  {
    "id": "1zx096qz",
    "player": "Magic_Spark",
    "player_location": "fr",
    "region": "USA / NTSC"
  },
  {
    "id": "z51j6rdm",
    "player": "Maiguels",
    "player_location": "es",
    "region": "EUR / PAL"
  },
  {
    "id": "y6p66qqm",
    "player": "SefiroCrescent",
    "player_location": "gb/eng",
    "region": "EUR / PAL"
  },
  {
    "id": "y92v68rz",
    "player": "DagMonsta",
    "player_location": "nz",
    "region": "USA / NTSC"
  },
  {
    "id": "z0ppvg4y",
    "player": "Lexichu_",
    "player_location": "gb",
    "region": "JPN / NTSC"
  },
  {
    "id": "m35xpv4y",
    "player": "Adoseofpain",
    "player_location": "us",
    "region": "USA / NTSC"
  },
  {
    "id": "zx7er85y",
    "player": "DBcade",
    "player_location": "jp",
    "region": "JPN / NTSC"
  },
  {
    "id": "z1gpqwwz",
    "player": "bustaboy",
    "player_location": "us",
    "region": null
  },
  {
    "id": "y2ep466y",
    "player": "Kaz0uya",
    "player_location": "fr",
    "region": "USA / NTSC"
  }
]