[
  {
    "id": "oy20dgwm",
    "player": "ThadJarvis64",
    "player_location": "us",
    "region": null
  },
  {
    "id": "mk9g4d3z",
    "player": "Flurby",
    "player_location": "us",
    "region": "USA / NTSC"
  },
  {
    "id": "8yvk3r6m",
    "player": "retired",
    "player_location": "gb/eng",
    "region": "EUR / PAL"
  },
  {
    "id": "9yo0kp7y",
    "player": "DemonAsylum",
    "player_location": "us",
    "region": "USA / NTSC"
  },
  {
    "id": "pzgjg70z",
    "player": "Haarberger",
    "player_location": "se",
    "region": "USA / NTSC"
  },
  {
    "id": "y67j2p6m",
    "player": "Audega",
    "player_location": "us",
    "region": "USA / NTSC"
  },
  {
    "id": "y6p74j1m",
    "player": "Kromer",
    "player_location": "br",
    "region": "USA / NTSC"
  },
  {
    "id": "ywpg3r9z",
    "player": "smartalec24",
    "player_location": "us",
    "region": "USA / NTSC"
  },
  {
    "id": "zp0o8p8m",
    "player": "Trinasin",
    "player_location": "us",
    "region": "USA / NTSC"
  },
  {
    "id": "yd9vdexz",
    "player": "Krinik",
    "player_location": "us",
    "region": "USA / NTSC"
  },
  {
    "id": "yd0790qz",
    "player": "Delta8272",
    "player_location": "us",
    "region": "USA / NTSC"
  },
  {
    "id": "yj60x7gz",
    "player": "Jarredd0921",
    "player_location": "us",
    "region": "USA / NTSC"
  },
  {
    "id": "zgg3l3dz",
    "player": "Waifu",
    "player_location": "us",
    "region": null
  },
  {
    "id": "zn14qd7m",
    "player": "ivanvega423",
    "player_location": "us",
    "region": "USA / NTSC"
  },
  {
    "id": "yvq5w6em",
    "player": "ellefique",
    "player_location": "us",
    "region": "USA / NTSC"
  },
  {
    "id": "yjx06joz",
    "player": "Dethgears",
    "player_location": "us",
    "region": "USA / NTSC"
  },
  {
    "id": "yl174d2m",
    "player": "Funyuns1218",
    "player_location": "us",
    "region": "USA / NTSC"
  },
  {
    "id": "y8xl99xm",
    "player": "HachiwareManul",
    "player_location": "jp",
    "region": "USA / NTSC"
  },
  {
    "id": "mro8p54m",
    "player": "Scorch3earth",
    "player_location": "us",
    "region": "USA / NTSC"
  },
  {
    "id": "ywv82r2z",
    "player": "Leerroyyy",
    "player_location": null,
    "region": "USA / NTSC"
  }
]