[
  {
    "id": "1zxxngkz",
    "player": "TheSaltySponge",
    "player_location": "us",
    "region": "USA / NTSC"
  },
  {
    "id": "8yvx898z",
    "player": "LeadertheBeast",
    "player_location": "us",
    "region": "USA / NTSC"
  },
  {
    "id": "y92l1qvz",
    "player": "CPZXIII",
    "player_location": "cz",
    "region": "USA / NTSC"
  },
  {
    "id": "y92l69kz",
    "player": "Cimeries-",
    "player_location": "br",
    "region": "USA / NTSC"
  },
  {
    "id": "mk9e1qxz",
    "player": "jackgamer",
    "player_location": "in",
    "region": "USA / NTSC"
  },
  {
    "id": "yl4lw7rm",
    "player": "Ghyuhi",
    "player_location": "br",
    "region": null
  },
  {
    "id": "y257gqwy",
    "player": "LadeiraExtreme",
    "player_location": "br",
    "region": "USA / NTSC"
  },
  {
    "id": "mk2ev3vm",
    "player": "estrumezumbi",
    "player_location": "br",
    "region": null
  },
  {
    "id": "zxkexdkm",
    "player": "EZbichochan",
    "player_location": "pe",
    "region": "USA / NTSC"
  },
  {
    "id": "y4e3n22m",
    "player": "Gabriel.Araujo",
    "player_location": "br",
    "region": null
  },
  {
    "id": "z058nljm",
    "player": "Kaimax",
    "player_location": "br",
    "region": "EUR / PAL"
  },
  {
    "id": "z0n9epem",
    "player": "CollectingRupees",
    "player_location": "us",
    "region": "USA / NTSC"
  },
  {
    "id": "y914xwkm",
    "player": "juli0104",
    "player_location": "co",
    "region": "USA / NTSC"
  },
  {
    "id": "yd93qwvz",
    "player": "TheCMan97Lp",
    "player_location": "us",
    "region": "USA / NTSC"
  },
  {
    "id": "z06nx54z",
    "player": "Jaypin88",
    "player_location": "ca",
    "region": "USA / NTSC"
  },
  {
    "id": "y2x98kjm",
    "player": "andymtv",
    "player_location": "br",
    "region": "USA / NTSC"
  },
  {
    "id": "z5r3v65y",
    "player": "ErkentTv",
    "player_location": "br",
    "region": null
  },
  {
    "id": "z5e3rn5z",
    "player": "Yuri_oliveira",
    "player_location": "br",
    "region": "USA / NTSC"
  },
  {
    "id": "mkdl223y",
    "player": "Galvanii",
    "player_location": "br",
    "region": "USA / NTSC"
  },
  {
    "id": "mejpj42y",
    "player": "malachite232",
    "player_location": "us",
    "region": "USA / NTSC"
  },
  {
    "id": "y60dv50y",
    "player": "aznaera",
    "player_location": "id",
    "region": "USA / NTSC"
  },
  {
    "id": "y88048ny",
    "player": "felipe_meireles1",
    "player_location": "br",
    "region": "USA / NTSC"
  },
  {
    "id": "y602e91y",
    "player": "fuyuki220",
    "player_location": null,
    "region": "USA / NTSC"
  },
  {
    "id": "zqe6ll9z",
    "player": "SantiBdo",
    "player_location": "co",
    "region": "EUR / PAL"
  },
  {
    "id": "znjkk3lm",
    "player": "jeanwesleybr",
    "player_location": null,
    "region": "USA / NTSC"
  }
]