[
  {
    "id": "7yl11d2m",
    "player": "Goglabesh",
    "player_location": "ca",
    "region": "USA / NTSC"
  },
  {
    "id": "pm3xx4wm",
    "player": "RebelWatt",
    "player_location": "us",
    "region": "USA / NTSC"
  },
  {
    "id": "m31nv9gz",
    "player": "CapnSR",
    "player_location": "ca",
    "region": "USA / NTSC"
  },
  {
    "id": "y8qj2l5y",
    "player": "RileyMoontail",
    "player_location": "us",
    "region": "USA / NTSC"
  },
  {
    "id": "zgn4o4ey",
    "player": "CR2036",
    "player_location": "us",
    "region": "USA / NTSC"
  },
  {
    "id": "zp0020rm",
    "player": "Peachfanclub",
    "player_location": "us",
    "region": "USA / NTSC"
  },
  {
    "id": "zp436rrz",
    "player": "Kamikaze",
    "player_location": "us",
    "region": "USA / NTSC"
  },
  {
    "id": "zprl8gxm",
    "player": "OGBeturtle",
    "player_location": null,
    "region": "USA / NTSC"
  },
  {
    "id": "ylk7693z",
    "player": "StealthNinja",
    "player_location": "us",
    "region": "USA / NTSC"
  },
  {
    "id": "ywq440py",
    "player": "GlassCoke",
    "player_location": "us",
    "region": "USA / NTSC"
  },
  {
    "id": "zgg6jeez",
    "player": "Aquas",
    "player_location": "us",
    "region": "USA / NTSC"
  },
  {
    "id": "ydwl44vm",
    "player": "CJG789",
    "player_location": "us",
    "region": "USA / NTSC"
  },
  {
    "id": "mke0dvxm",
    "player": "Dedede_DO",
    "player_location": "jp",
    "region": "JPN / NTSC"
  },
  {
    "id": "z523op5z",
    "player": "HeatherMoontail",
    "player_location": "us",
    "region": "USA / NTSC"
  },
  {
    "id": "mr7ogv7z",
    "player": "jonanaman",
    "player_location": null,
    "region": "USA / NTSC"
  },
  {
    "id": "zp9593xm",
    "player": "Potty",
    "player_location": "us",
    "region": "USA / NTSC"
  }
]