[
  {
    "id": "9mrlxv8m",
    "player": "32Bit_Entertainment",
    "player_location": "ca",
    "region": "USA / NTSC"
  },
  {
    "id": "1zxwn7km",
    "player": "poultfloyd",
    "player_location": "fr",
    "region": "EUR / PAL"
  },
  {
    "id": "me8x048m",
    "player": "FlashTheorie",
    "player_location": "fr",
    "region": "USA / NTSC"
  },
  {
    "id": "yl4q2v2m",
    "player": "Willy002",
    "player_location": "se",
    "region": null
  },
  {
    "id": "z064nooz",
    "player": "Dylarf",
    "player_location": "us",
    "region": "USA / NTSC"
  }
]