[
  {
    "id": "zg7wggdz",
    "player": "jay_cee",
    "player_location": "aq",
    "region": "USA / NTSC"
  },
  {
    "id": "mk4j7j3y",
    "player": "TheMexicanRunner",
    "player_location": "mx",
    "region": "USA / NTSC"
  },
  {
    "id": "0y6p3jjm",
    "player": "MacGyver_987",
    "player_location": null,
    "region": "USA / NTSC"
  },
  {
    "id": "oy2q986y",
    "player": "Stephen_Icthus_Smith",
    "player_location": null,
    "region": "USA / NTSC"
  },
  {
    "id": "7z03w04z",
    "player": "lepinochftw",
    "player_location": "cl",
    "region": "USA / NTSC"
  },
  {
    "id": "0y6p3j1m",
    "player": "PJ",
    "player_location": null,
    "region": "USA / NTSC"
  },
  {
    "id": "8yvj454y",
    "player": "Kage",
    "player_location": null,
    "region": "USA / NTSC"
  },
  {
    "id": "0znrgk9y",
    "player": "corey042",
    "player_location": "us",
    "region": "USA / NTSC"
  },
  {
    "id": "2ywpe5pz",
    "player": "Primal85",
    "player_location": "it",
    "region": "USA / NTSC"
  },
  {
    "id": "6yj4j73y",
    "player": "Emptyeye",
    "player_location": "us",
    "region": "USA / NTSC"
  },
  {
    "id": "7yl435km",
    "player": "Zerst",
    "player_location": null,
    "region": "USA / NTSC"
  },
  {
    "id": "pzg739vz",
    "player": "Chaide",
    "player_location": "us",
    "region": "USA / NTSC"
  },
  {
    "id": "9yo2v57z",
    "player": "crak_atak",
    "player_location": "us",
    "region": "USA / NTSC"
  },
  {
    "id": "pyd38owz",
    "player": "WhenChukAttacks",
    "player_location": "us",
    "region": "USA / NTSC"
  },
  {
    "id": "jy92owvz",
    "player": "infinitemystery",
    "player_location": null,
    "region": "USA / NTSC"
  },
  {
    "id": "9mr8j52y",
    "player": "Chris 'Shadowknife'",
    "player_location": null,
    "region": "USA / NTSC"
  },
  {
    "id": "mek6ox3m",
    "player": "Scraf",
    "player_location": "us",
    "region": "USA / NTSC"
  },
  {
    "id": "0znrj5vy",
    "player": "DTysonator",
    "player_location": null,
    "region": "USA / NTSC"
  },
  {
    "id": "zqw8gq5z",
    "player": "ukionik",
    "player_location": "ru",
    "region": "JPN / NTSC"
  },
  {
    "id": "emk8n0vm",
    "player": "LordKuddy",
    "player_location": "us",
    "region": "USA / NTSC"
  },
  {
    "id": "0zn1j2vm",
    "player": "OPB",
    "player_location": "us",
    "region": "USA / NTSC"
  },
  {
    "id": "8y8eov5y",
    "player": "MilesTheWolfman",
    "player_location": "us",
    "region": "USA / NTSC"
  },
  {
    "id": "mk9l44vz",
    "player": "twoblocks",
    "player_location": null,
    "region": "USA / NTSC"
  },
  {
    "id": "jy9ljvey",
    "player": "Tapping",
    "player_location": "us",
    "region": "USA / NTSC"
  },
  {
    "id": "7yll07ky",
    "player": "Tionic",
    "player_location": null,
    "region": "USA / NTSC"
  },
  {
    "id": "yv630d8z",
    "player": "Xray662",
    "player_location": "ru",
    "region": "USA / NTSC"
  },
  {
    "id": "z0e59w4m",
    "player": "link_7777",
    "player_location": "us",
    "region": "USA / NTSC"
  },
  {
    "id": "yjkl2vom",
    "player": "EndySWE",
    "player_location": "se",
    "region": "USA / NTSC"
  },
  {
    "id": "mk45wv1y",
    "player": "WMaza",
    "player_location": "fi",
    "region": "USA / NTSC"
  },
  {
    "id": "y8qdn4xy",
    "player": "dvermillion93",
    "player_location": "us",
    "region": "USA / NTSC"
  },
  {
    "id": "y6rjg5py",
    "player": "st4nzzz",
    "player_location": "ru",
    "region": "USA / NTSC"
  },
  {
    "id": "mk9pvklz",
    "player": "Neural89",
    "player_location": "ua",
    "region": "USA / NTSC"
  },
  {
    "id": "y8q0qg1y",
    "player": "kidWinD",
    "player_location": "cn",
    "region": "JPN / NTSC"
  },
  {
    "id": "zn8e8dvz",
    "player": "vmikea",
    "player_location": "ru",
    "region": "USA / NTSC"
  },
  {
    "id": "mk9ekj5z",
    "player": "izerli",
    "player_location": "ru",
    "region": "USA / NTSC"
  },
  {
    "id": "y97p6l2m",
    "player": "The_Retro_Challenger",
    "player_location": "ca/qc",
    "region": "USA / NTSC"
  },
  {
    "id": "y47vqq2y",
    "player": "FelipeKyo",
    "player_location": "br",
    "region": "USA / NTSC"
  },
  {
    "id": "y2q81k9y",
    "player": "sethhead",
    "player_location": "us",
    "region": "USA / NTSC"
  },
  {
    "id": "m7588dez",
    "player": "MegatronECS",
    "player_location": "no",
    "region": "USA / NTSC"
  },
  {
    "id": "me6qpq8z",
    "player": "Retrothunder",
    "player_location": "us",
    "region": "USA / NTSC"
  },
  {
    "id": "y41xw4dy",
    "player": "NeGAtiv4k",
    "player_location": "ru",
    "region": "JPN / NTSC"
  },
  {
    "id": "y92j5jkz",
    "player": "TGR",
    "player_location": "ru",
    "region": "USA / NTSC"
  },
  {
    "id": "y95kggrz",
    "player": "dot3r",
    "player_location": "ru",
    "region": "USA / NTSC"
  },
  {
    "id": "y2qp2n7y",
    "player": "Koh1Dendy",
    "player_location": null,
    "region": "USA / NTSC"
  },
  {
    "id": "y82rrkxy",
    "player": "RAMoff",
    "player_location": "ru",
    "region": "USA / NTSC"
  },
  {
    "id": "zprl0rgm",
    "player": "Konatai",
    "player_location": "ru",
    "region": "JPN / NTSC"
  },
  {
    "id": "zn421jlm",
    "player": "timmyshotgun",
    "player_location": "mq",
    "region": "USA / NTSC"
  },
  {
    "id": "yojlxe5m",
    "player": "Vitalya87",
    "player_location": "ru",
    "region": "JPN / NTSC"
  },
  {
    "id": "m3oj8wgm",
    "player": "kewen",
    "player_location": "ru",
    "region": "USA / NTSC"
  },
  {
    "id": "y43lnedz",
    "player": "TypicalFantasyX",
    "player_location": "mx",
    "region": "USA / NTSC"
  },
  {
    "id": "y21rn6wz",
    "player": "TheRetroTherapy",
    "player_location": "us",
    "region": "USA / NTSC"
  },
  {
    "id": "y6le570y",
    "player": "WashDog",
    "player_location": "de",
    "region": "USA / NTSC"
  },
  {
    "id": "y216lp9z",
    "player": "SBDWolf",
    "player_location": "it",
    "region": "USA / NTSC"
  },
  {
    "id": "y21l0k9z",
    "player": "Yumashev",
    "player_location": "ru",
    "region": "JPN / NTSC"
  },
  {
    "id": "ylk3jp3z",
    "player": "zerknerk",
    "player_location": "nl",
    "region": "USA / NTSC"
  },
  {
    "id": "zpr4w98m",
    "player": "buttneighbor",
    "player_location": "us",
    "region": "USA / NTSC"
  },
  {
    "id": "yd9gvjjz",
    "player": "SensaiOpti",
    "player_location": "us",
    "region": "USA / NTSC"
  },
  {
    "id": "yok7vl1z",
    "player": "shrum",
    "player_location": "us",
    "region": "USA / NTSC"
  },
  {
    "id": "y65odppz",
    "player": "RoboyZHunter",
    "player_location": "us",
    "region": "USA / NTSC"
  },
  {
    "id": "zq48179m",
    "player": "Xxx_Harbinger_xxX",
    "player_location": "pl",
    "region": "USA / NTSC"
  },
  {
    "id": "y4e0xjkm",
    "player": "KungFusedMike",
    "player_location": "us",
    "region": "USA / NTSC"
  },
  {
    "id": "zn1rkd9m",
    "player": "vercettitelevision",
    "player_location": "ru",
    "region": "USA / NTSC"
  },
  {
    "id": "mk7lr41y",
    "player": "Arcus",
    "player_location": "us",
    "region": "USA / NTSC"
  },
  {
    "id": "znox6n9y",
    "player": "Orbitoid",
    "player_location": "au",
    "region": "USA / NTSC"
  },
  {
    "id": "ywqk98ny",
    "player": "Billick",
    "player_location": "us",
    "region": "USA / NTSC"
  },
  {
    "id": "y8d8ok1z",
    "player": "ArkanoidAddict",
    "player_location": "fi",
    "region": "USA / NTSC"
  },
  {
    "id": "z1rro7jm",
    "player": "seedyskip",
    "player_location": "us",
    "region": "USA / NTSC"
  },
  {
    "id": "y9nxdjez",
    "player": "Algosith",
    "player_location": "us",
    "region": "USA / NTSC"
  },
  {
    "id": "zp3xwxnm",
    "player": "kapotage",
    "player_location": "jp",
    "region": "JPN / NTSC"
  },
  {
    "id": "mkg6joly",
    "player": "JordiGH",
    "player_location": "mx",
    "region": "USA / NTSC"
  },
  {
    "id": "y2781d7z",
    "player": "Throgg",
    "player_location": "us",
    "region": "USA / NTSC"
  },
  {
    "id": "zqv9951m",
    "player": "JSR_",
    "player_location": "us",
    "region": "USA / NTSC"
  },
  {
    "id": "z1xnx9jm",
    "player": "gamerr712",
    "player_location": "ru",
    "region": "USA / NTSC"
  },
  {
    "id": "mkeen2xm",
    "player": "Jetfoi34",
    "player_location": "us",
    "region": "USA / NTSC"
  },
  {
    "id": "m77j3gem",
    "player": "JustAnUsername",
    "player_location": null,
    "region": "USA / NTSC"
  },
  {
    "id": "mejvr22y",
    "player": "BlazenBezza",
    "player_location": "au",
    "region": "USA / NTSC"
  },
  {
    "id": "y20rjx5m",
    "player": "Gamer86",
    "player_location": "by",
    "region": "USA / NTSC"
  },
  {
    "id": "mkewx85m",
    "player": "Suigi",
    "player_location": "ca",
    "region": "USA / NTSC"
  },
  {
    "id": "y6ngwdjz",
    "player": "joons88",
    "player_location": "fi",
    "region": "USA / NTSC"
  },
  {
    "id": "z124v3gy",
    "player": "Schlimtor",
    "player_location": "us",
    "region": "JPN / NTSC"
  },
  {
    "id": "m766wr5y",
    "player": "SkylarFerret",
    "player_location": "us",
    "region": "USA / NTSC"
  },
  {
    "id": "yjppddgy",
    "player": "KztRyu",
    "player_location": null,
    "region": "USA / NTSC"
  },
  {
    "id": "m330glgm",
    "player": "Keriew",
    "player_location": "pl",
    "region": "USA / NTSC"
  },
  {
    "id": "znq1d07z",
    "player": "Norishige710",
    "player_location": "jp",
    "region": "JPN / NTSC"
  },
  {
    "id": "yv0oj96z",
    "player": "vulpinely",
    "player_location": null,
    "region": "USA / NTSC"
  },
  {
    "id": "z0lxl54z",
    "player": "smartalec24",
    "player_location": "us",
    "region": "USA / NTSC"
  },
  {
    "id": "yolvgddy",
    "player": "Stryomich",
    "player_location": "ua",
    "region": "USA / NTSC"
  },
  {
    "id": "zq9l9vry",
    "player": "RN_Jesus0",
    "player_location": "us",
    "region": "USA / NTSC"
  },
  {
    "id": "y80qd0nm",
    "player": "VasekRetro",
    "player_location": "ru",
    "region": "USA / NTSC"
  },
  {
    "id": "ydg0q80y",
    "player": "ChillRuns",
    "player_location": "us",
    "region": "USA / NTSC"
  },
  {
    "id": "mee6e18m",
    "player": "S_t_r85",
    "player_location": "ru",
    "region": "USA / NTSC"
  },
  {
    "id": "ydg514wy",
    "player": "GordoRlz",
    "player_location": "mx",
    "region": "USA / NTSC"
  }
]