[
  {
    "id": "y2qj766y",
    "player": "GenyaArikado",
    "player_location": "us",
    "region": "USA / NTSC"
  },
  {
    "id": "y6px0gqm",
    "player": "Taysa09",
    "player_location": "dz",
    "region": "EUR / PAL"
  },
  {
    "id": "z51xkwdm",
    "player": "Kyergr",
    "player_location": "us",
    "region": "USA / NTSC"
  },
  {
    "id": "zq3dk5ry",
    "player": "MatheusG",
    "player_location": "br",
    "region": null
  },
  {
    "id": "yv9j7goz",
    "player": "Rosianna",
    "player_location": "gb",
    "region": "EUR / PAL"
  },
  {
    "id": "yod27k1m",
    "player": "udoooooooooon",
    "player_location": "jp",
    "region": "JPN / NTSC"
  },
  {
    "id": "m31040dz",
    "player": "akudamhp2g",
    "player_location": null,
    "region": "JPN / NTSC"
  },
  {
    "id": "z07rojey",
    "player": "Omega3komma3",
    "player_location": "de",
    "region": "EUR / PAL"
  },
  {
    "id": "y8v512nz",
    "player": "Yohan",
    "player_location": "fr",
    "region": "EUR / PAL"
  },
  {
    "id": "ydr838qz",
    "player": "Morione",
    "player_location": "cl",
    "region": null
  },
  {
    "id": "z5rgoeey",
    "player": "FreedomRP",
    "player_location": "gb/wls",
    "region": "EUR / PAL"
  },
  {
    "id": "me7gxl8y",
    "player": "[us]G3kk0",
    "player_location": null,
    "region": "USA / NTSC"
  },
  {
    "id": "y8dp15dz",
    "player": "G3kk0",
    "player_location": null,
    "region": "JPN / NTSC"
  },
  {
    "id": "znqk0e8z",
    "player": "Baeguetteman",
    "player_location": "de",
    "region": "EUR / PAL"
  },
  {
    "id": "yv1kon4y",
    "player": "MHUnited",
    "player_location": "us",
    "region": "USA / NTSC"
  },
  {
    "id": "z1r49wgm",
    "player": "kzkr_Dylan",
    "player_location": "jp",
    "region": "JPN / NTSC"
  },
  {
    "id": "y6d1k61m",
    "player": "Bojojojorquez",
    "player_location": "mx",
    "region": "EUR / PAL"
  },
  {
    "id": "z0rv7x4z",
    "player": "ItsBaynes",
    "player_location": "de",
    "region": "USA / NTSC"
  },
  {
    "id": "zp8nn38y",
    "player": "SilverWings",
    "player_location": "mx",
    "region": "EUR / PAL"
  },
  {
    "id": "y47862ky",
    "player": "Krabat",
    "player_location": "de",
    "region": "EUR / PAL"
  },
  {
    "id": "m37kgrdz",
    "player": "Ancycles",
    "player_location": null,
    "region": "EUR / PAL"
  },
  {
    "id": "me4p8w9y",
    "player": "McQuacker",
    "player_location": "es",
    "region": "EUR / PAL"
  },
  {
    "id": "zq7djv5m",
    "player": "6thQuill",
    "player_location": null,
    "region": "USA / NTSC"
  },
  {
    "id": "mr728x7z",
    "player": "VENATUS_",
    "player_location": null,
    "region": "EUR / PAL"
  }
]