[
  {
    "id": "z06664jz",
    "player": "TheDungeoneer",
    "player_location": null,
    "region": "USA / NTSC"
  },
  {
    "id": "mr44l97z",
    "player": "F4ph",
    "player_location": "bb",
    "region": "USA / NTSC"
  },
  {
    "id": "mr44n34z",
    "player": "GrimPrimal",
    "player_location": "us",
    "region": "USA / NTSC"
  },
  {
    "id": "zgxqlpdm",
    "player": "Rinbu",
    "player_location": null,
    "region": "USA / NTSC"
  },
  {
    "id": "yd9x2wxz",
    "player": "JDMI",
    "player_location": "us",
    "region": "USA / NTSC"
  },
  {
    "id": "ylo81wry",
    "player": "Niklas51",
    "player_location": "fr",
    "region": null
  }
]