[
  {
    "id": "z110w0jz",
    "player": "m",
    "player_location": "ie",
    "region": null
  },
  {
    "id": "y2q4lg7y",
    "player": "kingvideogamer",
    "player_location": "gb/eng",
    "region": null
  },
  {
    "id": "mk2lwn1m",
    "player": "ReportWroteByLeon",
    "player_location": "de",
    "region": null
  },
  {
    "id": "zp4qr2gz",
    "player": "YmrejOne",
    "player_location": "fr",
    "region": "EUR / PAL"
  },
  {
    "id": "yv3glwoz",
    "player": "calmshape",
    "player_location": "gb/eng",
    "region": null
  },
  {
    "id": "yl04v93y",
    "player": "Alecs",
    "player_location": "ro",
    "region": "EUR / PAL"
  },
  {
    "id": "mk29dg5m",
    "player": "TheCakeHD",
    "player_location": "de",
    "region": "EUR / PAL"
  },
  {
    "id": "yd63wnvz",
    "player": "Pauliii23",
    "player_location": "at",
    "region": null
  },
  {
    "id": "y21qep6z",
    "player": "TWeeZaard",
    "player_location": "gb/eng",
    "region": "EUR / PAL"
  },
  {
    "id": "m7qpvx5z",
    "player": "Toxe71",
    "player_location": "fr",
    "region": "EUR / PAL"
  },
  {
    "id": "z1jj1wgz",
    "player": "HeelBoi",
    "player_location": "gb",
    "region": "EUR / PAL"
  },
  {
    "id": "z011o89y",
    "player": "CrushRU",
    "player_location": "ru",
    "region": "EUR / PAL"
  },
  {
    "id": "yv39ploz",
    "player": "broomclaws",
    "player_location": "br",
    "region": "USA / NTSC"
  },
  {
    "id": "mex64g2z",
    "player": "Scooch7",
    "player_location": "ie",
    "region": "EUR / PAL"
  },
  {
    "id": "yd6043xz",
    "player": "HeedBoi",
    "player_location": "gb/sct",
    "region": "EUR / PAL"
  },
  {
    "id": "m31n59wz",
    "player": "BenczeSain",
    "player_location": "hu",
    "region": "EUR / PAL"
  },
  {
    "id": "y95n98rz",
    "player": "Courtney_Cottontail",
    "player_location": "us",
    "region": "USA / NTSC"
  },
  {
    "id": "y217qnwz",
    "player": "KzjRuns",
    "player_location": "us",
    "region": "USA / NTSC"
  },
  {
    "id": "meol0pqz",
    "player": "BrianBKS02",
    "player_location": "gb/sct",
    "region": "EUR / PAL"
  },
  {
    "id": "y8108pwz",
    "player": "Kalth0",
    "player_location": "us",
    "region": "USA / NTSC"
  },
  {
    "id": "z180dq9y",
    "player": "BenBubbles",
    "player_location": "im",
    "region": "EUR / PAL"
  },
  {
    "id": "zxkwkj5m",
    "player": "Loghan63",
    "player_location": "fr",
    "region": "EUR / PAL"
  },
  {
    "id": "yj396joz",
    "player": "BorisVelinski",
    "player_location": "us",
    "region": "USA / NTSC"
  },
  {
    "id": "zxkjx8km",
    "player": "Scipione1",
    "player_location": "it",
    "region": "EUR / PAL"
  },
  {
    "id": "ylkon32z",
    "player": "Gman369",
    "player_location": "lb",
    "region": "USA / NTSC"
  },
  {
    "id": "y90786vy",
    "player": "matheus45",
    "player_location": "br",
    "region": null
  },
  {
    "id": "z05e459m",
    "player": "vujaa.43",
    "player_location": "rs",
    "region": "EUR / PAL"
  },
  {
    "id": "z053qeom",
    "player": "carioca_178",
    "player_location": "br",
    "region": null
  },
  {
    "id": "m35roo4y",
    "player": "Dokutsu97",
    "player_location": "gb/sct",
    "region": "EUR / PAL"
  },
  {
    "id": "y2559d5y",
    "player": "HashirN",
    "player_location": "pk",
    "region": null
  },
  {
    "id": "y65qd7pz",
    "player": "Ha7cher",
    "player_location": "ie",
    "region": "EUR / PAL"
  },
  {
    "id": "zprr7ngm",
    "player": "Nodoro",
    "player_location": "pe",
    "region": "USA / NTSC"
  },
  {
    "id": "z057648m",
    "player": "CDRamos",
    "player_location": "pt",
    "region": "EUR / PAL"
  },
  {
    "id": "y90vrdky",
    "player": "tspeller",
    "player_location": "gb/eng",
    "region": "EUR / PAL"
  },
  {
    "id": "yv94vpez",
    "player": "LeonD011",
    "player_location": "es",
    "region": "EUR / PAL"
  },
  {
    "id": "yo362w7y",
    "player": "MarkRios123",
    "player_location": "au",
    "region": "EUR / PAL"
  },
  {
    "id": "mk8do25m",
    "player": "mosquito002",
    "player_location": "us",
    "region": "USA / NTSC"
  },
  {
    "id": "yv97j6xz",
    "player": "h4zz",
    "player_location": "ar",
    "region": null
  },
  {
    "id": "zno3knly",
    "player": "Lonke",
    "player_location": null,
    "region": null
  },
  {
    "id": "me90x62z",
    "player": "SG4",
    "player_location": "ro",
    "region": "EUR / PAL"
  },
  {
    "id": "me4w9j2y",
    "player": "Will2107",
    "player_location": "gb/eng",
    "region": "EUR / PAL"
  },
  {
    "id": "yo9ek25y",
    "player": "Infra54",
    "player_location": "ar",
    "region": null
  },
  {
    "id": "z1ren59m",
    "player": "ky1916",
    "player_location": "in",
    "region": null
  },
  {
    "id": "y999l1vy",
    "player": "imnotjudebuthey",
    "player_location": "gb",
    "region": "EUR / PAL"
  },
  {
    "id": "m7d7j0wm",
    "player": "SantiiMercury",
    "player_location": "uy",
    "region": null
  },
  {
    "id": "ywqjkq0y",
    "player": "Collao03710",
    "player_location": "cl",
    "region": "EUR / PAL"
  },
  {
    "id": "yo7ngpjm",
    "player": "alectoides",
    "player_location": "ar",
    "region": null
  },
  {
    "id": "y935o3ky",
    "player": "Narwhal",
    "player_location": "br",
    "region": "EUR / PAL"
  },
  {
    "id": "ywq5e53y",
    "player": "KaylirexTV",
    "player_location": "ve",
    "region": "EUR / PAL"
  },
  {
    "id": "zn16dj3m",
    "player": "Foxee17",
    "player_location": "ie",
    "region": "EUR / PAL"
  },
  {
    "id": "ydrkn6vz",
    "player": "brucela_lagueado",
    "player_location": null,
    "region": "USA / NTSC"
  },
  {
    "id": "zp8qo3xy",
    "player": "LautiGI5",
    "player_location": "ar",
    "region": "USA / NTSC"
  },
  {
    "id": "yj5xj4gm",
    "player": "xStorm",
    "player_location": "es",
    "region": "EUR / PAL"
  },
  {
    "id": "ylrndxny",
    "player": "Cascade.",
    "player_location": "gb/eng",
    "region": null
  },
  {
    "id": "yvqd0w6m",
    "player": "Barboza14",
    "player_location": "pe",
    "region": "EUR / PAL"
  },
  {
    "id": "zgpd7ejz",
    "player": "smiffy_boy",
    "player_location": "gb/eng",
    "region": "EUR / PAL"
  },
  {
    "id": "y4xx7j2z",
    "player": "Bliem_xx",
    "player_location": "at",
    "region": "EUR / PAL"
  }
]