[
  {
    "id": "kz51nrdm",
    "player": "Yazzo",
    "player_location": "se",
    "region": "USA / NTSC"
  },
  {
    "id": "pm3o8r6m",
    "player": "EdwardFourZERO6",
    "player_location": "us",
    "region": "USA / NTSC"
  },
  {
    "id": "yw4j862z",
    "player": "CriscoWild",
    "player_location": "us",
    "region": "USA / NTSC"
  },
  {
    "id": "1zqn2g1z",
    "player": "GTX",
    "player_location": "us",
    "region": "USA / NTSC"
  },
  {
    "id": "z03lvk9z",
    "player": "FrapZC",
    "player_location": "fr",
    "region": null
  },
  {
    "id": "yo4kvvdm",
    "player": "Movellandrone",
    "player_location": "gb/eng",
    "region": "USA / NTSC"
  },
  {
    "id": "zgkwxejy",
    "player": "tortadiego",
    "player_location": "us",
    "region": "USA / NTSC"
  },
  {
    "id": "yjkl8knm",
    "player": "MisuStar",
    "player_location": "de",
    "region": "USA / NTSC"
  },
  {
    "id": "mrqnw62y",
    "player": "nitzguy1",
    "player_location": "ca",
    "region": "USA / NTSC"
  },
  {
    "id": "zqrq6e5y",
    "player": "vanni_van",
    "player_location": "us",
    "region": "USA / NTSC"
  },
  {
    "id": "y4wnendm",
    "player": "MKDSmaster91",
    "player_location": "us",
    "region": "USA / NTSC"
  },
  {
    "id": "zn894p8z",
    "player": "evad999",
    "player_location": "us",
    "region": "USA / NTSC"
  },
  {
    "id": "zgnlx5ey",
    "player": "huxxny",
    "player_location": "ca/qc",
    "region": "USA / NTSC"
  },
  {
    "id": "zxvj4pky",
    "player": "Jixson",
    "player_location": "us",
    "region": "USA / NTSC"
  },
  {
    "id": "y66qj1qy",
    "player": "SwagMander",
    "player_location": "us",
    "region": null
  },
  {
    "id": "y45vwj3m",
    "player": "MarioFan7464",
    "player_location": "fi",
    "region": "EUR / PAL"
  },
  {
    "id": "zpq7w2ry",
    "player": "STORMFATH3R",
    "player_location": "us",
    "region": "USA / NTSC"
  },
  {
    "id": "mr8qd3gy",
    "player": "3dsCollector",
    "player_location": "us",
    "region": "USA / NTSC"
  },
  {
    "id": "yj4l3j3y",
    "player": "RaiderKnight",
    "player_location": "us",
    "region": "USA / NTSC"
  },
  {
    "id": "y43wpnnz",
    "player": "RetrophileTV",
    "player_location": "us",
    "region": "USA / NTSC"
  },
  {
    "id": "me86e88m",
    "player": "PMYA",
    "player_location": "gb/eng",
    "region": "USA / NTSC"
  },
  {
    "id": "mr893jgy",
    "player": "TopHatHipster",
    "player_location": "nl",
    "region": "USA / NTSC"
  },
  {
    "id": "y2qxjr7y",
    "player": "fletchr",
    "player_location": "gb",
    "region": "JPN / NTSC"
  },
  {
    "id": "zg7x31vz",
    "player": "Archasi",
    "player_location": "pl",
    "region": "USA / NTSC"
  },
  {
    "id": "y6p6x80m",
    "player": "JkLoser",
    "player_location": "se",
    "region": "JPN / NTSC"
  },
  {
    "id": "yd3910wz",
    "player": "OneNoob678",
    "player_location": null,
    "region": null
  },
  {
    "id": "z510pk5m",
    "player": "NerdyNester",
    "player_location": "us",
    "region": "USA / NTSC"
  },
  {
    "id": "zn417jvm",
    "player": "Papa_FLuX",
    "player_location": "ca",
    "region": "USA / NTSC"
  },
  {
    "id": "zg7r850z",
    "player": "dkr_paddy",
    "player_location": "de",
    "region": "USA / NTSC"
  },
  {
    "id": "yojqwq5m",
    "player": "roni77nf",
    "player_location": "fr",
    "region": "USA / NTSC"
  },
  {
    "id": "yvj8qley",
    "player": "CountGooby",
    "player_location": "us",
    "region": "USA / NTSC"
  },
  {
    "id": "zxk918km",
    "player": "tuff_lover",
    "player_location": null,
    "region": "USA / NTSC"
  },
  {
    "id": "y92k1kvz",
    "player": "Arran",
    "player_location": null,
    "region": "USA / NTSC"
  },
  {
    "id": "zp060jvm",
    "player": "Teleo1",
    "player_location": "us",
    "region": "JPN / NTSC"
  },
  {
    "id": "m3o2j3gm",
    "player": "sYn",
    "player_location": "us",
    "region": "USA / NTSC"
  },
  {
    "id": "zxkl28gm",
    "player": "TheGyaradosGamers",
    "player_location": "au",
    "region": "USA / NTSC"
  },
  {
    "id": "yd541owm",
    "player": "REZOF",
    "player_location": "jp",
    "region": "JPN / NTSC"
  },
  {
    "id": "yv347joz",
    "player": "Magnoo",
    "player_location": "fr",
    "region": "EUR / PAL"
  },
  {
    "id": "yd6q080z",
    "player": "mammaru339",
    "player_location": "jp",
    "region": "JPN / NTSC"
  },
  {
    "id": "zqrr3o8y",
    "player": "Zaltus33",
    "player_location": "ca/qc",
    "region": null
  },
  {
    "id": "y411okdy",
    "player": "Kretter",
    "player_location": "hu",
    "region": "EUR / PAL"
  },
  {
    "id": "y4q700nm",
    "player": "Oldschoolmcfly",
    "player_location": "us",
    "region": "USA / NTSC"
  },
  {
    "id": "yok9x6jz",
    "player": "MG5th",
    "player_location": "jp",
    "region": "JPN / NTSC"
  },
  {
    "id": "y60wl4py",
    "player": "tsuhu",
    "player_location": "jp",
    "region": "JPN / NTSC"
  },
  {
    "id": "yd6ge40z",
    "player": "nos_vagner",
    "player_location": "br",
    "region": "USA / NTSC"
  },
  {
    "id": "mk203lxm",
    "player": "NeoKad",
    "player_location": "ca/qc",
    "region": "JPN / NTSC"
  },
  {
    "id": "y909ov2y",
    "player": "fonzu_",
    "player_location": "es",
    "region": "EUR / PAL"
  },
  {
    "id": "yj3w60gz",
    "player": "Sidarino",
    "player_location": "us",
    "region": "USA / NTSC"
  },
  {
    "id": "zxkwdqqm",
    "player": "Frika",
    "player_location": "br",
    "region": "USA / NTSC"
  },
  {
    "id": "yl0lo4ny",
    "player": "travis11997",
    "player_location": "us",
    "region": null
  },
  {
    "id": "mex04o0z",
    "player": "giygasblues",
    "player_location": null,
    "region": "USA / NTSC"
  },
  {
    "id": "mrexnwdy",
    "player": "zewing",
    "player_location": "us",
    "region": "JPN / NTSC"
  },
  {
    "id": "z57l7dem",
    "player": "grimmyhunter",
    "player_location": "gb/eng",
    "region": null
  },
  {
    "id": "yv37g14z",
    "player": "lapetitepetite",
    "player_location": "fr",
    "region": "EUR / PAL"
  },
  {
    "id": "zgwkeldy",
    "player": "MagicK",
    "player_location": "ca/qc",
    "region": "USA / NTSC"
  },
  {
    "id": "m7ql10ez",
    "player": "chucksnake",
    "player_location": "fr",
    "region": "USA / NTSC"
  },
  {
    "id": "z1j655jz",
    "player": "Neyliece",
    "player_location": "fr",
    "region": null
  },
  {
    "id": "yj3q013z",
    "player": "LF",
    "player_location": "fr",
    "region": "USA / NTSC"
  },
  {
    "id": "znrn5o7y",
    "player": "Tylgar",
    "player_location": "fr",
    "region": "USA / NTSC"
  },
  {
    "id": "y6lwqqjy",
    "player": "venyanwarrior",
    "player_location": "us",
    "region": "USA / NTSC"
  },
  {
    "id": "zxk1qq8m",
    "player": "Brother_main",
    "player_location": "fr",
    "region": "USA / NTSC"
  },
  {
    "id": "znq73n9z",
    "player": "jirafa",
    "player_location": "mx",
    "region": "USA / NTSC"
  },
  {
    "id": "z0510w9m",
    "player": "baXschi",
    "player_location": "de",
    "region": "JPN / NTSC"
  },
  {
    "id": "yd55o0xm",
    "player": "GnRBuddys_Korsar",
    "player_location": "de",
    "region": "EUR / PAL"
  },
  {
    "id": "znk30xvz",
    "player": "Aulnecoeur",
    "player_location": "fr",
    "region": "USA / NTSC"
  },
  {
    "id": "yw805q2y",
    "player": "skunkoff",
    "player_location": "fr",
    "region": "USA / NTSC"
  },
  {
    "id": "znk13k3z",
    "player": "Jolenou",
    "player_location": "fr",
    "region": null
  },
  {
    "id": "z15rx4jy",
    "player": "Stefler",
    "player_location": "fr",
    "region": "USA / NTSC"
  },
  {
    "id": "yjlgx8dz",
    "player": "JyKin",
    "player_location": "fr",
    "region": "USA / NTSC"
  },
  {
    "id": "znk0rpvz",
    "player": "WeakerYouth",
    "player_location": "us",
    "region": "USA / NTSC"
  },
  {
    "id": "ylkrr6xz",
    "player": "Ker_Pouic-Pouic",
    "player_location": "fr",
    "region": null
  },
  {
    "id": "yok6p9dz",
    "player": "Mc166",
    "player_location": "fr",
    "region": "USA / NTSC"
  },
  {
    "id": "yok6ljjz",
    "player": "jnich87",
    "player_location": "us",
    "region": "USA / NTSC"
  },
  {
    "id": "meojk08z",
    "player": "BreadForBrunch",
    "player_location": "us",
    "region": "USA / NTSC"
  },
  {
    "id": "y90l2gvy",
    "player": "Contos",
    "player_location": "fr",
    "region": "USA / NTSC"
  },
  {
    "id": "yjlx15dz",
    "player": "The_Mountain",
    "player_location": "fr",
    "region": null
  },
  {
    "id": "m35xorgy",
    "player": "Slynxy",
    "player_location": "fr",
    "region": "USA / NTSC"
  },
  {
    "id": "y25go76y",
    "player": "j3j_ajxx",
    "player_location": "us",
    "region": "USA / NTSC"
  },
  {
    "id": "ylq50dkz",
    "player": "JuegAriel",
    "player_location": "es",
    "region": "USA / NTSC"
  },
  {
    "id": "yw82p6py",
    "player": "Budda_33",
    "player_location": "ca",
    "region": "USA / NTSC"
  },
  {
    "id": "m3n59kgy",
    "player": "rychanwr3",
    "player_location": "gb/eng",
    "region": "USA / NTSC"
  },
  {
    "id": "z0528xjm",
    "player": "Adamo",
    "player_location": "us",
    "region": "USA / NTSC"
  },
  {
    "id": "ylk2xexz",
    "player": "Okamikaze",
    "player_location": "gb",
    "region": "USA / NTSC"
  },
  {
    "id": "zprj45vm",
    "player": "Moliman",
    "player_location": "ca/qc",
    "region": "USA / NTSC"
  },
  {
    "id": "ylv923rm",
    "player": "skawttie",
    "player_location": "us",
    "region": "USA / NTSC"
  },
  {
    "id": "z15w1x9y",
    "player": "Lyliya",
    "player_location": "fr",
    "region": "USA / NTSC"
  },
  {
    "id": "zx2ekv8m",
    "player": "DragonMetalQueen",
    "player_location": "us",
    "region": "USA / NTSC"
  },
  {
    "id": "z05vl4em",
    "player": "Axodo",
    "player_location": "fr",
    "region": "USA / NTSC"
  },
  {
    "id": "me6e1l2z",
    "player": "HiiragiTia",
    "player_location": "de",
    "region": "USA / NTSC"
  },
  {
    "id": "ylvk17km",
    "player": "PSIcoh",
    "player_location": "us",
    "region": "USA / NTSC"
  },
  {
    "id": "yd0w2qqz",
    "player": "thespace_cowboy1",
    "player_location": "us",
    "region": "USA / NTSC"
  },
  {
    "id": "y8jp9dwz",
    "player": "Swunsh",
    "player_location": "ch",
    "region": "JPN / NTSC"
  },
  {
    "id": "yo3ndr0y",
    "player": "W0DiE",
    "player_location": "us",
    "region": "USA / NTSC"
  },
  {
    "id": "yj6vw27z",
    "player": "mezrik",
    "player_location": "gb/eng",
    "region": "USA / NTSC"
  },
  {
    "id": "mr9pgj7m",
    "player": "superlinkgod",
    "player_location": "fr",
    "region": null
  },
  {
    "id": "y6rk48qy",
    "player": "stuffisstuff",
    "player_location": "us",
    "region": "USA / NTSC"
  },
  {
    "id": "ylo9vnry",
    "player": "atoMic_",
    "player_location": "br",
    "region": "USA / NTSC"
  },
  {
    "id": "m789vj0z",
    "player": "K_M_overground",
    "player_location": "jp",
    "region": "JPN / NTSC"
  },
  {
    "id": "me4qx8qy",
    "player": "theBassSpace",
    "player_location": "ca",
    "region": "USA / NTSC"
  },
  {
    "id": "yloo3d2y",
    "player": "OmniMitch",
    "player_location": "us",
    "region": "USA / NTSC"
  },
  {
    "id": "y8vx90wz",
    "player": "Boog2TheMan",
    "player_location": "us",
    "region": "USA / NTSC"
  },
  {
    "id": "y6629qqy",
    "player": "RayaRoentgen",
    "player_location": "de",
    "region": "JPN / NTSC"
  },
  {
    "id": "yd9jdevz",
    "player": "Caidren",
    "player_location": "us",
    "region": "USA / NTSC"
  },
  {
    "id": "z06xlg8z",
    "player": "TricKyBoy",
    "player_location": "ca/qc",
    "region": "USA / NTSC"
  },
  {
    "id": "yo907w7y",
    "player": "TheBruteDream",
    "player_location": "us",
    "region": "USA / NTSC"
  },
  {
    "id": "yv2x198m",
    "player": "swiftkillakahn",
    "player_location": "ca",
    "region": "USA / NTSC"
  },
  {
    "id": "yvokpd4z",
    "player": "PsychoJoona",
    "player_location": "fi",
    "region": "USA / NTSC"
  },
  {
    "id": "y8dv8lxz",
    "player": "Inof",
    "player_location": "fr",
    "region": "EUR / PAL"
  },
  {
    "id": "mkgk3jvy",
    "player": "Stuffedpie",
    "player_location": "nl",
    "region": "EUR / PAL"
  },
  {
    "id": "y69kxqjy",
    "player": "Leonard317",
    "player_location": "us",
    "region": "USA / NTSC"
  },
  {
    "id": "yo7031dm",
    "player": "DunkelGotik",
    "player_location": "br",
    "region": "USA / NTSC"
  },
  {
    "id": "mkgox43y",
    "player": "Mumu_Didi",
    "player_location": "fr",
    "region": "USA / NTSC"
  },
  {
    "id": "yjx2nx7z",
    "player": "xJRigsx",
    "player_location": "us",
    "region": "USA / NTSC"
  },
  {
    "id": "y270o86z",
    "player": "KenNeko",
    "player_location": "jp",
    "region": "JPN / NTSC"
  },
  {
    "id": "ywkdlg2y",
    "player": "snakelancer",
    "player_location": "ch",
    "region": "USA / NTSC"
  },
  {
    "id": "m37nnvgz",
    "player": "ZerokenFXGX",
    "player_location": "jp",
    "region": "JPN / NTSC"
  },
  {
    "id": "y699r3jy",
    "player": "bluetayden",
    "player_location": "nz",
    "region": "USA / NTSC"
  },
  {
    "id": "y270x9wz",
    "player": "bakerloory",
    "player_location": "it",
    "region": "USA / NTSC"
  },
  {
    "id": "z5vow1nm",
    "player": "Mannix86",
    "player_location": "ca",
    "region": "USA / NTSC"
  },
  {
    "id": "y278wlwz",
    "player": "Andim",
    "player_location": "de",
    "region": null
  },
  {
    "id": "y8jd4gnz",
    "player": "TempheX",
    "player_location": "cl",
    "region": "USA / NTSC"
  },
  {
    "id": "ywjp5w9z",
    "player": "sascha-gaming",
    "player_location": "de",
    "region": "USA / NTSC"
  },
  {
    "id": "zxlk8vkz",
    "player": "sashoboss",
    "player_location": "au",
    "region": "USA / NTSC"
  },
  {
    "id": "zq0082xy",
    "player": "Version_Japonesa",
    "player_location": "cl",
    "region": "JPN / NTSC"
  },
  {
    "id": "zxljr7qz",
    "player": "Nowhey",
    "player_location": "fr",
    "region": "JPN / NTSC"
  },
  {
    "id": "z5xexdgy",
    "player": "ASA2243",
    "player_location": "jp",
    "region": "JPN / NTSC"
  },
  {
    "id": "z0okkjez",
    "player": "yelsraek",
    "player_location": "us",
    "region": "USA / NTSC"
  },
  {
    "id": "y48v27qm",
    "player": "Ozzz",
    "player_location": "us",
    "region": "USA / NTSC"
  },
  {
    "id": "z120v29y",
    "player": "RoronoaJoe",
    "player_location": null,
    "region": "USA / NTSC"
  },
  {
    "id": "y8j46jxz",
    "player": "SteveZero",
    "player_location": "us",
    "region": "USA / NTSC"
  },
  {
    "id": "mr63oegm",
    "player": "BigZeeff",
    "player_location": "us",
    "region": "USA / NTSC"
  },
  {
    "id": "yw31re0m",
    "player": "Tavotron",
    "player_location": "cl",
    "region": "USA / NTSC"
  },
  {
    "id": "zp9q54gm",
    "player": "Yujisan",
    "player_location": "jp",
    "region": "JPN / NTSC"
  },
  {
    "id": "yop6e95m",
    "player": "JoePulito",
    "player_location": "us",
    "region": "USA / NTSC"
  },
  {
    "id": "mrrvwxdm",
    "player": "chrischipika",
    "player_location": "de",
    "region": "USA / NTSC"
  },
  {
    "id": "z52lv6ez",
    "player": "mach_h",
    "player_location": "jp",
    "region": "JPN / NTSC"
  },
  {
    "id": "zq7x6k1m",
    "player": "makkolv",
    "player_location": "us",
    "region": "USA / NTSC"
  },
  {
    "id": "yl1v562m",
    "player": "KumaKhan22",
    "player_location": "us",
    "region": null
  },
  {
    "id": "yodjk21m",
    "player": "RatmanPrisma",
    "player_location": null,
    "region": "USA / NTSC"
  },
  {
    "id": "znqko23z",
    "player": "AlphaNerd",
    "player_location": "ca",
    "region": "USA / NTSC"
  },
  {
    "id": "yjd2jkgy",
    "player": "jaspolim",
    "player_location": "br",
    "region": "USA / NTSC"
  },
  {
    "id": "yw6vj92m",
    "player": "TedbearFZ",
    "player_location": "us",
    "region": "USA / NTSC"
  },
  {
    "id": "zgq22qdy",
    "player": "cujokila",
    "player_location": "us",
    "region": "USA / NTSC"
  },
  {
    "id": "mkd01xxy",
    "player": "Kace",
    "player_location": "ca",
    "region": "USA / NTSC"
  },
  {
    "id": "z0ld28ez",
    "player": "hassanblackmoslem",
    "player_location": "de",
    "region": "JPN / NTSC"
  },
  {
    "id": "zqegkn9z",
    "player": "kasmonmon",
    "player_location": "jp",
    "region": "JPN / NTSC"
  },
  {
    "id": "mkv73qxy",
    "player": "ivirj",
    "player_location": "mx",
    "region": "USA / NTSC"
  },
  {
    "id": "y80vvodm",
    "player": "ChrisBishop95",
    "player_location": "mx",
    "region": "USA / NTSC"
  }
]