[
  {
    "id": "pm3kj06y",
    "player": "Half-X",
    "player_location": "ie",
    "region": null
  },
  {
    "id": "zn3xn4ly",
    "player": "Mastoise",
    "player_location": "gb/eng",
    "region": null
  },
  {
    "id": "zgn3p30y",
    "player": "LukeRF44",
    "player_location": "gb/eng",
    "region": "EUR / PAL"
  },
  {
    "id": "y6pljq1m",
    "player": "TurnipWaa",
    "player_location": "gb/eng",
    "region": "EUR / PAL"
  },
  {
    "id": "yj3g767z",
    "player": "Benpai",
    "player_location": "gb/eng",
    "region": "EUR / PAL"
  },
  {
    "id": "yoj42v7m",
    "player": "Cobradile",
    "player_location": "gb/sct",
    "region": "EUR / PAL"
  },
  {
    "id": "yj315l3z",
    "player": "KrypticSR",
    "player_location": "gb/eng",
    "region": "EUR / PAL"
  },
  {
    "id": "zgkrdj0y",
    "player": "Shima33",
    "player_location": "gb/eng",
    "region": "EUR / PAL"
  },
  {
    "id": "mr1x474z",
    "player": "Inkling_Splash",
    "player_location": "gb/eng",
    "region": null
  }
]