[
  {
    "id": "pm31ol6z",
    "player": "Zwajken",
    "player_location": "se",
    "region": "EUR / PAL"
  },
  {
    "id": "pyd19pjy",
    "player": "Llyno87",
    "player_location": "us",
    "region": "USA / NTSC"
  },
  {
    "id": "pzg9qkjm",
    "player": "ZeldaPirate",
    "player_location": null,
    "region": "EUR / PAL"
  },
  {
    "id": "yl9017ry",
    "player": "muppetsinspace",
    "player_location": "us",
    "region": "USA / NTSC"
  },
  {
    "id": "z5170ljm",
    "player": "Wyrmtalon",
    "player_location": "us",
    "region": "USA / NTSC"
  },
  {
    "id": "mrqv63dy",
    "player": "FranklinM",
    "player_location": "us",
    "region": "USA / NTSC"
  },
  {
    "id": "z52663ez",
    "player": "Pandora",
    "player_location": "cl",
    "region": "JPN / NTSC"
  },
  {
    "id": "z1o508wm",
    "player": "GibGirl",
    "player_location": "us",
    "region": "USA / NTSC"
  },
  {
    "id": "y41dogky",
    "player": "the_kov",
    "player_location": "us",
    "region": "USA / NTSC"
  },
  {
    "id": "y6dwqk1m",
    "player": "BigNoNo",
    "player_location": null,
    "region": "USA / NTSC"
  },
  {
    "id": "zx8g89km",
    "player": "Narokath",
    "player_location": "se",
    "region": "EUR / PAL"
  }
]