[
  {
    "id": "mk98w83z",
    "player": "Lizstar",
    "player_location": "us",
    "region": "USA / NTSC"
  },
  {
    "id": "ywpdok9z",
    "player": "Dogveloper",
    "player_location": "br",
    "region": "USA / NTSC"
  },
  {
    "id": "m7pvgk9m",
    "player": "Krayzar",
    "player_location": "us",
    "region": "USA / NTSC"
  },
  {
    "id": "y6pn39qm",
    "player": "wepen",
    "player_location": "us",
    "region": "USA / NTSC"
  },
  {
    "id": "z03d8doz",
    "player": "hollygorock",
    "player_location": "us",
    "region": "USA / NTSC"
  },
  {
    "id": "me82lw8m",
    "player": "Arran",
    "player_location": null,
    "region": "USA / NTSC"
  },
  {
    "id": "z01r51ey",
    "player": "Fenwick",
    "player_location": "us",
    "region": "USA / NTSC"
  },
  {
    "id": "zqr99o8y",
    "player": "beerfullofbelly",
    "player_location": "us",
    "region": "USA / NTSC"
  },
  {
    "id": "y9990g2y",
    "player": "Tabarly",
    "player_location": "fr",
    "region": null
  }
]