[
  {
    "id": "z01rqejy",
    "player": "GustavoPredador",
    "player_location": "br",
    "region": "BRA / PAL"
  },
  {
    "id": "y21rrnjz",
    "player": "Gross-Standards",
    "player_location": "es",
    "region": "EUR / PAL"
  },
  {
    "id": "y4e8q4qm",
    "player": "Leo_Salvatore_7",
    "player_location": "ec",
    "region": "USA / NTSC"
  },
  {
    "id": "ydr5xkwz",
    "player": "adnips",
    "player_location": "ie",
    "region": "USA / NTSC"
  },
  {
    "id": "me4wn88y",
    "player": "alex92Tcordobes",
    "player_location": "ar",
    "region": "USA / NTSC"
  },
  {
    "id": "y4x4wgkz",
    "player": "Shredmachine",
    "player_location": "se",
    "region": null
  }
]