[
  {
    "id": "zn48dpvm",
    "player": "Alaskaxp2",
    "player_location": "us",
    "region": "USA / NTSC"
  },
  {
    "id": "z529d0jz",
    "player": "ThatRaisinTho",
    "player_location": "us",
    "region": "USA / NTSC"
  },
  {
    "id": "meoorx0z",
    "player": "Merciful",
    "player_location": null,
    "region": "EUR / PAL"
  },
  {
    "id": "z05kqpom",
    "player": "NickIsGoingBonkers",
    "player_location": "us",
    "region": "USA / NTSC"
  },
  {
    "id": "ylk67krz",
    "player": "MinecraftGuy12474",
    "player_location": "pl",
    "region": "EUR / PAL"
  },
  {
    "id": "yvqn7k8m",
    "player": "Soupious",
    "player_location": "us",
    "region": "USA / NTSC"
  },
  {
    "id": "y93rgr2y",
    "player": "Dalegend",
    "player_location": null,
    "region": null
  },
  {
    "id": "z1q16lwy",
    "player": "Retrowavey",
    "player_location": "fr",
    "region": "USA / NTSC"
  },
  {
    "id": "y8jv9e1z",
    "player": "Ramanoo",
    "player_location": "ma",
    "region": null
  },
  {
    "id": "mejpq49y",
    "player": "Brybj123",
    "player_location": null,
    "region": "USA / NTSC"
  }
]