[
  {
    "id": "yojql0jm",
    "player": "HeyFrench",
    "player_location": "us",
    "region": null
  },
  {
    "id": "zn74lp7m",
    "player": "wildfire011",
    "player_location": "gb",
    "region": "USA / NTSC"
  },
  {
    "id": "zp3g4wnm",
    "player": "PALMMA",
    "player_location": "pt",
    "region": "EUR / PAL"
  },
  {
    "id": "zgwg2rvy",
    "player": "GUV",
    "player_location": "us",
    "region": "USA / NTSC"
  },
  {
    "id": "y81o74wz",
    "player": "WudzZalesia",
    "player_location": "pl",
    "region": null
  },
  {
    "id": "mk88133m",
    "player": "BradTatum",
    "player_location": "gb/eng",
    "region": null
  },
  {
    "id": "yjd87qgy",
    "player": "Melon10900",
    "player_location": "fi",
    "region": "EUR / PAL"
  },
  {
    "id": "y9l41qey",
    "player": "Rampageopolis",
    "player_location": "us",
    "region": null
  },
  {
    "id": "me1lxlqy",
    "player": "TheWisePenney",
    "player_location": "us",
    "region": "USA / NTSC"
  },
  {
    "id": "yj1n4voy",
    "player": "Panzerdeer",
    "player_location": "gb",
    "region": null
  },
  {
    "id": "yw07r43m",
    "player": "madallag",
    "player_location": "au",
    "region": null
  },
  {
    "id": "y8v7g6xz",
    "player": "Rockki",
    "player_location": "gb/sct",
    "region": "USA / NTSC"
  },
  {
    "id": "zp3jjr8m",
    "player": "Tomterthe",
    "player_location": "no",
    "region": "EUR / PAL"
  },
  {
    "id": "y8e39kdy",
    "player": "TheRollingGizmo",
    "player_location": "us",
    "region": "USA / NTSC"
  },
  {
    "id": "y66kk3jy",
    "player": "Aukk4",
    "player_location": "fi",
    "region": null
  },
  {
    "id": "y8dq3wxz",
    "player": "peoplehavebrain",
    "player_location": "th",
    "region": null
  },
  {
    "id": "zq1vo88m",
    "player": "ReallyFrame",
    "player_location": "us",
    "region": null
  },
  {
    "id": "y6dnnkqm",
    "player": "CroyniceBlue",
    "player_location": "om",
    "region": null
  },
  {
    "id": "y8d629dz",
    "player": "Erzwespe",
    "player_location": "de",
    "region": "EUR / PAL"
  },
  {
    "id": "zp1j46gz",
    "player": "Christian1727",
    "player_location": "us",
    "region": "USA / NTSC"
  },
  {
    "id": "yvok156z",
    "player": "DeceitfulDohnut",
    "player_location": "us",
    "region": "USA / NTSC"
  },
  {
    "id": "z0ln38jz",
    "player": "NoTCaBoLT",
    "player_location": "tr",
    "region": null
  },
  {
    "id": "z0ok55oz",
    "player": "GroofyTuber",
    "player_location": "co",
    "region": "USA / NTSC"
  },
  {
    "id": "ydwlv30m",
    "player": "SKGIRELAND078",
    "player_location": null,
    "region": null
  },
  {
    "id": "y600ddpy",
    "player": "EliasF",
    "player_location": "fi",
    "region": null
  },
  {
    "id": "z1pv5e9z",
    "player": "teja_vu95",
    "player_location": "us",
    "region": "USA / NTSC"
  },
  {
    "id": "y962pley",
    "player": "MuffinsiEA98",
    "player_location": "fi",
    "region": "EUR / PAL"
  },
  {
    "id": "yd1g6lqy",
    "player": "Krazy_Kylo",
    "player_location": "us",
    "region": "USA / NTSC"
  },
  {
    "id": "yv84018m",
    "player": "Shine69",
    "player_location": "de",
    "region": "EUR / PAL"
  },
  {
    "id": "m725qqwz",
    "player": "Vu16",
    "player_location": "ca/qc",
    "region": null
  },
  {
    "id": "y6or96jy",
    "player": "Zorxy",
    "player_location": "fr",
    "region": "EUR / PAL"
  }
]