[
  {
    "id": "7yl9gx3y",
    "player": "TaigaLily_",
    "player_location": "us",
    "region": null
  },
  {
    "id": "7yl7np2m",
    "player": "TsukiBaka",
    "player_location": "us",
    "region": null
  },
  {
    "id": "jy92dkkz",
    "player": "Spooty",
    "player_location": "us",
    "region": null
  },
  {
    "id": "8m7qqr0z",
    "player": "MireilleMinami",
    "player_location": "gb/eng",
    "region": null
  },
  {
    "id": "2yw0399m",
    "player": "ggCrush",
    "player_location": "de",
    "region": null
  },
  {
    "id": "9mrongdm",
    "player": "SpectralChimaera",
    "player_location": "nz",
    "region": null
  },
  {
    "id": "wzpdjkxz",
    "player": "FellVisage",
    "player_location": "gb/eng",
    "region": null
  },
  {
    "id": "mr1loq7z",
    "player": "GhostKumo",
    "player_location": "us",
    "region": "USA / NTSC"
  },
  {
    "id": "9mro5p4m",
    "player": "Ramewle",
    "player_location": "gb/eng",
    "region": null
  },
  {
    "id": "2yw3j83m",
    "player": "xtremeBored",
    "player_location": null,
    "region": null
  },
  {
    "id": "2ywj272z",
    "player": "Liaku25",
    "player_location": null,
    "region": null
  },
  {
    "id": "y41drldy",
    "player": "Harumaki",
    "player_location": "jp",
    "region": "JPN / NTSC"
  },
  {
    "id": "8yv83dom",
    "player": "hollowichi1931",
    "player_location": "us",
    "region": null
  },
  {
    "id": "pyd1pewy",
    "player": "Raelcun",
    "player_location": "us",
    "region": null
  },
  {
    "id": "9yod885m",
    "player": "Ragnano",
    "player_location": "de",
    "region": null
  },
  {
    "id": "oy2e647y",
    "player": "Frayzlo",
    "player_location": "ca/qc",
    "region": null
  },
  {
    "id": "7z0l24oz",
    "player": "Sorimachi87",
    "player_location": null,
    "region": null
  },
  {
    "id": "0y6xw40y",
    "player": "epiitaph",
    "player_location": null,
    "region": null
  },
  {
    "id": "oy2e64jy",
    "player": "tyneic666",
    "player_location": null,
    "region": null
  },
  {
    "id": "7z0l24jz",
    "player": "Adarax",
    "player_location": null,
    "region": null
  },
  {
    "id": "yjgglwoy",
    "player": "Jaddo",
    "player_location": "gb",
    "region": null
  },
  {
    "id": "yl9k0p3y",
    "player": "Telaj\u00e4nis",
    "player_location": "fi",
    "region": null
  },
  {
    "id": "wzpklrny",
    "player": "Dragondarch",
    "player_location": "us",
    "region": null
  },
  {
    "id": "1zq2od1z",
    "player": "ALAKTORN",
    "player_location": "it",
    "region": null
  },
  {
    "id": "yw11grpz",
    "player": "Zellnuu",
    "player_location": "ca",
    "region": null
  },
  {
    "id": "zq668xry",
    "player": "AliatusAquilan",
    "player_location": "ca",
    "region": null
  },
  {
    "id": "zxv4rq8y",
    "player": "CnEY",
    "player_location": "us",
    "region": null
  },
  {
    "id": "yo4jpx5m",
    "player": "Eltrit",
    "player_location": "kr",
    "region": null
  },
  {
    "id": "yo956gdy",
    "player": "na2na",
    "player_location": "jp",
    "region": "JPN / NTSC"
  },
  {
    "id": "mkkek35m",
    "player": "Nori_",
    "player_location": "jp",
    "region": "JPN / NTSC"
  },
  {
    "id": "y2p3nq9z",
    "player": "Ooooi",
    "player_location": null,
    "region": "USA / NTSC"
  },
  {
    "id": "y4x0l8dz",
    "player": "jphpue",
    "player_location": "fi",
    "region": "EUR / PAL"
  }
]