[
  {
    "id": "zgkrl7ny",
    "player": "MAME_Retro_Avengers",
    "player_location": "it",
    "region": "USA / NTSC"
  },
  {
    "id": "z5j30jgm",
    "player": "Trix_Sama",
    "player_location": "cl",
    "region": "USA / NTSC"
  },
  {
    "id": "z09kr9jz",
    "player": "Aquas",
    "player_location": "us",
    "region": "USA / NTSC"
  },
  {
    "id": "zq15k39m",
    "player": "Vanin",
    "player_location": "cl",
    "region": "USA / NTSC"
  },
  {
    "id": "me4l4wqy",
    "player": "Therunner1",
    "player_location": "dz",
    "region": "USA / NTSC"
  },
  {
    "id": "zq0xn68y",
    "player": "Amune138",
    "player_location": "us",
    "region": "USA / NTSC"
  }
]