[
  {
    "id": "zgrj97nm",
    "player": "Edon",
    "player_location": "ca",
    "region": "USA / NTSC"
  },
  {
    "id": "zqv2538m",
    "player": "DadBot",
    "player_location": "us",
    "region": "USA / NTSC"
  },
  {
    "id": "y27nrdwz",
    "player": "Athrun",
    "player_location": "ca",
    "region": "USA / NTSC"
  },
  {
    "id": "ylrpwdry",
    "player": "Lazerr",
    "player_location": "ru",
    "region": "EUR / PAL"
  },
  {
    "id": "y93e08ny",
    "player": "Kotyesz",
    "player_location": null,
    "region": "EUR / PAL"
  },
  {
    "id": "z5vl4vgm",
    "player": "Asylumpatient",
    "player_location": "cz",
    "region": "EUR / PAL"
  },
  {
    "id": "yw3dqn0m",
    "player": "Lefi",
    "player_location": null,
    "region": "EUR / PAL"
  },
  {
    "id": "z0plx49y",
    "player": "Yoshi",
    "player_location": "jp",
    "region": "JPN / NTSC"
  },
  {
    "id": "zgqxoq0y",
    "player": "DXNAST",
    "player_location": "nl",
    "region": "EUR / PAL"
  },
  {
    "id": "mkdnpl5y",
    "player": "nponojiuc",
    "player_location": "ru",
    "region": "EUR / PAL"
  }
]