[
  {
    "id": "kz504wny",
    "player": "bertin",
    "player_location": null,
    "region": "USA / NTSC"
  },
  {
    "id": "9yooo70y",
    "player": "[jp]\u305a\u304b (zuka)",
    "player_location": null,
    "region": "JPN / NTSC"
  },
  {
    "id": "9mr02v7m",
    "player": "\u304b\u306a\u304b\u306a",
    "player_location": null,
    "region": "JPN / NTSC"
  },
  {
    "id": "oy2nk2wy",
    "player": "negitoro",
    "player_location": null,
    "region": "JPN / NTSC"
  },
  {
    "id": "0y6gqvjm",
    "player": "\u5149\u9670",
    "player_location": null,
    "region": "JPN / NTSC"
  },
  {
    "id": "yvjroxey",
    "player": "closetowar",
    "player_location": "us",
    "region": "JPN / NTSC"
  },
  {
    "id": "1zqx3o8y",
    "player": "CrystalBeauty",
    "player_location": null,
    "region": "JPN / NTSC"
  },
  {
    "id": "m3o37pwm",
    "player": "\u5927\u718a\u732b",
    "player_location": null,
    "region": "JPN / NTSC"
  },
  {
    "id": "yj48xv3y",
    "player": "XL",
    "player_location": "br",
    "region": "JPN / NTSC"
  },
  {
    "id": "m7p0d4em",
    "player": "pampa99999",
    "player_location": "fr",
    "region": "USA / NTSC"
  },
  {
    "id": "yj4w887y",
    "player": "furansujin",
    "player_location": "jp",
    "region": "JPN / NTSC"
  },
  {
    "id": "yd686xqz",
    "player": "sanki",
    "player_location": null,
    "region": "JPN / NTSC"
  },
  {
    "id": "y95o5q2z",
    "player": "\u30ea\u30bf",
    "player_location": null,
    "region": "JPN / NTSC"
  },
  {
    "id": "znrqv2vy",
    "player": "suzukan_11",
    "player_location": "jp",
    "region": "JPN / NTSC"
  },
  {
    "id": "yv38gkoz",
    "player": "box10000",
    "player_location": null,
    "region": "JPN / NTSC"
  },
  {
    "id": "yw4v173z",
    "player": "SDIP",
    "player_location": "jp",
    "region": "JPN / NTSC"
  },
  {
    "id": "zp4gqexz",
    "player": "\u304b\u3048\u3067",
    "player_location": null,
    "region": "JPN / NTSC"
  },
  {
    "id": "m7q2944z",
    "player": "\u963f\u4fee\u7f85",
    "player_location": null,
    "region": "JPN / NTSC"
  },
  {
    "id": "zxknvrem",
    "player": "nao.exe",
    "player_location": null,
    "region": "JPN / NTSC"
  },
  {
    "id": "y41g5d3y",
    "player": "\u4e3b\u52d9",
    "player_location": null,
    "region": "JPN / NTSC"
  },
  {
    "id": "z01neg9y",
    "player": "Halmar",
    "player_location": null,
    "region": "JPN / NTSC"
  },
  {
    "id": "yw4v193z",
    "player": "\u3051\u30fc\u3054",
    "player_location": null,
    "region": "JPN / NTSC"
  },
  {
    "id": "yl0n98ny",
    "player": "\u30d5\u30a9\u30dc\u30b9",
    "player_location": null,
    "region": "JPN / NTSC"
  }
]