[
  {
    "id": "jy9n0lrz",
    "player": "oniryu123",
    "player_location": "us",
    "region": "USA / NTSC"
  },
  {
    "id": "wzpxxxnm",
    "player": "Naegleria",
    "player_location": "ca",
    "region": "USA / NTSC"
  },
  {
    "id": "zpq8jp8y",
    "player": "crisdoile2",
    "player_location": "mx",
    "region": "USA / NTSC"
  },
  {
    "id": "yolj02dy",
    "player": "Punchy",
    "player_location": "gb/eng",
    "region": "JPN / NTSC"
  },
  {
    "id": "zp246k8y",
    "player": "Binary_Stork",
    "player_location": "us",
    "region": "JPN / NTSC"
  },
  {
    "id": "mkdn2d5y",
    "player": "umbrellajill",
    "player_location": "us",
    "region": "USA / NTSC"
  },
  {
    "id": "y2jd696z",
    "player": "Abbiescorner",
    "player_location": "ca",
    "region": null
  }
]