[
  {
    "id": "8y87ko1z",
    "player": "DRLOVE",
    "player_location": "us",
    "region": "USA / NTSC"
  },
  {
    "id": "z0357e4z",
    "player": "psp",
    "player_location": "us",
    "region": "USA / NTSC"
  },
  {
    "id": "zq6ddvry",
    "player": "ElViniD",
    "player_location": "ch",
    "region": null
  },
  {
    "id": "y670gd1m",
    "player": "JustAnotherGamer",
    "player_location": "de",
    "region": "EUR / PAL"
  },
  {
    "id": "yvg09oxy",
    "player": "FeatherTwitchTV",
    "player_location": "us",
    "region": "USA / NTSC"
  },
  {
    "id": "yw1nj8nz",
    "player": "relentL3SS_GG",
    "player_location": "gb/eng",
    "region": "EUR / PAL"
  },
  {
    "id": "zq1ljd9m",
    "player": "Gortern",
    "player_location": "us",
    "region": "USA / NTSC"
  },
  {
    "id": "yjk9v2dm",
    "player": "vr6z",
    "player_location": "us",
    "region": "USA / NTSC"
  },
  {
    "id": "m79e379y",
    "player": "catz",
    "player_location": "de",
    "region": "EUR / PAL"
  },
  {
    "id": "z5o64jny",
    "player": "ItsMeowie",
    "player_location": "no",
    "region": "EUR / PAL"
  },
  {
    "id": "z13wr97m",
    "player": "Tweaxs_LP",
    "player_location": "at",
    "region": "EUR / PAL"
  },
  {
    "id": "z5o9xgny",
    "player": "poetahto",
    "player_location": "us",
    "region": "USA / NTSC"
  },
  {
    "id": "zn08d77y",
    "player": "DeFra",
    "player_location": "it",
    "region": "EUR / PAL"
  },
  {
    "id": "yd63d50z",
    "player": "Couil",
    "player_location": "se",
    "region": "EUR / PAL"
  },
  {
    "id": "z1110e9z",
    "player": "BuuGames",
    "player_location": "gb/eng",
    "region": "EUR / PAL"
  },
  {
    "id": "y925o7kz",
    "player": "CratyII",
    "player_location": "se",
    "region": "EUR / PAL"
  },
  {
    "id": "y2qgdpwy",
    "player": "Parinya",
    "player_location": "hk",
    "region": null
  },
  {
    "id": "y48ed5dm",
    "player": "Akaya",
    "player_location": null,
    "region": "EUR / PAL"
  },
  {
    "id": "z03ok18z",
    "player": "lenguin",
    "player_location": "us",
    "region": "USA / NTSC"
  },
  {
    "id": "y92r7drz",
    "player": "csHenry",
    "player_location": "us",
    "region": "USA / NTSC"
  },
  {
    "id": "y2xoe57m",
    "player": "Chazb",
    "player_location": "gb/eng",
    "region": null
  },
  {
    "id": "yvjkeg6y",
    "player": "EikeKusch",
    "player_location": "gb",
    "region": null
  },
  {
    "id": "y43g0n2z",
    "player": "Ph3ver",
    "player_location": "us",
    "region": null
  },
  {
    "id": "zq3d1nxy",
    "player": "stitch2k1",
    "player_location": "us",
    "region": "USA / NTSC"
  },
  {
    "id": "y89p5oxm",
    "player": "TriassicPotato",
    "player_location": "au",
    "region": "CHN / PAL"
  },
  {
    "id": "m3o0qj6m",
    "player": "LABO405",
    "player_location": "jp",
    "region": "JPN / NTSC"
  },
  {
    "id": "zxkx0vqm",
    "player": "Bhudaman",
    "player_location": "us",
    "region": "USA / NTSC"
  },
  {
    "id": "yd3nl1xz",
    "player": "Meta1087",
    "player_location": "us",
    "region": "USA / NTSC"
  },
  {
    "id": "yvjxr4oy",
    "player": "lorrein",
    "player_location": "ru",
    "region": "EUR / PAL"
  },
  {
    "id": "z032vl9z",
    "player": "ChickenGrease69",
    "player_location": "us",
    "region": "USA / NTSC"
  },
  {
    "id": "zn46e2lm",
    "player": "Psyphlosion",
    "player_location": "us",
    "region": "USA / NTSC"
  },
  {
    "id": "y2q6246y",
    "player": "FaceCase",
    "player_location": "us",
    "region": "USA / NTSC"
  },
  {
    "id": "z1jdrwjz",
    "player": "cameragod",
    "player_location": "no",
    "region": "EUR / PAL"
  },
  {
    "id": "y6lpq9jy",
    "player": "nervukka",
    "player_location": "fi",
    "region": "EUR / PAL"
  },
  {
    "id": "z1jjjx7z",
    "player": "TheTaipoe",
    "player_location": "us",
    "region": "USA / NTSC"
  },
  {
    "id": "y811gp5z",
    "player": "Medved12",
    "player_location": null,
    "region": null
  },
  {
    "id": "zggee50z",
    "player": "Mbaseball04",
    "player_location": null,
    "region": "USA / NTSC"
  },
  {
    "id": "y6d1o2qm",
    "player": "RF",
    "player_location": "us",
    "region": "USA / NTSC"
  },
  {
    "id": "zgkq890y",
    "player": "Crebleb",
    "player_location": "us",
    "region": null
  },
  {
    "id": "yl0nr0ny",
    "player": "Gingeneer",
    "player_location": "us",
    "region": "USA / NTSC"
  },
  {
    "id": "yl0nnj2y",
    "player": "SkYri3L",
    "player_location": "gb/eng",
    "region": "EUR / PAL"
  },
  {
    "id": "y8r1rnwm",
    "player": "SqueesyWeezy",
    "player_location": "us",
    "region": "USA / NTSC"
  },
  {
    "id": "yd6nlrjz",
    "player": "Wilsoon",
    "player_location": "fi",
    "region": "EUR / PAL"
  },
  {
    "id": "m7gkpl9m",
    "player": "ToolR",
    "player_location": "gb/eng",
    "region": "USA / NTSC"
  },
  {
    "id": "yl0d8rky",
    "player": "LIReality",
    "player_location": "us",
    "region": "USA / NTSC"
  },
  {
    "id": "z1jv1jjz",
    "player": "SoulBT",
    "player_location": "de",
    "region": "EUR / PAL"
  },
  {
    "id": "y41n0nqy",
    "player": "kenhallthe3rd",
    "player_location": "us",
    "region": "USA / NTSC"
  },
  {
    "id": "yv35ddez",
    "player": "RaptorRSR",
    "player_location": "gb/eng",
    "region": "EUR / PAL"
  },
  {
    "id": "yv9pgv4z",
    "player": "RussianMosquito",
    "player_location": "us",
    "region": "USA / NTSC"
  },
  {
    "id": "zprn1dgm",
    "player": "KingKaz_TTV",
    "player_location": "gb/wls",
    "region": "EUR / PAL"
  },
  {
    "id": "mk39lx5z",
    "player": "JohnnyBigBaws83",
    "player_location": "gb",
    "region": null
  },
  {
    "id": "ylk4jd3z",
    "player": "xBabopa",
    "player_location": "de",
    "region": "EUR / PAL"
  },
  {
    "id": "y65p89qz",
    "player": "SATTURN",
    "player_location": "us",
    "region": "USA / NTSC"
  },
  {
    "id": "z05r3oom",
    "player": "sunwoo3515",
    "player_location": null,
    "region": "KOR / NTSC"
  },
  {
    "id": "y9n5l6kz",
    "player": "BillWonka",
    "player_location": "us",
    "region": "USA / NTSC"
  },
  {
    "id": "y65jqn0z",
    "player": "AriadneZE",
    "player_location": "us",
    "region": "KOR / NTSC"
  },
  {
    "id": "y25p85wy",
    "player": "D33PAN",
    "player_location": "at",
    "region": null
  },
  {
    "id": "m35xp6qy",
    "player": "RyDRoe",
    "player_location": "us",
    "region": "USA / NTSC"
  },
  {
    "id": "y9061kny",
    "player": "WackoBandit",
    "player_location": "cx",
    "region": null
  },
  {
    "id": "yokx155z",
    "player": "Cee__Cee_",
    "player_location": "fi",
    "region": "EUR / PAL"
  },
  {
    "id": "zqwde4xz",
    "player": "clove",
    "player_location": "us",
    "region": "USA / NTSC"
  },
  {
    "id": "y25kl45y",
    "player": "DX9",
    "player_location": "gb/sct",
    "region": "EUR / PAL"
  },
  {
    "id": "mk3q6q1z",
    "player": "Person_Man",
    "player_location": "ca",
    "region": null
  },
  {
    "id": "ylkd3r3z",
    "player": "MrBigWang",
    "player_location": "bt",
    "region": "USA / NTSC"
  },
  {
    "id": "yw82kdny",
    "player": "snKappa_",
    "player_location": "ro",
    "region": "EUR / PAL"
  },
  {
    "id": "y82gxpny",
    "player": "xd_ImMikey",
    "player_location": "au",
    "region": null
  },
  {
    "id": "y25rjnwy",
    "player": "zyroz",
    "player_location": "gb/eng",
    "region": "EUR / PAL"
  },
  {
    "id": "z533q8ey",
    "player": "STUP_Mokaza",
    "player_location": "us",
    "region": "USA / NTSC"
  },
  {
    "id": "yd0wqn0z",
    "player": "ryzojc13",
    "player_location": null,
    "region": "EUR / PAL"
  },
  {
    "id": "y4e834nm",
    "player": "R1eze",
    "player_location": "no",
    "region": "EUR / PAL"
  },
  {
    "id": "y2pe435z",
    "player": "A1ex055",
    "player_location": "us",
    "region": "USA / NTSC"
  },
  {
    "id": "mr9rr7gm",
    "player": "FR3DXD",
    "player_location": "ca/qc",
    "region": "USA / NTSC"
  },
  {
    "id": "y2dew25z",
    "player": "Rhaasty17",
    "player_location": "us",
    "region": "USA / NTSC"
  },
  {
    "id": "y6rolvjy",
    "player": "Aussieboy",
    "player_location": "au",
    "region": "USA / NTSC"
  },
  {
    "id": "zq4e4xxm",
    "player": ".Zais",
    "player_location": "pl",
    "region": "USA / NTSC"
  },
  {
    "id": "y8rwrxwm",
    "player": "Divikoopa55",
    "player_location": "de",
    "region": "EUR / PAL"
  },
  {
    "id": "z0rg9g9z",
    "player": "yoboysteveman",
    "player_location": "us",
    "region": "USA / NTSC"
  },
  {
    "id": "y663lg6y",
    "player": "Eik",
    "player_location": "se",
    "region": "EUR / PAL"
  },
  {
    "id": "yd0oq00z",
    "player": "Skrubbernipples",
    "player_location": "us",
    "region": "USA / NTSC"
  },
  {
    "id": "z1o4kvrm",
    "player": "Skeeter420",
    "player_location": null,
    "region": "USA / NTSC"
  },
  {
    "id": "m754jq0z",
    "player": "peen",
    "player_location": "us",
    "region": "USA / NTSC"
  },
  {
    "id": "yo3wjjjy",
    "player": "xander18709",
    "player_location": null,
    "region": "USA / NTSC"
  },
  {
    "id": "zxd1o05y",
    "player": "A21Z",
    "player_location": "us",
    "region": "USA / NTSC"
  },
  {
    "id": "zgv528nz",
    "player": "RussianGoggo",
    "player_location": "ro",
    "region": "EUR / PAL"
  },
  {
    "id": "y42rwg2m",
    "player": "Devilsmilex",
    "player_location": "hu",
    "region": "EUR / PAL"
  },
  {
    "id": "y423jddm",
    "player": "MysticalBob",
    "player_location": null,
    "region": "USA / NTSC"
  },
  {
    "id": "y66oo1jy",
    "player": "Goxmen",
    "player_location": "tr",
    "region": "EUR / PAL"
  },
  {
    "id": "mr48nvdz",
    "player": "YoungChrome",
    "player_location": null,
    "region": "USA / NTSC"
  },
  {
    "id": "z18142wy",
    "player": "Crashingwombat",
    "player_location": "gb/eng",
    "region": "EUR / PAL"
  },
  {
    "id": "yjxk4dgz",
    "player": "DireWolf5006",
    "player_location": "us",
    "region": "USA / NTSC"
  },
  {
    "id": "m3ngopqy",
    "player": "Nice",
    "player_location": null,
    "region": null
  },
  {
    "id": "me9xro3z",
    "player": "Masterpisop",
    "player_location": "ca/qc",
    "region": "USA / NTSC"
  },
  {
    "id": "yo9j1r5y",
    "player": "RyanKCurran",
    "player_location": "gb/eng",
    "region": "EUR / PAL"
  },
  {
    "id": "zqgw285m",
    "player": "TrpiCZ",
    "player_location": "cz",
    "region": "EUR / PAL"
  },
  {
    "id": "ydd1w7qy",
    "player": "AwezumMan",
    "player_location": "us",
    "region": "USA / NTSC"
  },
  {
    "id": "ylovkxxy",
    "player": "Kubusiosiaa",
    "player_location": "pl",
    "region": "USA / NTSC"
  },
  {
    "id": "mk70n75y",
    "player": "SyphilliticMeat",
    "player_location": "au",
    "region": "USA / NTSC"
  },
  {
    "id": "yd9r7l0z",
    "player": "zevx",
    "player_location": null,
    "region": null
  },
  {
    "id": "zgxqn4dm",
    "player": "Krazy-",
    "player_location": "gb/eng",
    "region": "EUR / PAL"
  },
  {
    "id": "yw06300m",
    "player": "supa_play",
    "player_location": "ru",
    "region": "EUR / PAL"
  },
  {
    "id": "z06lvkez",
    "player": "Bonzi",
    "player_location": "us",
    "region": null
  },
  {
    "id": "m782e15z",
    "player": "Xenxai",
    "player_location": "gb/sct",
    "region": "EUR / PAL"
  },
  {
    "id": "z508685y",
    "player": "myhm_maestro",
    "player_location": "us",
    "region": "USA / NTSC"
  },
  {
    "id": "z18l0wwy",
    "player": "LilmacGaming",
    "player_location": "us",
    "region": "USA / NTSC"
  },
  {
    "id": "y8vk9knz",
    "player": "JeanChristophe",
    "player_location": "ca/qc",
    "region": "USA / NTSC"
  },
  {
    "id": "m3n07o4y",
    "player": "Ayums",
    "player_location": "de",
    "region": "EUR / PAL"
  },
  {
    "id": "yo9007dy",
    "player": "Quels",
    "player_location": "il",
    "region": null
  },
  {
    "id": "y2vwg2jz",
    "player": "nyymi",
    "player_location": "fi",
    "region": "EUR / PAL"
  },
  {
    "id": "m3nwv64y",
    "player": "soraa",
    "player_location": "mx",
    "region": "USA / NTSC"
  },
  {
    "id": "z5060vdy",
    "player": "00Fabi001",
    "player_location": "at",
    "region": "EUR / PAL"
  },
  {
    "id": "z506kqgy",
    "player": "lThePretender",
    "player_location": "ru",
    "region": "EUR / PAL"
  },
  {
    "id": "zqgowr9m",
    "player": "Bembling",
    "player_location": "ca",
    "region": "USA / NTSC"
  },
  {
    "id": "zx61q6ez",
    "player": "Pra5621",
    "player_location": "es",
    "region": "EUR / PAL"
  },
  {
    "id": "yo9wjv1y",
    "player": "KaiserPM",
    "player_location": "de",
    "region": "EUR / PAL"
  },
  {
    "id": "mk762evy",
    "player": "ADRjEN",
    "player_location": null,
    "region": "EUR / PAL"
  },
  {
    "id": "y661wkjy",
    "player": "Zionent",
    "player_location": "de",
    "region": "EUR / PAL"
  },
  {
    "id": "zx6e9wez",
    "player": "MagicBubi",
    "player_location": "de",
    "region": "EUR / PAL"
  },
  {
    "id": "yj57053m",
    "player": "Squikk",
    "player_location": "pl",
    "region": "EUR / PAL"
  },
  {
    "id": "yo7j0djm",
    "player": "deluxelancer",
    "player_location": "pl",
    "region": "EUR / PAL"
  },
  {
    "id": "y8djwe5z",
    "player": "Rayshann",
    "player_location": "fr",
    "region": "EUR / PAL"
  },
  {
    "id": "y6dl8kpm",
    "player": "N0kX",
    "player_location": "de",
    "region": "EUR / PAL"
  },
  {
    "id": "ywqdx4ny",
    "player": "Sliated",
    "player_location": "fr",
    "region": "EUR / PAL"
  },
  {
    "id": "me44po2y",
    "player": "dittoTHEstevie",
    "player_location": "pl",
    "region": null
  },
  {
    "id": "z5r0rjgy",
    "player": "patrykowsky",
    "player_location": "pl",
    "region": "EUR / PAL"
  },
  {
    "id": "ydw2nqqm",
    "player": "TheForestPL",
    "player_location": "pl",
    "region": null
  },
  {
    "id": "m3r6k96m",
    "player": "LeoneG",
    "player_location": null,
    "region": "EUR / PAL"
  },
  {
    "id": "zp19208z",
    "player": "SimplyZorro",
    "player_location": "ua",
    "region": "EUR / PAL"
  },
  {
    "id": "mr17x0gz",
    "player": "LoVe_HuGo0",
    "player_location": "fr",
    "region": "EUR / PAL"
  },
  {
    "id": "y8xx3kwm",
    "player": "SilenceC",
    "player_location": "cn",
    "region": "CHN / PAL"
  },
  {
    "id": "y6dxpj1m",
    "player": "hallfelt",
    "player_location": "ua",
    "region": "EUR / PAL"
  },
  {
    "id": "mr1p6pdz",
    "player": "EliasF",
    "player_location": "fi",
    "region": "EUR / PAL"
  },
  {
    "id": "yo709l1m",
    "player": "CJplayss",
    "player_location": "br",
    "region": null
  },
  {
    "id": "z5rgd8dy",
    "player": "rogerer",
    "player_location": "au",
    "region": null
  },
  {
    "id": "y99po7ry",
    "player": "IlikeToast554",
    "player_location": "ca",
    "region": "USA / NTSC"
  },
  {
    "id": "yjge68ny",
    "player": "spicywaffle",
    "player_location": "us",
    "region": null
  },
  {
    "id": "zgg93xnz",
    "player": "duguwanqing",
    "player_location": "cn",
    "region": "CHN / PAL"
  },
  {
    "id": "y6ord16y",
    "player": "Enzotrack",
    "player_location": "fr",
    "region": "EUR / PAL"
  },
  {
    "id": "z5rn1ojy",
    "player": "Ilya_Z",
    "player_location": null,
    "region": null
  },
  {
    "id": "y2x4d65m",
    "player": "Baal",
    "player_location": "de",
    "region": "EUR / PAL"
  },
  {
    "id": "zp1exerz",
    "player": "melon_masher",
    "player_location": "gb",
    "region": "EUR / PAL"
  },
  {
    "id": "ywq79o2y",
    "player": "Riley5286",
    "player_location": "ca",
    "region": "USA / NTSC"
  },
  {
    "id": "ywq94o3y",
    "player": "Dampy",
    "player_location": "us",
    "region": "USA / NTSC"
  },
  {
    "id": "ywk0l83y",
    "player": "HerX_Tv",
    "player_location": "pl",
    "region": null
  },
  {
    "id": "y693l86y",
    "player": "BadJeff",
    "player_location": null,
    "region": "EUR / PAL"
  },
  {
    "id": "y9944xey",
    "player": "teammate206",
    "player_location": "si",
    "region": "EUR / PAL"
  },
  {
    "id": "z0715oey",
    "player": "Twerno",
    "player_location": "gb/sct",
    "region": "EUR / PAL"
  },
  {
    "id": "zp8l1vvy",
    "player": "Banditos",
    "player_location": "ch",
    "region": "EUR / PAL"
  },
  {
    "id": "y47ox7dy",
    "player": "mrkela",
    "player_location": "rs",
    "region": null
  },
  {
    "id": "y8eekrny",
    "player": "JasonTHERunner",
    "player_location": "de",
    "region": "EUR / PAL"
  },
  {
    "id": "y8epwxdy",
    "player": "JVR090",
    "player_location": "za",
    "region": null
  },
  {
    "id": "zn0gw93y",
    "player": "SN01NO1",
    "player_location": "rs",
    "region": null
  },
  {
    "id": "zxo5krez",
    "player": "NotRylands",
    "player_location": "gb/eng",
    "region": "EUR / PAL"
  },
  {
    "id": "mk56j63m",
    "player": "Ps4CornerYT",
    "player_location": "bg",
    "region": "EUR / PAL"
  },
  {
    "id": "mrn3nggy",
    "player": "Onfimarist",
    "player_location": "pr",
    "region": "USA / NTSC"
  },
  {
    "id": "zgd3dx0z",
    "player": "Letrix0924",
    "player_location": null,
    "region": null
  },
  {
    "id": "yorvnj0y",
    "player": "Kubikolo",
    "player_location": "pl",
    "region": "EUR / PAL"
  },
  {
    "id": "m7w9llwz",
    "player": "ProtoRat",
    "player_location": "us",
    "region": "USA / NTSC"
  },
  {
    "id": "m36o9wgm",
    "player": "boylion09",
    "player_location": "bg",
    "region": "EUR / PAL"
  },
  {
    "id": "yleel3xz",
    "player": "SiOrKa_1_5",
    "player_location": "pl",
    "region": "EUR / PAL"
  },
  {
    "id": "z121g1wy",
    "player": "XAV",
    "player_location": "fr",
    "region": "USA / NTSC"
  },
  {
    "id": "yvqjnd4m",
    "player": "captainval99",
    "player_location": "de",
    "region": "EUR / PAL"
  },
  {
    "id": "z12px4jy",
    "player": "Albydaddy",
    "player_location": "it",
    "region": "EUR / PAL"
  },
  {
    "id": "mr64nxgm",
    "player": "NVCT",
    "player_location": "ca",
    "region": "USA / NTSC"
  },
  {
    "id": "y20v2g6m",
    "player": "Krustee",
    "player_location": "us",
    "region": "USA / NTSC"
  },
  {
    "id": "yleo7lrz",
    "player": "Creig_",
    "player_location": "ie",
    "region": "EUR / PAL"
  },
  {
    "id": "yvq207om",
    "player": "hxdell",
    "player_location": "us",
    "region": "USA / NTSC"
  },
  {
    "id": "yor9nk1y",
    "player": "Droidcicle",
    "player_location": "gb/sct",
    "region": "EUR / PAL"
  },
  {
    "id": "z0or379z",
    "player": "H0KE",
    "player_location": "us",
    "region": "USA / NTSC"
  },
  {
    "id": "z128wqwy",
    "player": "Hi_Pakii",
    "player_location": "it",
    "region": "EUR / PAL"
  },
  {
    "id": "zxlgdkqz",
    "player": "DragozillaJ1308",
    "player_location": "cz",
    "region": "EUR / PAL"
  },
  {
    "id": "y6ndj50z",
    "player": "TLM987",
    "player_location": "us",
    "region": "USA / NTSC"
  },
  {
    "id": "z0o477oz",
    "player": "Hazaroth",
    "player_location": "aq",
    "region": null
  },
  {
    "id": "y6n93o0z",
    "player": "V4inio",
    "player_location": "fi",
    "region": "EUR / PAL"
  },
  {
    "id": "y9lln2vy",
    "player": "Olikal",
    "player_location": "pl",
    "region": "EUR / PAL"
  },
  {
    "id": "zp29nory",
    "player": "PiNeks",
    "player_location": "pl",
    "region": null
  },
  {
    "id": "zp229wgy",
    "player": "itsparsic",
    "player_location": "ca",
    "region": "USA / NTSC"
  },
  {
    "id": "zxllwkgz",
    "player": "iiibrewiii",
    "player_location": "ru",
    "region": "EUR / PAL"
  },
  {
    "id": "y8jw275z",
    "player": "groebeats",
    "player_location": "de",
    "region": null
  },
  {
    "id": "mr67xj8m",
    "player": "LieutenanTaz",
    "player_location": "us",
    "region": "USA / NTSC"
  },
  {
    "id": "yv0j9v6z",
    "player": "Pegasuslol",
    "player_location": "au",
    "region": null
  },
  {
    "id": "ywjrg3pz",
    "player": "Latlat",
    "player_location": null,
    "region": "EUR / PAL"
  },
  {
    "id": "y9vro72m",
    "player": "jezis666",
    "player_location": "cz",
    "region": "EUR / PAL"
  },
  {
    "id": "yjxwqqdz",
    "player": "shadowgonzo90",
    "player_location": "us",
    "region": "USA / NTSC"
  },
  {
    "id": "y6nvp81z",
    "player": "Pation",
    "player_location": "pl",
    "region": "EUR / PAL"
  },
  {
    "id": "zgdlxjnz",
    "player": "Rnuova",
    "player_location": null,
    "region": null
  },
  {
    "id": "y6ngpk6z",
    "player": "Zaarkeee",
    "player_location": "fr",
    "region": "EUR / PAL"
  },
  {
    "id": "ydw450xm",
    "player": "almost_war",
    "player_location": null,
    "region": "USA / NTSC"
  },
  {
    "id": "z0okoq8z",
    "player": "Rafael_Henrique_gYT",
    "player_location": null,
    "region": null
  },
  {
    "id": "y6xdxepy",
    "player": "RugOfSmothering",
    "player_location": "us",
    "region": "USA / NTSC"
  },
  {
    "id": "y48dnl2m",
    "player": "Godofthegames",
    "player_location": "ro",
    "region": null
  },
  {
    "id": "yl7336rm",
    "player": "Eibicofa",
    "player_location": "se",
    "region": "EUR / PAL"
  },
  {
    "id": "yvr4oqez",
    "player": "HeyItsMeAJ",
    "player_location": "us",
    "region": "USA / NTSC"
  },
  {
    "id": "zgp7rk0z",
    "player": "Vizofsky",
    "player_location": "ba",
    "region": null
  },
  {
    "id": "y4qwr3qm",
    "player": "Paul_13",
    "player_location": "ru",
    "region": null
  },
  {
    "id": "m7654qey",
    "player": "backup_napkins",
    "player_location": null,
    "region": null
  },
  {
    "id": "zgpxew0z",
    "player": "CogMashine",
    "player_location": "ca",
    "region": "USA / NTSC"
  },
  {
    "id": "z1p2979z",
    "player": "Nahkraj",
    "player_location": null,
    "region": "USA / NTSC"
  },
  {
    "id": "me3jnr0z",
    "player": "Onejayjay12346",
    "player_location": "gb/sct",
    "region": "EUR / PAL"
  },
  {
    "id": "m336dewm",
    "player": "RandomName969",
    "player_location": "ba",
    "region": "EUR / PAL"
  },
  {
    "id": "z0ppvjjy",
    "player": "resup",
    "player_location": "gb/eng",
    "region": "EUR / PAL"
  },
  {
    "id": "mkkdevxm",
    "player": "Daltone21",
    "player_location": "us",
    "region": "USA / NTSC"
  },
  {
    "id": "z0pd9g4y",
    "player": "Stephs_PP",
    "player_location": null,
    "region": null
  },
  {
    "id": "y88ovpny",
    "player": "TheM3ta_",
    "player_location": "fr",
    "region": "EUR / PAL"
  },
  {
    "id": "y4x5e32z",
    "player": "deter1101",
    "player_location": "gb",
    "region": "EUR / PAL"
  },
  {
    "id": "m33p0pqm",
    "player": "Tecojogador",
    "player_location": "br",
    "region": null
  },
  {
    "id": "zpd0wdnz",
    "player": "mom20996331",
    "player_location": null,
    "region": null
  },
  {
    "id": "m7x99p5y",
    "player": "DeadZed12",
    "player_location": null,
    "region": "USA / NTSC"
  },
  {
    "id": "z1gr2jjz",
    "player": "tangster",
    "player_location": "gb/eng",
    "region": "EUR / PAL"
  },
  {
    "id": "z5x0jk5y",
    "player": "nxcy1",
    "player_location": "cn",
    "region": "CHN / PAL"
  },
  {
    "id": "zq90ol5y",
    "player": "Pai_daX",
    "player_location": "cn",
    "region": "CHN / PAL"
  },
  {
    "id": "mrrn5o4m",
    "player": "fruich",
    "player_location": "tr",
    "region": "EUR / PAL"
  },
  {
    "id": "znj3x1vm",
    "player": "SetzSpeed",
    "player_location": "fr",
    "region": "EUR / PAL"
  },
  {
    "id": "yod9985m",
    "player": "PushToShift",
    "player_location": "tr",
    "region": null
  },
  {
    "id": "mkdg9g1y",
    "player": "DislikeU",
    "player_location": "cn",
    "region": "CHN / PAL"
  },
  {
    "id": "z5xr14dy",
    "player": "Slowzyyy",
    "player_location": null,
    "region": "EUR / PAL"
  },
  {
    "id": "yl1egl2m",
    "player": "slany",
    "player_location": "cz",
    "region": "EUR / PAL"
  },
  {
    "id": "z0ll3k8z",
    "player": "PapisoJ_",
    "player_location": "pl",
    "region": "EUR / PAL"
  },
  {
    "id": "zgql60ey",
    "player": "andemu",
    "player_location": "pl",
    "region": "EUR / PAL"
  },
  {
    "id": "yw6l7e9m",
    "player": "houndem",
    "player_location": "de",
    "region": "EUR / PAL"
  },
  {
    "id": "zpde2pnz",
    "player": "Dannyi",
    "player_location": "ar",
    "region": "USA / NTSC"
  },
  {
    "id": "zgq01wny",
    "player": "TenzenUzui",
    "player_location": null,
    "region": "USA / NTSC"
  },
  {
    "id": "y8034pdm",
    "player": "lolpizzapurple",
    "player_location": null,
    "region": null
  },
  {
    "id": "z0ne9l8m",
    "player": "Driussi",
    "player_location": "ar",
    "region": null
  },
  {
    "id": "z1q3p5wy",
    "player": "Leinou",
    "player_location": "fi",
    "region": "EUR / PAL"
  },
  {
    "id": "yln4ngrz",
    "player": "maangidon",
    "player_location": "pl",
    "region": null
  },
  {
    "id": "mro8838m",
    "player": "TZamu42",
    "player_location": "fi",
    "region": "EUR / PAL"
  },
  {
    "id": "zxn4x08m",
    "player": "nutterbutter",
    "player_location": null,
    "region": "USA / NTSC"
  },
  {
    "id": "ydg0pqwy",
    "player": "JoniThePony",
    "player_location": "de",
    "region": "EUR / PAL"
  },
  {
    "id": "mkv2w0ly",
    "player": "NikoDubiela",
    "player_location": "de",
    "region": "EUR / PAL"
  },
  {
    "id": "y6o58x0y",
    "player": "jasperr3",
    "player_location": "gb/eng",
    "region": "EUR / PAL"
  },
  {
    "id": "y801nlnm",
    "player": "UlicaKurdystanu",
    "player_location": "pl",
    "region": "EUR / PAL"
  },
  {
    "id": "y802opnm",
    "player": "Temliu",
    "player_location": "ru",
    "region": null
  },
  {
    "id": "y80r30dm",
    "player": "MrDirtRider",
    "player_location": "us",
    "region": "USA / NTSC"
  },
  {
    "id": "zqe4gnrz",
    "player": "EinfachVille",
    "player_location": "de",
    "region": "EUR / PAL"
  },
  {
    "id": "zxndqokm",
    "player": "Terr1ble",
    "player_location": null,
    "region": null
  }
]