[
  {
    "id": "y4q5qe2m",
    "player": "SpeedIn",
    "player_location": "il",
    "region": "EUR / PAL"
  },
  {
    "id": "zp81vwry",
    "player": "Fluffy101",
    "player_location": null,
    "region": null
  },
  {
    "id": "zgrg1onm",
    "player": "Serena2",
    "player_location": null,
    "region": null
  },
  {
    "id": "y2779gjz",
    "player": "Slick5852",
    "player_location": null,
    "region": null
  },
  {
    "id": "yo678e7y",
    "player": "MyNameWasKittyBackThen",
    "player_location": null,
    "region": null
  },
  {
    "id": "yj5gvgom",
    "player": "Daffodil",
    "player_location": null,
    "region": null
  },
  {
    "id": "yvoo4pxz",
    "player": "Tabitha the tab",
    "player_location": null,
    "region": null
  },
  {
    "id": "z0o3wpez",
    "player": "Matt_76",
    "player_location": null,
    "region": null
  },
  {
    "id": "zgpqgvvz",
    "player": "TRLittleToaster",
    "player_location": "us",
    "region": "USA / NTSC"
  }
]