[
  {
    "id": "ylr3r8ny",
    "player": "n/a",
    "player_location": null,
    "region": null
  },
  {
    "id": "m37o8o4z",
    "player": "Act_",
    "player_location": "us",
    "region": "USA / NTSC"
  },
  {
    "id": "y932g5ky",
    "player": "CalebWithers",
    "player_location": "us",
    "region": "USA / NTSC"
  },
  {
    "id": "me48lx2y",
    "player": "TRLittleToaster",
    "player_location": "us",
    "region": "USA / NTSC"
  },
  {
    "id": "y936lkry",
    "player": "Jaypin88",
    "player_location": "ca",
    "region": "USA / NTSC"
  },
  {
    "id": "zp2qd68y",
    "player": "Blucker5640",
    "player_location": "br",
    "region": "BRA / PAL"
  },
  {
    "id": "zp2rnwvy",
    "player": "Zambrini",
    "player_location": "us",
    "region": "USA / NTSC"
  },
  {
    "id": "y6xokoqy",
    "player": "THEOFOX",
    "player_location": "br",
    "region": "BRA / PAL"
  }
]