[
  {
    "id": "y8q62eny",
    "player": "TheMexicanRunner",
    "player_location": "mx",
    "region": "USA / NTSC"
  },
  {
    "id": "0znldk3y",
    "player": "Dugongue",
    "player_location": "us",
    "region": "USA / NTSC"
  },
  {
    "id": "z0eqkn9m",
    "player": "Retrogamerr80",
    "player_location": "us",
    "region": "USA / NTSC"
  },
  {
    "id": "y6pl390m",
    "player": "ChoaslegionKaeru",
    "player_location": "mx",
    "region": "USA / NTSC"
  },
  {
    "id": "me86j02m",
    "player": "JSR_",
    "player_location": "us",
    "region": "USA / NTSC"
  },
  {
    "id": "y8130k5z",
    "player": "shrum",
    "player_location": "us",
    "region": "USA / NTSC"
  },
  {
    "id": "mk3995xz",
    "player": "zeugman",
    "player_location": "fr",
    "region": "USA / NTSC"
  },
  {
    "id": "y669lgqy",
    "player": "Fanofgaming",
    "player_location": "us",
    "region": "USA / NTSC"
  },
  {
    "id": "mk75jq5y",
    "player": "ArkanoidAddict",
    "player_location": "fi",
    "region": "EUR / PAL"
  },
  {
    "id": "y997elry",
    "player": "bensweeneyonbass",
    "player_location": "us",
    "region": "USA / NTSC"
  },
  {
    "id": "zn0rqd7y",
    "player": "PGHGuitarGuy",
    "player_location": "us",
    "region": "USA / NTSC"
  },
  {
    "id": "z128r3jy",
    "player": "B_Good",
    "player_location": "ca",
    "region": "USA / NTSC"
  },
  {
    "id": "zp9klv8m",
    "player": "Mizzuzbizzy",
    "player_location": "us",
    "region": null
  }
]