[
  {
    "id": "emkon31z",
    "player": "RSR",
    "player_location": null,
    "region": "USA / NTSC"
  },
  {
    "id": "y67p4l0m",
    "player": "n1nj4ofshr3d",
    "player_location": "us",
    "region": "USA / NTSC"
  },
  {
    "id": "y97p37rm",
    "player": "Jakeob",
    "player_location": "us",
    "region": "USA / NTSC"
  },
  {
    "id": "zg7n1jvz",
    "player": "starcrytas",
    "player_location": "us",
    "region": "USA / NTSC"
  },
  {
    "id": "me883d2m",
    "player": "lgkimpel",
    "player_location": "us",
    "region": "USA / NTSC"
  },
  {
    "id": "zx4d92ey",
    "player": "josef733",
    "player_location": "ca",
    "region": "EUR / PAL"
  },
  {
    "id": "zn408jlm",
    "player": "4",
    "player_location": null,
    "region": "JPN / NTSC"
  },
  {
    "id": "z11x2o9z",
    "player": "Eye_3",
    "player_location": "us",
    "region": "USA / NTSC"
  },
  {
    "id": "m31n08dz",
    "player": "Mikebloke",
    "player_location": "gb/eng",
    "region": "EUR / PAL"
  },
  {
    "id": "z1192j7z",
    "player": "Jaypin88",
    "player_location": "ca",
    "region": null
  },
  {
    "id": "ywp22k3z",
    "player": "Sojan",
    "player_location": "nz",
    "region": null
  },
  {
    "id": "yv3gdj6z",
    "player": "Seedy",
    "player_location": "us",
    "region": "USA / NTSC"
  },
  {
    "id": "meojln2z",
    "player": "jdlockefeller2002",
    "player_location": "us",
    "region": "USA / NTSC"
  },
  {
    "id": "yoj3prdm",
    "player": "Chris_Topher02",
    "player_location": "au",
    "region": "USA / NTSC"
  },
  {
    "id": "z0165jjy",
    "player": "RanScot",
    "player_location": "us",
    "region": "USA / NTSC"
  },
  {
    "id": "yl0p6n2y",
    "player": "RickyBoy_EA96",
    "player_location": "ca/qc",
    "region": "USA / NTSC"
  },
  {
    "id": "yd647vxz",
    "player": "Nondrowsy",
    "player_location": "us",
    "region": null
  },
  {
    "id": "yd6kdvjz",
    "player": "smartalec24",
    "player_location": "us",
    "region": "USA / NTSC"
  },
  {
    "id": "z158w49y",
    "player": "KoitoYuu42069",
    "player_location": "us",
    "region": "USA / NTSC"
  },
  {
    "id": "m35ql6dy",
    "player": "Dudeman",
    "player_location": "us",
    "region": null
  },
  {
    "id": "mrkd3n2y",
    "player": "MortimerNova",
    "player_location": "us",
    "region": "USA / NTSC"
  },
  {
    "id": "yv65gwxz",
    "player": "mynameisAndy",
    "player_location": "us",
    "region": "USA / NTSC"
  },
  {
    "id": "yd577pqm",
    "player": "Arran",
    "player_location": null,
    "region": null
  },
  {
    "id": "zpln83rm",
    "player": "Jrmhd91",
    "player_location": "us",
    "region": "USA / NTSC"
  },
  {
    "id": "z0987q8z",
    "player": "DJOJ",
    "player_location": "us",
    "region": "USA / NTSC"
  },
  {
    "id": "y665x9jy",
    "player": "W4term3llon",
    "player_location": "us",
    "region": "USA / NTSC"
  },
  {
    "id": "y2vn9e6z",
    "player": "MikeFungus",
    "player_location": "us",
    "region": "USA / NTSC"
  },
  {
    "id": "zxg410gy",
    "player": "jugiboy10",
    "player_location": "fi",
    "region": "EUR / PAL"
  },
  {
    "id": "y2xx455m",
    "player": "TRLittleToaster",
    "player_location": "us",
    "region": "USA / NTSC"
  },
  {
    "id": "z0rkpk4z",
    "player": "j3j_ajxx",
    "player_location": "us",
    "region": null
  },
  {
    "id": "y270xp9z",
    "player": "Raytem",
    "player_location": "ru",
    "region": null
  },
  {
    "id": "m77nnk5m",
    "player": "randomrickreviews",
    "player_location": null,
    "region": null
  },
  {
    "id": "yorodvjy",
    "player": "MelloMantra",
    "player_location": "us",
    "region": "USA / NTSC"
  },
  {
    "id": "zxo13v5z",
    "player": "SteveZero",
    "player_location": "us",
    "region": "USA / NTSC"
  },
  {
    "id": "m36gnpgm",
    "player": "hschindele",
    "player_location": "us",
    "region": null
  },
  {
    "id": "zp2824ry",
    "player": "JoePulito",
    "player_location": "us",
    "region": "USA / NTSC"
  },
  {
    "id": "y8je6ldz",
    "player": "ButterMasterr",
    "player_location": "us",
    "region": null
  },
  {
    "id": "ydwo7r0m",
    "player": "AndrewG",
    "player_location": "us",
    "region": null
  },
  {
    "id": "z52jeo5z",
    "player": "PullMatrox",
    "player_location": "ar",
    "region": null
  },
  {
    "id": "z1p1vd9z",
    "player": "PlathTheSalt",
    "player_location": "us",
    "region": "USA / NTSC"
  },
  {
    "id": "mrr9938m",
    "player": "sportskid0809",
    "player_location": "us",
    "region": null
  },
  {
    "id": "zpd54qxz",
    "player": "PGHGuitarGuy",
    "player_location": "us",
    "region": "USA / NTSC"
  },
  {
    "id": "z1q597gy",
    "player": "Lando_Blando",
    "player_location": "mx",
    "region": "USA / NTSC"
  }
]