[
  {
    "id": "z532gw5y",
    "player": "MrJanwar",
    "player_location": null,
    "region": null
  },
  {
    "id": "7ylw253z",
    "player": "DemonAsylum",
    "player_location": "us",
    "region": "USA / NTSC"
  },
  {
    "id": "yjk482gm",
    "player": "kinniebeats",
    "player_location": "us",
    "region": "USA / NTSC"
  },
  {
    "id": "yvg05jey",
    "player": "heltinsurance",
    "player_location": "us",
    "region": "USA / NTSC"
  },
  {
    "id": "y2d7kqwz",
    "player": "Themixedratkuhn",
    "player_location": null,
    "region": "USA / NTSC"
  },
  {
    "id": "me77v70y",
    "player": "fragman",
    "player_location": "ie",
    "region": "EUR / PAL"
  },
  {
    "id": "y999w8ny",
    "player": "aaron2u2",
    "player_location": "us",
    "region": "USA / NTSC"
  }
]