[
  {
    "id": "zxdg785y",
    "player": "Ranger_Squid",
    "player_location": "us",
    "region": "JPN / NTSC"
  },
  {
    "id": "meo520qz",
    "player": "EpicCrossover",
    "player_location": "st",
    "region": "USA / NTSC"
  },
  {
    "id": "y90qgp2y",
    "player": "MasterfulMudkip",
    "player_location": null,
    "region": "USA / NTSC"
  },
  {
    "id": "yd578jvm",
    "player": "NotHunter",
    "player_location": "us",
    "region": "USA / NTSC"
  },
  {
    "id": "z1o8r0jm",
    "player": "DJ_Sanap",
    "player_location": null,
    "region": "JPN / NTSC"
  },
  {
    "id": "z0rweoez",
    "player": "GachaDreamerAdam",
    "player_location": null,
    "region": "USA / NTSC"
  },
  {
    "id": "mk51onlm",
    "player": "HIKARU",
    "player_location": "kr",
    "region": "KOR / NTSC"
  },
  {
    "id": "ywjeep9z",
    "player": "Jeffdaboss",
    "player_location": "us",
    "region": "USA / NTSC"
  },
  {
    "id": "y6nvnk1z",
    "player": "SGTFERRIS",
    "player_location": "us",
    "region": "USA / NTSC"
  },
  {
    "id": "z1248kry",
    "player": "Rentas",
    "player_location": "gr",
    "region": null
  },
  {
    "id": "znp33lvm",
    "player": "poyopoyo777",
    "player_location": "jp",
    "region": "JPN / NTSC"
  },
  {
    "id": "y2p497wz",
    "player": "Jubilee",
    "player_location": "us",
    "region": "USA / NTSC"
  },
  {
    "id": "yjdg3kny",
    "player": "aykaikai",
    "player_location": "cn",
    "region": "JPN / NTSC"
  }
]