[
  {
    "id": "z51dlrgm",
    "player": "BashPrime",
    "player_location": "us",
    "region": "USA / NTSC"
  },
  {
    "id": "z51dlvgm",
    "player": "Dyceron",
    "player_location": "us",
    "region": "USA / NTSC"
  },
  {
    "id": "y2q763jy",
    "player": "ABIGFNEAGLE",
    "player_location": "us",
    "region": "USA / NTSC"
  },
  {
    "id": "yj61v57z",
    "player": "edzan",
    "player_location": "us",
    "region": "USA / NTSC"
  },
  {
    "id": "y2q7685y",
    "player": "vodville",
    "player_location": "us",
    "region": "USA / NTSC"
  },
  {
    "id": "y6p9wj6m",
    "player": "thu_ox",
    "player_location": "us",
    "region": "USA / NTSC"
  },
  {
    "id": "zn40lg3m",
    "player": "R_Web",
    "player_location": "us",
    "region": "USA / NTSC"
  },
  {
    "id": "y437d12z",
    "player": "M177",
    "player_location": "us",
    "region": "USA / NTSC"
  },
  {
    "id": "z037g1oz",
    "player": "T3",
    "player_location": "ca",
    "region": "USA / NTSC"
  },
  {
    "id": "zqgk1w9m",
    "player": "JustinDM",
    "player_location": "us",
    "region": "USA / NTSC"
  },
  {
    "id": "y89e71wm",
    "player": "Smilingjack13",
    "player_location": null,
    "region": "USA / NTSC"
  },
  {
    "id": "zn40nr9m",
    "player": "Daryoshi",
    "player_location": null,
    "region": "USA / NTSC"
  },
  {
    "id": "y2q0vv5y",
    "player": "Im_Zlow",
    "player_location": "us",
    "region": "USA / NTSC"
  },
  {
    "id": "mr87e3dy",
    "player": "VenMissa",
    "player_location": null,
    "region": "USA / NTSC"
  },
  {
    "id": "mk9np7lz",
    "player": "Cody7737",
    "player_location": "ca",
    "region": "USA / NTSC"
  },
  {
    "id": "yd6vgl0z",
    "player": "gdVertigo",
    "player_location": "nz",
    "region": "USA / NTSC"
  },
  {
    "id": "zp4r3q8z",
    "player": "Superboss",
    "player_location": "us",
    "region": "USA / NTSC"
  },
  {
    "id": "yd60dgvz",
    "player": "TheWeakestLink65",
    "player_location": "us",
    "region": "USA / NTSC"
  },
  {
    "id": "yw8o4d9y",
    "player": "Dylenoyer94",
    "player_location": "us",
    "region": "USA / NTSC"
  },
  {
    "id": "m7590o0z",
    "player": "cyberpod3",
    "player_location": "jp",
    "region": "JPN / NTSC"
  },
  {
    "id": "y9n4njkz",
    "player": "Oxford12",
    "player_location": "us",
    "region": "USA / NTSC"
  },
  {
    "id": "mkggw3ly",
    "player": "Haldadrin",
    "player_location": "fr",
    "region": "USA / NTSC"
  },
  {
    "id": "z0pqwd4y",
    "player": "Millstein",
    "player_location": null,
    "region": "USA / NTSC"
  },
  {
    "id": "mkv46d1y",
    "player": "jethawk69",
    "player_location": "us",
    "region": "USA / NTSC"
  }
]