[
  {
    "id": "m79k0eey",
    "player": "Darazanjoll",
    "player_location": "se",
    "region": "JPN / NTSC"
  },
  {
    "id": "yjknx3nm",
    "player": "petupiu",
    "player_location": "se",
    "region": "JPN / NTSC"
  },
  {
    "id": "y97rk6nm",
    "player": "SurplusMeats",
    "player_location": "us",
    "region": "JPN / NTSC"
  },
  {
    "id": "zpqjxrvy",
    "player": "CarcinogenSDA",
    "player_location": "us",
    "region": "JPN / NTSC"
  },
  {
    "id": "y8q75kwy",
    "player": "RebeccaRE",
    "player_location": "cl",
    "region": "JPN / NTSC"
  },
  {
    "id": "ydqke90m",
    "player": "Cleberex",
    "player_location": "br",
    "region": "JPN / NTSC"
  },
  {
    "id": "m760jg9y",
    "player": "Albirex",
    "player_location": "jp",
    "region": "JPN / NTSC"
  },
  {
    "id": "yl439x2m",
    "player": "GunHeadLes",
    "player_location": "gb/eng",
    "region": "JPN / NTSC"
  },
  {
    "id": "z13wq47m",
    "player": "allancg",
    "player_location": "br",
    "region": "JPN / NTSC"
  },
  {
    "id": "y8q5pw5y",
    "player": "pekoron",
    "player_location": "jp",
    "region": "JPN / NTSC"
  },
  {
    "id": "mk9l3x3z",
    "player": "crisdoile2",
    "player_location": "mx",
    "region": "JPN / NTSC"
  },
  {
    "id": "y6p3xepm",
    "player": "TheNevs",
    "player_location": "br",
    "region": "JPN / NTSC"
  },
  {
    "id": "zg77en0z",
    "player": "sophLUL",
    "player_location": null,
    "region": "JPN / NTSC"
  },
  {
    "id": "y2qvxnjy",
    "player": "crazygamingdayz",
    "player_location": "us",
    "region": "JPN / NTSC"
  },
  {
    "id": "y923lp2z",
    "player": "R2D2",
    "player_location": "fr",
    "region": "JPN / NTSC"
  },
  {
    "id": "y81xv8wz",
    "player": "tonyy",
    "player_location": "br",
    "region": "JPN / NTSC"
  },
  {
    "id": "y89e565m",
    "player": "champi101",
    "player_location": "ph",
    "region": "JPN / NTSC"
  },
  {
    "id": "yl4n7rxm",
    "player": "LeviTheRelentless",
    "player_location": "us",
    "region": "JPN / NTSC"
  },
  {
    "id": "y6poko1m",
    "player": "CloudedRage",
    "player_location": "us",
    "region": "JPN / NTSC"
  },
  {
    "id": "z51pr0jm",
    "player": "MuRFaaY",
    "player_location": "us",
    "region": "JPN / NTSC"
  },
  {
    "id": "zxk6gd5m",
    "player": "Se3cret",
    "player_location": "co",
    "region": "JPN / NTSC"
  },
  {
    "id": "y654depz",
    "player": "Rep_Talian",
    "player_location": "gb/eng",
    "region": "JPN / NTSC"
  },
  {
    "id": "yjdev5ny",
    "player": "BenSimWise",
    "player_location": "gb",
    "region": "JPN / NTSC"
  },
  {
    "id": "y81nnnwz",
    "player": "nabson",
    "player_location": "de",
    "region": "JPN / NTSC"
  },
  {
    "id": "z01kl1oy",
    "player": "Subsonix",
    "player_location": "gb/eng",
    "region": "JPN / NTSC"
  },
  {
    "id": "y90pgdry",
    "player": "Xenochrome",
    "player_location": null,
    "region": "JPN / NTSC"
  },
  {
    "id": "yl0816ky",
    "player": "Armhellion",
    "player_location": "pl",
    "region": "JPN / NTSC"
  },
  {
    "id": "yw45rn9z",
    "player": "Jerardepartos",
    "player_location": null,
    "region": "JPN / NTSC"
  },
  {
    "id": "zgd0q80z",
    "player": "liquidnightmare",
    "player_location": "gr",
    "region": "JPN / NTSC"
  },
  {
    "id": "y2e5dw9y",
    "player": "rad_shaz",
    "player_location": "au",
    "region": "JPN / NTSC"
  },
  {
    "id": "zxkegw5m",
    "player": "HL_Sonnentreppe",
    "player_location": "br",
    "region": "JPN / NTSC"
  },
  {
    "id": "ylk37o3z",
    "player": "Drcrazy85",
    "player_location": "br",
    "region": "JPN / NTSC"
  },
  {
    "id": "yjl4w23z",
    "player": "Meozinho",
    "player_location": "br",
    "region": "JPN / NTSC"
  },
  {
    "id": "yok6o85z",
    "player": "MangoPunch",
    "player_location": "au",
    "region": "JPN / NTSC"
  },
  {
    "id": "meod0p9z",
    "player": "Viixie_",
    "player_location": "gb",
    "region": "JPN / NTSC"
  },
  {
    "id": "y8rlkwnm",
    "player": "Peralt",
    "player_location": "gb/eng",
    "region": "JPN / NTSC"
  },
  {
    "id": "m75xdo5z",
    "player": "Jadusable2",
    "player_location": "us",
    "region": "JPN / NTSC"
  },
  {
    "id": "yv9pvwez",
    "player": "Suika_1",
    "player_location": "gb/eng",
    "region": "JPN / NTSC"
  },
  {
    "id": "zgv2o9jz",
    "player": "Lucylover",
    "player_location": "ie",
    "region": "JPN / NTSC"
  },
  {
    "id": "yo3n30jy",
    "player": "N0b0dy__23",
    "player_location": "de",
    "region": "JPN / NTSC"
  },
  {
    "id": "y8r5w9dm",
    "player": "DanSpence94",
    "player_location": "gb/eng",
    "region": "JPN / NTSC"
  },
  {
    "id": "y6rvk40y",
    "player": "Amai_Fox",
    "player_location": "us",
    "region": "JPN / NTSC"
  },
  {
    "id": "z1o76erm",
    "player": "Xaxyz",
    "player_location": "br",
    "region": "JPN / NTSC"
  },
  {
    "id": "zx6gj4kz",
    "player": "Costadinov",
    "player_location": "pt",
    "region": "JPN / NTSC"
  },
  {
    "id": "yo948vdy",
    "player": "tompano",
    "player_location": "se",
    "region": "JPN / NTSC"
  },
  {
    "id": "y9n3vnvz",
    "player": "realllloadXII",
    "player_location": "fo",
    "region": "JPN / NTSC"
  },
  {
    "id": "z5vp0kjm",
    "player": "DeepStackDave",
    "player_location": "gb/eng",
    "region": "JPN / NTSC"
  },
  {
    "id": "ylo50r3y",
    "player": "yzybek",
    "player_location": "my",
    "region": "JPN / NTSC"
  },
  {
    "id": "yv14e2oy",
    "player": "MadLadAdam",
    "player_location": "gb/eng",
    "region": "JPN / NTSC"
  },
  {
    "id": "zn18rd9m",
    "player": "scragglebum",
    "player_location": "us",
    "region": "JPN / NTSC"
  },
  {
    "id": "y9l26xny",
    "player": "sr_fueg0",
    "player_location": "mx",
    "region": "JPN / NTSC"
  },
  {
    "id": "m7wqrp0z",
    "player": "Sawnek",
    "player_location": "gb",
    "region": "JPN / NTSC"
  },
  {
    "id": "y2003nwm",
    "player": "ARESaurio",
    "player_location": "bo",
    "region": "JPN / NTSC"
  },
  {
    "id": "y88kepwy",
    "player": "LanceLM",
    "player_location": "es/cn",
    "region": "JPN / NTSC"
  },
  {
    "id": "z0ogo6oz",
    "player": "gamerofalltypes",
    "player_location": "gb/wls",
    "region": "JPN / NTSC"
  },
  {
    "id": "yvrw55xz",
    "player": "deserteagle417",
    "player_location": "us",
    "region": "JPN / NTSC"
  },
  {
    "id": "zx8nqx5m",
    "player": "Huntern0rt",
    "player_location": "gb/eng",
    "region": "JPN / NTSC"
  }
]