[
  {
    "id": "yo41190m",
    "player": "BnH247",
    "player_location": null,
    "region": "USA / NTSC"
  },
  {
    "id": "zx4dg4qy",
    "player": "Dejet",
    "player_location": "ch",
    "region": "EUR / PAL"
  },
  {
    "id": "z11pnogz",
    "player": "MrAPOD",
    "player_location": "se",
    "region": "EUR / PAL"
  },
  {
    "id": "yj1rn8gy",
    "player": "Lobosjr",
    "player_location": "us",
    "region": null
  },
  {
    "id": "zgx0x5em",
    "player": "play_a_faya",
    "player_location": "de",
    "region": "EUR / PAL"
  },
  {
    "id": "zq0xvd8y",
    "player": "techee",
    "player_location": "us",
    "region": null
  },
  {
    "id": "zgqonxjy",
    "player": "MineradorExilado",
    "player_location": "br",
    "region": "BRA / PAL"
  },
  {
    "id": "znprndlm",
    "player": "Vesperax",
    "player_location": "us",
    "region": "USA / NTSC"
  },
  {
    "id": "yv86pgom",
    "player": "MrBalelas",
    "player_location": null,
    "region": "EUR / PAL"
  }
]