[
  {
    "id": "z5oxp5gy",
    "player": "AvionDS",
    "player_location": "ca",
    "region": "USA / NTSC"
  },
  {
    "id": "yvg8nexy",
    "player": "Ivanzypher",
    "player_location": "us",
    "region": null
  },
  {
    "id": "zq6el2ry",
    "player": "Witchs_Hex",
    "player_location": null,
    "region": "USA / NTSC"
  },
  {
    "id": "yl9n3r3y",
    "player": "DarkRaike",
    "player_location": "do",
    "region": "USA / NTSC"
  },
  {
    "id": "m3d278dz",
    "player": "DKRF",
    "player_location": "us",
    "region": "USA / NTSC"
  },
  {
    "id": "ydqp2qvm",
    "player": "Mewharu",
    "player_location": "gb/eng",
    "region": "EUR / PAL"
  },
  {
    "id": "mek5d60m",
    "player": "Sly1020",
    "player_location": "us",
    "region": "USA / NTSC"
  },
  {
    "id": "m79rro5y",
    "player": "YPlushes",
    "player_location": "us",
    "region": "USA / NTSC"
  },
  {
    "id": "z5o99ldy",
    "player": "Strungsym",
    "player_location": "us",
    "region": "USA / NTSC"
  },
  {
    "id": "y8924jwm",
    "player": "SONIC-BOMB",
    "player_location": "us",
    "region": "USA / NTSC"
  },
  {
    "id": "zx84jeqm",
    "player": "Spiderc",
    "player_location": "us",
    "region": "USA / NTSC"
  },
  {
    "id": "zgkl5pdy",
    "player": "Seiglance",
    "player_location": "us",
    "region": "USA / NTSC"
  },
  {
    "id": "mexdrn2z",
    "player": "BlissyMKW",
    "player_location": "us",
    "region": "USA / NTSC"
  },
  {
    "id": "z18j4wgy",
    "player": "Airrick35",
    "player_location": "us",
    "region": "USA / NTSC"
  },
  {
    "id": "mr4o6w7z",
    "player": "NapDragons",
    "player_location": "us",
    "region": "USA / NTSC"
  },
  {
    "id": "yw0orp0m",
    "player": "Asuka",
    "player_location": "es/ct",
    "region": "EUR / PAL"
  },
  {
    "id": "znqk6r3z",
    "player": "ThePSCGuy",
    "player_location": "au",
    "region": "EUR / PAL"
  },
  {
    "id": "y88xjwdy",
    "player": "Yukiya",
    "player_location": "jp",
    "region": "JPN / NTSC"
  }
]