[
  {
    "id": "yl9e6j2y",
    "player": "deinUntergang",
    "player_location": null,
    "region": null
  },
  {
    "id": "zxvlx6qy",
    "player": "ImauamI",
    "player_location": null,
    "region": null
  },
  {
    "id": "zgnpwp0y",
    "player": "pyramid13",
    "player_location": "de",
    "region": "EUR / PAL"
  },
  {
    "id": "zn8pkp9z",
    "player": "DarkstreamerHD",
    "player_location": "de",
    "region": null
  },
  {
    "id": "zgnpge0y",
    "player": "TheKidd",
    "player_location": null,
    "region": null
  },
  {
    "id": "zn8p58lz",
    "player": "Yodenko",
    "player_location": "ch",
    "region": "EUR / PAL"
  },
  {
    "id": "mk4dxgvy",
    "player": "NoComment",
    "player_location": "de",
    "region": null
  },
  {
    "id": "m7pnp00m",
    "player": "DeepFriedCheesus",
    "player_location": "de",
    "region": null
  },
  {
    "id": "y60qrk1y",
    "player": "TRLittleToaster",
    "player_location": "us",
    "region": "USA / NTSC"
  },
  {
    "id": "yop8lr0m",
    "player": "yaboialfieb",
    "player_location": "gb/eng",
    "region": "EUR / PAL"
  },
  {
    "id": "z0lp18jz",
    "player": "olivensindeklig",
    "player_location": "de",
    "region": "EUR / PAL"
  },
  {
    "id": "yln4nd3z",
    "player": "LA5Se",
    "player_location": null,
    "region": "EUR / PAL"
  }
]