[
  {
    "id": "8yv9498z",
    "player": "kirbymastah",
    "player_location": "us",
    "region": "USA / NTSC"
  },
  {
    "id": "dy42qpkm",
    "player": "Broedgeman",
    "player_location": "de",
    "region": "EUR / PAL"
  },
  {
    "id": "1zqejxzl",
    "player": "Jumpyluff",
    "player_location": "us",
    "region": null
  },
  {
    "id": "7z0993ez",
    "player": "thelvl99charmander",
    "player_location": "us",
    "region": "USA / NTSC"
  },
  {
    "id": "pm373qgz",
    "player": "Lyrae",
    "player_location": "fr",
    "region": "EUR / PAL"
  },
  {
    "id": "jy9r44vy",
    "player": "Veiyr",
    "player_location": "us",
    "region": "USA / NTSC"
  },
  {
    "id": "oy2e6g9y",
    "player": "00greenbean00",
    "player_location": "ca",
    "region": "USA / NTSC"
  },
  {
    "id": "1zq98n9y",
    "player": "swordsmankirby",
    "player_location": "us",
    "region": "USA / NTSC"
  },
  {
    "id": "7z04q7jy",
    "player": "GloriousLiar",
    "player_location": "us",
    "region": "USA / NTSC"
  },
  {
    "id": "8yve1q4m",
    "player": "OnyxFao",
    "player_location": "us",
    "region": "USA / NTSC"
  },
  {
    "id": "y971lvem",
    "player": "AP777",
    "player_location": "ca",
    "region": "USA / NTSC"
  },
  {
    "id": "yd9gp6qz",
    "player": "Wakaza",
    "player_location": "jp",
    "region": "JPN / NTSC"
  },
  {
    "id": "z5rvdrny",
    "player": "Spork",
    "player_location": "us",
    "region": null
  },
  {
    "id": "yo3ved1y",
    "player": "evergreengreen",
    "player_location": null,
    "region": "USA / NTSC"
  },
  {
    "id": "zx6p8pqz",
    "player": "AidanMse",
    "player_location": "ca",
    "region": "JPN / NTSC"
  },
  {
    "id": "zx6gdwkz",
    "player": "7C",
    "player_location": "jp",
    "region": "JPN / NTSC"
  },
  {
    "id": "mkg78ply",
    "player": "Mr_Shasta",
    "player_location": "us",
    "region": "USA / NTSC"
  },
  {
    "id": "y93p25ry",
    "player": "AbelSR",
    "player_location": "pr",
    "region": "USA / NTSC"
  },
  {
    "id": "zgp4ngnz",
    "player": "Shadeheart",
    "player_location": "ca",
    "region": null
  }
]