[
  {
    "id": "pydxwqzn",
    "player": "Billbraid",
    "player_location": "ca",
    "region": "USA / NTSC"
  },
  {
    "id": "9yog61mx",
    "player": "Sultra",
    "player_location": "us",
    "region": "JPN / NTSC"
  },
  {
    "id": "mej75r3y",
    "player": "Thesxysaxman",
    "player_location": "us",
    "region": "USA / NTSC"
  },
  {
    "id": "yj6kvjgz",
    "player": "headstrong1290",
    "player_location": null,
    "region": "USA / NTSC"
  },
  {
    "id": "9mrne7yq",
    "player": "Grig",
    "player_location": "au",
    "region": "EUR / PAL"
  },
  {
    "id": "oy2716zd",
    "player": "PrearDF",
    "player_location": null,
    "region": "USA / NTSC"
  },
  {
    "id": "pm371qz0",
    "player": "AlexHopper_",
    "player_location": "gb/eng",
    "region": "EUR / PAL"
  },
  {
    "id": "dy471kyl",
    "player": "Bonesaw577",
    "player_location": "ca",
    "region": "USA / NTSC"
  },
  {
    "id": "1zqvr8ml",
    "player": "DevilFox",
    "player_location": "fr",
    "region": "EUR / PAL"
  },
  {
    "id": "9me4o9y7",
    "player": "TOTOzigemm",
    "player_location": "us",
    "region": "USA / NTSC"
  },
  {
    "id": "2yw4j00z",
    "player": "AndyGHD",
    "player_location": "no",
    "region": "EUR / PAL"
  },
  {
    "id": "yw0pq23m",
    "player": "Ricky",
    "player_location": "dk",
    "region": "EUR / PAL"
  },
  {
    "id": "pyde0wmn",
    "player": "Djtomjak73",
    "player_location": null,
    "region": "EUR / PAL"
  },
  {
    "id": "emk58vm6",
    "player": "Abahbob",
    "player_location": "us",
    "region": "USA / NTSC"
  },
  {
    "id": "8m7750m0",
    "player": "Freak4games",
    "player_location": "us",
    "region": "USA / NTSC"
  },
  {
    "id": "kz5d3gmr",
    "player": "TheUltimateNintendoPlays",
    "player_location": null,
    "region": "EUR / PAL"
  },
  {
    "id": "7yl5613z",
    "player": "TerliManor",
    "player_location": "de",
    "region": "EUR / PAL"
  },
  {
    "id": "oy27d6zd",
    "player": "yankee027",
    "player_location": "us",
    "region": "USA / NTSC"
  },
  {
    "id": "9yod325m",
    "player": "meggachilly",
    "player_location": "gb",
    "region": "EUR / PAL"
  },
  {
    "id": "6yj513md",
    "player": "bdub9613",
    "player_location": "us",
    "region": "USA / NTSC"
  },
  {
    "id": "wzpe2nyq",
    "player": "rozer",
    "player_location": "gb/eng",
    "region": "EUR / PAL"
  },
  {
    "id": "wzp838yq",
    "player": "Jumpyluff",
    "player_location": "us",
    "region": "USA / NTSC"
  },
  {
    "id": "jy93nvy4",
    "player": "zoning1138",
    "player_location": null,
    "region": "USA / NTSC"
  },
  {
    "id": "emk57vm6",
    "player": "zeplins",
    "player_location": "nz",
    "region": "EUR / PAL"
  },
  {
    "id": "8m7780m0",
    "player": "15MUGEN",
    "player_location": null,
    "region": "USA / NTSC"
  },
  {
    "id": "9mrn42yq",
    "player": "Tsouze",
    "player_location": "fr",
    "region": "EUR / PAL"
  },
  {
    "id": "ydw052vm",
    "player": "rRubiks",
    "player_location": "us",
    "region": "USA / NTSC"
  },
  {
    "id": "pm37nwz0",
    "player": "Crashpro33",
    "player_location": "us",
    "region": "USA / NTSC"
  },
  {
    "id": "8y8ev5y1",
    "player": "NT1_Evolution",
    "player_location": "us",
    "region": "USA / NTSC"
  },
  {
    "id": "0znk059z",
    "player": "JonatanFransson",
    "player_location": null,
    "region": "EUR / PAL"
  },
  {
    "id": "7ylrqkyp",
    "player": "DevilFoxDu31",
    "player_location": null,
    "region": "EUR / PAL"
  },
  {
    "id": "9me479y7",
    "player": "Ihavenoname248",
    "player_location": "us",
    "region": "USA / NTSC"
  },
  {
    "id": "2ywkk0y4",
    "player": "Blaust",
    "player_location": "us",
    "region": "USA / NTSC"
  },
  {
    "id": "9yo66dyx",
    "player": "Batachu",
    "player_location": null,
    "region": "USA / NTSC"
  },
  {
    "id": "yd6weo0z",
    "player": "unfading",
    "player_location": "se",
    "region": "EUR / PAL"
  },
  {
    "id": "oy2px6zd",
    "player": "OwenTheBaconMan",
    "player_location": null,
    "region": "EUR / PAL"
  },
  {
    "id": "y65d8jpz",
    "player": "vvasco55",
    "player_location": "pt",
    "region": null
  },
  {
    "id": "0y6xw0y7",
    "player": "Wizard_Lautrec",
    "player_location": null,
    "region": "USA / NTSC"
  },
  {
    "id": "7z02kr9m",
    "player": "Mergy",
    "player_location": "de",
    "region": "EUR / PAL"
  },
  {
    "id": "jy9ql2z4",
    "player": "blahpy",
    "player_location": "nz",
    "region": "EUR / PAL"
  },
  {
    "id": "kz5op65y",
    "player": "nickenator8",
    "player_location": "us",
    "region": "USA / NTSC"
  },
  {
    "id": "7yl95dky",
    "player": "Oncewaslost87",
    "player_location": "gb/eng",
    "region": "USA / NTSC"
  },
  {
    "id": "dy43wedz",
    "player": "Ibslihibovic",
    "player_location": "dk",
    "region": "EUR / PAL"
  },
  {
    "id": "yok92qjz",
    "player": "ryuknote322",
    "player_location": "no",
    "region": "EUR / PAL"
  },
  {
    "id": "mkkjp0lm",
    "player": "Geschlossen",
    "player_location": "de",
    "region": "EUR / PAL"
  },
  {
    "id": "zqv7vl9m",
    "player": "Piggleberry",
    "player_location": null,
    "region": "USA / NTSC"
  },
  {
    "id": "ywp6q5pz",
    "player": "Bobbykaze",
    "player_location": "ca",
    "region": "USA / NTSC"
  },
  {
    "id": "m3d5rjgz",
    "player": "NekoCoffee",
    "player_location": "it",
    "region": "EUR / PAL"
  },
  {
    "id": "me97rd9z",
    "player": "Tyrian",
    "player_location": "us",
    "region": "USA / NTSC"
  },
  {
    "id": "zno53n7y",
    "player": "ErikCorbs",
    "player_location": "es",
    "region": "EUR / PAL"
  },
  {
    "id": "y6dke5pm",
    "player": "Roda",
    "player_location": "us",
    "region": "USA / NTSC"
  },
  {
    "id": "z1x61qrm",
    "player": "rileygotpb",
    "player_location": "us",
    "region": "USA / NTSC"
  },
  {
    "id": "6yjlep3z",
    "player": "Raccoon_1337",
    "player_location": "at",
    "region": "EUR / PAL"
  },
  {
    "id": "y92xn4kz",
    "player": "OutrageousJosh",
    "player_location": "us",
    "region": "USA / NTSC"
  },
  {
    "id": "9yo34d1y",
    "player": "doomtm2",
    "player_location": "us",
    "region": "USA / NTSC"
  },
  {
    "id": "jy9ex7rz",
    "player": "goofy358",
    "player_location": "us",
    "region": "USA / NTSC"
  },
  {
    "id": "9yo33qjy",
    "player": "biggestloser",
    "player_location": null,
    "region": "EUR / PAL"
  },
  {
    "id": "wzpxdqxm",
    "player": "Ouiji",
    "player_location": "us",
    "region": "USA / NTSC"
  },
  {
    "id": "wzp30k8m",
    "player": "FinnSpire",
    "player_location": null,
    "region": "EUR / PAL"
  },
  {
    "id": "9me1wv9y",
    "player": "Captsamerica",
    "player_location": "us",
    "region": "USA / NTSC"
  },
  {
    "id": "0zn3drvy",
    "player": "Nitrofski",
    "player_location": "ca",
    "region": "USA / NTSC"
  },
  {
    "id": "7z0rq4oz",
    "player": "Karakov",
    "player_location": "us",
    "region": "USA / NTSC"
  },
  {
    "id": "oy2vlo5z",
    "player": "RYBILL",
    "player_location": "au",
    "region": "EUR / PAL"
  },
  {
    "id": "7z0r988z",
    "player": "Radiosales",
    "player_location": "us",
    "region": null
  },
  {
    "id": "z05ox4jm",
    "player": "WedSR",
    "player_location": "us",
    "region": "USA / NTSC"
  },
  {
    "id": "8yvqjdom",
    "player": "chilly_pepper",
    "player_location": "au",
    "region": "EUR / PAL"
  },
  {
    "id": "y253de9y",
    "player": "RaisingTheBarr",
    "player_location": "gb/eng",
    "region": "EUR / PAL"
  },
  {
    "id": "zgn37j0y",
    "player": "SixRock",
    "player_location": "fi",
    "region": "EUR / PAL"
  },
  {
    "id": "zn4dl5lm",
    "player": "Boomer",
    "player_location": "de",
    "region": "EUR / PAL"
  },
  {
    "id": "1zq7o5rm",
    "player": "Nefr3it",
    "player_location": "es/ct",
    "region": "EUR / PAL"
  },
  {
    "id": "wzpdqkgz",
    "player": "thecivilizedyoshi",
    "player_location": "us",
    "region": "USA / NTSC"
  },
  {
    "id": "zxv5wq8y",
    "player": "Nishikino",
    "player_location": "de",
    "region": "EUR / PAL"
  },
  {
    "id": "7ylx3oky",
    "player": "Smurfy",
    "player_location": "ca",
    "region": "USA / NTSC"
  },
  {
    "id": "7yljx2km",
    "player": "gkilla03",
    "player_location": "us",
    "region": null
  },
  {
    "id": "0zn65q9y",
    "player": "kn0bb",
    "player_location": "us",
    "region": "USA / NTSC"
  },
  {
    "id": "8yvekeem",
    "player": "ENcharles21",
    "player_location": "us",
    "region": "USA / NTSC"
  },
  {
    "id": "emkjnl1y",
    "player": "SnowWhirl",
    "player_location": "ca",
    "region": "USA / NTSC"
  },
  {
    "id": "1zqporxm",
    "player": "DK1124",
    "player_location": "us",
    "region": "USA / NTSC"
  },
  {
    "id": "6yj7313y",
    "player": "GameJesters",
    "player_location": "us",
    "region": "USA / NTSC"
  },
  {
    "id": "6yj7vk3y",
    "player": "AlexisMousy",
    "player_location": "us",
    "region": "USA / NTSC"
  },
  {
    "id": "0y6w8d6z",
    "player": "SxyNinja",
    "player_location": null,
    "region": "USA / NTSC"
  },
  {
    "id": "8y8lndxm",
    "player": "Santana",
    "player_location": "us",
    "region": "USA / NTSC"
  },
  {
    "id": "8yve518m",
    "player": "OrangePledge",
    "player_location": "us",
    "region": "USA / NTSC"
  },
  {
    "id": "2ywo5qnm",
    "player": "HuntedCast",
    "player_location": "us",
    "region": "USA / NTSC"
  },
  {
    "id": "9medp72y",
    "player": "White",
    "player_location": "us",
    "region": "USA / NTSC"
  },
  {
    "id": "9yog5ejm",
    "player": "Balonbal",
    "player_location": "no",
    "region": "EUR / PAL"
  },
  {
    "id": "8y87enxz",
    "player": "I_AM_SPARTA_MF",
    "player_location": "us",
    "region": "USA / NTSC"
  },
  {
    "id": "mr42p2dz",
    "player": "Suappi",
    "player_location": "fi",
    "region": "EUR / PAL"
  },
  {
    "id": "8y85dx1y",
    "player": "Str\u00f6bs",
    "player_location": "au",
    "region": "EUR / PAL"
  },
  {
    "id": "y2x0g06m",
    "player": "Mikell",
    "player_location": "us",
    "region": "USA / NTSC"
  },
  {
    "id": "yv118jxy",
    "player": "Sir_Jazzberry",
    "player_location": "td",
    "region": "USA / NTSC"
  },
  {
    "id": "z0e395em",
    "player": "ZexanGER",
    "player_location": "de",
    "region": "EUR / PAL"
  },
  {
    "id": "y92evknz",
    "player": "Septerna",
    "player_location": "de",
    "region": "EUR / PAL"
  },
  {
    "id": "ydq1lnxm",
    "player": "drew_x2",
    "player_location": "us",
    "region": "USA / NTSC"
  },
  {
    "id": "y211jl7z",
    "player": "Alekhine",
    "player_location": "no",
    "region": "USA / NTSC"
  },
  {
    "id": "yo4p0rdm",
    "player": "Zenthrow",
    "player_location": "us",
    "region": "USA / NTSC"
  },
  {
    "id": "y6pr4nqm",
    "player": "Ruh",
    "player_location": "td",
    "region": "USA / NTSC"
  },
  {
    "id": "yl96p6xy",
    "player": "Nicolster",
    "player_location": "at",
    "region": "EUR / PAL"
  },
  {
    "id": "mr185kgz",
    "player": "LouiGi",
    "player_location": "fr",
    "region": "EUR / PAL"
  },
  {
    "id": "zp0k3ogm",
    "player": "BurkeMaverick",
    "player_location": "us",
    "region": "USA / NTSC"
  },
  {
    "id": "zpq842ny",
    "player": "NINJA-PLEB",
    "player_location": null,
    "region": "USA / NTSC"
  },
  {
    "id": "y8qee91y",
    "player": "muckemannen",
    "player_location": "se",
    "region": "EUR / PAL"
  },
  {
    "id": "y97l6g2m",
    "player": "SketchyTheGhost",
    "player_location": "us",
    "region": "USA / NTSC"
  },
  {
    "id": "zx7e5g5y",
    "player": "ultimatedragon111",
    "player_location": "es",
    "region": "EUR / PAL"
  },
  {
    "id": "zx41k3ey",
    "player": "Jonda",
    "player_location": null,
    "region": "EUR / PAL"
  },
  {
    "id": "zxv7j98y",
    "player": "krazyserb",
    "player_location": "rs",
    "region": "USA / NTSC"
  },
  {
    "id": "zn8pdnvz",
    "player": "DeekuNutz",
    "player_location": "no",
    "region": "USA / NTSC"
  },
  {
    "id": "y45l39qm",
    "player": "Chreymd",
    "player_location": "de",
    "region": "EUR / PAL"
  },
  {
    "id": "yjkp81gm",
    "player": "TheNannerpuss12",
    "player_location": "us",
    "region": "USA / NTSC"
  },
  {
    "id": "yw16kd3z",
    "player": "Skryptix",
    "player_location": "us",
    "region": "USA / NTSC"
  },
  {
    "id": "zgwvln0y",
    "player": "Tomppaa",
    "player_location": "fi",
    "region": "EUR / PAL"
  },
  {
    "id": "z01drvey",
    "player": "Chimforce",
    "player_location": "no",
    "region": "EUR / PAL"
  },
  {
    "id": "mekere3m",
    "player": "Necronomous",
    "player_location": "us",
    "region": "USA / NTSC"
  },
  {
    "id": "zp07n48m",
    "player": "Oggyerino",
    "player_location": "no",
    "region": "USA / NTSC"
  },
  {
    "id": "mrqx9vdy",
    "player": "NickWorth",
    "player_location": "ca",
    "region": null
  },
  {
    "id": "y23rr19m",
    "player": "SIK",
    "player_location": "ca",
    "region": "USA / NTSC"
  },
  {
    "id": "mk4xxgxy",
    "player": "ItsTheDailyK",
    "player_location": "nz",
    "region": null
  },
  {
    "id": "zn85g37z",
    "player": "smoker2g",
    "player_location": "au",
    "region": "EUR / PAL"
  },
  {
    "id": "m7prx7wm",
    "player": "MrHangman56",
    "player_location": "ca",
    "region": "USA / NTSC"
  },
  {
    "id": "z033lwjz",
    "player": "MuchWhittering",
    "player_location": "gb/eng",
    "region": "EUR / PAL"
  },
  {
    "id": "ywp41knz",
    "player": "KasorePhil",
    "player_location": "us",
    "region": "USA / NTSC"
  },
  {
    "id": "z537xegy",
    "player": "Its_Mazed",
    "player_location": "us",
    "region": "USA / NTSC"
  },
  {
    "id": "z0364q4z",
    "player": "Aloysius",
    "player_location": "us",
    "region": "USA / NTSC"
  },
  {
    "id": "z01vv6ey",
    "player": "Aleksii104",
    "player_location": "fi",
    "region": "EUR / PAL"
  },
  {
    "id": "mk956g3z",
    "player": "kurokoblue",
    "player_location": "de",
    "region": "EUR / PAL"
  },
  {
    "id": "yl4qnerm",
    "player": "Duckmaster",
    "player_location": "us",
    "region": "USA / NTSC"
  },
  {
    "id": "y88kwk1y",
    "player": "hsblue",
    "player_location": "au",
    "region": "EUR / PAL"
  },
  {
    "id": "zx487eqy",
    "player": "LemTM",
    "player_location": "us",
    "region": "USA / NTSC"
  },
  {
    "id": "zp0gx48m",
    "player": "BellumZeldaDS",
    "player_location": "jp",
    "region": "EUR / PAL"
  },
  {
    "id": "zp0o2x8m",
    "player": "SydneyGoesQuick",
    "player_location": null,
    "region": "USA / NTSC"
  },
  {
    "id": "z11v1ewz",
    "player": "G3catcher",
    "player_location": "us",
    "region": "USA / NTSC"
  },
  {
    "id": "yde1xkvm",
    "player": "andrew_f",
    "player_location": "au",
    "region": "EUR / PAL"
  },
  {
    "id": "zg7o4knz",
    "player": "Onex",
    "player_location": null,
    "region": "EUR / PAL"
  },
  {
    "id": "y92eqlez",
    "player": "Sickynar",
    "player_location": "us",
    "region": null
  },
  {
    "id": "zn4lo23m",
    "player": "polymathical",
    "player_location": "us",
    "region": "USA / NTSC"
  },
  {
    "id": "y6p1ogpm",
    "player": "PrinceFootstool",
    "player_location": "us",
    "region": "USA / NTSC"
  },
  {
    "id": "z189o2jy",
    "player": "zbm",
    "player_location": "us",
    "region": "USA / NTSC"
  },
  {
    "id": "y213qj5z",
    "player": "InebriatedAssistant3",
    "player_location": "us",
    "region": "USA / NTSC"
  },
  {
    "id": "mkgv5qly",
    "player": "USneakyTurtle",
    "player_location": "us",
    "region": "USA / NTSC"
  },
  {
    "id": "ywqrp5py",
    "player": "ThatGuyKaiden",
    "player_location": "us",
    "region": "USA / NTSC"
  },
  {
    "id": "yl0v953y",
    "player": "CranO",
    "player_location": "ca",
    "region": "USA / NTSC"
  },
  {
    "id": "m7g8q84m",
    "player": "Xafication",
    "player_location": "fi",
    "region": "EUR / PAL"
  },
  {
    "id": "yd691ejz",
    "player": "Big-G33",
    "player_location": "us",
    "region": "USA / NTSC"
  },
  {
    "id": "mr95qg8m",
    "player": "Oxial",
    "player_location": "us",
    "region": "USA / NTSC"
  },
  {
    "id": "mk2gj1vm",
    "player": "DaemonicDeveloper",
    "player_location": "us",
    "region": "USA / NTSC"
  },
  {
    "id": "yoj6220m",
    "player": "angelodell1",
    "player_location": null,
    "region": "USA / NTSC"
  },
  {
    "id": "meovl9qz",
    "player": "inK67",
    "player_location": "us",
    "region": "USA / NTSC"
  },
  {
    "id": "zp4994gz",
    "player": "PointGrabba",
    "player_location": "gb/sct",
    "region": "EUR / PAL"
  },
  {
    "id": "ylkq9oxz",
    "player": "morisv",
    "player_location": "de",
    "region": "EUR / PAL"
  },
  {
    "id": "y8rjq1dm",
    "player": "Borrdi",
    "player_location": "de",
    "region": "EUR / PAL"
  },
  {
    "id": "yj396ndz",
    "player": "crystalwave",
    "player_location": "sl",
    "region": "EUR / PAL"
  },
  {
    "id": "zgkjdovy",
    "player": "SkylarFerret",
    "player_location": "us",
    "region": null
  },
  {
    "id": "z0r7404z",
    "player": "The_Stellar",
    "player_location": "gb",
    "region": "EUR / PAL"
  },
  {
    "id": "ydwk0e0m",
    "player": "SleepySmallGirl",
    "player_location": "ca",
    "region": "USA / NTSC"
  },
  {
    "id": "yw8e0l2y",
    "player": "Isendgard",
    "player_location": "us",
    "region": "USA / NTSC"
  },
  {
    "id": "m35ogdqy",
    "player": "thekikinasty",
    "player_location": "us",
    "region": null
  },
  {
    "id": "y4re2k3z",
    "player": "PrinceVortex",
    "player_location": null,
    "region": "USA / NTSC"
  },
  {
    "id": "znkwlj9z",
    "player": "Link_of_Skyloft",
    "player_location": "us",
    "region": "USA / NTSC"
  },
  {
    "id": "yo31v81y",
    "player": "Xvengerjim1",
    "player_location": "gb/eng",
    "region": null
  },
  {
    "id": "zx286wgm",
    "player": "Marimboi",
    "player_location": "us",
    "region": "USA / NTSC"
  },
  {
    "id": "y65p57jz",
    "player": "TheParagon",
    "player_location": "us",
    "region": "USA / NTSC"
  },
  {
    "id": "y82r061y",
    "player": "HelloIAmHere",
    "player_location": "us",
    "region": "USA / NTSC"
  },
  {
    "id": "y82dll1y",
    "player": "Martinion",
    "player_location": "no",
    "region": "EUR / PAL"
  },
  {
    "id": "zp8w4pny",
    "player": "quietdudek",
    "player_location": "cz",
    "region": "EUR / PAL"
  },
  {
    "id": "m33lwogm",
    "player": "theflu",
    "player_location": "us",
    "region": "USA / NTSC"
  },
  {
    "id": "yv0j4dxz",
    "player": "FluffySeals15",
    "player_location": "us",
    "region": "USA / NTSC"
  },
  {
    "id": "y69v21jy",
    "player": "aslov",
    "player_location": "us",
    "region": "USA / NTSC"
  },
  {
    "id": "y8d7kwnz",
    "player": "dany_cart",
    "player_location": "us",
    "region": "USA / NTSC"
  },
  {
    "id": "zgv3xoez",
    "player": "Killerrik99",
    "player_location": "pt",
    "region": "EUR / PAL"
  },
  {
    "id": "z07dne4y",
    "player": "ZedBot",
    "player_location": "us",
    "region": "USA / NTSC"
  },
  {
    "id": "yvo2294z",
    "player": "Tennem",
    "player_location": "us",
    "region": "USA / NTSC"
  },
  {
    "id": "yden85xm",
    "player": "clankape",
    "player_location": "fr",
    "region": "EUR / PAL"
  },
  {
    "id": "z0637goz",
    "player": "Jeb",
    "player_location": "us",
    "region": "USA / NTSC"
  },
  {
    "id": "znkjx27z",
    "player": "RaulALB",
    "player_location": "es",
    "region": "EUR / PAL"
  },
  {
    "id": "z1p9pkwz",
    "player": "Bellajustbella",
    "player_location": "us",
    "region": "USA / NTSC"
  },
  {
    "id": "zqwe27xz",
    "player": "Rylie",
    "player_location": "us",
    "region": "USA / NTSC"
  },
  {
    "id": "y99vodny",
    "player": "woltag",
    "player_location": "hu",
    "region": "EUR / PAL"
  },
  {
    "id": "z15n177y",
    "player": "Do_Milk",
    "player_location": "us",
    "region": null
  },
  {
    "id": "zq41lg1m",
    "player": "BooTedesco",
    "player_location": "us",
    "region": null
  },
  {
    "id": "y652op1z",
    "player": "Yuggi1997",
    "player_location": "us",
    "region": "USA / NTSC"
  },
  {
    "id": "zq16kerm",
    "player": "StealthNinja",
    "player_location": "us",
    "region": "USA / NTSC"
  },
  {
    "id": "ywdd159z",
    "player": "drweed420",
    "player_location": "us",
    "region": "USA / NTSC"
  },
  {
    "id": "zqewe11z",
    "player": "Spiker",
    "player_location": "us",
    "region": "USA / NTSC"
  },
  {
    "id": "zpr52wrm",
    "player": "atroskey",
    "player_location": "us",
    "region": null
  },
  {
    "id": "zq72k6rm",
    "player": "TomboD99",
    "player_location": "gb/sct",
    "region": "EUR / PAL"
  },
  {
    "id": "yo95635y",
    "player": "SuperVillainDoom",
    "player_location": "us",
    "region": "USA / NTSC"
  },
  {
    "id": "me41463y",
    "player": "Stevenmkwii",
    "player_location": "us",
    "region": "USA / NTSC"
  },
  {
    "id": "ylv42exm",
    "player": "Emerldd",
    "player_location": "us",
    "region": "USA / NTSC"
  },
  {
    "id": "yo39e5dy",
    "player": "ItsDave92",
    "player_location": "us",
    "region": "USA / NTSC"
  },
  {
    "id": "z53rpg5y",
    "player": "emanaretne",
    "player_location": "ca",
    "region": null
  },
  {
    "id": "y6rengjy",
    "player": "tabor916",
    "player_location": "us",
    "region": "USA / NTSC"
  },
  {
    "id": "z53pnw5y",
    "player": "Centaurora",
    "player_location": null,
    "region": "USA / NTSC"
  },
  {
    "id": "z098wejz",
    "player": "Serenmew",
    "player_location": "se",
    "region": null
  },
  {
    "id": "mr7gn48z",
    "player": "TJJGamers",
    "player_location": "us",
    "region": "USA / NTSC"
  },
  {
    "id": "zxdpjk5y",
    "player": "SeeYouSpaceCorgi",
    "player_location": "au",
    "region": "EUR / PAL"
  },
  {
    "id": "znjwqk7m",
    "player": "Cobra_Dog",
    "player_location": "us",
    "region": "USA / NTSC"
  },
  {
    "id": "z0r7v59z",
    "player": "Evil_Morty_96",
    "player_location": "us",
    "region": "USA / NTSC"
  },
  {
    "id": "yo9klody",
    "player": "Jokey922",
    "player_location": "gb/sct",
    "region": "EUR / PAL"
  },
  {
    "id": "zqgwe8xm",
    "player": "OverlordEclipse",
    "player_location": "us",
    "region": "USA / NTSC"
  },
  {
    "id": "z065knjz",
    "player": "frankSP",
    "player_location": "it",
    "region": "EUR / PAL"
  },
  {
    "id": "z5x85ngy",
    "player": "Bintendo",
    "player_location": "us",
    "region": "USA / NTSC"
  },
  {
    "id": "z06pj18z",
    "player": "jonneydb",
    "player_location": "us",
    "region": null
  },
  {
    "id": "z0ll0p8z",
    "player": "Trotzzz",
    "player_location": "us",
    "region": "USA / NTSC"
  },
  {
    "id": "mk7op1ly",
    "player": "doobzzzzzzz",
    "player_location": "ie",
    "region": "EUR / PAL"
  },
  {
    "id": "mkgrkrvy",
    "player": "Simoon05",
    "player_location": "it",
    "region": "EUR / PAL"
  },
  {
    "id": "ywk0q60y",
    "player": "Carnate",
    "player_location": "ca",
    "region": "USA / NTSC"
  },
  {
    "id": "yo9l80dy",
    "player": "PikachugamerBE",
    "player_location": "be",
    "region": "EUR / PAL"
  },
  {
    "id": "zp12q3xz",
    "player": "fish2412",
    "player_location": "ca",
    "region": "USA / NTSC"
  },
  {
    "id": "zq19vj1m",
    "player": "TomV39",
    "player_location": "gb/eng",
    "region": "EUR / PAL"
  },
  {
    "id": "yo7r370m",
    "player": "Mortis",
    "player_location": "de",
    "region": "EUR / PAL"
  },
  {
    "id": "z5d9r6nm",
    "player": "Kirshar",
    "player_location": "ca",
    "region": "USA / NTSC"
  },
  {
    "id": "y69x9wqy",
    "player": "Syvig",
    "player_location": "nl",
    "region": "EUR / PAL"
  },
  {
    "id": "y48152nm",
    "player": "Cprimetime",
    "player_location": "us",
    "region": "USA / NTSC"
  },
  {
    "id": "y2v4rg7z",
    "player": "BigCheeZChannel",
    "player_location": "gb/eng",
    "region": null
  },
  {
    "id": "m77n045m",
    "player": "dassb",
    "player_location": "pt",
    "region": "EUR / PAL"
  },
  {
    "id": "zgd6vvjz",
    "player": "Rev_",
    "player_location": "au",
    "region": "EUR / PAL"
  },
  {
    "id": "z1gkpq7z",
    "player": "tp971",
    "player_location": "de",
    "region": "EUR / PAL"
  },
  {
    "id": "me406v3y",
    "player": "nemesisnetwork",
    "player_location": null,
    "region": "USA / NTSC"
  },
  {
    "id": "y93ok62y",
    "player": "MF_DOM",
    "player_location": "bb",
    "region": "USA / NTSC"
  },
  {
    "id": "znqwn69z",
    "player": "Beanie_jesus",
    "player_location": "us",
    "region": "USA / NTSC"
  },
  {
    "id": "y4qv8nkm",
    "player": "sadgebean",
    "player_location": "us",
    "region": "USA / NTSC"
  },
  {
    "id": "y48kok3m",
    "player": "kiwidream",
    "player_location": "nz",
    "region": "EUR / PAL"
  },
  {
    "id": "zxogpvez",
    "player": "Tathlibash",
    "player_location": "us",
    "region": "USA / NTSC"
  },
  {
    "id": "m77rw14m",
    "player": "InnocentMiau",
    "player_location": "pt",
    "region": null
  },
  {
    "id": "y93dj1vy",
    "player": "Recondite",
    "player_location": "gb",
    "region": "EUR / PAL"
  },
  {
    "id": "z1xl30gm",
    "player": "Zavatch",
    "player_location": "es",
    "region": "EUR / PAL"
  },
  {
    "id": "z1qdek7y",
    "player": "TommySclafanzie",
    "player_location": "us",
    "region": "USA / NTSC"
  },
  {
    "id": "y6x3op6y",
    "player": "Xyphles",
    "player_location": "us",
    "region": "USA / NTSC"
  },
  {
    "id": "ywk50j2y",
    "player": "Riko",
    "player_location": "us",
    "region": "USA / NTSC"
  },
  {
    "id": "zgr4qkem",
    "player": "Vares",
    "player_location": "fi",
    "region": "EUR / PAL"
  },
  {
    "id": "y8j68oxz",
    "player": "themikevision",
    "player_location": "us",
    "region": "USA / NTSC"
  },
  {
    "id": "yw65l53m",
    "player": "nohmyy",
    "player_location": "fi",
    "region": "EUR / PAL"
  },
  {
    "id": "mke7gnlm",
    "player": "Avasam",
    "player_location": "ca/qc",
    "region": "USA / NTSC"
  },
  {
    "id": "m7wx4w5z",
    "player": "Javeliin",
    "player_location": "fi",
    "region": "EUR / PAL"
  },
  {
    "id": "m7wgj35z",
    "player": "Gragons",
    "player_location": "us",
    "region": "USA / NTSC"
  },
  {
    "id": "zn7xdwvm",
    "player": "Zibang",
    "player_location": "fi",
    "region": "EUR / PAL"
  },
  {
    "id": "yvqqj1om",
    "player": "ThotThunderLegit",
    "player_location": "gb/eng",
    "region": "EUR / PAL"
  },
  {
    "id": "y962g0vy",
    "player": "eddyy_cc",
    "player_location": "es/ct",
    "region": "EUR / PAL"
  },
  {
    "id": "ydww74wm",
    "player": "SolisStreams",
    "player_location": "us",
    "region": "USA / NTSC"
  },
  {
    "id": "yol27w0y",
    "player": "manerd6979",
    "player_location": "us",
    "region": "USA / NTSC"
  },
  {
    "id": "ywj6dd0z",
    "player": "Pepperjack22",
    "player_location": "us",
    "region": "USA / NTSC"
  },
  {
    "id": "mr6rnx8m",
    "player": "Shredmachine",
    "player_location": "se",
    "region": "EUR / PAL"
  },
  {
    "id": "ylnv0rkz",
    "player": "Milanista_00",
    "player_location": "it",
    "region": "EUR / PAL"
  },
  {
    "id": "y960p1ey",
    "player": "rusto",
    "player_location": "us",
    "region": "USA / NTSC"
  },
  {
    "id": "ydw47e0m",
    "player": "Lasso",
    "player_location": "fi",
    "region": "EUR / PAL"
  },
  {
    "id": "y8xrj9wm",
    "player": "paulburkz",
    "player_location": "de",
    "region": "EUR / PAL"
  },
  {
    "id": "me3jle9z",
    "player": "YZ_Brian",
    "player_location": "nl",
    "region": "EUR / PAL"
  },
  {
    "id": "zgqgk6jy",
    "player": "yopie_",
    "player_location": "us",
    "region": "USA / NTSC"
  },
  {
    "id": "y60l866y",
    "player": "scorpaxtm",
    "player_location": "pl",
    "region": "EUR / PAL"
  },
  {
    "id": "mkenlg5m",
    "player": "Games_and_Cars",
    "player_location": null,
    "region": "USA / NTSC"
  },
  {
    "id": "m3x4nx6m",
    "player": "Old_Samos",
    "player_location": "us",
    "region": "USA / NTSC"
  },
  {
    "id": "yjpklj7y",
    "player": "sasukeuchiwa1994",
    "player_location": "fr",
    "region": "EUR / PAL"
  },
  {
    "id": "y4q3ev3m",
    "player": "Voll",
    "player_location": "us",
    "region": "USA / NTSC"
  },
  {
    "id": "y4xdew2z",
    "player": "Schady200",
    "player_location": null,
    "region": "EUR / PAL"
  },
  {
    "id": "zx72788y",
    "player": "BlordBlordan",
    "player_location": "ie",
    "region": "EUR / PAL"
  },
  {
    "id": "me3jpv0z",
    "player": "techtonicCleaver",
    "player_location": "au",
    "region": "EUR / PAL"
  },
  {
    "id": "yvr8jpxz",
    "player": "MrMidz",
    "player_location": "au",
    "region": "EUR / PAL"
  },
  {
    "id": "zp9k6enm",
    "player": "bigbloo77",
    "player_location": "us",
    "region": "USA / NTSC"
  },
  {
    "id": "y60vq61y",
    "player": "Drunkhouse",
    "player_location": "us",
    "region": "USA / NTSC"
  },
  {
    "id": "yddldvqy",
    "player": "Buffbud96",
    "player_location": "us",
    "region": "USA / NTSC"
  },
  {
    "id": "m33vlr4m",
    "player": "hsblues_dad",
    "player_location": null,
    "region": "EUR / PAL"
  },
  {
    "id": "y4xxrwnz",
    "player": "spazywakjob",
    "player_location": null,
    "region": "USA / NTSC"
  },
  {
    "id": "y2j1v37z",
    "player": "KyleBruneau",
    "player_location": "ca",
    "region": "USA / NTSC"
  },
  {
    "id": "y88744xy",
    "player": "ChristHamster",
    "player_location": "us",
    "region": "USA / NTSC"
  },
  {
    "id": "y8xje1nm",
    "player": "Chip_SR",
    "player_location": "do",
    "region": "USA / NTSC"
  },
  {
    "id": "y803wnnm",
    "player": "Jakeapus",
    "player_location": "us",
    "region": "USA / NTSC"
  },
  {
    "id": "z1gorn9z",
    "player": "Whoscraft_02",
    "player_location": "us",
    "region": "USA / NTSC"
  },
  {
    "id": "m7xl0o9y",
    "player": "crazyfrogfan1",
    "player_location": "ie",
    "region": "EUR / PAL"
  },
  {
    "id": "zq9l0wry",
    "player": "gamecatharsis",
    "player_location": "us",
    "region": "USA / NTSC"
  },
  {
    "id": "zgqlrdey",
    "player": "StackaCheeseburgers",
    "player_location": "nz",
    "region": "EUR / PAL"
  },
  {
    "id": "yd14e3jy",
    "player": "Louis_J",
    "player_location": "au",
    "region": "EUR / PAL"
  },
  {
    "id": "y2e4429y",
    "player": "TheRatedD",
    "player_location": "us",
    "region": "USA / NTSC"
  },
  {
    "id": "yv0w1x4z",
    "player": "JacobHyatt",
    "player_location": null,
    "region": "USA / NTSC"
  },
  {
    "id": "ydg6q50y",
    "player": "Sub2JackDDS",
    "player_location": null,
    "region": "EUR / PAL"
  },
  {
    "id": "z5e3875z",
    "player": "Legitzombieguy",
    "player_location": "us",
    "region": "USA / NTSC"
  }
]