[
  {
    "id": "dy41wdyl",
    "player": "Yazzo",
    "player_location": "se",
    "region": null
  },
  {
    "id": "0y6ge56m",
    "player": "BPA",
    "player_location": "dk",
    "region": null
  },
  {
    "id": "m31ppxdz",
    "player": "CriscoWild",
    "player_location": "us",
    "region": "USA / NTSC"
  },
  {
    "id": "y4w9xeqm",
    "player": "Airnathan119",
    "player_location": "gb/eng",
    "region": "EUR / PAL"
  },
  {
    "id": "y2qq4gwy",
    "player": "Atmos45",
    "player_location": "fr",
    "region": "EUR / PAL"
  },
  {
    "id": "yj1412gy",
    "player": "MKDSmaster91",
    "player_location": "us",
    "region": "USA / NTSC"
  },
  {
    "id": "yl4o3d3m",
    "player": "FSF-Returns",
    "player_location": "fr",
    "region": "USA / NTSC"
  },
  {
    "id": "mr84vdgy",
    "player": "superSANIC",
    "player_location": "us",
    "region": "USA / NTSC"
  },
  {
    "id": "z1j1q1jz",
    "player": "Porthor",
    "player_location": "us",
    "region": "USA / NTSC"
  },
  {
    "id": "z07jpw8y",
    "player": "MG5th",
    "player_location": "jp",
    "region": "JPN / NTSC"
  },
  {
    "id": "z15rxery",
    "player": "Okamikaze",
    "player_location": "gb",
    "region": "EUR / PAL"
  },
  {
    "id": "y902keky",
    "player": "FaizerGPL",
    "player_location": "bg",
    "region": null
  },
  {
    "id": "zqw2nx9z",
    "player": "RedDragonLaser",
    "player_location": "us",
    "region": null
  },
  {
    "id": "zprvr3rm",
    "player": "mynameisAndy",
    "player_location": "us",
    "region": "USA / NTSC"
  },
  {
    "id": "zn3qpp7y",
    "player": "NeoKad",
    "player_location": "ca/qc",
    "region": "USA / NTSC"
  },
  {
    "id": "mr11dk8z",
    "player": "MendocoDoReboco",
    "player_location": "br",
    "region": "USA / NTSC"
  },
  {
    "id": "y8ek2n5y",
    "player": "KenNeko",
    "player_location": "jp",
    "region": "JPN / NTSC"
  },
  {
    "id": "zgg2vjnz",
    "player": "57Jake",
    "player_location": "ca",
    "region": "USA / NTSC"
  },
  {
    "id": "ylr3dgry",
    "player": "Vnord",
    "player_location": "us",
    "region": "USA / NTSC"
  },
  {
    "id": "zgq2nkdy",
    "player": "bosspoole",
    "player_location": "jp",
    "region": "JPN / NTSC"
  },
  {
    "id": "yw66n9nm",
    "player": "Version_Japonesa",
    "player_location": "cl",
    "region": "JPN / NTSC"
  }
]