[
  {
    "id": "6yj1xgyd",
    "player": "CrimzonAE",
    "player_location": null,
    "region": "EUR / PAL"
  },
  {
    "id": "7yloeryp",
    "player": "guished",
    "player_location": "us",
    "region": "USA / NTSC"
  },
  {
    "id": "znrlnlly",
    "player": "ufotekkie",
    "player_location": "us",
    "region": "USA / NTSC"
  },
  {
    "id": "oy2067md",
    "player": "AsarathaHS",
    "player_location": "us",
    "region": "USA / NTSC"
  },
  {
    "id": "0y6pw0jm",
    "player": "Freezehorn",
    "player_location": "us",
    "region": "USA / NTSC"
  },
  {
    "id": "dy4r36kz",
    "player": "Frenzy_iz_SppedRun",
    "player_location": "mx",
    "region": "USA / NTSC"
  },
  {
    "id": "m3do7p6z",
    "player": "wusscake",
    "player_location": "us",
    "region": "USA / NTSC"
  },
  {
    "id": "pzgodv0m",
    "player": "Coolguyme22",
    "player_location": "us",
    "region": "USA / NTSC"
  },
  {
    "id": "y455pkqm",
    "player": "normandy247",
    "player_location": "us",
    "region": "USA / NTSC"
  },
  {
    "id": "ydqnd6vm",
    "player": "ABigWetFlannel",
    "player_location": "gb/eng",
    "region": "USA / NTSC"
  },
  {
    "id": "ydq10owm",
    "player": "Bawkbasoup",
    "player_location": "ca",
    "region": "USA / NTSC"
  },
  {
    "id": "zn82e17z",
    "player": "maxylobes",
    "player_location": "us",
    "region": "USA / NTSC"
  },
  {
    "id": "y88eekdy",
    "player": "Aaron",
    "player_location": "gb/eng",
    "region": "JPN / NTSC"
  },
  {
    "id": "mrnqk97y",
    "player": "AnEternalEnigma",
    "player_location": "us",
    "region": "USA / NTSC"
  },
  {
    "id": "mkg9xgxy",
    "player": "Nicklws",
    "player_location": "ar",
    "region": null
  },
  {
    "id": "yw31xknm",
    "player": "DJRebirth",
    "player_location": "us",
    "region": "USA / NTSC"
  },
  {
    "id": "y6plllpm",
    "player": "Guisil1805",
    "player_location": "br",
    "region": "USA / NTSC"
  },
  {
    "id": "m37q1pwz",
    "player": "liquidnightmare",
    "player_location": "gr",
    "region": "USA / NTSC"
  },
  {
    "id": "z570n1jm",
    "player": "Crowsadilla",
    "player_location": "us",
    "region": "USA / NTSC"
  },
  {
    "id": "zq3jxl1y",
    "player": "GrapHix",
    "player_location": "pl",
    "region": "USA / NTSC"
  },
  {
    "id": "y8rvodnm",
    "player": "funkyorange",
    "player_location": "fi",
    "region": null
  },
  {
    "id": "z5jvgrgm",
    "player": "Droogie4Ever",
    "player_location": "us",
    "region": "USA / NTSC"
  },
  {
    "id": "zp0xj5vm",
    "player": "LightNamagem",
    "player_location": "br",
    "region": "USA / NTSC"
  },
  {
    "id": "yo2qp8dz",
    "player": "Jotaz",
    "player_location": "br",
    "region": "USA / NTSC"
  },
  {
    "id": "zn09wwvy",
    "player": "Son-Beto",
    "player_location": "ar",
    "region": "USA / NTSC"
  },
  {
    "id": "mrej8j7y",
    "player": "Punchy",
    "player_location": "gb/eng",
    "region": null
  },
  {
    "id": "zqr0jq1y",
    "player": "Vossler_XIII",
    "player_location": "us",
    "region": null
  },
  {
    "id": "yw44x93z",
    "player": "alqk0310",
    "player_location": "tw",
    "region": "USA / NTSC"
  },
  {
    "id": "z5j0ppnm",
    "player": "GregoryShepard",
    "player_location": "ru",
    "region": "EUR / PAL"
  },
  {
    "id": "m75pqj5z",
    "player": "Andyrion",
    "player_location": "br",
    "region": "USA / NTSC"
  },
  {
    "id": "yv327p4z",
    "player": "Seinfelf",
    "player_location": "us",
    "region": "USA / NTSC"
  },
  {
    "id": "y8jd281z",
    "player": "Chuleta",
    "player_location": "uy",
    "region": null
  },
  {
    "id": "mrrp918m",
    "player": "Ecdycis",
    "player_location": "us",
    "region": "USA / NTSC"
  },
  {
    "id": "y6d65jqm",
    "player": "Fungo",
    "player_location": "us",
    "region": "USA / NTSC"
  },
  {
    "id": "y93j4kvy",
    "player": "exterioremma",
    "player_location": "us",
    "region": null
  },
  {
    "id": "meek2x9m",
    "player": "Niksumer",
    "player_location": "ar",
    "region": null
  },
  {
    "id": "yok2427z",
    "player": "lunadial07",
    "player_location": "us",
    "region": "USA / NTSC"
  },
  {
    "id": "y4eqo02m",
    "player": "casinocoin",
    "player_location": "ca",
    "region": "JPN / NTSC"
  },
  {
    "id": "zgv20k0z",
    "player": "weedeaterrr69",
    "player_location": "us",
    "region": "USA / NTSC"
  },
  {
    "id": "m755300z",
    "player": "MrMcsqueezy",
    "player_location": "gb",
    "region": "EUR / PAL"
  },
  {
    "id": "y6r2430y",
    "player": "DrexWiln",
    "player_location": "ru",
    "region": null
  },
  {
    "id": "m3g0d56z",
    "player": "Mieslwd",
    "player_location": "nl",
    "region": null
  },
  {
    "id": "yvrdxl8z",
    "player": "DeathTropes",
    "player_location": "us",
    "region": "USA / NTSC"
  },
  {
    "id": "zgv96j0z",
    "player": "Nikoheart",
    "player_location": "gb",
    "region": null
  },
  {
    "id": "y8v1k4dz",
    "player": "shishijima402",
    "player_location": "jp",
    "region": null
  },
  {
    "id": "zgx80n0m",
    "player": "soundsofstatic",
    "player_location": "us",
    "region": "USA / NTSC"
  },
  {
    "id": "y66n136y",
    "player": "Trucks",
    "player_location": null,
    "region": "USA / NTSC"
  },
  {
    "id": "yv2w5r8m",
    "player": "xMissHamilton",
    "player_location": null,
    "region": "JPN / NTSC"
  },
  {
    "id": "y4700wny",
    "player": "juh0",
    "player_location": "sg",
    "region": null
  },
  {
    "id": "ydr36vxz",
    "player": "LanceLM",
    "player_location": "es/cn",
    "region": "USA / NTSC"
  },
  {
    "id": "y6d2j3qm",
    "player": "Garlips",
    "player_location": "gb/eng",
    "region": "EUR / PAL"
  },
  {
    "id": "z5dgjgem",
    "player": "MattGael",
    "player_location": "ar",
    "region": null
  },
  {
    "id": "ywq8d0py",
    "player": "Axton10_61",
    "player_location": "us",
    "region": "USA / NTSC"
  },
  {
    "id": "yodwpl1m",
    "player": "Zzarkz",
    "player_location": "gt",
    "region": null
  },
  {
    "id": "y69jrnqy",
    "player": "Damien_2875",
    "player_location": "fr",
    "region": "EUR / PAL"
  },
  {
    "id": "z1x33rgm",
    "player": "DethThePursuer",
    "player_location": "us",
    "region": "USA / NTSC"
  },
  {
    "id": "y69lq0jy",
    "player": "Luccaozito",
    "player_location": "br",
    "region": "USA / NTSC"
  },
  {
    "id": "y938j72y",
    "player": "BlackLion",
    "player_location": "br",
    "region": "USA / NTSC"
  },
  {
    "id": "y481dpkm",
    "player": "Nazzareno",
    "player_location": "it",
    "region": null
  },
  {
    "id": "m77o729m",
    "player": "CrispyTacoz",
    "player_location": "us",
    "region": "USA / NTSC"
  },
  {
    "id": "z07gproy",
    "player": "nubzombie",
    "player_location": "us",
    "region": "USA / NTSC"
  },
  {
    "id": "y2e6xejy",
    "player": "Citric_infusion",
    "player_location": "us",
    "region": "USA / NTSC"
  }
]