[
  {
    "id": "dy4gv3yl",
    "player": "cjbqulix",
    "player_location": "us",
    "region": null
  },
  {
    "id": "mek1ww2m",
    "player": "THC98",
    "player_location": "br",
    "region": null
  },
  {
    "id": "y23e2g7m",
    "player": "Gpro",
    "player_location": "us",
    "region": null
  },
  {
    "id": "8y890xm1",
    "player": "mapler90210",
    "player_location": "us",
    "region": null
  },
  {
    "id": "y9xk36ey",
    "player": "Jawzun",
    "player_location": "es",
    "region": null
  },
  {
    "id": "0zn4jvmn",
    "player": "RinKagamine1",
    "player_location": "gb/eng",
    "region": null
  },
  {
    "id": "y8r4o11m",
    "player": "Sonikkustar",
    "player_location": "us",
    "region": null
  },
  {
    "id": "emk913z6",
    "player": "Chloe_CanariaBird",
    "player_location": "gb/eng",
    "region": null
  },
  {
    "id": "jy92d2z4",
    "player": "Shanekilz",
    "player_location": "us",
    "region": null
  },
  {
    "id": "8yv1weyo",
    "player": "Justalot123",
    "player_location": "us",
    "region": "USA / NTSC"
  },
  {
    "id": "m3odg86m",
    "player": "Mastakirby",
    "player_location": "us",
    "region": "USA / NTSC"
  },
  {
    "id": "nz119jze",
    "player": "BrokenArthritis",
    "player_location": "us",
    "region": null
  },
  {
    "id": "pm311q6z",
    "player": "ChaoGaming",
    "player_location": "ca",
    "region": null
  },
  {
    "id": "y4531pnm",
    "player": "pokemon3212",
    "player_location": "ca",
    "region": "USA / NTSC"
  },
  {
    "id": "8yvjlxyo",
    "player": "NASAsocal",
    "player_location": null,
    "region": null
  },
  {
    "id": "zn8qgp3z",
    "player": "Sonicspeedruner",
    "player_location": null,
    "region": null
  },
  {
    "id": "6yj4o7yd",
    "player": "Venick",
    "player_location": "us",
    "region": null
  },
  {
    "id": "9me8wqm7",
    "player": "bananas",
    "player_location": "us",
    "region": null
  },
  {
    "id": "9mr9oogm",
    "player": "welldooder64",
    "player_location": "nl",
    "region": "USA / NTSC"
  },
  {
    "id": "8m7po5m0",
    "player": "itsPersonnal",
    "player_location": null,
    "region": null
  },
  {
    "id": "pm319wz0",
    "player": "SaimeZX",
    "player_location": "be",
    "region": null
  },
  {
    "id": "9mrekdyq",
    "player": "VeritasDL",
    "player_location": "us",
    "region": "USA / NTSC"
  },
  {
    "id": "kz508jyr",
    "player": "Rood",
    "player_location": "us",
    "region": "USA / NTSC"
  },
  {
    "id": "y97rjqkm",
    "player": "Speedbutt",
    "player_location": "ca/qc",
    "region": null
  },
  {
    "id": "dy4w6qnm",
    "player": "JerKro",
    "player_location": "us",
    "region": "USA / NTSC"
  },
  {
    "id": "wzp3xvmq",
    "player": "Feraligamr",
    "player_location": null,
    "region": "USA / NTSC"
  },
  {
    "id": "8yvgqpoy",
    "player": "CFSM",
    "player_location": "us",
    "region": "USA / NTSC"
  },
  {
    "id": "z1rnqgwm",
    "player": "Nimputs",
    "player_location": "de",
    "region": null
  },
  {
    "id": "emkg51y6",
    "player": "SomeLazyGamer",
    "player_location": "us",
    "region": "USA / NTSC"
  },
  {
    "id": "wzp1jnzq",
    "player": "Canis",
    "player_location": "ca",
    "region": "USA / NTSC"
  },
  {
    "id": "1zqvqw5m",
    "player": "Paulie9990",
    "player_location": "us",
    "region": "USA / NTSC"
  },
  {
    "id": "2ywv3e0z",
    "player": "Therio",
    "player_location": "nl",
    "region": "USA / NTSC"
  },
  {
    "id": "nz1j0w7z",
    "player": "JBuzzyBee",
    "player_location": "us",
    "region": null
  },
  {
    "id": "mk4xpk3y",
    "player": "tigre5012",
    "player_location": "us",
    "region": "USA / NTSC"
  },
  {
    "id": "oy2x6jmd",
    "player": "Osey889",
    "player_location": "us",
    "region": null
  },
  {
    "id": "7yl2xkzp",
    "player": "Goldenboy",
    "player_location": "us",
    "region": "USA / NTSC"
  },
  {
    "id": "1zx8pkmx",
    "player": "Liquid_Bosscelot",
    "player_location": "gb/eng",
    "region": null
  },
  {
    "id": "emkkpxm6",
    "player": "RingEnergy",
    "player_location": "us",
    "region": "USA / NTSC"
  },
  {
    "id": "jy98jkz4",
    "player": "Trecket",
    "player_location": "us",
    "region": "USA / NTSC"
  },
  {
    "id": "z536njgy",
    "player": "game_complete",
    "player_location": "ug",
    "region": null
  },
  {
    "id": "2yw17l0z",
    "player": "afrogamer2660",
    "player_location": "us",
    "region": "USA / NTSC"
  },
  {
    "id": "wzpq16vy",
    "player": "KC",
    "player_location": null,
    "region": "USA / NTSC"
  },
  {
    "id": "7z08qk8m",
    "player": "mcshuggets",
    "player_location": "us",
    "region": "USA / NTSC"
  },
  {
    "id": "zp4q69rz",
    "player": "PurpleRTA",
    "player_location": "us",
    "region": "USA / NTSC"
  },
  {
    "id": "7z0xo8z5",
    "player": "adeleine64DS",
    "player_location": "ca",
    "region": "USA / NTSC"
  },
  {
    "id": "oy2q907y",
    "player": "SlickEvan",
    "player_location": null,
    "region": "USA / NTSC"
  },
  {
    "id": "2ywgx0z4",
    "player": "HothRaka",
    "player_location": "us",
    "region": "USA / NTSC"
  },
  {
    "id": "jy9807rz",
    "player": "undeadforce22",
    "player_location": "gb/eng",
    "region": "EUR / PAL"
  },
  {
    "id": "jy974v2m",
    "player": "Jordi3_",
    "player_location": "gb/eng",
    "region": "USA / NTSC"
  },
  {
    "id": "9mrq8g2y",
    "player": "got4n",
    "player_location": null,
    "region": null
  },
  {
    "id": "y8qxg81y",
    "player": "FocusSight",
    "player_location": "us",
    "region": null
  },
  {
    "id": "1zxv0n8y",
    "player": "Grounder",
    "player_location": "us",
    "region": "USA / NTSC"
  },
  {
    "id": "z5dwjddm",
    "player": "Matoi",
    "player_location": "us",
    "region": "USA / NTSC"
  },
  {
    "id": "me88or8m",
    "player": "Badlex727",
    "player_location": "us",
    "region": null
  },
  {
    "id": "jy97pekm",
    "player": "Yish",
    "player_location": "us",
    "region": "USA / NTSC"
  },
  {
    "id": "1zq62xry",
    "player": "Psi_Sig",
    "player_location": "us",
    "region": "USA / NTSC"
  },
  {
    "id": "pzgn64ey",
    "player": "LittleBigness",
    "player_location": "us",
    "region": "USA / NTSC"
  },
  {
    "id": "2yw1np2z",
    "player": "serhef",
    "player_location": "ru",
    "region": null
  },
  {
    "id": "9yo4o21m",
    "player": "MelonSpeedruns",
    "player_location": "ca/qc",
    "region": "USA / NTSC"
  },
  {
    "id": "8yv1374y",
    "player": "Astorec",
    "player_location": "gb/sct",
    "region": "EUR / PAL"
  },
  {
    "id": "pydq4vjm",
    "player": "LumpiestSnail",
    "player_location": "us",
    "region": "USA / NTSC"
  },
  {
    "id": "yodojqjm",
    "player": "SonicWinDX",
    "player_location": "us",
    "region": null
  },
  {
    "id": "m3xk7kgm",
    "player": "ethmar",
    "player_location": "us",
    "region": null
  },
  {
    "id": "wzpqj9ny",
    "player": "HlgNagato",
    "player_location": "gb/eng",
    "region": null
  },
  {
    "id": "jy95rrkz",
    "player": "JPuto",
    "player_location": "es/ct",
    "region": "USA / NTSC"
  },
  {
    "id": "8m7g3r5m",
    "player": "Ambloops",
    "player_location": "us",
    "region": "USA / NTSC"
  },
  {
    "id": "8yvjnw8y",
    "player": "TheShadowEspio",
    "player_location": null,
    "region": null
  },
  {
    "id": "y8xk1q1m",
    "player": "TheRealShadnic",
    "player_location": "fi",
    "region": null
  },
  {
    "id": "nz19oprm",
    "player": "iNeoRetro",
    "player_location": "fr",
    "region": "USA / NTSC"
  },
  {
    "id": "2yw4803z",
    "player": "crak_atak",
    "player_location": "us",
    "region": "USA / NTSC"
  },
  {
    "id": "oy21vlwz",
    "player": "Mountandrew",
    "player_location": "us",
    "region": "USA / NTSC"
  },
  {
    "id": "8y81x6dz",
    "player": "Tearlach",
    "player_location": "us",
    "region": "USA / NTSC"
  },
  {
    "id": "y45d60dm",
    "player": "Karpnado",
    "player_location": "gb",
    "region": null
  },
  {
    "id": "8yv2rwem",
    "player": "quo",
    "player_location": "ca",
    "region": "USA / NTSC"
  },
  {
    "id": "jy95dgez",
    "player": "modular",
    "player_location": "au",
    "region": "EUR / PAL"
  },
  {
    "id": "yjk0ovgm",
    "player": "Izayoi83",
    "player_location": "ar",
    "region": null
  },
  {
    "id": "oy21495z",
    "player": "Zeldocto",
    "player_location": "us",
    "region": "USA / NTSC"
  },
  {
    "id": "nz15pkwy",
    "player": "Dreed",
    "player_location": "us",
    "region": "USA / NTSC"
  },
  {
    "id": "zgnqq0ny",
    "player": "Drakodan",
    "player_location": "gb/eng",
    "region": "USA / NTSC"
  },
  {
    "id": "pydre1xz",
    "player": "Pokespartan",
    "player_location": "gb",
    "region": "EUR / PAL"
  },
  {
    "id": "dy4w02qm",
    "player": "bbqsauz",
    "player_location": "us",
    "region": "USA / NTSC"
  },
  {
    "id": "9yokgx7z",
    "player": "PSYCL0NE",
    "player_location": "us",
    "region": "USA / NTSC"
  },
  {
    "id": "8m75dw4z",
    "player": "BlobbyBobby",
    "player_location": "us",
    "region": "USA / NTSC"
  },
  {
    "id": "8y8rwd5m",
    "player": "Gabgab2222",
    "player_location": "ca/qc",
    "region": "USA / NTSC"
  },
  {
    "id": "wzpl69gm",
    "player": "BlueSynapse",
    "player_location": "us",
    "region": "USA / NTSC"
  },
  {
    "id": "0y6r8rqy",
    "player": "JonSuperEmerald",
    "player_location": "us",
    "region": "USA / NTSC"
  },
  {
    "id": "pyd111xy",
    "player": "koinu93",
    "player_location": "us",
    "region": "USA / NTSC"
  },
  {
    "id": "8y8e88dy",
    "player": "Matomoto",
    "player_location": "ca",
    "region": "USA / NTSC"
  },
  {
    "id": "8m7nr80z",
    "player": "LaceyStripes",
    "player_location": "au",
    "region": "USA / NTSC"
  },
  {
    "id": "7z0635oz",
    "player": "Tutsuk",
    "player_location": "gb/eng",
    "region": "EUR / PAL"
  },
  {
    "id": "7ylokgry",
    "player": "Gremyo",
    "player_location": "us",
    "region": "USA / NTSC"
  },
  {
    "id": "2yw00q3m",
    "player": "SolidShaker",
    "player_location": "ca",
    "region": "USA / NTSC"
  },
  {
    "id": "kz500qgy",
    "player": "UnsupervisedFun",
    "player_location": "us",
    "region": "USA / NTSC"
  },
  {
    "id": "9yo902jy",
    "player": "Kfnnapa",
    "player_location": "us",
    "region": "USA / NTSC"
  },
  {
    "id": "zx8w245m",
    "player": "videogamer1014",
    "player_location": "us",
    "region": null
  },
  {
    "id": "mk41435y",
    "player": "CrisisEdge",
    "player_location": "us",
    "region": "USA / NTSC"
  },
  {
    "id": "wzp3g7rm",
    "player": "areego95",
    "player_location": "de",
    "region": "EUR / PAL"
  },
  {
    "id": "pyd9j6wz",
    "player": "lilfatkid",
    "player_location": "gb/eng",
    "region": "USA / NTSC"
  },
  {
    "id": "pzgrd80m",
    "player": "SanicSpaceParty",
    "player_location": "us",
    "region": "USA / NTSC"
  },
  {
    "id": "emk7143y",
    "player": "FallenFury777",
    "player_location": "us",
    "region": "USA / NTSC"
  },
  {
    "id": "8m7djoem",
    "player": "skyfly151",
    "player_location": "us",
    "region": "USA / NTSC"
  },
  {
    "id": "8yv2ex6m",
    "player": "Bpopo",
    "player_location": "gb/eng",
    "region": "EUR / PAL"
  },
  {
    "id": "oy281ojy",
    "player": "Dacciox",
    "player_location": "de",
    "region": "USA / NTSC"
  },
  {
    "id": "nz1rewwm",
    "player": "NiNJaOwNeD",
    "player_location": "gb/eng",
    "region": "EUR / PAL"
  },
  {
    "id": "pm371x6z",
    "player": "Yuuki_S",
    "player_location": "ar",
    "region": null
  },
  {
    "id": "nz1xnejm",
    "player": "TheFancyDuck",
    "player_location": "us",
    "region": "USA / NTSC"
  },
  {
    "id": "zn8x098z",
    "player": "PeachyZora619",
    "player_location": "us",
    "region": null
  },
  {
    "id": "mek5gq3m",
    "player": "Tomservo2",
    "player_location": "us",
    "region": "USA / NTSC"
  },
  {
    "id": "8m7w900z",
    "player": "Revilo22",
    "player_location": "de",
    "region": "EUR / PAL"
  },
  {
    "id": "zpq42eny",
    "player": "Gamerchris92",
    "player_location": "us",
    "region": "USA / NTSC"
  },
  {
    "id": "y20o3g9m",
    "player": "Dawn",
    "player_location": "us",
    "region": null
  },
  {
    "id": "pm36l8qm",
    "player": "Kittyfries",
    "player_location": "us",
    "region": "USA / NTSC"
  },
  {
    "id": "7z0o218z",
    "player": "Purple",
    "player_location": "gb/wls",
    "region": "EUR / PAL"
  },
  {
    "id": "1zq7q35m",
    "player": "Vixuzen",
    "player_location": "pl",
    "region": "EUR / PAL"
  },
  {
    "id": "8m76vd0y",
    "player": "Sound_Judgement",
    "player_location": "us",
    "region": "USA / NTSC"
  },
  {
    "id": "pm3k61dy",
    "player": "Volteri",
    "player_location": "dk",
    "region": "EUR / PAL"
  },
  {
    "id": "dy4ol1dz",
    "player": "HamStar",
    "player_location": "us",
    "region": "USA / NTSC"
  },
  {
    "id": "6yjdl3oy",
    "player": "Supercat126",
    "player_location": "gb/wls",
    "region": "EUR / PAL"
  },
  {
    "id": "kz5x0lgy",
    "player": "SparkyPingPong",
    "player_location": "us",
    "region": "USA / NTSC"
  },
  {
    "id": "8m7xvr5y",
    "player": "Kimshi",
    "player_location": "se",
    "region": "EUR / PAL"
  },
  {
    "id": "kz5x47ey",
    "player": "ianb2323",
    "player_location": "us",
    "region": "USA / NTSC"
  },
  {
    "id": "nz1gworz",
    "player": "dabbingjesus",
    "player_location": "ca",
    "region": null
  },
  {
    "id": "emkvgwvy",
    "player": "JimmyHedgehog",
    "player_location": "gb/eng",
    "region": "EUR / PAL"
  },
  {
    "id": "1zxx08kz",
    "player": "FasterSuperSonic",
    "player_location": "us",
    "region": "USA / NTSC"
  },
  {
    "id": "z097029z",
    "player": "Fuzzyness",
    "player_location": "gb/eng",
    "region": "USA / NTSC"
  },
  {
    "id": "8m70qeey",
    "player": "ShadowNexa",
    "player_location": "au",
    "region": "EUR / PAL"
  },
  {
    "id": "9yonkpjz",
    "player": "ZootySuzy",
    "player_location": "us",
    "region": "USA / NTSC"
  },
  {
    "id": "9yon3v5z",
    "player": "ThatCooperGuy",
    "player_location": "us",
    "region": "USA / NTSC"
  },
  {
    "id": "oy22gv5y",
    "player": "Parkraft123",
    "player_location": "ca",
    "region": "USA / NTSC"
  },
  {
    "id": "dy4o74dz",
    "player": "Uperan",
    "player_location": "us",
    "region": "USA / NTSC"
  },
  {
    "id": "1zxwv5em",
    "player": "Otaku-2",
    "player_location": "us",
    "region": "USA / NTSC"
  },
  {
    "id": "1zx3egqz",
    "player": "sonicuuu9",
    "player_location": null,
    "region": "EUR / PAL"
  },
  {
    "id": "yw1vpj9z",
    "player": "PeterAfro",
    "player_location": "us",
    "region": "USA / NTSC"
  },
  {
    "id": "8yvv028y",
    "player": "AwesomeAggron",
    "player_location": "us",
    "region": "USA / NTSC"
  },
  {
    "id": "zn8qjpvz",
    "player": "NickWanamaker",
    "player_location": "ca",
    "region": "JPN / NTSC"
  },
  {
    "id": "z5oxwdny",
    "player": "TommyeAsY",
    "player_location": "ru",
    "region": null
  },
  {
    "id": "1zqd478m",
    "player": "DruidsandOAB",
    "player_location": "us",
    "region": "USA / NTSC"
  },
  {
    "id": "ywknj6ny",
    "player": "crabbix",
    "player_location": "nz",
    "region": "USA / NTSC"
  },
  {
    "id": "zx8wkj8m",
    "player": "Powerjohn25",
    "player_location": "ph",
    "region": null
  },
  {
    "id": "m7999pey",
    "player": "Argick",
    "player_location": "gb/sct",
    "region": "USA / NTSC"
  },
  {
    "id": "8yvl684z",
    "player": "Sonicite",
    "player_location": "us",
    "region": "USA / NTSC"
  },
  {
    "id": "jy9jdk2m",
    "player": "SaltedNeos",
    "player_location": "ca",
    "region": "USA / NTSC"
  },
  {
    "id": "pzgoxk0m",
    "player": "Rapture",
    "player_location": "gb/eng",
    "region": null
  },
  {
    "id": "pzgl1ejm",
    "player": "SG_Yusuke",
    "player_location": "gb/eng",
    "region": "USA / NTSC"
  },
  {
    "id": "9mr0ro7m",
    "player": "PokeMaster",
    "player_location": "us",
    "region": "USA / NTSC"
  },
  {
    "id": "zxv83p8y",
    "player": "Quaker299",
    "player_location": "fr",
    "region": "EUR / PAL"
  },
  {
    "id": "pyd4880y",
    "player": "ae26ej11",
    "player_location": "us",
    "region": "USA / NTSC"
  },
  {
    "id": "y9753w2m",
    "player": "Ford373",
    "player_location": "us",
    "region": "USA / NTSC"
  },
  {
    "id": "z5opr8ey",
    "player": "Sora",
    "player_location": "fr",
    "region": "USA / NTSC"
  },
  {
    "id": "2yw54x3y",
    "player": "MCMike0399",
    "player_location": "mx",
    "region": "USA / NTSC"
  },
  {
    "id": "8y8nrrny",
    "player": "Donzi",
    "player_location": "gb/eng",
    "region": "EUR / PAL"
  },
  {
    "id": "pm326kwy",
    "player": "cleverpidgeon",
    "player_location": "gb/eng",
    "region": null
  },
  {
    "id": "oy2rwgwm",
    "player": "SecretAgentX-9",
    "player_location": "no",
    "region": "USA / NTSC"
  },
  {
    "id": "zgnxp3ny",
    "player": "Superzigzagoon",
    "player_location": "gb/eng",
    "region": "EUR / PAL"
  },
  {
    "id": "yvgd1e8y",
    "player": "Katie4",
    "player_location": "ca",
    "region": "USA / NTSC"
  },
  {
    "id": "wzpvw4vz",
    "player": "TEGGaming16",
    "player_location": "nl",
    "region": "EUR / PAL"
  },
  {
    "id": "0y64l4qm",
    "player": "Ryguy2499",
    "player_location": "us",
    "region": "USA / NTSC"
  },
  {
    "id": "mekvv70m",
    "player": "iNymph",
    "player_location": "us",
    "region": "USA / NTSC"
  },
  {
    "id": "mrq81k2y",
    "player": "ChelseyxLynn",
    "player_location": "us",
    "region": "USA / NTSC"
  },
  {
    "id": "1zqooq9y",
    "player": "Luny",
    "player_location": "br",
    "region": null
  },
  {
    "id": "yokpvljz",
    "player": "Cmorgue",
    "player_location": "us",
    "region": "USA / NTSC"
  },
  {
    "id": "pzg0or0m",
    "player": "camptain0",
    "player_location": "us",
    "region": "USA / NTSC"
  },
  {
    "id": "9meq0j8m",
    "player": "PKMN03",
    "player_location": "us",
    "region": "USA / NTSC"
  },
  {
    "id": "dy4dwrdy",
    "player": "ipushcars",
    "player_location": "us",
    "region": "USA / NTSC"
  },
  {
    "id": "jy9rk32y",
    "player": "TheManual768",
    "player_location": "us",
    "region": "USA / NTSC"
  },
  {
    "id": "pzg4w3nz",
    "player": "Nathacsa",
    "player_location": "br",
    "region": "USA / NTSC"
  },
  {
    "id": "2yw9r73m",
    "player": "GeorgeSpeedRuns",
    "player_location": "us",
    "region": "USA / NTSC"
  },
  {
    "id": "2yw9o0nm",
    "player": "LuraxThunder",
    "player_location": null,
    "region": null
  },
  {
    "id": "m7pq7o9m",
    "player": "LunaMelano",
    "player_location": "us",
    "region": "USA / NTSC"
  },
  {
    "id": "oy2l9k7m",
    "player": "Endisk",
    "player_location": "us",
    "region": "USA / NTSC"
  },
  {
    "id": "y9lpdvky",
    "player": "natbornkilla",
    "player_location": "gb",
    "region": "USA / NTSC"
  },
  {
    "id": "9merjn0z",
    "player": "Futstream09",
    "player_location": null,
    "region": "USA / NTSC"
  },
  {
    "id": "zpqrl2xy",
    "player": "Yarlick",
    "player_location": "be",
    "region": "EUR / PAL"
  },
  {
    "id": "y97o6kkm",
    "player": "EliRossOfficial",
    "player_location": "us",
    "region": "USA / NTSC"
  },
  {
    "id": "z030w0oz",
    "player": "chronoon",
    "player_location": "us",
    "region": "USA / NTSC"
  },
  {
    "id": "z132gnjm",
    "player": "Donny",
    "player_location": "es",
    "region": "EUR / PAL"
  },
  {
    "id": "m7914g4y",
    "player": "Drawcia",
    "player_location": "us",
    "region": "USA / NTSC"
  },
  {
    "id": "m372lrdz",
    "player": "AlphaDolphin",
    "player_location": "ca/qc",
    "region": "USA / NTSC"
  },
  {
    "id": "yw18220z",
    "player": "Viblosh",
    "player_location": "us",
    "region": "USA / NTSC"
  },
  {
    "id": "mk442lvy",
    "player": "LordFartamor",
    "player_location": "aq",
    "region": "USA / NTSC"
  },
  {
    "id": "mre4758y",
    "player": "Prfikt",
    "player_location": "ca/qc",
    "region": "USA / NTSC"
  },
  {
    "id": "yo44015m",
    "player": "RinRabbit",
    "player_location": "gb/eng",
    "region": null
  },
  {
    "id": "y67pg6qm",
    "player": "RoboQuii",
    "player_location": "fr",
    "region": null
  },
  {
    "id": "yvgjg8xy",
    "player": "Shadow2701",
    "player_location": "us",
    "region": "USA / NTSC"
  },
  {
    "id": "zpq0kp8y",
    "player": "HyperCole64",
    "player_location": "us",
    "region": "USA / NTSC"
  },
  {
    "id": "zxvkdr8y",
    "player": "legato27",
    "player_location": "fr",
    "region": "EUR / PAL"
  },
  {
    "id": "m3dow9gz",
    "player": "Tori626",
    "player_location": "ca",
    "region": "USA / NTSC"
  },
  {
    "id": "z0e34q4m",
    "player": "RayShadows02",
    "player_location": "us",
    "region": "USA / NTSC"
  },
  {
    "id": "yjk16pom",
    "player": "ElmoPei",
    "player_location": "us",
    "region": "USA / NTSC"
  },
  {
    "id": "yjkq857m",
    "player": "MakoHNM",
    "player_location": "fr",
    "region": "USA / NTSC"
  },
  {
    "id": "zq6r47ry",
    "player": "Yorgan",
    "player_location": "ru",
    "region": "EUR / PAL"
  },
  {
    "id": "z0e1jgom",
    "player": "Tommyspud",
    "player_location": "us",
    "region": "USA / NTSC"
  },
  {
    "id": "y67l1r0m",
    "player": "Dreamtora",
    "player_location": "us",
    "region": "USA / NTSC"
  },
  {
    "id": "meko789m",
    "player": "Dfesfsfs",
    "player_location": "gb/eng",
    "region": "EUR / PAL"
  },
  {
    "id": "y4qoq9km",
    "player": "Niczur",
    "player_location": "fr",
    "region": "USA / NTSC"
  },
  {
    "id": "m798q54y",
    "player": "vframeze",
    "player_location": "fr",
    "region": null
  },
  {
    "id": "m3dglrwz",
    "player": "BuffaloPrime",
    "player_location": "us",
    "region": "USA / NTSC"
  },
  {
    "id": "mk4gq8vy",
    "player": "OcellusNG",
    "player_location": "ar",
    "region": "USA / NTSC"
  },
  {
    "id": "y97wjgvm",
    "player": "sanicman99",
    "player_location": "va",
    "region": "USA / NTSC"
  },
  {
    "id": "zpll1qrm",
    "player": "HexSpeedruns",
    "player_location": "us",
    "region": null
  },
  {
    "id": "m7982x4y",
    "player": "MildCard",
    "player_location": "us",
    "region": "USA / NTSC"
  },
  {
    "id": "z5o0n2ey",
    "player": "Astreachan",
    "player_location": "fr",
    "region": null
  },
  {
    "id": "yjk5jg7m",
    "player": "dysprazia",
    "player_location": "us",
    "region": "USA / NTSC"
  },
  {
    "id": "yjkg7vom",
    "player": "shadowsi1",
    "player_location": "fr",
    "region": "EUR / PAL"
  },
  {
    "id": "zxvo2key",
    "player": "Mr.Tortellini",
    "player_location": "us",
    "region": "USA / NTSC"
  },
  {
    "id": "y237o0wm",
    "player": "0ctavian1",
    "player_location": "us",
    "region": "USA / NTSC"
  },
  {
    "id": "y902342y",
    "player": "Iwss",
    "player_location": "gb/wls",
    "region": "EUR / PAL"
  },
  {
    "id": "y230p8wm",
    "player": "Dugongue",
    "player_location": "us",
    "region": "USA / NTSC"
  },
  {
    "id": "y97l6vem",
    "player": "TheGames4Meh",
    "player_location": "nz",
    "region": "EUR / PAL"
  },
  {
    "id": "yo4rwl7m",
    "player": "Moeter",
    "player_location": "re",
    "region": null
  },
  {
    "id": "ylvr7erm",
    "player": "Scottybuey97",
    "player_location": "gb/sct",
    "region": "EUR / PAL"
  },
  {
    "id": "yvg07r6y",
    "player": "chainchump",
    "player_location": "gb/eng",
    "region": null
  },
  {
    "id": "mrqgv5dy",
    "player": "AxlThunder",
    "player_location": "us",
    "region": null
  },
  {
    "id": "mrr2e78m",
    "player": "DarkPolarNight",
    "player_location": null,
    "region": null
  },
  {
    "id": "zn8q22vz",
    "player": "Coolfansonic",
    "player_location": null,
    "region": null
  },
  {
    "id": "m79kn4ey",
    "player": "ike6252",
    "player_location": null,
    "region": null
  },
  {
    "id": "yvg0x34y",
    "player": "KanimayoJp",
    "player_location": null,
    "region": "JPN / NTSC"
  },
  {
    "id": "zpq7ej8y",
    "player": "theultimategamer95",
    "player_location": "gb/eng",
    "region": "USA / NTSC"
  },
  {
    "id": "z0ek819m",
    "player": "ZockbusteR",
    "player_location": "de",
    "region": "USA / NTSC"
  },
  {
    "id": "y67onejm",
    "player": "broke",
    "player_location": "br",
    "region": "USA / NTSC"
  },
  {
    "id": "y67o0vjm",
    "player": "iagodavid1",
    "player_location": "br",
    "region": "USA / NTSC"
  },
  {
    "id": "yl98d2ry",
    "player": "RetroRuns",
    "player_location": "gb/eng",
    "region": "EUR / PAL"
  },
  {
    "id": "me8jn79m",
    "player": "buckethead222",
    "player_location": "us",
    "region": "USA / NTSC"
  },
  {
    "id": "y67qo66m",
    "player": "ScrawnRun",
    "player_location": null,
    "region": null
  },
  {
    "id": "zq957wxy",
    "player": "NachoTheAdventurer",
    "player_location": "ar",
    "region": "USA / NTSC"
  },
  {
    "id": "mrr2ep2m",
    "player": "Dekuboy",
    "player_location": null,
    "region": null
  },
  {
    "id": "m79nq7wy",
    "player": "Cryptails",
    "player_location": "gb/eng",
    "region": "EUR / PAL"
  },
  {
    "id": "zxvq24ky",
    "player": "Linkiorra",
    "player_location": "fr",
    "region": "USA / NTSC"
  },
  {
    "id": "m3d0rr6z",
    "player": "ChaosNexus",
    "player_location": "br",
    "region": "USA / NTSC"
  },
  {
    "id": "z03rkr8z",
    "player": "Liquid_Fox_LS",
    "player_location": "ca",
    "region": "USA / NTSC"
  },
  {
    "id": "y97de9em",
    "player": "Ultizeta",
    "player_location": "us",
    "region": null
  },
  {
    "id": "z137087m",
    "player": "Blinkdor",
    "player_location": "us",
    "region": "USA / NTSC"
  },
  {
    "id": "yvgxeroy",
    "player": "HedgeHub",
    "player_location": "us",
    "region": "USA / NTSC"
  },
  {
    "id": "yl9x283y",
    "player": "Meawch",
    "player_location": "fr",
    "region": null
  },
  {
    "id": "yw1w0rpz",
    "player": "SSBBHax",
    "player_location": "us",
    "region": "USA / NTSC"
  },
  {
    "id": "yj4v8qgy",
    "player": "Whizzy_the_Elephant",
    "player_location": "gb/eng",
    "region": null
  },
  {
    "id": "y67j540m",
    "player": "GeneralHyde",
    "player_location": "us",
    "region": "USA / NTSC"
  },
  {
    "id": "zn8d469z",
    "player": "afkpuzfarmer",
    "player_location": "us",
    "region": "USA / NTSC"
  },
  {
    "id": "yo4g8k0m",
    "player": "BiscottoPlays",
    "player_location": "gb/eng",
    "region": "USA / NTSC"
  },
  {
    "id": "yo4gvr0m",
    "player": "holtzgaming",
    "player_location": "us",
    "region": "USA / NTSC"
  },
  {
    "id": "zn8l643z",
    "player": "FallenAngel34",
    "player_location": "ru",
    "region": "USA / NTSC"
  },
  {
    "id": "yl98koky",
    "player": "SockOwner",
    "player_location": "us",
    "region": "USA / NTSC"
  },
  {
    "id": "m79kxq5y",
    "player": "Mule",
    "player_location": "us",
    "region": "USA / NTSC"
  },
  {
    "id": "yo4w0e7m",
    "player": "jawxn",
    "player_location": null,
    "region": null
  },
  {
    "id": "m79knvey",
    "player": "darkpolarnight",
    "player_location": null,
    "region": null
  },
  {
    "id": "zxv1q55y",
    "player": "Calfd",
    "player_location": "us",
    "region": null
  },
  {
    "id": "zx80px5m",
    "player": "Ducktanian",
    "player_location": "gb/eng",
    "region": null
  },
  {
    "id": "zxv1enky",
    "player": "sonicspeedrunner",
    "player_location": null,
    "region": null
  },
  {
    "id": "yvgwjnxy",
    "player": "Butter101",
    "player_location": "us",
    "region": "USA / NTSC"
  },
  {
    "id": "zp08vw8m",
    "player": "servoh",
    "player_location": null,
    "region": "USA / NTSC"
  },
  {
    "id": "mk4jnq3y",
    "player": "HappySonic",
    "player_location": "ua",
    "region": "EUR / PAL"
  },
  {
    "id": "y925g92z",
    "player": "GuyStreamsStuff",
    "player_location": "fr",
    "region": "USA / NTSC"
  },
  {
    "id": "zp4vk0gz",
    "player": "JadeoLameo",
    "player_location": "us",
    "region": "USA / NTSC"
  },
  {
    "id": "yojvv9dm",
    "player": "ElectricMiles",
    "player_location": "us",
    "region": "USA / NTSC"
  },
  {
    "id": "y6p3kqqm",
    "player": "RyutaMVC",
    "player_location": "us",
    "region": "JPN / NTSC"
  },
  {
    "id": "zq3kjw9y",
    "player": "Gaeriss",
    "player_location": "fr",
    "region": "USA / NTSC"
  },
  {
    "id": "znrnop8y",
    "player": "DCman__",
    "player_location": "fr",
    "region": "EUR / PAL"
  },
  {
    "id": "zq30r09y",
    "player": "chestchestjp",
    "player_location": "jp",
    "region": "JPN / NTSC"
  },
  {
    "id": "mk94xovz",
    "player": "alec0915",
    "player_location": "us",
    "region": "USA / NTSC"
  },
  {
    "id": "z51w50gm",
    "player": "Boog2TheMan",
    "player_location": "us",
    "region": "USA / NTSC"
  },
  {
    "id": "yl1l0j3m",
    "player": "Lexi",
    "player_location": "us",
    "region": null
  },
  {
    "id": "y89dd4nm",
    "player": "DSTale",
    "player_location": "il",
    "region": null
  },
  {
    "id": "m3ooe0qm",
    "player": "freewillfirebox",
    "player_location": "us",
    "region": null
  },
  {
    "id": "z571k95m",
    "player": "Zlodeji",
    "player_location": "us",
    "region": "USA / NTSC"
  },
  {
    "id": "zn4360lm",
    "player": "Sm4sh",
    "player_location": "cl",
    "region": null
  },
  {
    "id": "y431jndz",
    "player": "BlueTheQueen",
    "player_location": "ie",
    "region": null
  },
  {
    "id": "yj43r2ny",
    "player": "CDRomatron",
    "player_location": "gb/sct",
    "region": "EUR / PAL"
  },
  {
    "id": "z51j5pdm",
    "player": "A_ClassyGentleman",
    "player_location": "us",
    "region": "USA / NTSC"
  },
  {
    "id": "yd35jlvz",
    "player": "Zanshin",
    "player_location": "us",
    "region": "USA / NTSC"
  },
  {
    "id": "yl4knqkm",
    "player": "SimplySnaps",
    "player_location": "us",
    "region": "USA / NTSC"
  },
  {
    "id": "znrj3l3y",
    "player": "Soulja",
    "player_location": "us",
    "region": null
  },
  {
    "id": "z037ljoz",
    "player": "Snodeca",
    "player_location": "be",
    "region": "EUR / PAL"
  },
  {
    "id": "yl4vxq3m",
    "player": "AliceGaming",
    "player_location": "us",
    "region": "USA / NTSC"
  },
  {
    "id": "mk973dlz",
    "player": "Smashnroll",
    "player_location": "ca/qc",
    "region": "USA / NTSC"
  },
  {
    "id": "y89d2vdm",
    "player": "SigmaTheFox",
    "player_location": "it",
    "region": "EUR / PAL"
  },
  {
    "id": "m7qlv10z",
    "player": "Mchess7",
    "player_location": "pt",
    "region": "EUR / PAL"
  },
  {
    "id": "znqp97lz",
    "player": "OneEcchiBoi",
    "player_location": "us",
    "region": "USA / NTSC"
  },
  {
    "id": "y9vol0rm",
    "player": "gusexclamation",
    "player_location": "us",
    "region": "USA / NTSC"
  },
  {
    "id": "me80e12m",
    "player": "philDZ",
    "player_location": "us",
    "region": null
  },
  {
    "id": "m3ojrv4m",
    "player": "SpeedGlitchedTrevor",
    "player_location": "us",
    "region": "USA / NTSC"
  },
  {
    "id": "y9xw86ey",
    "player": "Dragvrallas",
    "player_location": "fr",
    "region": "USA / NTSC"
  },
  {
    "id": "y89j9xwm",
    "player": "tackangel",
    "player_location": "us",
    "region": "USA / NTSC"
  },
  {
    "id": "yj3dlngz",
    "player": "Conklestothemax",
    "player_location": "us",
    "region": "USA / NTSC"
  },
  {
    "id": "zx64pv5z",
    "player": "shinylitwick",
    "player_location": "us",
    "region": "USA / NTSC"
  },
  {
    "id": "zp09d8xm",
    "player": "SamGrismer",
    "player_location": "us",
    "region": "USA / NTSC"
  },
  {
    "id": "yvjp524y",
    "player": "gairin",
    "player_location": "br",
    "region": null
  },
  {
    "id": "m7p62kwm",
    "player": "Morugasm",
    "player_location": null,
    "region": "USA / NTSC"
  },
  {
    "id": "z51p3kem",
    "player": "auraace",
    "player_location": "us",
    "region": null
  },
  {
    "id": "y6podxqm",
    "player": "Master-Kuruk",
    "player_location": "us",
    "region": "USA / NTSC"
  },
  {
    "id": "me8ed79m",
    "player": "Prahaha",
    "player_location": "us",
    "region": "USA / NTSC"
  },
  {
    "id": "y89prdwm",
    "player": "TheDoc789",
    "player_location": "us",
    "region": "USA / NTSC"
  },
  {
    "id": "z03j1n4z",
    "player": "TheDeMonte",
    "player_location": null,
    "region": "EUR / PAL"
  },
  {
    "id": "znr5en8y",
    "player": "Swordkiller55623",
    "player_location": "us",
    "region": "USA / NTSC"
  },
  {
    "id": "mr82nl7y",
    "player": "bluerapids12",
    "player_location": "us",
    "region": "USA / NTSC"
  },
  {
    "id": "yd32750z",
    "player": "GoldLight64",
    "player_location": "ca",
    "region": "USA / NTSC"
  },
  {
    "id": "y43kpxdz",
    "player": "danyYE",
    "player_location": "ru",
    "region": "EUR / PAL"
  },
  {
    "id": "mr8v914y",
    "player": "dkj3269",
    "player_location": "us",
    "region": "USA / NTSC"
  },
  {
    "id": "yd3nrkvz",
    "player": "PANINIHEDGEHOG",
    "player_location": "us",
    "region": "USA / NTSC"
  },
  {
    "id": "z518k8dm",
    "player": "KnucklesChannel",
    "player_location": "us",
    "region": "USA / NTSC"
  },
  {
    "id": "yv0v37ez",
    "player": "ModifiedMonkee",
    "player_location": "us",
    "region": null
  },
  {
    "id": "z1j191wz",
    "player": "The_Climp",
    "player_location": "gb",
    "region": "USA / NTSC"
  },
  {
    "id": "y6pex2qm",
    "player": "OnyChaos",
    "player_location": "us",
    "region": "USA / NTSC"
  },
  {
    "id": "me8n782m",
    "player": "DizGuy",
    "player_location": "gb/eng",
    "region": "EUR / PAL"
  },
  {
    "id": "zq3qo8ry",
    "player": "Matt212",
    "player_location": "us",
    "region": "USA / NTSC"
  },
  {
    "id": "zgw2860y",
    "player": "Seraphim",
    "player_location": "us",
    "region": "USA / NTSC"
  },
  {
    "id": "mkeq025m",
    "player": "Silentmotorboat",
    "player_location": "us",
    "region": null
  },
  {
    "id": "yo2g641z",
    "player": "Cursetyl",
    "player_location": "us",
    "region": "USA / NTSC"
  },
  {
    "id": "yj6l8d3z",
    "player": "SiVoice",
    "player_location": "ru",
    "region": "EUR / PAL"
  },
  {
    "id": "yj4rj33y",
    "player": "Gyozomgarg",
    "player_location": "us",
    "region": "USA / NTSC"
  },
  {
    "id": "ywpo1l2z",
    "player": "Findus",
    "player_location": "de",
    "region": null
  },
  {
    "id": "y6pw67qm",
    "player": "cupojoe",
    "player_location": null,
    "region": "USA / NTSC"
  },
  {
    "id": "zg71ggnz",
    "player": "Blaxelpy",
    "player_location": "mx",
    "region": "USA / NTSC"
  },
  {
    "id": "mrk2nv7y",
    "player": "Glitchgod",
    "player_location": "gb/wls",
    "region": "USA / NTSC"
  },
  {
    "id": "z5x0jqdy",
    "player": "DreMinus",
    "player_location": "ca",
    "region": "USA / NTSC"
  },
  {
    "id": "y6p1d2pm",
    "player": "Deathraid64",
    "player_location": null,
    "region": "USA / NTSC"
  },
  {
    "id": "zg7401nz",
    "player": "shekshrek",
    "player_location": null,
    "region": "USA / NTSC"
  },
  {
    "id": "z01w3rey",
    "player": "JacobPlayz",
    "player_location": "us",
    "region": "USA / NTSC"
  },
  {
    "id": "y9nqp1kz",
    "player": "Pastanova_Delight",
    "player_location": "ca",
    "region": "USA / NTSC"
  },
  {
    "id": "m3g0k3dz",
    "player": "Refrag",
    "player_location": "fr",
    "region": "USA / NTSC"
  },
  {
    "id": "zpr9058m",
    "player": "CalebmanX",
    "player_location": "us",
    "region": "USA / NTSC"
  },
  {
    "id": "zp4qjqgz",
    "player": "Zhyre",
    "player_location": "us",
    "region": "USA / NTSC"
  },
  {
    "id": "y6lllq0y",
    "player": "DJehck",
    "player_location": "us",
    "region": "USA / NTSC"
  },
  {
    "id": "zn331p3y",
    "player": "iden",
    "player_location": "gb/wls",
    "region": "USA / NTSC"
  },
  {
    "id": "me64n39z",
    "player": "Soda",
    "player_location": null,
    "region": "USA / NTSC"
  },
  {
    "id": "yorn4vdy",
    "player": "Allegro",
    "player_location": "us",
    "region": "USA / NTSC"
  },
  {
    "id": "yv3614ez",
    "player": "GamerBlake90",
    "player_location": "us",
    "region": "USA / NTSC"
  },
  {
    "id": "zqr4vvxy",
    "player": "The-Epic-Taco",
    "player_location": "us",
    "region": "USA / NTSC"
  },
  {
    "id": "m31nkd6z",
    "player": "TheSpeedOfPhi",
    "player_location": "us",
    "region": "USA / NTSC"
  },
  {
    "id": "mk20le5m",
    "player": "SkeletoonsWasHere",
    "player_location": "us",
    "region": "USA / NTSC"
  },
  {
    "id": "yoj3gk5m",
    "player": "Eracity",
    "player_location": "us",
    "region": "USA / NTSC"
  },
  {
    "id": "y81v1rdz",
    "player": "YeIIow",
    "player_location": "us",
    "region": "USA / NTSC"
  },
  {
    "id": "m31nr54z",
    "player": "Robcos",
    "player_location": "ro",
    "region": null
  },
  {
    "id": "yoj9807m",
    "player": "kappabird69",
    "player_location": "ec",
    "region": "USA / NTSC"
  },
  {
    "id": "mk27jd3m",
    "player": "JBRetro",
    "player_location": "gb",
    "region": "EUR / PAL"
  },
  {
    "id": "zgxqxl0m",
    "player": "Quarrysquid",
    "player_location": "us",
    "region": "USA / NTSC"
  },
  {
    "id": "z1jk9vjz",
    "player": "SanokMaynik",
    "player_location": "br",
    "region": "USA / NTSC"
  },
  {
    "id": "yl0e7w3y",
    "player": "Whopo_Gestapo",
    "player_location": "us",
    "region": "USA / NTSC"
  },
  {
    "id": "yo72dedm",
    "player": "Nuclearlala",
    "player_location": "us",
    "region": "USA / NTSC"
  },
  {
    "id": "y956werz",
    "player": "ArcaniaCQ",
    "player_location": "se",
    "region": null
  },
  {
    "id": "yl07v0ny",
    "player": "K_E_I",
    "player_location": "gb",
    "region": "USA / NTSC"
  },
  {
    "id": "z0953v4z",
    "player": "VadimS3C",
    "player_location": "ua",
    "region": "EUR / PAL"
  },
  {
    "id": "y6l01k0y",
    "player": "ThatDiamondGuy",
    "player_location": "us",
    "region": "USA / NTSC"
  },
  {
    "id": "y8je731z",
    "player": "Dragokai180",
    "player_location": "br",
    "region": "USA / NTSC"
  },
  {
    "id": "y95x5rkz",
    "player": "xProdigyxMex",
    "player_location": "us",
    "region": "USA / NTSC"
  },
  {
    "id": "yd616owz",
    "player": "ScoopDS",
    "player_location": "us",
    "region": "USA / NTSC"
  },
  {
    "id": "y95xnqvz",
    "player": "ExcessStumbles",
    "player_location": "us",
    "region": "USA / NTSC"
  },
  {
    "id": "zgkqp1ny",
    "player": "grimmyhunter",
    "player_location": "gb/eng",
    "region": null
  },
  {
    "id": "yojddv7m",
    "player": "ShiriusXD",
    "player_location": "br",
    "region": "USA / NTSC"
  },
  {
    "id": "y2ekn89y",
    "player": "Ocarinist_Drew",
    "player_location": "us",
    "region": "USA / NTSC"
  },
  {
    "id": "z0106l4y",
    "player": "Wicks_",
    "player_location": "ca",
    "region": null
  },
  {
    "id": "y41663ny",
    "player": "Worminux",
    "player_location": "fr",
    "region": "EUR / PAL"
  },
  {
    "id": "y21gqo5z",
    "player": "KISSLE",
    "player_location": "ru",
    "region": null
  },
  {
    "id": "zgke2qjy",
    "player": "TeslaFC",
    "player_location": "gb/eng",
    "region": "EUR / PAL"
  },
  {
    "id": "yv6oxl6z",
    "player": "ShiimaRin",
    "player_location": "us",
    "region": "USA / NTSC"
  },
  {
    "id": "yw6n4jnm",
    "player": "Zethor",
    "player_location": "us",
    "region": null
  },
  {
    "id": "znrxl8ly",
    "player": "ScottyDX",
    "player_location": "gb",
    "region": "USA / NTSC"
  },
  {
    "id": "z5j7d2nm",
    "player": "ItzGray",
    "player_location": "us",
    "region": "USA / NTSC"
  },
  {
    "id": "yl0d582y",
    "player": "NanoBiscuit",
    "player_location": "gb/eng",
    "region": "EUR / PAL"
  },
  {
    "id": "yl0dwdny",
    "player": "Mello_sound",
    "player_location": "us",
    "region": "USA / NTSC"
  },
  {
    "id": "yoj01q0m",
    "player": "KSM",
    "player_location": "us",
    "region": "USA / NTSC"
  },
  {
    "id": "zgko150y",
    "player": "Entiss",
    "player_location": "ca",
    "region": "USA / NTSC"
  },
  {
    "id": "zxkj2pem",
    "player": "Plunderwondr",
    "player_location": "ca",
    "region": null
  },
  {
    "id": "yw4wrd3z",
    "player": "sstrauska",
    "player_location": "ua",
    "region": "EUR / PAL"
  },
  {
    "id": "zp4kw5rz",
    "player": "jeipi",
    "player_location": "br",
    "region": "USA / NTSC"
  },
  {
    "id": "yj3qxdnz",
    "player": "Electricmercury",
    "player_location": null,
    "region": "USA / NTSC"
  },
  {
    "id": "y6lj4npy",
    "player": "Vask",
    "player_location": "us",
    "region": null
  },
  {
    "id": "yd6o9vjz",
    "player": "MatthewMarshall",
    "player_location": "us",
    "region": "USA / NTSC"
  },
  {
    "id": "yoj57o7m",
    "player": "GhostRush37",
    "player_location": "ca",
    "region": "USA / NTSC"
  },
  {
    "id": "zp455knz",
    "player": "PikaNoob",
    "player_location": "gb",
    "region": "EUR / PAL"
  },
  {
    "id": "y6l49p0y",
    "player": "KrisSilver",
    "player_location": "ie",
    "region": "EUR / PAL"
  },
  {
    "id": "yv6lvnxz",
    "player": "Nec-Os",
    "player_location": "jp",
    "region": null
  },
  {
    "id": "y4w81oqm",
    "player": "SonicFan53",
    "player_location": "gb/eng",
    "region": null
  },
  {
    "id": "mk3loj1z",
    "player": "justburnit",
    "player_location": "ru",
    "region": "EUR / PAL"
  },
  {
    "id": "zgwn98ny",
    "player": "Ducky27",
    "player_location": "ca",
    "region": "USA / NTSC"
  },
  {
    "id": "y90q7lky",
    "player": "GamersGettinGirlz",
    "player_location": "us",
    "region": "USA / NTSC"
  },
  {
    "id": "y21o6gjz",
    "player": "SuperDeionBro",
    "player_location": "us",
    "region": "USA / NTSC"
  },
  {
    "id": "y2531q6y",
    "player": "AliceNoon",
    "player_location": "gb/eng",
    "region": "USA / NTSC"
  },
  {
    "id": "yd584gqm",
    "player": "Sayuri",
    "player_location": "us",
    "region": "USA / NTSC"
  },
  {
    "id": "z1jw087z",
    "player": "Xillix",
    "player_location": "fr",
    "region": "USA / NTSC"
  },
  {
    "id": "z5j5qgdm",
    "player": "R0ckst4r_Fredd1e",
    "player_location": "us",
    "region": "USA / NTSC"
  },
  {
    "id": "yw81kg3y",
    "player": "aeulis",
    "player_location": "rs",
    "region": null
  },
  {
    "id": "mk38765z",
    "player": "kittenbomer",
    "player_location": "us",
    "region": "USA / NTSC"
  },
  {
    "id": "zx2v5rqm",
    "player": "Earthalon",
    "player_location": "us",
    "region": null
  },
  {
    "id": "y65d376z",
    "player": "GHOSTDRA6ON",
    "player_location": "br",
    "region": "USA / NTSC"
  },
  {
    "id": "mrke192y",
    "player": "EmerlForgotten",
    "player_location": "us",
    "region": "USA / NTSC"
  },
  {
    "id": "m7gqn85m",
    "player": "woh1ngenau",
    "player_location": "de",
    "region": null
  },
  {
    "id": "zprrq2vm",
    "player": "MrSilentVid",
    "player_location": "gb",
    "region": null
  },
  {
    "id": "z155907y",
    "player": "Brobey",
    "player_location": "ca",
    "region": "USA / NTSC"
  },
  {
    "id": "mk8pj75m",
    "player": "Sen1667",
    "player_location": "us",
    "region": "USA / NTSC"
  },
  {
    "id": "znk3257z",
    "player": "Shadowtheyogo",
    "player_location": "us",
    "region": "USA / NTSC"
  },
  {
    "id": "mrkn8p2y",
    "player": "Hibnotix",
    "player_location": "gb",
    "region": "USA / NTSC"
  },
  {
    "id": "z1oxx89m",
    "player": "DoktorYAIKIN",
    "player_location": "ua",
    "region": null
  },
  {
    "id": "zqvx0j8m",
    "player": "darkroomca",
    "player_location": "us",
    "region": "USA / NTSC"
  },
  {
    "id": "yw8q7pny",
    "player": "Lemin",
    "player_location": "gb/eng",
    "region": "USA / NTSC"
  },
  {
    "id": "m7g78d4m",
    "player": "Tricolour",
    "player_location": "us",
    "region": "USA / NTSC"
  },
  {
    "id": "z05o944m",
    "player": "Adaptations",
    "player_location": "gb/eng",
    "region": "USA / NTSC"
  },
  {
    "id": "y257ww9y",
    "player": "ThorOfKenya",
    "player_location": "us",
    "region": "USA / NTSC"
  },
  {
    "id": "m357w56y",
    "player": "scatter",
    "player_location": "ca",
    "region": "USA / NTSC"
  },
  {
    "id": "znk7k0vz",
    "player": "asotai",
    "player_location": "jp",
    "region": "JPN / NTSC"
  },
  {
    "id": "ylkeo53z",
    "player": "renegadeanon",
    "player_location": "us",
    "region": "USA / NTSC"
  },
  {
    "id": "y82j83ny",
    "player": "Toms_-",
    "player_location": "fr",
    "region": "EUR / PAL"
  },
  {
    "id": "z5je2pjm",
    "player": "KaeZee",
    "player_location": "us",
    "region": null
  },
  {
    "id": "z5jxgjem",
    "player": "Guigeek",
    "player_location": "fr",
    "region": null
  },
  {
    "id": "yv68946z",
    "player": "thabiggiecheese",
    "player_location": "us",
    "region": "USA / NTSC"
  },
  {
    "id": "ylo8042y",
    "player": "hoogachakka",
    "player_location": "us",
    "region": "USA / NTSC"
  },
  {
    "id": "yd5gvoxm",
    "player": "AmericanToast",
    "player_location": null,
    "region": "USA / NTSC"
  },
  {
    "id": "mk30d65z",
    "player": "cozyport",
    "player_location": "gb",
    "region": null
  },
  {
    "id": "meol1q8z",
    "player": "rmecey",
    "player_location": "us",
    "region": "USA / NTSC"
  },
  {
    "id": "y908pr2y",
    "player": "Lokyx",
    "player_location": "fr",
    "region": "USA / NTSC"
  },
  {
    "id": "y4rqr0qz",
    "player": "Note646",
    "player_location": "us",
    "region": "USA / NTSC"
  },
  {
    "id": "y4xq89qz",
    "player": "Anic",
    "player_location": "rs",
    "region": null
  },
  {
    "id": "y25kpv5y",
    "player": "FilipeCampos",
    "player_location": "br",
    "region": "USA / NTSC"
  },
  {
    "id": "ylkl17xz",
    "player": "GuiDM09_YT",
    "player_location": null,
    "region": null
  },
  {
    "id": "yo6vv6dy",
    "player": "InvalidBluu",
    "player_location": "ca",
    "region": "USA / NTSC"
  },
  {
    "id": "z1542v9y",
    "player": "Trimspook",
    "player_location": "us",
    "region": "USA / NTSC"
  },
  {
    "id": "yo65e37y",
    "player": "Drumbasher004",
    "player_location": "gb/eng",
    "region": null
  },
  {
    "id": "z1pjlvgz",
    "player": "vieiraowo",
    "player_location": "pt",
    "region": null
  },
  {
    "id": "zgw6r5dy",
    "player": "PoppySnowflakes",
    "player_location": "fr",
    "region": "USA / NTSC"
  },
  {
    "id": "m75n3dez",
    "player": "skewbmaster",
    "player_location": "pl",
    "region": "USA / NTSC"
  },
  {
    "id": "y487e62m",
    "player": "Gerp",
    "player_location": "us",
    "region": "USA / NTSC"
  },
  {
    "id": "z0503ejm",
    "player": "FinalFrantasy",
    "player_location": "us",
    "region": "USA / NTSC"
  },
  {
    "id": "zgw083dy",
    "player": "LilGamerzz",
    "player_location": "ca",
    "region": null
  },
  {
    "id": "yo3kgxjy",
    "player": "Glob",
    "player_location": "ci",
    "region": "USA / NTSC"
  },
  {
    "id": "ylk5w0kz",
    "player": "Foxshiro",
    "player_location": "us",
    "region": "USA / NTSC"
  },
  {
    "id": "yw0vnr3m",
    "player": "Gamester8000",
    "player_location": "us",
    "region": "USA / NTSC"
  },
  {
    "id": "z53o66gy",
    "player": "Sannaaa",
    "player_location": "br",
    "region": null
  },
  {
    "id": "y9x5r9ky",
    "player": "Yoshipuff",
    "player_location": "us",
    "region": "USA / NTSC"
  },
  {
    "id": "y2d9lrjz",
    "player": "AGUILATOR383",
    "player_location": "co",
    "region": null
  },
  {
    "id": "mr9qew4m",
    "player": "CasteG",
    "player_location": "co",
    "region": null
  },
  {
    "id": "yv2pndxm",
    "player": "Groovy_Gamers",
    "player_location": null,
    "region": "USA / NTSC"
  },
  {
    "id": "zq42958m",
    "player": "yagamuu",
    "player_location": "jp",
    "region": "JPN / NTSC"
  },
  {
    "id": "ywqknp2y",
    "player": "jojobuitenzorg",
    "player_location": "nl",
    "region": "USA / NTSC"
  },
  {
    "id": "y4wd77km",
    "player": "IndianaXEagle",
    "player_location": "us",
    "region": "USA / NTSC"
  },
  {
    "id": "mrk382gy",
    "player": "Kongkrete",
    "player_location": "us",
    "region": "USA / NTSC"
  },
  {
    "id": "m76pvpey",
    "player": "CostilerAphid18",
    "player_location": "co",
    "region": "USA / NTSC"
  },
  {
    "id": "yo3v6xdy",
    "player": "joeyyy",
    "player_location": "us",
    "region": "USA / NTSC"
  },
  {
    "id": "mr9j0p2m",
    "player": "Dnomyer",
    "player_location": "us",
    "region": "USA / NTSC"
  },
  {
    "id": "yj6k96oz",
    "player": "progamernatalie",
    "player_location": "nz",
    "region": null
  },
  {
    "id": "ywkwxo2y",
    "player": "Pinhe4d",
    "player_location": "ru",
    "region": "EUR / PAL"
  },
  {
    "id": "zgv710vz",
    "player": "Ispeedrunsometimes",
    "player_location": "ca",
    "region": null
  },
  {
    "id": "zxdk65ky",
    "player": "Yarasu",
    "player_location": "fr",
    "region": null
  },
  {
    "id": "ywdjg5nz",
    "player": "KingRhodesTn",
    "player_location": "us",
    "region": "USA / NTSC"
  },
  {
    "id": "ywd2g80z",
    "player": "pipio_gppjpp",
    "player_location": "jp",
    "region": "JPN / NTSC"
  },
  {
    "id": "y4en3kdm",
    "player": "Vegeta222",
    "player_location": "ru",
    "region": "EUR / PAL"
  },
  {
    "id": "yd007dqz",
    "player": "TITLEIST003",
    "player_location": "us",
    "region": null
  },
  {
    "id": "me69x90z",
    "player": "IronInvoker47",
    "player_location": "us",
    "region": "USA / NTSC"
  },
  {
    "id": "yd09dgjz",
    "player": "Karsaku",
    "player_location": null,
    "region": "USA / NTSC"
  },
  {
    "id": "z096nk9z",
    "player": "GoodBwoyPhone",
    "player_location": "us",
    "region": "USA / NTSC"
  },
  {
    "id": "m3gnqq4z",
    "player": "luckyspm",
    "player_location": "es",
    "region": "EUR / PAL"
  },
  {
    "id": "y8rvpndm",
    "player": "SombraSR",
    "player_location": "us",
    "region": "USA / NTSC"
  },
  {
    "id": "m3gnpe4z",
    "player": "Vortygon",
    "player_location": "ru",
    "region": "EUR / PAL"
  },
  {
    "id": "mr97047m",
    "player": "MisterJay",
    "player_location": "gb/sct",
    "region": "USA / NTSC"
  },
  {
    "id": "zpl2jrvm",
    "player": "soccerman611",
    "player_location": "ca",
    "region": null
  },
  {
    "id": "z09pnx9z",
    "player": "ZinoTheMaid",
    "player_location": "cl",
    "region": null
  },
  {
    "id": "y69krx1y",
    "player": "KajuN64",
    "player_location": "us",
    "region": "USA / NTSC"
  },
  {
    "id": "zq4p3e5m",
    "player": "GamingGoesUp",
    "player_location": "us",
    "region": "USA / NTSC"
  },
  {
    "id": "yv9817ez",
    "player": "Kabey",
    "player_location": "fr",
    "region": "EUR / PAL"
  },
  {
    "id": "mkg3qk5y",
    "player": "Spacebar",
    "player_location": "us",
    "region": "USA / NTSC"
  },
  {
    "id": "zxoxvwqz",
    "player": "chzdk",
    "player_location": "dk",
    "region": null
  },
  {
    "id": "zplwewgm",
    "player": "Piggles",
    "player_location": "us",
    "region": "USA / NTSC"
  },
  {
    "id": "zq48lv5m",
    "player": "MichalicinDanila08",
    "player_location": "ru",
    "region": null
  },
  {
    "id": "me6wex3z",
    "player": "lilypog",
    "player_location": "us",
    "region": "USA / NTSC"
  },
  {
    "id": "yo3e9ljy",
    "player": "Akirry",
    "player_location": "gb/wls",
    "region": "USA / NTSC"
  },
  {
    "id": "z5rql6ey",
    "player": "Risuruuu",
    "player_location": "us",
    "region": "USA / NTSC"
  },
  {
    "id": "ywdwd39z",
    "player": "zeromodoki",
    "player_location": "jp",
    "region": "JPN / NTSC"
  },
  {
    "id": "z0owdnjz",
    "player": "Theophania",
    "player_location": "ca",
    "region": "USA / NTSC"
  },
  {
    "id": "zq4p1krm",
    "player": "Bariskit",
    "player_location": "us",
    "region": "USA / NTSC"
  },
  {
    "id": "yo3erp1y",
    "player": "brakeMg",
    "player_location": "jp",
    "region": "JPN / NTSC"
  },
  {
    "id": "z1owrggm",
    "player": "Sandwich_69",
    "player_location": "us",
    "region": "USA / NTSC"
  },
  {
    "id": "y8rlv8nm",
    "player": "Spookylittleman",
    "player_location": "gb/eng",
    "region": "EUR / PAL"
  },
  {
    "id": "zq4n085m",
    "player": "Pokemonmaster888",
    "player_location": "us",
    "region": "USA / NTSC"
  },
  {
    "id": "y8v502xz",
    "player": "AuroraEspeon",
    "player_location": "au",
    "region": "USA / NTSC"
  },
  {
    "id": "ylnkv02z",
    "player": "Yunicorn",
    "player_location": "us",
    "region": "USA / NTSC"
  },
  {
    "id": "zq4l201m",
    "player": "Vanni951",
    "player_location": "us",
    "region": "USA / NTSC"
  },
  {
    "id": "zqg3q41m",
    "player": "litebow",
    "player_location": "us",
    "region": "USA / NTSC"
  },
  {
    "id": "y2dlwgjz",
    "player": "Coldeggman",
    "player_location": "us",
    "region": "USA / NTSC"
  },
  {
    "id": "m3ge2xgz",
    "player": "DiceDiceDice",
    "player_location": "us",
    "region": "USA / NTSC"
  },
  {
    "id": "y8v3v3wz",
    "player": "ShadowTheCatSTC",
    "player_location": "us",
    "region": "USA / NTSC"
  },
  {
    "id": "z06wol4z",
    "player": "RealPalmon",
    "player_location": null,
    "region": "USA / NTSC"
  },
  {
    "id": "ylrdkqxy",
    "player": "RetroBitNate",
    "player_location": "us",
    "region": "USA / NTSC"
  },
  {
    "id": "zqg36q1m",
    "player": "Bairdric",
    "player_location": "us",
    "region": "USA / NTSC"
  },
  {
    "id": "zp309lnm",
    "player": "KasashiiU",
    "player_location": "br",
    "region": "USA / NTSC"
  },
  {
    "id": "znor4vvy",
    "player": "brotender",
    "player_location": "ca",
    "region": null
  },
  {
    "id": "m78qn4ez",
    "player": "reo_hayate",
    "player_location": "jp",
    "region": "JPN / NTSC"
  },
  {
    "id": "y9n03wrz",
    "player": "Ultrasonic",
    "player_location": null,
    "region": "USA / NTSC"
  },
  {
    "id": "zn0kj8vy",
    "player": "Zekann",
    "player_location": "fr",
    "region": "USA / NTSC"
  },
  {
    "id": "z503k2ey",
    "player": "Buttsquiggles",
    "player_location": "gb/eng",
    "region": "EUR / PAL"
  },
  {
    "id": "zx6op78z",
    "player": "Wimpyfox",
    "player_location": "gb",
    "region": "USA / NTSC"
  },
  {
    "id": "zxl8r38z",
    "player": "shovelclaws",
    "player_location": "us",
    "region": "USA / NTSC"
  },
  {
    "id": "z18gk29y",
    "player": "Malroony",
    "player_location": "ca",
    "region": "USA / NTSC"
  },
  {
    "id": "y2vj97jz",
    "player": "mutsui",
    "player_location": "jp",
    "region": "JPN / NTSC"
  },
  {
    "id": "y42g03qm",
    "player": "Jario_Daf",
    "player_location": "cn",
    "region": "USA / NTSC"
  },
  {
    "id": "yv1v6e4y",
    "player": "Gasu",
    "player_location": "ch",
    "region": "USA / NTSC"
  },
  {
    "id": "znovn23y",
    "player": "LCR_Apex",
    "player_location": "gb/eng",
    "region": "EUR / PAL"
  },
  {
    "id": "zgxlvjvm",
    "player": "Theprettyshadow20",
    "player_location": "us",
    "region": "USA / NTSC"
  },
  {
    "id": "yo7vlj5m",
    "player": "GingeSwagTia",
    "player_location": "gb/eng",
    "region": "USA / NTSC"
  },
  {
    "id": "mk71kvly",
    "player": "WasifBoomz",
    "player_location": "us",
    "region": "USA / NTSC"
  },
  {
    "id": "z0689e9z",
    "player": "smelliee",
    "player_location": "gb",
    "region": "USA / NTSC"
  },
  {
    "id": "mk7o2pvy",
    "player": "BlazeAYT",
    "player_location": "gb/wls",
    "region": "EUR / PAL"
  },
  {
    "id": "y42jqlkm",
    "player": "Lextonic",
    "player_location": null,
    "region": "EUR / PAL"
  },
  {
    "id": "y2vnwx9z",
    "player": "Cygnusx406",
    "player_location": "us",
    "region": "USA / NTSC"
  },
  {
    "id": "yw05ql3m",
    "player": "VenxmHG",
    "player_location": "us",
    "region": "USA / NTSC"
  },
  {
    "id": "zx6p7q8z",
    "player": "Veritaserum1",
    "player_location": null,
    "region": null
  },
  {
    "id": "y99828ny",
    "player": "Mastamario",
    "player_location": "us",
    "region": "USA / NTSC"
  },
  {
    "id": "yjgj4g3y",
    "player": "Skippysgotmail",
    "player_location": "us",
    "region": "USA / NTSC"
  },
  {
    "id": "m7w28rwz",
    "player": "SQeefy",
    "player_location": "gb/eng",
    "region": null
  },
  {
    "id": "zgqjw0vy",
    "player": "Labrys",
    "player_location": "us",
    "region": null
  },
  {
    "id": "zp1r188z",
    "player": "QuayloZX",
    "player_location": "gb",
    "region": "EUR / PAL"
  },
  {
    "id": "zxg2n78y",
    "player": "JustLeeBelmont",
    "player_location": "pr",
    "region": null
  },
  {
    "id": "y6d6k8jm",
    "player": "ZerroEVO",
    "player_location": "us",
    "region": null
  },
  {
    "id": "y961o42y",
    "player": "Lunacy_Phoenix",
    "player_location": "gb/eng",
    "region": "EUR / PAL"
  },
  {
    "id": "m7d7grwm",
    "player": "s_tier_of_f_tiers",
    "player_location": "us",
    "region": "USA / NTSC"
  },
  {
    "id": "y8der8dz",
    "player": "Marumiju",
    "player_location": "us",
    "region": null
  },
  {
    "id": "z1rxn99m",
    "player": "Sando_Stando",
    "player_location": "sy",
    "region": null
  },
  {
    "id": "yo6r91jy",
    "player": "ThatSonicGamer",
    "player_location": "us",
    "region": "USA / NTSC"
  },
  {
    "id": "ylqn14kz",
    "player": "Jolzake",
    "player_location": "us",
    "region": "USA / NTSC"
  },
  {
    "id": "zq1e2g8m",
    "player": "Leynavior",
    "player_location": "mx",
    "region": "USA / NTSC"
  },
  {
    "id": "z0rjdj9z",
    "player": "daulton",
    "player_location": "us",
    "region": "USA / NTSC"
  },
  {
    "id": "z0rx3w9z",
    "player": "TrippySpyro",
    "player_location": "us",
    "region": null
  },
  {
    "id": "y88o1rxy",
    "player": "Afwagers",
    "player_location": "us",
    "region": "USA / NTSC"
  },
  {
    "id": "zxo76g5z",
    "player": "paulpolitico",
    "player_location": "us",
    "region": "USA / NTSC"
  },
  {
    "id": "zxgxlrqy",
    "player": "ARRPEEGEE",
    "player_location": "gb/eng",
    "region": "USA / NTSC"
  },
  {
    "id": "m7dr2w5m",
    "player": "LittleProfit",
    "player_location": "ca/qc",
    "region": "USA / NTSC"
  },
  {
    "id": "z5rwxkdy",
    "player": "Lyns",
    "player_location": "us",
    "region": "USA / NTSC"
  },
  {
    "id": "z0r8g89z",
    "player": "PichuOfTime",
    "player_location": "mx",
    "region": "USA / NTSC"
  },
  {
    "id": "zp1o7jvz",
    "player": "TLost",
    "player_location": "us",
    "region": null
  },
  {
    "id": "yo784l7m",
    "player": "ELXShadow",
    "player_location": "lb",
    "region": null
  },
  {
    "id": "ydrx6gwz",
    "player": "dmcRIKU",
    "player_location": "jp",
    "region": "JPN / NTSC"
  },
  {
    "id": "y69kwv0y",
    "player": "Speedking125",
    "player_location": "us",
    "region": "USA / NTSC"
  },
  {
    "id": "y6d1791m",
    "player": "UpenShocked940",
    "player_location": "ar",
    "region": "USA / NTSC"
  },
  {
    "id": "zgg5pwjz",
    "player": "Glorriboyzz253",
    "player_location": "us",
    "region": "USA / NTSC"
  },
  {
    "id": "y6n0w60z",
    "player": "Lawdym",
    "player_location": "fr",
    "region": null
  },
  {
    "id": "y4rp19qz",
    "player": "hjs5795",
    "player_location": "kr",
    "region": null
  },
  {
    "id": "zgrnje0m",
    "player": "NanamiTTV",
    "player_location": "de",
    "region": null
  },
  {
    "id": "me48232y",
    "player": "Xandrios",
    "player_location": "gb",
    "region": "EUR / PAL"
  },
  {
    "id": "y69l5kqy",
    "player": "PoussinTator2600",
    "player_location": "fr",
    "region": "USA / NTSC"
  },
  {
    "id": "y69lrq6y",
    "player": "SonicFanYT",
    "player_location": "us",
    "region": "USA / NTSC"
  },
  {
    "id": "z1x8xp9m",
    "player": "HydroSynth15",
    "player_location": "gb",
    "region": "USA / NTSC"
  },
  {
    "id": "yj51l9om",
    "player": "Wun_a",
    "player_location": "us",
    "region": "USA / NTSC"
  },
  {
    "id": "z07od5jy",
    "player": "MichelleDB",
    "player_location": null,
    "region": "USA / NTSC"
  },
  {
    "id": "ywk38j3y",
    "player": "HatPass",
    "player_location": null,
    "region": "USA / NTSC"
  },
  {
    "id": "zpdvkenz",
    "player": "doubleSshadow",
    "player_location": "il",
    "region": null
  },
  {
    "id": "yw6www3m",
    "player": "Themimik",
    "player_location": "ca/qc",
    "region": null
  },
  {
    "id": "m774qwwm",
    "player": "Winds",
    "player_location": "us",
    "region": "USA / NTSC"
  },
  {
    "id": "z1x0l39m",
    "player": "drywall",
    "player_location": "us",
    "region": "USA / NTSC"
  },
  {
    "id": "zgrq4nem",
    "player": "Vojtas131",
    "player_location": "cz",
    "region": "USA / NTSC"
  },
  {
    "id": "yo6d021y",
    "player": "Huevinngton",
    "player_location": "ar",
    "region": null
  },
  {
    "id": "ylrnleky",
    "player": "Smash_Panic",
    "player_location": "us",
    "region": "USA / NTSC"
  },
  {
    "id": "y961rvey",
    "player": "br0f666",
    "player_location": "us",
    "region": "USA / NTSC"
  },
  {
    "id": "m76q3e0y",
    "player": "Saejima_VT",
    "player_location": "us",
    "region": "USA / NTSC"
  },
  {
    "id": "ywkxdqny",
    "player": "Foxbit",
    "player_location": "de",
    "region": "USA / NTSC"
  },
  {
    "id": "yo6q765y",
    "player": "BigMikey_",
    "player_location": "us",
    "region": "USA / NTSC"
  },
  {
    "id": "z078pqjy",
    "player": "Aquay",
    "player_location": "ca/qc",
    "region": "USA / NTSC"
  },
  {
    "id": "yl1l8r2m",
    "player": "Flubbler",
    "player_location": "us",
    "region": "USA / NTSC"
  },
  {
    "id": "ywk2kg9y",
    "player": "Tethys",
    "player_location": "gb/wls",
    "region": null
  },
  {
    "id": "zn0nq68y",
    "player": "DekeFreek",
    "player_location": "us",
    "region": "USA / NTSC"
  },
  {
    "id": "z1x7vjgm",
    "player": "Sonicmaster_2022",
    "player_location": "us",
    "region": "USA / NTSC"
  },
  {
    "id": "yvoe2qxz",
    "player": "Sonicfind",
    "player_location": "us",
    "region": "USA / NTSC"
  },
  {
    "id": "yo68qj7y",
    "player": "Jesus_PK",
    "player_location": "es",
    "region": null
  },
  {
    "id": "yvode94z",
    "player": "CollectionRevolution",
    "player_location": "us",
    "region": "USA / NTSC"
  },
  {
    "id": "ylrgdony",
    "player": "AndreaRitsu",
    "player_location": "se",
    "region": null
  },
  {
    "id": "yvowd16z",
    "player": "MatiXD153",
    "player_location": "cl",
    "region": "USA / NTSC"
  },
  {
    "id": "yle9k2xz",
    "player": "SpectralPlatypus",
    "player_location": "ca",
    "region": "USA / NTSC"
  },
  {
    "id": "zq0kljry",
    "player": "Palmtree_Games",
    "player_location": "us",
    "region": null
  },
  {
    "id": "mr68eg8m",
    "player": "bill876",
    "player_location": null,
    "region": null
  },
  {
    "id": "mr6q722m",
    "player": "Quattrozander",
    "player_location": "gb/eng",
    "region": "EUR / PAL"
  },
  {
    "id": "y8j1101z",
    "player": "Captainbunny",
    "player_location": "pk",
    "region": null
  },
  {
    "id": "y6nqro0z",
    "player": "SpeckWii",
    "player_location": "us",
    "region": "USA / NTSC"
  },
  {
    "id": "zgd7q5ez",
    "player": "Loomeh",
    "player_location": "gb/eng",
    "region": null
  },
  {
    "id": "mkkwp1lm",
    "player": "DaftCosmo",
    "player_location": "ca",
    "region": "USA / NTSC"
  },
  {
    "id": "y8j1ggnz",
    "player": "AuraMaster",
    "player_location": "us",
    "region": "USA / NTSC"
  },
  {
    "id": "y482o32m",
    "player": "lu_rta",
    "player_location": "gb/eng",
    "region": "USA / NTSC"
  },
  {
    "id": "yw658r9m",
    "player": "SGamma_",
    "player_location": "us",
    "region": "USA / NTSC"
  },
  {
    "id": "y205666m",
    "player": "volokno",
    "player_location": "ru",
    "region": "USA / NTSC"
  },
  {
    "id": "z5v0rnjm",
    "player": "Tark",
    "player_location": "ca/qc",
    "region": null
  },
  {
    "id": "z5e782jz",
    "player": "SonicFan29",
    "player_location": "us",
    "region": "USA / NTSC"
  },
  {
    "id": "yor72n5y",
    "player": "SoaringSloth",
    "player_location": "us",
    "region": "USA / NTSC"
  },
  {
    "id": "zp9jvwxm",
    "player": "alrightness",
    "player_location": "us",
    "region": "USA / NTSC"
  },
  {
    "id": "y6nn926z",
    "player": "GYTID",
    "player_location": "gb/eng",
    "region": null
  },
  {
    "id": "z5vdkpgm",
    "player": "pingtoe",
    "player_location": "us",
    "region": "USA / NTSC"
  },
  {
    "id": "ylexe1xz",
    "player": "PurpleAuri",
    "player_location": "us",
    "region": "USA / NTSC"
  },
  {
    "id": "m33737wm",
    "player": "TehWoot",
    "player_location": "us",
    "region": null
  },
  {
    "id": "mejw892y",
    "player": "MereMortem",
    "player_location": "ca",
    "region": "USA / NTSC"
  },
  {
    "id": "yvr9k36z",
    "player": "Glitchedblood",
    "player_location": "us",
    "region": "USA / NTSC"
  },
  {
    "id": "zgdq320z",
    "player": "TheOnlyGokuMain",
    "player_location": "us",
    "region": "USA / NTSC"
  },
  {
    "id": "yle13j3z",
    "player": "Uncreativemango",
    "player_location": "us",
    "region": "USA / NTSC"
  },
  {
    "id": "yordxj1y",
    "player": "Sharpstick",
    "player_location": "ca/qc",
    "region": "USA / NTSC"
  },
  {
    "id": "ylenxwxz",
    "player": "Modest",
    "player_location": "us",
    "region": null
  },
  {
    "id": "ywjx9rpz",
    "player": "BlueRum",
    "player_location": "al",
    "region": null
  },
  {
    "id": "y48kgn2m",
    "player": "JPlay",
    "player_location": "gb/eng",
    "region": null
  },
  {
    "id": "m36kj2dm",
    "player": "TwentyGX",
    "player_location": "us",
    "region": "USA / NTSC"
  },
  {
    "id": "y20gll5m",
    "player": "Tourmi",
    "player_location": "ca",
    "region": null
  },
  {
    "id": "y6n8x2qz",
    "player": "FreezyPop",
    "player_location": "us",
    "region": "USA / NTSC"
  },
  {
    "id": "yvql4e6m",
    "player": "Grav_80",
    "player_location": "us",
    "region": "USA / NTSC"
  },
  {
    "id": "y9lk6jry",
    "player": "Console_Gamer",
    "player_location": null,
    "region": "USA / NTSC"
  },
  {
    "id": "z0oxgrjz",
    "player": "YTreds",
    "player_location": "jp",
    "region": "JPN / NTSC"
  },
  {
    "id": "ywjx1j2z",
    "player": "Freefall",
    "player_location": "us",
    "region": "USA / NTSC"
  },
  {
    "id": "yorxkr1y",
    "player": "samlitwicky",
    "player_location": "us",
    "region": "USA / NTSC"
  },
  {
    "id": "z5vl16nm",
    "player": "SlayerRocker83",
    "player_location": "us",
    "region": "USA / NTSC"
  },
  {
    "id": "z0okp24z",
    "player": "TRU_187",
    "player_location": "us",
    "region": "USA / NTSC"
  },
  {
    "id": "yvqn826m",
    "player": "JDee",
    "player_location": "ca",
    "region": "USA / NTSC"
  },
  {
    "id": "yvqnxx8m",
    "player": "FoxboySaga_YT",
    "player_location": "de",
    "region": "EUR / PAL"
  },
  {
    "id": "mkexox3m",
    "player": "Yvain",
    "player_location": "fr",
    "region": "EUR / PAL"
  },
  {
    "id": "ywj525nz",
    "player": "Project",
    "player_location": "gb/eng",
    "region": null
  },
  {
    "id": "mej21r9y",
    "player": "Bluegh",
    "player_location": "us",
    "region": "USA / NTSC"
  },
  {
    "id": "zgq146ey",
    "player": "VictoryCannon",
    "player_location": "us",
    "region": "USA / NTSC"
  },
  {
    "id": "ywjoqg9z",
    "player": "Ad4ms",
    "player_location": "ru",
    "region": "EUR / PAL"
  },
  {
    "id": "yvqe3kom",
    "player": "Jenkles",
    "player_location": "gb/wls",
    "region": null
  },
  {
    "id": "z1qor5jy",
    "player": "Black_Doom",
    "player_location": "ru",
    "region": "USA / NTSC"
  },
  {
    "id": "mr7jkn7z",
    "player": "UndergroundSR",
    "player_location": "us",
    "region": null
  },
  {
    "id": "zxl1qgez",
    "player": "SuperSonic",
    "player_location": "us",
    "region": "USA / NTSC"
  },
  {
    "id": "yw3pl22m",
    "player": "Ce_Mec9",
    "player_location": "ca/qc",
    "region": "USA / NTSC"
  },
  {
    "id": "z12w8ojy",
    "player": "Lussit0",
    "player_location": "bo",
    "region": null
  },
  {
    "id": "y4q54rdm",
    "player": "PKCoalTrain",
    "player_location": "us",
    "region": "USA / NTSC"
  },
  {
    "id": "ywjloppz",
    "player": "N/A",
    "player_location": null,
    "region": null
  },
  {
    "id": "m76qp34y",
    "player": "airhomer99",
    "player_location": "rs",
    "region": null
  },
  {
    "id": "yw3enw9m",
    "player": "EaN13",
    "player_location": "ru",
    "region": "EUR / PAL"
  },
  {
    "id": "m33g9v6m",
    "player": "Slysonic",
    "player_location": "gb",
    "region": "USA / NTSC"
  },
  {
    "id": "z0peqg4y",
    "player": "Classiic",
    "player_location": "us",
    "region": "USA / NTSC"
  },
  {
    "id": "zpdx79rz",
    "player": "SithwarriorX",
    "player_location": "us",
    "region": "USA / NTSC"
  },
  {
    "id": "z0n3prjm",
    "player": "DreeGon",
    "player_location": "dk",
    "region": "EUR / PAL"
  },
  {
    "id": "m7x6rewy",
    "player": "Iona_Rose",
    "player_location": "gb/sct",
    "region": null
  },
  {
    "id": "zgpkr9ez",
    "player": "Shilvicx",
    "player_location": "us",
    "region": "USA / NTSC"
  },
  {
    "id": "ydd6nv0y",
    "player": "Tailss55",
    "player_location": "us",
    "region": "USA / NTSC"
  },
  {
    "id": "y4qw672m",
    "player": "PK_Beta",
    "player_location": null,
    "region": "USA / NTSC"
  },
  {
    "id": "y4qe73qm",
    "player": "juanriplaygames",
    "player_location": "es",
    "region": "EUR / PAL"
  },
  {
    "id": "m33n7d6m",
    "player": "kitifulnines",
    "player_location": "us",
    "region": null
  },
  {
    "id": "mee85g2m",
    "player": "mikehawk123",
    "player_location": null,
    "region": "USA / NTSC"
  },
  {
    "id": "zpgrp0xz",
    "player": "MayXeno",
    "player_location": "us",
    "region": null
  },
  {
    "id": "mr71nq4z",
    "player": "sonofpoog",
    "player_location": "us",
    "region": "USA / NTSC"
  },
  {
    "id": "m33705gm",
    "player": "TheLgameZ",
    "player_location": "us",
    "region": "USA / NTSC"
  },
  {
    "id": "z52dgddz",
    "player": "LucasB",
    "player_location": "gb/sct",
    "region": "USA / NTSC"
  },
  {
    "id": "me3j050z",
    "player": "Daisfodays",
    "player_location": null,
    "region": "USA / NTSC"
  },
  {
    "id": "yw33wpnm",
    "player": "justFV",
    "player_location": "pt",
    "region": null
  },
  {
    "id": "y2elw4wy",
    "player": "yoboy1uk",
    "player_location": "gb/eng",
    "region": "EUR / PAL"
  },
  {
    "id": "m7665g0y",
    "player": "Zeeeus",
    "player_location": "us",
    "region": "USA / NTSC"
  },
  {
    "id": "mr7r832z",
    "player": "TomEWylde",
    "player_location": "gb",
    "region": "EUR / PAL"
  },
  {
    "id": "y6x435qy",
    "player": "WitherMan",
    "player_location": "us",
    "region": null
  },
  {
    "id": "y60v04qy",
    "player": "Carb0n78",
    "player_location": "ru",
    "region": null
  },
  {
    "id": "y8x12vnm",
    "player": "luna_dzx",
    "player_location": "gb",
    "region": null
  },
  {
    "id": "y88ov1dy",
    "player": "omgplaysagame",
    "player_location": "us",
    "region": "USA / NTSC"
  },
  {
    "id": "m76ewkwy",
    "player": "Dustin_Lionheart",
    "player_location": "dk",
    "region": "EUR / PAL"
  },
  {
    "id": "zq72j21m",
    "player": "Sidoku",
    "player_location": "no",
    "region": null
  },
  {
    "id": "y2p8dn6z",
    "player": "WetWildWiener",
    "player_location": "us",
    "region": "USA / NTSC"
  },
  {
    "id": "yl7257rm",
    "player": "scrumbular",
    "player_location": "us",
    "region": "USA / NTSC"
  },
  {
    "id": "y60we06y",
    "player": "Okamikaze",
    "player_location": "gb",
    "region": "EUR / PAL"
  },
  {
    "id": "y2e01njy",
    "player": "jethawk69",
    "player_location": "us",
    "region": "USA / NTSC"
  },
  {
    "id": "yd1qqrwy",
    "player": "ninjazula3141",
    "player_location": "us",
    "region": null
  },
  {
    "id": "zgqn52ey",
    "player": "Bukybunny",
    "player_location": "pt",
    "region": "USA / NTSC"
  },
  {
    "id": "z5xdlrjy",
    "player": "ZippyZero",
    "player_location": "us",
    "region": null
  },
  {
    "id": "z1g2j4jz",
    "player": "ChaosSoda",
    "player_location": "us",
    "region": "USA / NTSC"
  },
  {
    "id": "yjddpdgy",
    "player": "BloodyPikachuuu",
    "player_location": "us",
    "region": null
  },
  {
    "id": "yl11dgxm",
    "player": "GoobIsGabe",
    "player_location": "us",
    "region": "USA / NTSC"
  },
  {
    "id": "yodlor7m",
    "player": "Moarf23",
    "player_location": "us",
    "region": "USA / NTSC"
  },
  {
    "id": "z0lngvez",
    "player": "ShadowTH11",
    "player_location": "us",
    "region": "USA / NTSC"
  },
  {
    "id": "yd1n9lqy",
    "player": "AniMeowzerz",
    "player_location": "us",
    "region": "USA / NTSC"
  },
  {
    "id": "y4xk3dnz",
    "player": "Jerzia",
    "player_location": "fr",
    "region": null
  },
  {
    "id": "zx8w29qm",
    "player": "xXMegaManXx",
    "player_location": "ye",
    "region": null
  },
  {
    "id": "me10xx3y",
    "player": "Aruki",
    "player_location": "us",
    "region": null
  },
  {
    "id": "me10xj2y",
    "player": "DarkspinesSonic",
    "player_location": "us",
    "region": null
  },
  {
    "id": "y9xk5lry",
    "player": "Rickyman48",
    "player_location": null,
    "region": null
  },
  {
    "id": "zq9dr71y",
    "player": "IrregularZero",
    "player_location": "ru",
    "region": null
  },
  {
    "id": "zx8wk8km",
    "player": "Ace747",
    "player_location": null,
    "region": null
  },
  {
    "id": "yd12640y",
    "player": "F-Man",
    "player_location": null,
    "region": null
  },
  {
    "id": "yd126o0y",
    "player": "joecoolgames",
    "player_location": "us",
    "region": null
  },
  {
    "id": "z1gkj0rz",
    "player": "NintenDan",
    "player_location": null,
    "region": null
  },
  {
    "id": "y8xk145m",
    "player": "Avento128bits",
    "player_location": "fr",
    "region": null
  },
  {
    "id": "z5xk7qgy",
    "player": "FrAsCaS07",
    "player_location": null,
    "region": null
  },
  {
    "id": "y4xkek2z",
    "player": "DougWalker",
    "player_location": "us",
    "region": "USA / NTSC"
  },
  {
    "id": "y2ern4jy",
    "player": "MarkD4633",
    "player_location": "ie",
    "region": "EUR / PAL"
  },
  {
    "id": "me1n872y",
    "player": "Ultimatedogfan",
    "player_location": "cl",
    "region": null
  },
  {
    "id": "m3xwpkwm",
    "player": "NotWhoYouAre",
    "player_location": "ua",
    "region": null
  },
  {
    "id": "y8xnl5xm",
    "player": "scorpaxtm",
    "player_location": "pl",
    "region": "USA / NTSC"
  },
  {
    "id": "y96n1pey",
    "player": "TheSuperior",
    "player_location": "us",
    "region": null
  },
  {
    "id": "z0l2708z",
    "player": "Crydio",
    "player_location": null,
    "region": null
  },
  {
    "id": "y80182xm",
    "player": "Di_Shu",
    "player_location": "ua",
    "region": "EUR / PAL"
  },
  {
    "id": "yjd02n3y",
    "player": "HumbleShell",
    "player_location": "fr",
    "region": "USA / NTSC"
  },
  {
    "id": "yjd0kgny",
    "player": "SonicAdventureDXReal",
    "player_location": "us",
    "region": "USA / NTSC"
  },
  {
    "id": "mkd6rpxy",
    "player": "oilfoil",
    "player_location": "au",
    "region": "USA / NTSC"
  },
  {
    "id": "yjdn1g7y",
    "player": "Solidarity5",
    "player_location": null,
    "region": "USA / NTSC"
  },
  {
    "id": "yln94nkz",
    "player": "dunewacky",
    "player_location": "us",
    "region": "USA / NTSC"
  },
  {
    "id": "z1q34dry",
    "player": "Pantuwu",
    "player_location": "uy",
    "region": null
  },
  {
    "id": "zpg0g58z",
    "player": "Evening_Grace",
    "player_location": "us",
    "region": "USA / NTSC"
  },
  {
    "id": "ywv8vj2z",
    "player": "ReySinTrono",
    "player_location": "mx",
    "region": "USA / NTSC"
  },
  {
    "id": "y801vw1m",
    "player": "Sonc555",
    "player_location": null,
    "region": "EUR / PAL"
  },
  {
    "id": "ywvd4v0z",
    "player": "itz_damien39",
    "player_location": "ca",
    "region": "USA / NTSC"
  },
  {
    "id": "y2jdr75z",
    "player": "GameIt",
    "player_location": "us",
    "region": "USA / NTSC"
  }
]