[
  {
    "id": "zxk055gm",
    "player": "Karma",
    "player_location": null,
    "region": "USA / NTSC"
  },
  {
    "id": "yo42o7jm",
    "player": "feasel",
    "player_location": "us",
    "region": "USA / NTSC"
  },
  {
    "id": "mk9rd1vz",
    "player": "z_tox",
    "player_location": "us",
    "region": "USA / NTSC"
  },
  {
    "id": "mexo473z",
    "player": "Eriphram",
    "player_location": "us",
    "region": "USA / NTSC"
  },
  {
    "id": "zqr9q8ry",
    "player": "ChickenLipsMurphy",
    "player_location": "ca",
    "region": "USA / NTSC"
  },
  {
    "id": "z57n9k5m",
    "player": "FlannelKat",
    "player_location": "us",
    "region": "USA / NTSC"
  },
  {
    "id": "y652130z",
    "player": "ShesChardcore",
    "player_location": "us",
    "region": "USA / NTSC"
  },
  {
    "id": "y2v59k7z",
    "player": "Corncycle",
    "player_location": null,
    "region": "USA / NTSC"
  },
  {
    "id": "z1x7llwm",
    "player": "JSR_",
    "player_location": "us",
    "region": "USA / NTSC"
  }
]