[
  {
    "id": "0y67xqpm",
    "player": "kraflab",
    "player_location": "de",
    "region": "USA / NTSC"
  },
  {
    "id": "8y8qxk1y",
    "player": "Rafioza",
    "player_location": "pl",
    "region": "USA / NTSC"
  },
  {
    "id": "0y67xq6m",
    "player": "authorblues",
    "player_location": "us",
    "region": "USA / NTSC"
  },
  {
    "id": "8y8qxkdy",
    "player": "srwatcher",
    "player_location": "us",
    "region": "USA / NTSC"
  },
  {
    "id": "8yvg0voy",
    "player": "Kinga_Styger",
    "player_location": null,
    "region": "USA / NTSC"
  },
  {
    "id": "oy2pl9jz",
    "player": "Spiderweb__",
    "player_location": "us",
    "region": "USA / NTSC"
  },
  {
    "id": "7z03wooz",
    "player": "Moelle",
    "player_location": "be",
    "region": "USA / NTSC"
  },
  {
    "id": "8m79oj4y",
    "player": "zackcat",
    "player_location": "us",
    "region": "JPN / NTSC"
  },
  {
    "id": "pm3dv6qz",
    "player": "ryden_sa",
    "player_location": "us",
    "region": "USA / NTSC"
  },
  {
    "id": "wzpo07nm",
    "player": "bbqsauz",
    "player_location": "us",
    "region": "USA / NTSC"
  },
  {
    "id": "pzgk36vy",
    "player": "Nosferatu010",
    "player_location": "nl",
    "region": "USA / NTSC"
  },
  {
    "id": "kz5j6dem",
    "player": "zerolaggaming",
    "player_location": "ca/qc",
    "region": "USA / NTSC"
  },
  {
    "id": "8yv6v86z",
    "player": "tessleberry",
    "player_location": "us",
    "region": "USA / NTSC"
  },
  {
    "id": "1zq46e9m",
    "player": "JeedUnit",
    "player_location": "ca/qc",
    "region": "USA / NTSC"
  },
  {
    "id": "nz1o3qjm",
    "player": "OU7C4ST",
    "player_location": "us",
    "region": "USA / NTSC"
  },
  {
    "id": "8y8vq9dz",
    "player": "Tikitri",
    "player_location": "ca/qc",
    "region": "USA / NTSC"
  },
  {
    "id": "pm3weeqy",
    "player": "MaxBeaulieu",
    "player_location": "ca/qc",
    "region": "USA / NTSC"
  },
  {
    "id": "wzp108nz",
    "player": "thaivega206",
    "player_location": "us",
    "region": "USA / NTSC"
  },
  {
    "id": "9me76j2y",
    "player": "Atkinsj7",
    "player_location": "us",
    "region": "USA / NTSC"
  },
  {
    "id": "9yonogjz",
    "player": "johncarls",
    "player_location": "us",
    "region": "USA / NTSC"
  },
  {
    "id": "8y8jqn1z",
    "player": "TwoGood",
    "player_location": "us",
    "region": "USA / NTSC"
  },
  {
    "id": "yl4q5jnm",
    "player": "Elipsis",
    "player_location": "us",
    "region": "USA / NTSC"
  },
  {
    "id": "pyddw0vy",
    "player": "grossmaul2130",
    "player_location": "de",
    "region": "USA / NTSC"
  },
  {
    "id": "emkd13vy",
    "player": "Varkalas",
    "player_location": "us",
    "region": "USA / NTSC"
  },
  {
    "id": "dy4dxqny",
    "player": "McBobX",
    "player_location": "ma",
    "region": "USA / NTSC"
  },
  {
    "id": "pm3wwxgy",
    "player": "Reboot",
    "player_location": "de",
    "region": "USA / NTSC"
  },
  {
    "id": "oy2gd69z",
    "player": "robofoxGaming",
    "player_location": "de",
    "region": "USA / NTSC"
  },
  {
    "id": "0y6q5x1z",
    "player": "cornshaq",
    "player_location": "us",
    "region": "USA / NTSC"
  },
  {
    "id": "jy9k83rz",
    "player": "ohcapnmycapn_",
    "player_location": "us",
    "region": "USA / NTSC"
  },
  {
    "id": "pzg6wxnm",
    "player": "Terran2034",
    "player_location": "ca/qc",
    "region": "USA / NTSC"
  },
  {
    "id": "mk25o75m",
    "player": "SuperBigKMart",
    "player_location": "ca/qc",
    "region": "USA / NTSC"
  },
  {
    "id": "pzgj88nz",
    "player": "Dracula013",
    "player_location": "ca/qc",
    "region": "USA / NTSC"
  },
  {
    "id": "pzgl8wem",
    "player": "TheMalaki",
    "player_location": "ca/qc",
    "region": "USA / NTSC"
  },
  {
    "id": "8y8wkl5y",
    "player": "Bassretro",
    "player_location": "ca/qc",
    "region": "USA / NTSC"
  },
  {
    "id": "1zx59nem",
    "player": "Angrylanks",
    "player_location": "us",
    "region": "USA / NTSC"
  },
  {
    "id": "9me2270m",
    "player": "yellowelevator815",
    "player_location": "us",
    "region": "USA / NTSC"
  },
  {
    "id": "jy9jpj2m",
    "player": "rockdet",
    "player_location": "ca/qc",
    "region": "USA / NTSC"
  },
  {
    "id": "jy9engez",
    "player": "garadas21",
    "player_location": "it",
    "region": "USA / NTSC"
  },
  {
    "id": "pydn7vxm",
    "player": "Imp\u00e9rial",
    "player_location": "ca/qc",
    "region": "USA / NTSC"
  },
  {
    "id": "2yw5922y",
    "player": "axelblaze13",
    "player_location": "gb/eng",
    "region": "USA / NTSC"
  },
  {
    "id": "kz5896jz",
    "player": "Oni",
    "player_location": "ca/qc",
    "region": "USA / NTSC"
  },
  {
    "id": "9mr05j2m",
    "player": "GymTimeJon",
    "player_location": "us",
    "region": "USA / NTSC"
  },
  {
    "id": "kz5l5jgy",
    "player": "ZmicK_TricK",
    "player_location": "us",
    "region": "USA / NTSC"
  },
  {
    "id": "oy28dw5y",
    "player": "beerfullofbelly",
    "player_location": "us",
    "region": "USA / NTSC"
  },
  {
    "id": "pm3wvrdy",
    "player": "EndySWE",
    "player_location": "se",
    "region": "USA / NTSC"
  },
  {
    "id": "9mr0dkdm",
    "player": "Tootoo",
    "player_location": "se",
    "region": "USA / NTSC"
  },
  {
    "id": "zgnww3vy",
    "player": "Twintail_Nami",
    "player_location": "uy",
    "region": "USA / NTSC"
  },
  {
    "id": "0zn9l13y",
    "player": "Sm_Izumi",
    "player_location": "fr",
    "region": "USA / NTSC"
  },
  {
    "id": "8yvnd5xm",
    "player": "Freakz",
    "player_location": "de",
    "region": "USA / NTSC"
  },
  {
    "id": "jy9eoerz",
    "player": "cantaloupeme",
    "player_location": "us",
    "region": "USA / NTSC"
  },
  {
    "id": "9mrd688z",
    "player": "TM",
    "player_location": "ca/qc",
    "region": "USA / NTSC"
  },
  {
    "id": "0y6j4o0m",
    "player": "ANGEL_UNDEAD",
    "player_location": "ru",
    "region": "USA / NTSC"
  },
  {
    "id": "yl4597rm",
    "player": "mrcab55",
    "player_location": "us",
    "region": "USA / NTSC"
  },
  {
    "id": "emkrvk5z",
    "player": "silverrain64",
    "player_location": "us",
    "region": "USA / NTSC"
  },
  {
    "id": "0y68lr1z",
    "player": "linkboss",
    "player_location": "fr",
    "region": "USA / NTSC"
  },
  {
    "id": "y23pk4wm",
    "player": "huxxny",
    "player_location": "ca/qc",
    "region": "USA / NTSC"
  },
  {
    "id": "yj4d1ngy",
    "player": "RealBonner",
    "player_location": "us",
    "region": "USA / NTSC"
  },
  {
    "id": "ywkqv9ny",
    "player": "hirexen",
    "player_location": "pl",
    "region": "USA / NTSC"
  },
  {
    "id": "8y87n0wz",
    "player": "JonnyKage",
    "player_location": "us",
    "region": "USA / NTSC"
  },
  {
    "id": "0y6k0w0z",
    "player": "-Varm-",
    "player_location": "us",
    "region": "USA / NTSC"
  },
  {
    "id": "yjkko47m",
    "player": "NerdyNester",
    "player_location": "us",
    "region": "USA / NTSC"
  },
  {
    "id": "ydd1q6jy",
    "player": "WorstLiarEver",
    "player_location": "us",
    "region": "USA / NTSC"
  },
  {
    "id": "y41nr0dy",
    "player": "spyriel",
    "player_location": "fi",
    "region": "USA / NTSC"
  },
  {
    "id": "mk4ln4xy",
    "player": "Dugongue",
    "player_location": "us",
    "region": "USA / NTSC"
  },
  {
    "id": "z0eepo4m",
    "player": "CriscoWild",
    "player_location": "us",
    "region": "USA / NTSC"
  },
  {
    "id": "y975n2vm",
    "player": "The_Retro_Challenger",
    "player_location": "ca/qc",
    "region": "USA / NTSC"
  },
  {
    "id": "m79gp35y",
    "player": "SuperPitFro",
    "player_location": "us",
    "region": "USA / NTSC"
  },
  {
    "id": "zpq41gxy",
    "player": "anthole",
    "player_location": "us",
    "region": "USA / NTSC"
  },
  {
    "id": "y8q2elwy",
    "player": "drsquirrelphd",
    "player_location": "us",
    "region": "USA / NTSC"
  },
  {
    "id": "yvj51n6y",
    "player": "Arcus",
    "player_location": "us",
    "region": "USA / NTSC"
  },
  {
    "id": "zpqrd7ny",
    "player": "Nolmy",
    "player_location": "us",
    "region": "USA / NTSC"
  },
  {
    "id": "mk482q3y",
    "player": "CreatureTypeSorcery",
    "player_location": "se",
    "region": "USA / NTSC"
  },
  {
    "id": "mek4p19m",
    "player": "MarthSR",
    "player_location": "ca/qc",
    "region": "USA / NTSC"
  },
  {
    "id": "yoj9rrdm",
    "player": "Sathdresh",
    "player_location": "us",
    "region": "USA / NTSC"
  },
  {
    "id": "y2qr5j9y",
    "player": "KLM1187",
    "player_location": "us",
    "region": "USA / NTSC"
  },
  {
    "id": "z0e7go8m",
    "player": "the_kov",
    "player_location": "us",
    "region": "USA / NTSC"
  },
  {
    "id": "zgnropdy",
    "player": "choobsx",
    "player_location": "us",
    "region": "USA / NTSC"
  },
  {
    "id": "zpq8v6gy",
    "player": "MadMegaX381",
    "player_location": "us",
    "region": "USA / NTSC"
  },
  {
    "id": "y230317m",
    "player": "xenkaroshi",
    "player_location": "se",
    "region": "USA / NTSC"
  },
  {
    "id": "yjk8qxgm",
    "player": "ryptophan",
    "player_location": "ca",
    "region": "USA / NTSC"
  },
  {
    "id": "y67o4d1m",
    "player": "LRock617",
    "player_location": "us",
    "region": "USA / NTSC"
  },
  {
    "id": "z0ex9n4m",
    "player": "gttriger19",
    "player_location": "ca/qc",
    "region": "USA / NTSC"
  },
  {
    "id": "zn8egllz",
    "player": "MickeyMentol",
    "player_location": "ca/qc",
    "region": "USA / NTSC"
  },
  {
    "id": "y4565p2m",
    "player": "maramilitia",
    "player_location": "gb/eng",
    "region": "USA / NTSC"
  },
  {
    "id": "y232ln7m",
    "player": "vmikea",
    "player_location": "ru",
    "region": "USA / NTSC"
  },
  {
    "id": "z0ekjk4m",
    "player": "deathbychipmunk",
    "player_location": "us",
    "region": "USA / NTSC"
  },
  {
    "id": "y2p1vr5z",
    "player": "4iSteven",
    "player_location": "us",
    "region": "USA / NTSC"
  },
  {
    "id": "y67wg2qm",
    "player": "infinitemystery",
    "player_location": null,
    "region": "USA / NTSC"
  },
  {
    "id": "zp0l4rxm",
    "player": "StuffnThings",
    "player_location": "us",
    "region": "USA / NTSC"
  },
  {
    "id": "mekqj20m",
    "player": "sluming",
    "player_location": "us",
    "region": "USA / NTSC"
  },
  {
    "id": "zgn41jny",
    "player": "DarQ",
    "player_location": "ca",
    "region": "USA / NTSC"
  },
  {
    "id": "me8v873m",
    "player": "lomax",
    "player_location": "ru",
    "region": "USA / NTSC"
  },
  {
    "id": "z03w5g8z",
    "player": "Samus_Supreme",
    "player_location": "us",
    "region": "USA / NTSC"
  },
  {
    "id": "yj4ljldy",
    "player": "brucinator",
    "player_location": "kr",
    "region": "USA / NTSC"
  },
  {
    "id": "yd3972wz",
    "player": "jnich87",
    "player_location": "us",
    "region": "USA / NTSC"
  },
  {
    "id": "z031934z",
    "player": "thezampo",
    "player_location": "br",
    "region": "USA / NTSC"
  },
  {
    "id": "y6pl6e0m",
    "player": "RenegadeBeachCop",
    "player_location": "us",
    "region": "USA / NTSC"
  },
  {
    "id": "y92nj6kz",
    "player": "walranium",
    "player_location": "us",
    "region": "USA / NTSC"
  },
  {
    "id": "zn41k68m",
    "player": "Klarg",
    "player_location": "us",
    "region": "USA / NTSC"
  },
  {
    "id": "y6pd8vpm",
    "player": "hazelnym",
    "player_location": "us",
    "region": "USA / NTSC"
  },
  {
    "id": "zg7011nz",
    "player": "Fitnuel",
    "player_location": "ru",
    "region": "USA / NTSC"
  },
  {
    "id": "yvjv08xy",
    "player": "pawelpredki",
    "player_location": "pl",
    "region": "USA / NTSC"
  },
  {
    "id": "zxl0r28z",
    "player": "MetalHead",
    "player_location": "us",
    "region": "USA / NTSC"
  },
  {
    "id": "zx84d4gm",
    "player": "thenesmaster",
    "player_location": "mx",
    "region": "USA / NTSC"
  },
  {
    "id": "y6pjrpqm",
    "player": "PGA_Mexican",
    "player_location": "mx",
    "region": "USA / NTSC"
  },
  {
    "id": "yl4lj6nm",
    "player": "123jrf",
    "player_location": "us",
    "region": "USA / NTSC"
  },
  {
    "id": "y25xj09y",
    "player": "NeGAtiv4k",
    "player_location": "ru",
    "region": "JPN / NTSC"
  },
  {
    "id": "zg7j7n0z",
    "player": "Konatai",
    "player_location": "ru",
    "region": "USA / NTSC"
  },
  {
    "id": "z5jrk65m",
    "player": "sYn",
    "player_location": "us",
    "region": "USA / NTSC"
  },
  {
    "id": "m3owk2qm",
    "player": "skateman222",
    "player_location": "ca/qc",
    "region": "USA / NTSC"
  },
  {
    "id": "yj3jk77z",
    "player": "ZeeGee_",
    "player_location": "us",
    "region": "USA / NTSC"
  },
  {
    "id": "znq6kn3z",
    "player": "smartalec24",
    "player_location": "us",
    "region": "USA / NTSC"
  },
  {
    "id": "z095gg4z",
    "player": "treyvz",
    "player_location": "ru",
    "region": "USA / NTSC"
  },
  {
    "id": "m37819gz",
    "player": "Pikachu",
    "player_location": "ua",
    "region": "USA / NTSC"
  },
  {
    "id": "yo2e610z",
    "player": "NeoKad",
    "player_location": "ca/qc",
    "region": "USA / NTSC"
  },
  {
    "id": "y99vexvy",
    "player": "RealDealDiPirro",
    "player_location": "us",
    "region": null
  },
  {
    "id": "yo2glnjz",
    "player": "Alex_Toad",
    "player_location": "ru",
    "region": "USA / NTSC"
  },
  {
    "id": "me8p888m",
    "player": "MagicK",
    "player_location": "ca/qc",
    "region": "USA / NTSC"
  },
  {
    "id": "zn45eelm",
    "player": "Drumboardist",
    "player_location": "us",
    "region": "USA / NTSC"
  },
  {
    "id": "zn46739m",
    "player": "Zorilla33",
    "player_location": "us",
    "region": "USA / NTSC"
  },
  {
    "id": "m3o486dm",
    "player": "Benhur",
    "player_location": "ca/qc",
    "region": "USA / NTSC"
  },
  {
    "id": "m7pkrn9m",
    "player": "Gesalzen",
    "player_location": "de",
    "region": "USA / NTSC"
  },
  {
    "id": "y434483z",
    "player": "Zhrakula",
    "player_location": "aq",
    "region": "USA / NTSC"
  },
  {
    "id": "zq3lx4xy",
    "player": "SchmidttyGames",
    "player_location": "us",
    "region": "USA / NTSC"
  },
  {
    "id": "y43p4kqz",
    "player": "weezescorcho",
    "player_location": "us",
    "region": "USA / NTSC"
  },
  {
    "id": "z1j3nxjz",
    "player": "RedPepper",
    "player_location": "us",
    "region": "USA / NTSC"
  },
  {
    "id": "yw40gg0z",
    "player": "PhoenixEraser",
    "player_location": "fr",
    "region": "USA / NTSC"
  },
  {
    "id": "z57e9n5m",
    "player": "monolyt",
    "player_location": "ru",
    "region": "USA / NTSC"
  },
  {
    "id": "yw4rrepz",
    "player": "rooslugs",
    "player_location": "us",
    "region": "USA / NTSC"
  },
  {
    "id": "y218g15z",
    "player": "Stavron",
    "player_location": "ru",
    "region": "USA / NTSC"
  },
  {
    "id": "yor3wp5y",
    "player": "freeHippie",
    "player_location": "de",
    "region": "JPN / NTSC"
  },
  {
    "id": "znrlr8ly",
    "player": "femmi",
    "player_location": "ru",
    "region": "USA / NTSC"
  },
  {
    "id": "y42qwjkm",
    "player": "Blazya",
    "player_location": "ru",
    "region": "USA / NTSC"
  },
  {
    "id": "zgwkx3ny",
    "player": "Grippies86",
    "player_location": "us",
    "region": "USA / NTSC"
  },
  {
    "id": "y255g85y",
    "player": "disdonn",
    "player_location": "us",
    "region": "USA / NTSC"
  },
  {
    "id": "y6r08n1y",
    "player": "addray",
    "player_location": null,
    "region": "USA / NTSC"
  },
  {
    "id": "mk37pkvz",
    "player": "Stigmat",
    "player_location": "vh",
    "region": "USA / NTSC"
  },
  {
    "id": "y6592r1z",
    "player": "Kreepingdeth",
    "player_location": "us",
    "region": "USA / NTSC"
  },
  {
    "id": "y2p8d15z",
    "player": "Threesixes",
    "player_location": "at",
    "region": "USA / NTSC"
  },
  {
    "id": "z05p5wem",
    "player": "1trickPonyta",
    "player_location": "us",
    "region": "USA / NTSC"
  },
  {
    "id": "z5vn71jm",
    "player": "SteveZero",
    "player_location": "us",
    "region": "USA / NTSC"
  },
  {
    "id": "ylrw3k3y",
    "player": "Destroerwow",
    "player_location": "ru",
    "region": "USA / NTSC"
  },
  {
    "id": "y65w0kpz",
    "player": "Megalan7",
    "player_location": "us",
    "region": "USA / NTSC"
  },
  {
    "id": "znkdpn7z",
    "player": "Okamikaze",
    "player_location": "gb",
    "region": "USA / NTSC"
  },
  {
    "id": "z1ov67jm",
    "player": "TheDanielRivas",
    "player_location": "us",
    "region": "USA / NTSC"
  },
  {
    "id": "mk87rk5m",
    "player": "Demian_Neville",
    "player_location": "ua",
    "region": "USA / NTSC"
  },
  {
    "id": "z1ojrejm",
    "player": "MiPS",
    "player_location": "fr",
    "region": "USA / NTSC"
  },
  {
    "id": "yvoklooz",
    "player": "Lexa_Lyagushev",
    "player_location": "by",
    "region": "JPN / NTSC"
  },
  {
    "id": "ydr2l30z",
    "player": "GreyGurd",
    "player_location": "ru",
    "region": "USA / NTSC"
  },
  {
    "id": "zpl3ex8m",
    "player": "HosteL",
    "player_location": "ru",
    "region": "USA / NTSC"
  },
  {
    "id": "z1x0p0gm",
    "player": "Lucha_Gym",
    "player_location": "au",
    "region": "USA / NTSC"
  },
  {
    "id": "m3gerrqz",
    "player": "k_funk87",
    "player_location": "us",
    "region": "USA / NTSC"
  },
  {
    "id": "m3rgwkqm",
    "player": "BlackwoodRecordings",
    "player_location": "us",
    "region": "USA / NTSC"
  },
  {
    "id": "m37p9pgz",
    "player": "JosephHTobinJr",
    "player_location": "ru",
    "region": "JPN / NTSC"
  },
  {
    "id": "yvrjdwez",
    "player": "Charlie9631",
    "player_location": "us",
    "region": "JPN / NTSC"
  },
  {
    "id": "yo9v3p7y",
    "player": "Baras441",
    "player_location": "ru",
    "region": "USA / NTSC"
  },
  {
    "id": "mk7wo4vy",
    "player": "Neithend",
    "player_location": "co",
    "region": "USA / NTSC"
  },
  {
    "id": "m3r74p4m",
    "player": "Mizzuzbizzy",
    "player_location": "us",
    "region": "USA / NTSC"
  },
  {
    "id": "zgd8qvvz",
    "player": "Ivalusme",
    "player_location": "co",
    "region": "USA / NTSC"
  },
  {
    "id": "ylqqepxz",
    "player": "polsvoice",
    "player_location": "us",
    "region": "USA / NTSC"
  },
  {
    "id": "zq105pxm",
    "player": "Lefloic",
    "player_location": "ca/qc",
    "region": "USA / NTSC"
  },
  {
    "id": "zxglgwky",
    "player": "KumaKhan22",
    "player_location": "us",
    "region": "USA / NTSC"
  },
  {
    "id": "ylo535ny",
    "player": "MoritzSnow",
    "player_location": "de",
    "region": "USA / NTSC"
  },
  {
    "id": "z1rrpp9m",
    "player": "LadyGalaga",
    "player_location": "us",
    "region": "USA / NTSC"
  },
  {
    "id": "znonlj7y",
    "player": "beljn",
    "player_location": "ph",
    "region": "USA / NTSC"
  },
  {
    "id": "m78kj64z",
    "player": "ViggoTheeCarpathian",
    "player_location": "us",
    "region": "USA / NTSC"
  },
  {
    "id": "mr11482z",
    "player": "GetLostGames",
    "player_location": null,
    "region": "USA / NTSC"
  },
  {
    "id": "y2x134wm",
    "player": "HerrNic",
    "player_location": "de",
    "region": "USA / NTSC"
  },
  {
    "id": "zq119k9m",
    "player": "KenMastersWetDream",
    "player_location": "us",
    "region": "USA / NTSC"
  },
  {
    "id": "mr14797z",
    "player": "xCh3wy",
    "player_location": "de",
    "region": "USA / NTSC"
  },
  {
    "id": "y99xr2ry",
    "player": "gogozombie",
    "player_location": "us",
    "region": "USA / NTSC"
  },
  {
    "id": "ydr9wvvz",
    "player": "JoePulito",
    "player_location": "us",
    "region": "USA / NTSC"
  },
  {
    "id": "m3xk514m",
    "player": "MaxisMozark",
    "player_location": "us",
    "region": "USA / NTSC"
  },
  {
    "id": "zggde2dz",
    "player": "jimjamboory",
    "player_location": "us",
    "region": "USA / NTSC"
  },
  {
    "id": "z5r39kdy",
    "player": "RetrophileTV",
    "player_location": "us",
    "region": "USA / NTSC"
  },
  {
    "id": "y999kkky",
    "player": "MUSICnGAMING",
    "player_location": "us",
    "region": "USA / NTSC"
  },
  {
    "id": "y6ddr4qm",
    "player": "CaptCaveman910",
    "player_location": "us",
    "region": "JPN / NTSC"
  },
  {
    "id": "y6ddnj0m",
    "player": "stuffisstuff",
    "player_location": "us",
    "region": "USA / NTSC"
  },
  {
    "id": "ylqoo82z",
    "player": "ShesChardcore",
    "player_location": "us",
    "region": "USA / NTSC"
  },
  {
    "id": "m7d8615m",
    "player": "mappyman",
    "player_location": "us",
    "region": "USA / NTSC"
  },
  {
    "id": "zxg7kdey",
    "player": "Ameliezee",
    "player_location": "ca/qc",
    "region": "USA / NTSC"
  },
  {
    "id": "y2xvr15m",
    "player": "travwhite",
    "player_location": "us",
    "region": "USA / NTSC"
  },
  {
    "id": "zp19xoxz",
    "player": "Oipo",
    "player_location": "nl",
    "region": "USA / NTSC"
  },
  {
    "id": "z5rr05ey",
    "player": "JaekRock",
    "player_location": "us",
    "region": "USA / NTSC"
  },
  {
    "id": "zp11v58z",
    "player": "Edo_87",
    "player_location": "cl",
    "region": "USA / NTSC"
  },
  {
    "id": "y2xx4n6m",
    "player": "Zericc",
    "player_location": "ca",
    "region": "USA / NTSC"
  },
  {
    "id": "ydrewdjz",
    "player": "CritRocket",
    "player_location": "us",
    "region": "USA / NTSC"
  },
  {
    "id": "y8dje6dz",
    "player": "LordFancypus",
    "player_location": "us",
    "region": "USA / NTSC"
  },
  {
    "id": "z0rp6kjz",
    "player": "Nydanii",
    "player_location": "us",
    "region": null
  },
  {
    "id": "ylq5wlnz",
    "player": "cubbieblue4life",
    "player_location": "us",
    "region": "USA / NTSC"
  },
  {
    "id": "zgrg6nem",
    "player": "DrMooCowz",
    "player_location": "us",
    "region": "USA / NTSC"
  },
  {
    "id": "zp1p78rz",
    "player": "ItsAlti",
    "player_location": "us",
    "region": null
  },
  {
    "id": "mk53o4xm",
    "player": "yanounai",
    "player_location": "fr",
    "region": "USA / NTSC"
  },
  {
    "id": "z0rqno9z",
    "player": "EvilelF",
    "player_location": "us",
    "region": "USA / NTSC"
  },
  {
    "id": "ydrv480z",
    "player": "no_ice_5",
    "player_location": "us",
    "region": "USA / NTSC"
  },
  {
    "id": "y2xo7o5m",
    "player": "Kefka14",
    "player_location": "us",
    "region": "USA / NTSC"
  },
  {
    "id": "mkgjjrly",
    "player": "ionceateawholelemon",
    "player_location": "us",
    "region": null
  },
  {
    "id": "m371vrgz",
    "player": "Yumashev",
    "player_location": "ru",
    "region": "USA / NTSC"
  },
  {
    "id": "mrnk8e2y",
    "player": "betamaxglitch",
    "player_location": "br",
    "region": "USA / NTSC"
  },
  {
    "id": "yded7owm",
    "player": "t0zzle",
    "player_location": "ca",
    "region": "USA / NTSC"
  },
  {
    "id": "z5d03ljm",
    "player": "Rayeo",
    "player_location": "us",
    "region": "USA / NTSC"
  },
  {
    "id": "z07dnw4y",
    "player": "nickbush24",
    "player_location": "us",
    "region": "USA / NTSC"
  },
  {
    "id": "z1x9r57m",
    "player": "B_Good",
    "player_location": "ca",
    "region": "USA / NTSC"
  },
  {
    "id": "zn0x63ly",
    "player": "alraedris",
    "player_location": "ca",
    "region": "USA / NTSC"
  },
  {
    "id": "m372vgwz",
    "player": "FULGOR",
    "player_location": "ru",
    "region": "JPN / NTSC"
  },
  {
    "id": "z1x761rm",
    "player": "Prof007",
    "player_location": "de",
    "region": "USA / NTSC"
  },
  {
    "id": "y8e424dy",
    "player": "Tegron",
    "player_location": "pl",
    "region": "JPN / NTSC"
  },
  {
    "id": "yo61345y",
    "player": "stereodoGGG",
    "player_location": "ca",
    "region": "USA / NTSC"
  },
  {
    "id": "mejxqk9y",
    "player": "kaktus313",
    "player_location": null,
    "region": "JPN / NTSC"
  },
  {
    "id": "yjx6x2gz",
    "player": "NinpoManiac",
    "player_location": "us",
    "region": "USA / NTSC"
  },
  {
    "id": "m33nq6qm",
    "player": "grendalsbane",
    "player_location": "gb/eng",
    "region": "USA / NTSC"
  },
  {
    "id": "yle6qg3z",
    "player": "porkytheunique",
    "player_location": "kp",
    "region": "USA / NTSC"
  },
  {
    "id": "yvq0gpxm",
    "player": "DarthTyrael",
    "player_location": "us",
    "region": "USA / NTSC"
  },
  {
    "id": "zxlqj68z",
    "player": "Zarc0nis",
    "player_location": "us",
    "region": "USA / NTSC"
  },
  {
    "id": "zq08nx1y",
    "player": "yelsraek",
    "player_location": "us",
    "region": "USA / NTSC"
  },
  {
    "id": "ywjxovpz",
    "player": "LuxStein",
    "player_location": "us",
    "region": "USA / NTSC"
  },
  {
    "id": "zq05rpxy",
    "player": "Thee_Deadguy",
    "player_location": "ie",
    "region": "USA / NTSC"
  },
  {
    "id": "m368l6dm",
    "player": "bruceiam",
    "player_location": "us",
    "region": "USA / NTSC"
  },
  {
    "id": "ywj9jopz",
    "player": "MrMatthews",
    "player_location": "us",
    "region": "USA / NTSC"
  },
  {
    "id": "y6x49l6y",
    "player": "minusf8",
    "player_location": "us",
    "region": "USA / NTSC"
  },
  {
    "id": "zpd8k8nz",
    "player": "Shadowkirby17",
    "player_location": "us",
    "region": "USA / NTSC"
  },
  {
    "id": "zgp24p0z",
    "player": "SUPLEX",
    "player_location": "ca",
    "region": "USA / NTSC"
  },
  {
    "id": "me3q11qz",
    "player": "RyanVideoGamer",
    "player_location": "us",
    "region": "USA / NTSC"
  },
  {
    "id": "zgqd3rey",
    "player": "Neevil",
    "player_location": "ru",
    "region": "JPN / NTSC"
  },
  {
    "id": "zq983xxy",
    "player": "Nateorious_",
    "player_location": "us",
    "region": "USA / NTSC"
  },
  {
    "id": "yjd2q17y",
    "player": "HowDoUPlay",
    "player_location": "us",
    "region": "USA / NTSC"
  },
  {
    "id": "z1gvvg9z",
    "player": "JonnyLink",
    "player_location": "us",
    "region": "USA / NTSC"
  },
  {
    "id": "mkdn8e3y",
    "player": "Shyv",
    "player_location": "pl",
    "region": null
  },
  {
    "id": "yjdrqqoy",
    "player": "CynanMachae",
    "player_location": "ca/qc",
    "region": "USA / NTSC"
  },
  {
    "id": "z0l4k8oz",
    "player": "Firebroth",
    "player_location": "us",
    "region": "USA / NTSC"
  },
  {
    "id": "zxn9qr8m",
    "player": "Stroumen",
    "player_location": "ru",
    "region": null
  },
  {
    "id": "z1q10r9y",
    "player": "Nontimetis",
    "player_location": "fi",
    "region": "USA / NTSC"
  },
  {
    "id": "mkv9jrly",
    "player": "Sakaali",
    "player_location": "fi",
    "region": "USA / NTSC"
  }
]