[
  {
    "id": "yj1w56dy",
    "player": "Reni",
    "player_location": "pl",
    "region": null
  },
  {
    "id": "zp3xgerm",
    "player": "Pieozek",
    "player_location": "pl",
    "region": null
  },
  {
    "id": "zgxl0xnm",
    "player": "Jaypin88",
    "player_location": "ca",
    "region": null
  },
  {
    "id": "y9nd67vz",
    "player": "Otterstone_Gamer",
    "player_location": "us",
    "region": null
  },
  {
    "id": "y6dpv60m",
    "player": "TRLittleToaster",
    "player_location": "us",
    "region": null
  },
  {
    "id": "z1r5prrm",
    "player": "ShesChardcore",
    "player_location": "us",
    "region": null
  },
  {
    "id": "z1r57rwm",
    "player": "Fioresa",
    "player_location": "us",
    "region": null
  },
  {
    "id": "m7d7kkem",
    "player": "gvven",
    "player_location": "fr",
    "region": "EUR / PAL"
  },
  {
    "id": "zxgl2jgy",
    "player": "Markelobitx",
    "player_location": "es/pv",
    "region": null
  },
  {
    "id": "yopr0w0m",
    "player": "ReichardTheThird",
    "player_location": "us",
    "region": null
  },
  {
    "id": "yl1o5gkm",
    "player": "killerkun...",
    "player_location": "jp",
    "region": null
  },
  {
    "id": "ydw1v6qm",
    "player": "Jacob1",
    "player_location": "ca",
    "region": null
  },
  {
    "id": "mro96o2m",
    "player": "Narwhal1111",
    "player_location": "us",
    "region": null
  },
  {
    "id": "zgdo4njz",
    "player": "seruran_blue",
    "player_location": "jp",
    "region": "JPN / NTSC"
  },
  {
    "id": "ywjwgo2z",
    "player": "Ayamiya",
    "player_location": "jp",
    "region": "JPN / NTSC"
  },
  {
    "id": "zq055dry",
    "player": "yrhn",
    "player_location": "jp",
    "region": null
  },
  {
    "id": "ywj5r79z",
    "player": "JeelSpeed",
    "player_location": "zw",
    "region": null
  },
  {
    "id": "ydwpgnqm",
    "player": "daff",
    "player_location": "ru",
    "region": null
  },
  {
    "id": "mr6p9ddm",
    "player": "Pugkichi",
    "player_location": "jp",
    "region": null
  },
  {
    "id": "m7xpojwy",
    "player": "Act_",
    "player_location": "us",
    "region": null
  },
  {
    "id": "y8xdn6wm",
    "player": "Guilgae",
    "player_location": "fr",
    "region": "EUR / PAL"
  }
]