[
  {
    "id": "y810w8dz",
    "player": "PB_Speedruns",
    "player_location": "us",
    "region": "USA / NTSC"
  },
  {
    "id": "m7q8ooez",
    "player": "CaptainHodders",
    "player_location": "ca",
    "region": null
  },
  {
    "id": "yw8noony",
    "player": "BimmyHere",
    "player_location": "us",
    "region": null
  },
  {
    "id": "z5jnqljm",
    "player": "BuckleysPants",
    "player_location": "us",
    "region": null
  },
  {
    "id": "y8rrlw5m",
    "player": "bigboyoliwer",
    "player_location": "se",
    "region": null
  },
  {
    "id": "m75lpq5z",
    "player": "Bobakitalitos",
    "player_location": "ca",
    "region": null
  },
  {
    "id": "m3n63kdy",
    "player": "Mfpdelton",
    "player_location": "us",
    "region": null
  },
  {
    "id": "z0l57kez",
    "player": "THiEF_HD209",
    "player_location": "us",
    "region": "USA / NTSC"
  },
  {
    "id": "zx8n71gm",
    "player": "Chillin_Chum",
    "player_location": "ca",
    "region": "USA / NTSC"
  }
]