[
  {
    "id": "yd6d450z",
    "player": "zfresh",
    "player_location": "us",
    "region": null
  },
  {
    "id": "y6l150py",
    "player": "heikin_fan_club",
    "player_location": "jp",
    "region": "USA / NTSC"
  },
  {
    "id": "z1j0l5wz",
    "player": "Ryuudachi",
    "player_location": "th",
    "region": "USA / NTSC"
  },
  {
    "id": "yj3vq3gz",
    "player": "ryuugami74",
    "player_location": "de",
    "region": "EUR / PAL"
  },
  {
    "id": "mexrqd8z",
    "player": "Abseudus",
    "player_location": "at",
    "region": "USA / NTSC"
  }
]