[
  {
    "id": "0zn8qe7z",
    "player": "Dugongue",
    "player_location": "us",
    "region": "JPN / NTSC"
  },
  {
    "id": "9yo4do0m",
    "player": "neonstreetlight",
    "player_location": "us",
    "region": "JPN / NTSC"
  },
  {
    "id": "7z0j8doy",
    "player": "Alowishus89",
    "player_location": "gb/nir",
    "region": "JPN / NTSC"
  },
  {
    "id": "wzp825ry",
    "player": "btrim",
    "player_location": "us",
    "region": "JPN / NTSC"
  },
  {
    "id": "mk2843xm",
    "player": "Meduka",
    "player_location": "br",
    "region": "JPN / NTSC"
  },
  {
    "id": "zq6wj69y",
    "player": "BlueImp",
    "player_location": "br",
    "region": "JPN / NTSC"
  },
  {
    "id": "mk4knq1y",
    "player": "The_Retro_Challenger",
    "player_location": "ca/qc",
    "region": "JPN / NTSC"
  },
  {
    "id": "y2qo1d6y",
    "player": "Dogveloper",
    "player_location": "br",
    "region": "JPN / NTSC"
  },
  {
    "id": "y890dknm",
    "player": "MINTMontgomery",
    "player_location": "gb/nir",
    "region": "JPN / NTSC"
  },
  {
    "id": "zq38x9xy",
    "player": "tonyy",
    "player_location": "br",
    "region": "JPN / NTSC"
  },
  {
    "id": "zqge8o1m",
    "player": "JustLeeBelmont",
    "player_location": "pr",
    "region": "JPN / NTSC"
  },
  {
    "id": "zqr41l8y",
    "player": "v0oidfangirl",
    "player_location": null,
    "region": "JPN / NTSC"
  },
  {
    "id": "m7qgrewz",
    "player": "CaueYamikaze",
    "player_location": "br",
    "region": "JPN / NTSC"
  },
  {
    "id": "y81wgpxz",
    "player": "Kiwami",
    "player_location": "br",
    "region": "JPN / NTSC"
  },
  {
    "id": "z5737pjm",
    "player": "desuroth",
    "player_location": "br",
    "region": "JPN / NTSC"
  },
  {
    "id": "y65l7rpz",
    "player": "Nayume",
    "player_location": "br",
    "region": "JPN / NTSC"
  },
  {
    "id": "y21dve5z",
    "player": "MSamurai",
    "player_location": "br",
    "region": "JPN / NTSC"
  },
  {
    "id": "yv39126z",
    "player": "Setsin",
    "player_location": "br",
    "region": "JPN / NTSC"
  },
  {
    "id": "z1joxnwz",
    "player": "BeaRType",
    "player_location": "br",
    "region": "JPN / NTSC"
  },
  {
    "id": "yojnj61m",
    "player": "Zekinoma",
    "player_location": "br",
    "region": "JPN / NTSC"
  },
  {
    "id": "yw4wdgpz",
    "player": "thmrad",
    "player_location": "br",
    "region": "JPN / NTSC"
  },
  {
    "id": "zp453xgz",
    "player": "anthole",
    "player_location": "us",
    "region": "JPN / NTSC"
  },
  {
    "id": "ylk9r32z",
    "player": "Bluely",
    "player_location": "us",
    "region": "JPN / NTSC"
  },
  {
    "id": "y82w1xny",
    "player": "BitZ",
    "player_location": "br",
    "region": "JPN / NTSC"
  },
  {
    "id": "y65gvq0z",
    "player": "giygasblues",
    "player_location": null,
    "region": "JPN / NTSC"
  },
  {
    "id": "z182p1ry",
    "player": "Alexikary",
    "player_location": "pe",
    "region": "JPN / NTSC"
  },
  {
    "id": "zq4x2v1m",
    "player": "MKDSmaster91",
    "player_location": "us",
    "region": "JPN / NTSC"
  },
  {
    "id": "zqv855rm",
    "player": "MuriMurii",
    "player_location": "br",
    "region": "JPN / NTSC"
  },
  {
    "id": "y69vjv6y",
    "player": "FabricioKaz",
    "player_location": "br",
    "region": "JPN / NTSC"
  },
  {
    "id": "z1rwdogm",
    "player": "manticor5",
    "player_location": "cl",
    "region": "JPN / NTSC"
  },
  {
    "id": "zq005kry",
    "player": "yssup",
    "player_location": "br",
    "region": "JPN / NTSC"
  },
  {
    "id": "mrr27d8m",
    "player": "maheeramg",
    "player_location": "br",
    "region": "JPN / NTSC"
  },
  {
    "id": "y2e5ew6y",
    "player": "Hiuruki_Andre",
    "player_location": "br",
    "region": "JPN / NTSC"
  }
]