[
  {
    "id": "yw16d4nz",
    "player": "Faulheit",
    "player_location": "ar",
    "region": null
  },
  {
    "id": "y670wn1m",
    "player": "Synaelle",
    "player_location": "fr",
    "region": "EUR / PAL"
  },
  {
    "id": "zn8q33vz",
    "player": "Nesslay",
    "player_location": null,
    "region": null
  },
  {
    "id": "yvg8rd4y",
    "player": "pankek",
    "player_location": "il",
    "region": null
  },
  {
    "id": "z0enlg4m",
    "player": "Henry",
    "player_location": "br",
    "region": null
  },
  {
    "id": "me86x90m",
    "player": "Colorpicapix",
    "player_location": "fr",
    "region": "EUR / PAL"
  },
  {
    "id": "y8q6jdxy",
    "player": "Baptes",
    "player_location": "re",
    "region": "EUR / PAL"
  },
  {
    "id": "zpqpl5gy",
    "player": "VictorGAMER",
    "player_location": "br",
    "region": null
  },
  {
    "id": "z0ex64em",
    "player": "technogott",
    "player_location": "at",
    "region": "EUR / PAL"
  },
  {
    "id": "zpqpg6ny",
    "player": "FoxeGamer",
    "player_location": "ru",
    "region": "EUR / PAL"
  },
  {
    "id": "z0exdo9m",
    "player": "Nayden",
    "player_location": "fr",
    "region": "EUR / PAL"
  },
  {
    "id": "yl9d932y",
    "player": "llronaldll",
    "player_location": "br",
    "region": null
  },
  {
    "id": "y97j95rm",
    "player": "SonicPlays",
    "player_location": "br",
    "region": null
  },
  {
    "id": "yvgx874y",
    "player": "Ladell",
    "player_location": "tw",
    "region": null
  },
  {
    "id": "y891kk1m",
    "player": "Mayhem22",
    "player_location": "gb/eng",
    "region": null
  },
  {
    "id": "ywp8e0nz",
    "player": "Kaiso",
    "player_location": "fr",
    "region": "EUR / PAL"
  },
  {
    "id": "yvj6pxoy",
    "player": "Samoht57",
    "player_location": null,
    "region": null
  },
  {
    "id": "y92n2k2z",
    "player": "Ritsu",
    "player_location": "br",
    "region": "USA / NTSC"
  },
  {
    "id": "me89x72m",
    "player": "iZeyy_",
    "player_location": "fr",
    "region": "EUR / PAL"
  },
  {
    "id": "y6p62e6m",
    "player": "someocto",
    "player_location": "us",
    "region": "USA / NTSC"
  },
  {
    "id": "yvj2kqey",
    "player": "SkippedMonkey",
    "player_location": "br",
    "region": "EUR / PAL"
  },
  {
    "id": "m3o3g8wm",
    "player": "BielzihSP1",
    "player_location": "br",
    "region": null
  },
  {
    "id": "yo2d567z",
    "player": "Euphoria",
    "player_location": "fr",
    "region": "EUR / PAL"
  },
  {
    "id": "mk9w63vz",
    "player": "Abic",
    "player_location": "br",
    "region": null
  },
  {
    "id": "yl457jrm",
    "player": "NightFore",
    "player_location": "fr",
    "region": null
  },
  {
    "id": "me8dvdqm",
    "player": "starsmiley",
    "player_location": "us",
    "region": "USA / NTSC"
  },
  {
    "id": "y2v31e9z",
    "player": "darG",
    "player_location": "pl",
    "region": "EUR / PAL"
  },
  {
    "id": "zp07o4xm",
    "player": "Shatu",
    "player_location": "pl",
    "region": "EUR / PAL"
  },
  {
    "id": "yl4g5wkm",
    "player": "Dandanek",
    "player_location": null,
    "region": "EUR / PAL"
  },
  {
    "id": "zp441qrz",
    "player": "ChoKoSenpai",
    "player_location": "fr",
    "region": "EUR / PAL"
  },
  {
    "id": "y950kxvz",
    "player": "NiKiTA-1001",
    "player_location": "ru",
    "region": null
  },
  {
    "id": "mk23qg5m",
    "player": "Kawaymixare",
    "player_location": "ru",
    "region": null
  },
  {
    "id": "yw4dd59z",
    "player": "Rang",
    "player_location": "mx",
    "region": "EUR / PAL"
  },
  {
    "id": "m7q8oe4z",
    "player": "Ahvihiir",
    "player_location": "ee",
    "region": "EUR / PAL"
  },
  {
    "id": "yj3peodz",
    "player": "qFAY",
    "player_location": null,
    "region": null
  },
  {
    "id": "y21k7x7z",
    "player": "asp1re",
    "player_location": "ru",
    "region": "EUR / PAL"
  },
  {
    "id": "yj393vdz",
    "player": "roblox123tg",
    "player_location": "tw",
    "region": null
  },
  {
    "id": "yd6lg8jz",
    "player": "Ghost69",
    "player_location": "br",
    "region": "BRA / PAL"
  },
  {
    "id": "m31486dz",
    "player": "Matt_PlayXD",
    "player_location": "br",
    "region": "BRA / PAL"
  },
  {
    "id": "zp4ej1gz",
    "player": "Burni",
    "player_location": "br",
    "region": "BRA / PAL"
  },
  {
    "id": "z57qxvem",
    "player": "xisto",
    "player_location": "br",
    "region": "BRA / PAL"
  },
  {
    "id": "yd58qpqm",
    "player": "G4BRI_PLAYS",
    "player_location": "br",
    "region": "BRA / PAL"
  },
  {
    "id": "mk3le11z",
    "player": "Pawuze",
    "player_location": "br",
    "region": null
  },
  {
    "id": "yw884x2y",
    "player": "Tassi0rn",
    "player_location": "br",
    "region": "BRA / PAL"
  },
  {
    "id": "zqwd685z",
    "player": "supersysscvi",
    "player_location": "us",
    "region": "USA / NTSC"
  },
  {
    "id": "mr9nr42m",
    "player": "plush",
    "player_location": "br",
    "region": "BRA / PAL"
  },
  {
    "id": "znk5p47z",
    "player": "ViniciusBC",
    "player_location": "br",
    "region": "BRA / PAL"
  },
  {
    "id": "y6668j1y",
    "player": "Xdxboxjaja",
    "player_location": "pl",
    "region": "EUR / PAL"
  },
  {
    "id": "m7gj079m",
    "player": "Yosomo",
    "player_location": "pl",
    "region": "EUR / PAL"
  },
  {
    "id": "y90qwe2y",
    "player": "AntraZ",
    "player_location": "br",
    "region": "BRA / PAL"
  },
  {
    "id": "yo33q07y",
    "player": "delaxin_",
    "player_location": null,
    "region": "USA / NTSC"
  },
  {
    "id": "yo39j5jy",
    "player": "Sealboy",
    "player_location": "ro",
    "region": null
  },
  {
    "id": "m758noez",
    "player": "kiraa96",
    "player_location": "pl",
    "region": "EUR / PAL"
  },
  {
    "id": "zgdj66jz",
    "player": "neuroKiller",
    "player_location": "br",
    "region": "BRA / PAL"
  },
  {
    "id": "mr9rwj8m",
    "player": "Bodzioj",
    "player_location": "pl",
    "region": null
  },
  {
    "id": "zgvq4evz",
    "player": "miki20",
    "player_location": "pl",
    "region": "EUR / PAL"
  },
  {
    "id": "zgvl79dz",
    "player": "Zui4603",
    "player_location": "nl",
    "region": null
  },
  {
    "id": "y6rgg31y",
    "player": "Ilumyoutube",
    "player_location": "hu",
    "region": null
  },
  {
    "id": "m3no20qy",
    "player": "klopson_gracz",
    "player_location": "pl",
    "region": null
  },
  {
    "id": "y8vq14wz",
    "player": "Ghostxyz",
    "player_location": "ar",
    "region": null
  },
  {
    "id": "yd934kjz",
    "player": "kubi_L",
    "player_location": "pl",
    "region": "EUR / PAL"
  },
  {
    "id": "z06112jz",
    "player": "Plokhi",
    "player_location": "pl",
    "region": null
  },
  {
    "id": "y42e9lqm",
    "player": "Seen150",
    "player_location": "pl",
    "region": "EUR / PAL"
  },
  {
    "id": "z503x9jy",
    "player": "Pawciak",
    "player_location": "pl",
    "region": "EUR / PAL"
  },
  {
    "id": "y9n99jrz",
    "player": "WolfyPro",
    "player_location": "ro",
    "region": "EUR / PAL"
  },
  {
    "id": "y2vvo55z",
    "player": "MrMoony322",
    "player_location": "br",
    "region": "BRA / PAL"
  },
  {
    "id": "yd9wdpqz",
    "player": "PIFT3L",
    "player_location": "ro",
    "region": "EUR / PAL"
  },
  {
    "id": "y9nqvl2z",
    "player": "a11en",
    "player_location": "ua",
    "region": null
  },
  {
    "id": "zn1kv67m",
    "player": "Reiketsu",
    "player_location": "br",
    "region": "BRA / PAL"
  },
  {
    "id": "z5dj15em",
    "player": "TRLittleToaster",
    "player_location": "us",
    "region": "USA / NTSC"
  },
  {
    "id": "me4j179y",
    "player": "crysal",
    "player_location": "dk",
    "region": null
  },
  {
    "id": "mr6d3vdm",
    "player": "RinisRosa",
    "player_location": "br",
    "region": "BRA / PAL"
  },
  {
    "id": "yopk941m",
    "player": "yogansito",
    "player_location": null,
    "region": null
  },
  {
    "id": "z52lq45z",
    "player": "pinkee",
    "player_location": "pl",
    "region": "EUR / PAL"
  },
  {
    "id": "mkkojnxm",
    "player": "fireifixbr",
    "player_location": "br",
    "region": "BRA / PAL"
  },
  {
    "id": "zx7p7v5y",
    "player": "DougDouglas_",
    "player_location": "br",
    "region": "BRA / PAL"
  },
  {
    "id": "yod4j3jm",
    "player": "Tranman64",
    "player_location": "us",
    "region": "USA / NTSC"
  },
  {
    "id": "yl11e6nm",
    "player": "Bonzii",
    "player_location": "ar",
    "region": "BRA / PAL"
  }
]