[
  {
    "id": "yvjojrxy",
    "player": "Pokespartan",
    "player_location": "gb",
    "region": "EUR / PAL"
  },
  {
    "id": "pm32946y",
    "player": "Damarsh",
    "player_location": "gb/eng",
    "region": "EUR / PAL"
  },
  {
    "id": "mr1qd8dz",
    "player": "xNose",
    "player_location": "ca",
    "region": "USA / NTSC"
  },
  {
    "id": "zq086j8y",
    "player": "DatMelloTho",
    "player_location": "us",
    "region": null
  },
  {
    "id": "y9xw04ky",
    "player": "Fakeplant",
    "player_location": null,
    "region": "USA / NTSC"
  }
]