[
  {
    "id": "mk2odj1m",
    "player": "WhiteHat94",
    "player_location": "us",
    "region": "USA / NTSC"
  },
  {
    "id": "y23gep7m",
    "player": "Kongcakes",
    "player_location": "us",
    "region": "USA / NTSC"
  },
  {
    "id": "mr8qrq4y",
    "player": "anthole",
    "player_location": "us",
    "region": "USA / NTSC"
  },
  {
    "id": "6yjogndz",
    "player": "johncarls",
    "player_location": "us",
    "region": "USA / NTSC"
  },
  {
    "id": "mk4l10vy",
    "player": "SuperPitFro",
    "player_location": "us",
    "region": "USA / NTSC"
  },
  {
    "id": "me8k693m",
    "player": "infinitemystery",
    "player_location": null,
    "region": "USA / NTSC"
  },
  {
    "id": "zn48118m",
    "player": "baldnate",
    "player_location": null,
    "region": "USA / NTSC"
  },
  {
    "id": "me8kjrqm",
    "player": "HurricaneMixer",
    "player_location": "us",
    "region": "JPN / NTSC"
  },
  {
    "id": "yd3qgovz",
    "player": "NME",
    "player_location": "us",
    "region": "USA / NTSC"
  },
  {
    "id": "yvjgnrey",
    "player": "Avalonith",
    "player_location": "us",
    "region": "USA / NTSC"
  },
  {
    "id": "yvj2ngxy",
    "player": "Claireic",
    "player_location": "us",
    "region": "JPN / NTSC"
  },
  {
    "id": "y92175ez",
    "player": "Twintail_Nami",
    "player_location": "uy",
    "region": "USA / NTSC"
  },
  {
    "id": "m7p6vj9m",
    "player": "Cornelu",
    "player_location": "us",
    "region": "USA / NTSC"
  },
  {
    "id": "y6l3490y",
    "player": "soulJY",
    "player_location": "cn",
    "region": "USA / NTSC"
  },
  {
    "id": "y6l0vxpy",
    "player": "skateman222",
    "player_location": "ca/qc",
    "region": "USA / NTSC"
  },
  {
    "id": "z1jeld7z",
    "player": "janglestorm",
    "player_location": "nl",
    "region": "USA / NTSC"
  },
  {
    "id": "yw47302z",
    "player": "ANGEL_UNDEAD",
    "player_location": "ru",
    "region": "USA / NTSC"
  },
  {
    "id": "yoj8d07m",
    "player": "Pikachu",
    "player_location": "ua",
    "region": "USA / NTSC"
  },
  {
    "id": "mexq1oqz",
    "player": "smartalec24",
    "player_location": "us",
    "region": "USA / NTSC"
  },
  {
    "id": "z574925m",
    "player": "Overswarm",
    "player_location": "us",
    "region": "USA / NTSC"
  },
  {
    "id": "zxkrpeqm",
    "player": "TwoCplus",
    "player_location": "gr",
    "region": "USA / NTSC"
  },
  {
    "id": "me6keg3z",
    "player": "Rayeo",
    "player_location": "us",
    "region": "USA / NTSC"
  },
  {
    "id": "z09rvroz",
    "player": "LinkedQuest",
    "player_location": "ca/qc",
    "region": "USA / NTSC"
  },
  {
    "id": "z06w564z",
    "player": "pingtoe",
    "player_location": "us",
    "region": "USA / NTSC"
  },
  {
    "id": "me9kd32z",
    "player": "pile",
    "player_location": "us",
    "region": "USA / NTSC"
  },
  {
    "id": "m3n17o6y",
    "player": "Teleo1",
    "player_location": "us",
    "region": "USA / NTSC"
  },
  {
    "id": "m788wpwz",
    "player": "dnkcafe",
    "player_location": "us",
    "region": "USA / NTSC"
  },
  {
    "id": "y9n5dwkz",
    "player": "Squabbler",
    "player_location": "us",
    "region": "USA / NTSC"
  },
  {
    "id": "me99ov9z",
    "player": "Paintbrush_Samurai",
    "player_location": "us",
    "region": "USA / NTSC"
  },
  {
    "id": "zqe4rv5z",
    "player": "DarthTyrael",
    "player_location": "us",
    "region": "USA / NTSC"
  }
]