[
  {
    "id": "y45l0dkm",
    "player": "Sakura",
    "player_location": "jp",
    "region": "JPN / NTSC"
  },
  {
    "id": "z5jvqrdm",
    "player": "fonsi00101",
    "player_location": "jp",
    "region": "JPN / NTSC"
  },
  {
    "id": "mrkn2xgy",
    "player": "Chiyo",
    "player_location": "jp",
    "region": "JPN / NTSC"
  },
  {
    "id": "y669l5py",
    "player": "DAI_MOBIUS",
    "player_location": "jp",
    "region": "JPN / NTSC"
  },
  {
    "id": "yw04jn0m",
    "player": "vira",
    "player_location": "jp",
    "region": "JPN / NTSC"
  }
]