[
  {
    "id": "0y6p356m",
    "player": "Cyberdemon531",
    "player_location": "us",
    "region": "USA / NTSC"
  },
  {
    "id": "dy47gwdy",
    "player": "Chocochu",
    "player_location": null,
    "region": "JPN / NTSC"
  },
  {
    "id": "jy9lk3ky",
    "player": "eme",
    "player_location": "jp",
    "region": "JPN / NTSC"
  },
  {
    "id": "0y60656y",
    "player": "Kusomobu",
    "player_location": null,
    "region": "JPN / NTSC"
  },
  {
    "id": "yd91g1vz",
    "player": "puyo",
    "player_location": "jp",
    "region": "JPN / NTSC"
  },
  {
    "id": "oy2pv57z",
    "player": "Aime",
    "player_location": null,
    "region": "JPN / NTSC"
  },
  {
    "id": "zqrp119y",
    "player": "azaaasu",
    "player_location": "jp",
    "region": "JPN / NTSC"
  },
  {
    "id": "y4139lqy",
    "player": "BegetaminB",
    "player_location": null,
    "region": "JPN / NTSC"
  },
  {
    "id": "zxkjnkem",
    "player": "FelipeNascimento83",
    "player_location": "br",
    "region": "USA / NTSC"
  },
  {
    "id": "z1projrz",
    "player": "irk841",
    "player_location": "jp",
    "region": "JPN / NTSC"
  },
  {
    "id": "zp2dojxy",
    "player": "puyosuke",
    "player_location": null,
    "region": "JPN / NTSC"
  },
  {
    "id": "mkedw6xm",
    "player": "chocochu",
    "player_location": null,
    "region": "JPN / NTSC"
  },
  {
    "id": "yv04ng4z",
    "player": "nagomi",
    "player_location": "jp",
    "region": "JPN / NTSC"
  },
  {
    "id": "zpdeejvz",
    "player": "K_SKY",
    "player_location": "jp",
    "region": "JPN / NTSC"
  }
]