[
  {
    "id": "1zq35g9y",
    "player": "eLmaGus",
    "player_location": "de",
    "region": "USA / NTSC"
  },
  {
    "id": "7z0d629y",
    "player": "chessjerk",
    "player_location": "us",
    "region": "USA / NTSC"
  },
  {
    "id": "2ywp502z",
    "player": "CarNage64",
    "player_location": "us",
    "region": "USA / NTSC"
  },
  {
    "id": "0znkqe7z",
    "player": "\u30a2\u30b4\u30bb\u30ec\u30d6",
    "player_location": null,
    "region": "JPN / NTSC"
  },
  {
    "id": "6yjldwdz",
    "player": "\u3072\u307e\u304c\u304f",
    "player_location": null,
    "region": "JPN / NTSC"
  },
  {
    "id": "jy9l24ey",
    "player": "Dreamlander",
    "player_location": null,
    "region": "USA / NTSC"
  },
  {
    "id": "9yo3jg7y",
    "player": "HUAAAANG",
    "player_location": null,
    "region": "USA / NTSC"
  },
  {
    "id": "y21n0r6z",
    "player": "ItsKasa",
    "player_location": "ca",
    "region": "USA / NTSC"
  },
  {
    "id": "0zn7k63m",
    "player": "InfOutlaw",
    "player_location": "us",
    "region": "USA / NTSC"
  },
  {
    "id": "0zn77w3m",
    "player": "Aithere",
    "player_location": "us",
    "region": "USA / NTSC"
  },
  {
    "id": "1zx7w18y",
    "player": "Mechapope1",
    "player_location": "ca",
    "region": "USA / NTSC"
  },
  {
    "id": "zgnnqdvy",
    "player": "Odin726",
    "player_location": "us",
    "region": "USA / NTSC"
  },
  {
    "id": "yo4on17m",
    "player": "SloaTheDemon",
    "player_location": "us",
    "region": "USA / NTSC"
  },
  {
    "id": "zg70d3jz",
    "player": "Belted_Kingfisher",
    "player_location": "us",
    "region": "USA / NTSC"
  },
  {
    "id": "zpq4p4ny",
    "player": "Penguis",
    "player_location": "us",
    "region": "USA / NTSC"
  },
  {
    "id": "y8qedgny",
    "player": "Bl5HOP",
    "player_location": "us",
    "region": "USA / NTSC"
  },
  {
    "id": "mr8d2w2y",
    "player": "8bitOnigiri",
    "player_location": "us",
    "region": "USA / NTSC"
  },
  {
    "id": "me8dg1qm",
    "player": "camp4r",
    "player_location": "us",
    "region": "USA / NTSC"
  },
  {
    "id": "mrejd02y",
    "player": "flaeryn",
    "player_location": "us",
    "region": "USA / NTSC"
  },
  {
    "id": "yo28nk5z",
    "player": "catnip",
    "player_location": "br",
    "region": "USA / NTSC"
  },
  {
    "id": "me3jd80z",
    "player": "GreenHornGT",
    "player_location": "us",
    "region": "USA / NTSC"
  },
  {
    "id": "y69wwxpy",
    "player": "Oldfashion",
    "player_location": "jp",
    "region": "JPN / NTSC"
  },
  {
    "id": "yjg4k43y",
    "player": "silentkaster",
    "player_location": "us",
    "region": "USA / NTSC"
  },
  {
    "id": "zp25o5vy",
    "player": "Raclesis",
    "player_location": "us",
    "region": "USA / NTSC"
  },
  {
    "id": "zgqk9wdy",
    "player": "LilBunnyRuru",
    "player_location": "us",
    "region": "USA / NTSC"
  },
  {
    "id": "m3x7dpqm",
    "player": "NoirMystere",
    "player_location": "us",
    "region": "USA / NTSC"
  },
  {
    "id": "y2epd87y",
    "player": "JacoboTheChocobo",
    "player_location": "us",
    "region": "USA / NTSC"
  },
  {
    "id": "ydd7x0wy",
    "player": "lcmdhippo",
    "player_location": "ca",
    "region": "USA / NTSC"
  }
]