[
  {
    "id": "jy99xxey",
    "player": "Dugongue",
    "player_location": "us",
    "region": "USA / NTSC"
  },
  {
    "id": "ydqwgpqm",
    "player": "Wayne_Meares",
    "player_location": "us",
    "region": "USA / NTSC"
  },
  {
    "id": "ydqo7vqm",
    "player": "Retro_Omega",
    "player_location": null,
    "region": "USA / NTSC"
  },
  {
    "id": "mk9w3kvz",
    "player": "HurricaneMixer",
    "player_location": "us",
    "region": "JPN / NTSC"
  },
  {
    "id": "yj472x7y",
    "player": "LeandroAmadeu",
    "player_location": "br",
    "region": "USA / NTSC"
  },
  {
    "id": "y89l39nm",
    "player": "Fox-omegasurfer",
    "player_location": "mx",
    "region": "USA / NTSC"
  },
  {
    "id": "znrr6qly",
    "player": "DBcade",
    "player_location": "jp",
    "region": "JPN / NTSC"
  },
  {
    "id": "ylqq3wkz",
    "player": "FelipeNascimento83",
    "player_location": "br",
    "region": "USA / NTSC"
  },
  {
    "id": "meo18r3z",
    "player": "Fabinho_RetroPlay",
    "player_location": "br",
    "region": "USA / NTSC"
  },
  {
    "id": "y2d9kpjz",
    "player": "Jesus82050615",
    "player_location": "ca/qc",
    "region": "USA / NTSC"
  },
  {
    "id": "me65g90z",
    "player": "aaru_hokutomaru",
    "player_location": "jp",
    "region": "JPN / NTSC"
  },
  {
    "id": "zn7onk7m",
    "player": "ParallaxMKChile",
    "player_location": "cl",
    "region": null
  },
  {
    "id": "y9vx07vm",
    "player": "1stDanSNK9495",
    "player_location": "cl",
    "region": null
  },
  {
    "id": "yop2jodm",
    "player": "Kyo_97",
    "player_location": "mx",
    "region": "USA / NTSC"
  }
]