[
  {
    "id": "9mrker8y",
    "player": "Anwonu",
    "player_location": "br",
    "region": "JPN / NTSC"
  },
  {
    "id": "zxk98o8m",
    "player": "DezertPenguin8",
    "player_location": "us",
    "region": "JPN / NTSC"
  },
  {
    "id": "yvjjjooy",
    "player": "Deviltube718",
    "player_location": "us",
    "region": "JPN / NTSC"
  },
  {
    "id": "z09kdo9z",
    "player": "O.D.W.",
    "player_location": "us",
    "region": "JPN / NTSC"
  },
  {
    "id": "y4131q3y",
    "player": "enu",
    "player_location": "jp",
    "region": "JPN / NTSC"
  },
  {
    "id": "yj3g9k7z",
    "player": "Gamira449",
    "player_location": null,
    "region": "JPN / NTSC"
  },
  {
    "id": "z1jrn5rz",
    "player": "\u30e0\u30a8\u30c9",
    "player_location": null,
    "region": "JPN / NTSC"
  },
  {
    "id": "ylnk0wxz",
    "player": "suittyo",
    "player_location": "jp",
    "region": "JPN / NTSC"
  },
  {
    "id": "z1gwr6gz",
    "player": "Ameagari",
    "player_location": "vn",
    "region": "JPN / NTSC"
  }
]