[
  {
    "id": "y6n5vwpz",
    "player": "niedle",
    "player_location": "jp",
    "region": "JPN / NTSC"
  },
  {
    "id": "0znkkxlz",
    "player": "syro",
    "player_location": "jp",
    "region": "JPN / NTSC"
  },
  {
    "id": "wzppg4xz",
    "player": "Kakaema",
    "player_location": null,
    "region": "JPN / NTSC"
  },
  {
    "id": "y65q28qz",
    "player": "naddys_codebeta",
    "player_location": "jp",
    "region": "JPN / NTSC"
  },
  {
    "id": "ydd0n8vy",
    "player": "PockeWolf",
    "player_location": "jp",
    "region": "JPN / NTSC"
  },
  {
    "id": "m36rw0wm",
    "player": "Zerotop",
    "player_location": "jp",
    "region": "JPN / NTSC"
  }
]