[
  {
    "id": "8y8g11nz",
    "player": "Aqualung572",
    "player_location": "us",
    "region": "USA / NTSC"
  },
  {
    "id": "1zqprjxm",
    "player": "JayTheIdiot",
    "player_location": "us",
    "region": "USA / NTSC"
  },
  {
    "id": "yjkrgnom",
    "player": "goatpuncherarctic",
    "player_location": "us",
    "region": "USA / NTSC"
  },
  {
    "id": "yw1koq9z",
    "player": "Jrmhd91",
    "player_location": "us",
    "region": "USA / NTSC"
  },
  {
    "id": "z5e101jz",
    "player": "Skuttie",
    "player_location": "us",
    "region": "USA / NTSC"
  },
  {
    "id": "mexn13qz",
    "player": "SaviorXTanren",
    "player_location": "us",
    "region": "USA / NTSC"
  },
  {
    "id": "z0owp6jz",
    "player": "lumberjackcagemaster",
    "player_location": "us",
    "region": "USA / NTSC"
  },
  {
    "id": "z1xokojm",
    "player": "CodyDoerksen",
    "player_location": null,
    "region": "USA / NTSC"
  },
  {
    "id": "yjd6xjoy",
    "player": "ThrasherDBS",
    "player_location": "us",
    "region": "USA / NTSC"
  },
  {
    "id": "yjdk9qny",
    "player": "JokerPants20",
    "player_location": "us",
    "region": null
  }
]