[
  {
    "id": "kz5oq4ny",
    "player": "SirRouven",
    "player_location": "de",
    "region": "EUR / PAL"
  },
  {
    "id": "emk84wvm",
    "player": "KWzero92",
    "player_location": "at",
    "region": "JPN / NTSC"
  },
  {
    "id": "nz1k4ogy",
    "player": "Diamond",
    "player_location": "us",
    "region": "JPN / NTSC"
  },
  {
    "id": "2ywr0wpm",
    "player": "Canis",
    "player_location": "ca",
    "region": "JPN / NTSC"
  },
  {
    "id": "m3d393qz",
    "player": "sk84uhlivin",
    "player_location": "us",
    "region": "JPN / NTSC"
  },
  {
    "id": "zqgnok8m",
    "player": "Crrool",
    "player_location": "nl",
    "region": "JPN / NTSC"
  },
  {
    "id": "y2dq1j5z",
    "player": "Wh0misDS",
    "player_location": "us",
    "region": "JPN / NTSC"
  },
  {
    "id": "m7pl265m",
    "player": "robthegamer115",
    "player_location": "us",
    "region": "USA / NTSC"
  },
  {
    "id": "m7q3rr9z",
    "player": "zuzuzuzuzu",
    "player_location": "jp",
    "region": "JPN / NTSC"
  },
  {
    "id": "zpl4o9nm",
    "player": "awkwardmanatee",
    "player_location": "gb/nir",
    "region": "EUR / PAL"
  },
  {
    "id": "y8rrkrnm",
    "player": "LadyKrimZen",
    "player_location": "au",
    "region": "EUR / PAL"
  },
  {
    "id": "z50j0vny",
    "player": "Mad",
    "player_location": "gb",
    "region": "EUR / PAL"
  },
  {
    "id": "m3n6wqwy",
    "player": "phikid0",
    "player_location": "us",
    "region": "USA / NTSC"
  },
  {
    "id": "zx6nvogz",
    "player": "Leinou",
    "player_location": "fi",
    "region": "USA / NTSC"
  },
  {
    "id": "z1xqvewm",
    "player": "HarryAugie",
    "player_location": "us",
    "region": "USA / NTSC"
  },
  {
    "id": "mk5pw6lm",
    "player": "Lutum",
    "player_location": "de",
    "region": "EUR / PAL"
  },
  {
    "id": "z0loo38z",
    "player": "midorikaze",
    "player_location": "jp",
    "region": "JPN / NTSC"
  },
  {
    "id": "y607rlqy",
    "player": "Dejais",
    "player_location": "fr",
    "region": null
  }
]