[
  {
    "id": "zp8ek8xy",
    "player": "Yuyukichi",
    "player_location": "jp",
    "region": "JPN / NTSC"
  },
  {
    "id": "mrnp37dy",
    "player": "\u30a2\u30df\u30d1\u30bd",
    "player_location": null,
    "region": "JPN / NTSC"
  },
  {
    "id": "mrng8j8y",
    "player": "JoePulito",
    "player_location": "us",
    "region": "USA / NTSC"
  },
  {
    "id": "y47d3rky",
    "player": "pile",
    "player_location": "us",
    "region": "USA / NTSC"
  },
  {
    "id": "yw34lxnm",
    "player": "CubbyCat",
    "player_location": "us",
    "region": null
  },
  {
    "id": "z52xr6dz",
    "player": "DarthTyrael",
    "player_location": "us",
    "region": "USA / NTSC"
  }
]