[
  {
    "id": "dy4djqqy",
    "player": "Jorf",
    "player_location": "ca",
    "region": "USA / NTSC"
  },
  {
    "id": "emk4l3xy",
    "player": "PHatHome666",
    "player_location": "us",
    "region": "USA / NTSC"
  },
  {
    "id": "7yl5q42z",
    "player": "ZorlaxSeven",
    "player_location": "us",
    "region": "USA / NTSC"
  },
  {
    "id": "ydqvg9xm",
    "player": "Burb",
    "player_location": "se",
    "region": "USA / NTSC"
  },
  {
    "id": "m7p8569m",
    "player": "Witchs_Hex",
    "player_location": null,
    "region": "USA / NTSC"
  },
  {
    "id": "zplgglgm",
    "player": "JuegAriel",
    "player_location": "es",
    "region": "USA / NTSC"
  },
  {
    "id": "y8rj931m",
    "player": "smartalec24",
    "player_location": "us",
    "region": "USA / NTSC"
  },
  {
    "id": "ylevndkz",
    "player": "Sharpless_",
    "player_location": "us",
    "region": "USA / NTSC"
  }
]