[
  {
    "id": "z0er76em",
    "player": "Breadghost",
    "player_location": "us",
    "region": "USA / NTSC"
  },
  {
    "id": "mk4g5p3y",
    "player": "StephenFlorida",
    "player_location": "us",
    "region": "USA / NTSC"
  },
  {
    "id": "ydqrnewm",
    "player": "Claire",
    "player_location": "us",
    "region": "USA / NTSC"
  },
  {
    "id": "mex8nw9z",
    "player": "Alpha",
    "player_location": "us",
    "region": "USA / NTSC"
  },
  {
    "id": "yj440jgy",
    "player": "smileyshirt",
    "player_location": "ca",
    "region": "USA / NTSC"
  },
  {
    "id": "m3n7xe6y",
    "player": "Laurozz",
    "player_location": "mx",
    "region": "USA / NTSC"
  },
  {
    "id": "y436kvkz",
    "player": "Switchmaster64",
    "player_location": "us",
    "region": "USA / NTSC"
  },
  {
    "id": "z05629jm",
    "player": "BigAds",
    "player_location": "gb",
    "region": "EUR / PAL"
  },
  {
    "id": "y60ngrqy",
    "player": "Toogs",
    "player_location": "us",
    "region": "USA / NTSC"
  },
  {
    "id": "zp4x2o8z",
    "player": "DiamondcrafterA",
    "player_location": "us",
    "region": null
  },
  {
    "id": "y8d2vkdz",
    "player": "Shadow64",
    "player_location": "gb",
    "region": "EUR / PAL"
  },
  {
    "id": "y82k3rwy",
    "player": "Podz",
    "player_location": null,
    "region": "EUR / PAL"
  },
  {
    "id": "y66pjn0y",
    "player": "Midbro",
    "player_location": "us",
    "region": "USA / NTSC"
  },
  {
    "id": "y667xrqy",
    "player": "30Aces",
    "player_location": "us",
    "region": "USA / NTSC"
  },
  {
    "id": "m3ndn2dy",
    "player": "PudCrewTristan",
    "player_location": "us",
    "region": "USA / NTSC"
  },
  {
    "id": "mk7v3gly",
    "player": "IonicPixels",
    "player_location": "us",
    "region": "USA / NTSC"
  },
  {
    "id": "zx7kpp8y",
    "player": "TheMine2001",
    "player_location": "us",
    "region": "USA / NTSC"
  },
  {
    "id": "me9lor3z",
    "player": "Gabbo089",
    "player_location": "it",
    "region": "EUR / PAL"
  },
  {
    "id": "zx6gw2gz",
    "player": "Silver",
    "player_location": "ca",
    "region": "USA / NTSC"
  },
  {
    "id": "yv16qr4y",
    "player": "FortTheo",
    "player_location": "fr",
    "region": "EUR / PAL"
  },
  {
    "id": "zx6w9xqz",
    "player": "Someone_Somethings",
    "player_location": "gb",
    "region": null
  },
  {
    "id": "y66q6r6y",
    "player": "keegansimyh",
    "player_location": "hk",
    "region": "USA / NTSC"
  },
  {
    "id": "zqgo581m",
    "player": "Bussun",
    "player_location": "fr",
    "region": "EUR / PAL"
  },
  {
    "id": "zn1ldwlm",
    "player": "Expreli",
    "player_location": "us",
    "region": "USA / NTSC"
  },
  {
    "id": "y6nwp70z",
    "player": "Jhay",
    "player_location": "gb/wls",
    "region": "EUR / PAL"
  },
  {
    "id": "y48v2e2m",
    "player": "Sailo",
    "player_location": "de",
    "region": "EUR / PAL"
  },
  {
    "id": "z0p9k88y",
    "player": "TheYellowSquid",
    "player_location": "gb/eng",
    "region": "EUR / PAL"
  },
  {
    "id": "z1pgxr9z",
    "player": "MoisSR",
    "player_location": "us",
    "region": "USA / NTSC"
  },
  {
    "id": "znqne48z",
    "player": "Chief24",
    "player_location": "lc",
    "region": "USA / NTSC"
  }
]