[
  {
    "id": "yw1939nz",
    "player": "fluffytoycoy",
    "player_location": "us",
    "region": "USA / NTSC"
  },
  {
    "id": "mk29nwvm",
    "player": "Darkhorse",
    "player_location": "us",
    "region": null
  },
  {
    "id": "mreeq04y",
    "player": "BarkSanchez",
    "player_location": null,
    "region": "USA / NTSC"
  },
  {
    "id": "yw8oqo3y",
    "player": "xenkaroshi",
    "player_location": "se",
    "region": "USA / NTSC"
  },
  {
    "id": "yj5pwqdm",
    "player": "Tinnue",
    "player_location": "de",
    "region": "USA / NTSC"
  }
]