[
  {
    "id": "ywpl48pz",
    "player": "maxiie2k",
    "player_location": "no",
    "region": "EUR / PAL"
  },
  {
    "id": "mex1r48z",
    "player": "Morgana_The_Snake",
    "player_location": "au",
    "region": "EUR / PAL"
  },
  {
    "id": "zgke1edy",
    "player": "Maytrixus",
    "player_location": "de",
    "region": null
  },
  {
    "id": "znkvx73z",
    "player": "PuertoLobos",
    "player_location": null,
    "region": null
  },
  {
    "id": "y4wgj7nm",
    "player": "LonkEgg",
    "player_location": "us",
    "region": "USA / NTSC"
  }
]