[
  {
    "id": "z0ek0r9m",
    "player": "bac0n",
    "player_location": "us",
    "region": "USA / NTSC"
  },
  {
    "id": "zgk7j8vy",
    "player": "Prakxoelpatatita",
    "player_location": "es",
    "region": "EUR / PAL"
  },
  {
    "id": "me9k38qz",
    "player": "AntKriGra",
    "player_location": "se",
    "region": "EUR / PAL"
  },
  {
    "id": "yv1p84ey",
    "player": "Yoshiabel",
    "player_location": "es/ct",
    "region": "EUR / PAL"
  },
  {
    "id": "yo6496jy",
    "player": "dsboy66",
    "player_location": "us",
    "region": "USA / NTSC"
  },
  {
    "id": "m36110dm",
    "player": "FrostySR",
    "player_location": null,
    "region": "EUR / PAL"
  },
  {
    "id": "zq9g5d9y",
    "player": "ifuro0012",
    "player_location": "jp",
    "region": "JPN / NTSC"
  },
  {
    "id": "z5xerndy",
    "player": "derric_young",
    "player_location": "au",
    "region": "EUR / PAL"
  }
]