[
  {
    "id": "yjknqgom",
    "player": "JakatoXtra",
    "player_location": "us",
    "region": "USA / NTSC"
  },
  {
    "id": "z11ov1jz",
    "player": "UnleashedSoul",
    "player_location": "gb/sct",
    "region": null
  },
  {
    "id": "z51023gm",
    "player": "Punchy",
    "player_location": "gb/eng",
    "region": "EUR / PAL"
  },
  {
    "id": "zq3vxlry",
    "player": "JustLeeBelmont",
    "player_location": "pr",
    "region": "USA / NTSC"
  },
  {
    "id": "y89k3odm",
    "player": "BMACHINe",
    "player_location": "us",
    "region": "USA / NTSC"
  },
  {
    "id": "z01v6k9y",
    "player": "Zekro",
    "player_location": null,
    "region": "USA / NTSC"
  },
  {
    "id": "m3op52gm",
    "player": "Kjackice",
    "player_location": null,
    "region": "USA / NTSC"
  },
  {
    "id": "me8qqr9m",
    "player": "supermonic9000",
    "player_location": null,
    "region": null
  },
  {
    "id": "yl0vpxry",
    "player": "EseWey",
    "player_location": null,
    "region": "JPN / NTSC"
  },
  {
    "id": "y95x15ez",
    "player": "NerdyNester",
    "player_location": "us",
    "region": "USA / NTSC"
  },
  {
    "id": "mrer3e4y",
    "player": "teapartycthulu",
    "player_location": "us",
    "region": null
  },
  {
    "id": "zxkw6dkm",
    "player": "ChairGTables",
    "player_location": "gu",
    "region": "USA / NTSC"
  },
  {
    "id": "z158j87y",
    "player": "Manko",
    "player_location": "us",
    "region": "USA / NTSC"
  },
  {
    "id": "y2x2dwwm",
    "player": "FelipeNascimento83",
    "player_location": "br",
    "region": "USA / NTSC"
  },
  {
    "id": "zq9dl85y",
    "player": "NintenLew",
    "player_location": "gb/eng",
    "region": "EUR / PAL"
  }
]