[
  {
    "id": "0znge8mn",
    "player": "do00d",
    "player_location": null,
    "region": "USA / NTSC"
  },
  {
    "id": "8m7l30y0",
    "player": "gtm604",
    "player_location": "ca",
    "region": "USA / NTSC"
  },
  {
    "id": "nz10krme",
    "player": "infinitemystery",
    "player_location": null,
    "region": "USA / NTSC"
  },
  {
    "id": "emkxq5z6",
    "player": "Dekap",
    "player_location": "us",
    "region": "USA / NTSC"
  },
  {
    "id": "kz5dw0gm",
    "player": "NME",
    "player_location": "us",
    "region": "JPN / NTSC"
  },
  {
    "id": "8y8q5jwy",
    "player": "T3tsuya",
    "player_location": "us",
    "region": "USA / NTSC"
  },
  {
    "id": "9yo22g7z",
    "player": "Nikke1989",
    "player_location": "se",
    "region": "USA / NTSC"
  },
  {
    "id": "dy4310kz",
    "player": "WERY",
    "player_location": "se",
    "region": "USA / NTSC"
  },
  {
    "id": "7z053oom",
    "player": "KHANanaphone",
    "player_location": "ca",
    "region": "USA / NTSC"
  },
  {
    "id": "yvgx6x6y",
    "player": "melloyello8787",
    "player_location": "us",
    "region": "USA / NTSC"
  },
  {
    "id": "pydrr5vz",
    "player": "thegloryhog",
    "player_location": "us",
    "region": "USA / NTSC"
  },
  {
    "id": "9me4n99y",
    "player": "Pidipajt",
    "player_location": "se",
    "region": "JPN / NTSC"
  },
  {
    "id": "pzgdxkez",
    "player": "EndySWE",
    "player_location": "se",
    "region": "USA / NTSC"
  },
  {
    "id": "1zqv87xm",
    "player": "SinisterKun",
    "player_location": "us",
    "region": "USA / NTSC"
  },
  {
    "id": "y45w4xkm",
    "player": "Jota2550",
    "player_location": "cr",
    "region": "USA / NTSC"
  },
  {
    "id": "7z0o5j8z",
    "player": "Frippen",
    "player_location": "se",
    "region": "USA / NTSC"
  },
  {
    "id": "pm3785qz",
    "player": "Megami_infini",
    "player_location": "pl",
    "region": "USA / NTSC"
  },
  {
    "id": "8y8wl25y",
    "player": "Reboot",
    "player_location": "de",
    "region": "USA / NTSC"
  },
  {
    "id": "dy47d52y",
    "player": "Scraf",
    "player_location": "us",
    "region": "USA / NTSC"
  },
  {
    "id": "mr8ggo8y",
    "player": "Ouijawii",
    "player_location": "us",
    "region": "USA / NTSC"
  },
  {
    "id": "2ywjr33z",
    "player": "DJS",
    "player_location": "se",
    "region": "USA / NTSC"
  },
  {
    "id": "8m766o5y",
    "player": "Varm",
    "player_location": "us",
    "region": "USA / NTSC"
  },
  {
    "id": "8m7398wy",
    "player": "MikeyObviously",
    "player_location": "us",
    "region": "USA / NTSC"
  },
  {
    "id": "8yvvqgoy",
    "player": "KyhYang",
    "player_location": "us",
    "region": "USA / NTSC"
  },
  {
    "id": "7yld26xm",
    "player": "-Varm-",
    "player_location": "us",
    "region": "USA / NTSC"
  },
  {
    "id": "dy4l8p3z",
    "player": "CannonlessKing",
    "player_location": null,
    "region": "USA / NTSC"
  },
  {
    "id": "y6pwkl1m",
    "player": "Hjurri",
    "player_location": "fi",
    "region": "USA / NTSC"
  },
  {
    "id": "kz56l6gy",
    "player": "Goukiesm",
    "player_location": "br",
    "region": "USA / NTSC"
  },
  {
    "id": "7ylw3nxz",
    "player": "fraeon",
    "player_location": "fi",
    "region": "USA / NTSC"
  },
  {
    "id": "1zxrkkqz",
    "player": "huxxny",
    "player_location": "ca/qc",
    "region": "USA / NTSC"
  },
  {
    "id": "zno9w0ly",
    "player": "fruitbatsalad",
    "player_location": "us",
    "region": "USA / NTSC"
  },
  {
    "id": "zgkeeo0y",
    "player": "FinnAMP",
    "player_location": "us",
    "region": "USA / NTSC"
  },
  {
    "id": "6yj0ex7z",
    "player": "MediaWhore",
    "player_location": "us",
    "region": "USA / NTSC"
  },
  {
    "id": "oy2lrn6m",
    "player": "Spiderweb__",
    "player_location": "us",
    "region": "USA / NTSC"
  },
  {
    "id": "yw1pwl3z",
    "player": "ofarev5250",
    "player_location": "us",
    "region": "USA / NTSC"
  },
  {
    "id": "yl45ko3m",
    "player": "Arcus",
    "player_location": "us",
    "region": "USA / NTSC"
  },
  {
    "id": "ydq6gqqm",
    "player": "Nolmy",
    "player_location": "us",
    "region": "USA / NTSC"
  },
  {
    "id": "y67k7wqm",
    "player": "beadle111",
    "player_location": "gb",
    "region": "USA / NTSC"
  },
  {
    "id": "zn80ndvz",
    "player": "lookitdisguy",
    "player_location": "us",
    "region": "USA / NTSC"
  },
  {
    "id": "yo4k9n5m",
    "player": "Jeeerdin",
    "player_location": null,
    "region": "USA / NTSC"
  },
  {
    "id": "y67o2eqm",
    "player": "JoshKeys",
    "player_location": null,
    "region": "JPN / NTSC"
  },
  {
    "id": "zgnw61ey",
    "player": "bradleyguise",
    "player_location": "us",
    "region": "USA / NTSC"
  },
  {
    "id": "ywpl8v3z",
    "player": "BenKenobi83",
    "player_location": "us",
    "region": "USA / NTSC"
  },
  {
    "id": "z13xr87m",
    "player": "MrMannyRodz",
    "player_location": "us",
    "region": "USA / NTSC"
  },
  {
    "id": "z03k20jz",
    "player": "Sathdresh",
    "player_location": "us",
    "region": "USA / NTSC"
  },
  {
    "id": "y8qe405y",
    "player": "WorstLiarEver",
    "player_location": "us",
    "region": "USA / NTSC"
  },
  {
    "id": "z5o9r6jy",
    "player": "MarthSR",
    "player_location": "ca/qc",
    "region": "USA / NTSC"
  },
  {
    "id": "y8qx47xy",
    "player": "RantronBomb",
    "player_location": null,
    "region": "USA / NTSC"
  },
  {
    "id": "m7po6nwm",
    "player": "Guggensulli",
    "player_location": "us",
    "region": "USA / NTSC"
  },
  {
    "id": "m7d644em",
    "player": "Carter44",
    "player_location": "ca",
    "region": "USA / NTSC"
  },
  {
    "id": "zxvwko8y",
    "player": "david88demonlord",
    "player_location": "cl",
    "region": "USA / NTSC"
  },
  {
    "id": "y8qgex5y",
    "player": "austin_swish16",
    "player_location": "us",
    "region": "USA / NTSC"
  },
  {
    "id": "zpqj42gy",
    "player": "HurricaneMixer",
    "player_location": "us",
    "region": "JPN / NTSC"
  },
  {
    "id": "y8q7qe1y",
    "player": "GuizDP",
    "player_location": "ca/qc",
    "region": "USA / NTSC"
  },
  {
    "id": "zn44ol9m",
    "player": "NerdAscension",
    "player_location": "us",
    "region": "USA / NTSC"
  },
  {
    "id": "mk3p00lz",
    "player": "MagicK",
    "player_location": "ca/qc",
    "region": "USA / NTSC"
  },
  {
    "id": "m3olr36m",
    "player": "SilverKripton",
    "player_location": "cl",
    "region": "USA / NTSC"
  },
  {
    "id": "zg7v0jvz",
    "player": "hirexen",
    "player_location": "pl",
    "region": "USA / NTSC"
  },
  {
    "id": "yo29627z",
    "player": "spyriel",
    "player_location": "fi",
    "region": "USA / NTSC"
  },
  {
    "id": "m7p7914m",
    "player": "sYn",
    "player_location": "us",
    "region": "USA / NTSC"
  },
  {
    "id": "yvj14qxy",
    "player": "Marfimania",
    "player_location": "us",
    "region": "USA / NTSC"
  },
  {
    "id": "z51d07nm",
    "player": "Avalonith",
    "player_location": "us",
    "region": "JPN / NTSC"
  },
  {
    "id": "y43808nz",
    "player": "CHX42",
    "player_location": "us",
    "region": "USA / NTSC"
  },
  {
    "id": "z512xx5m",
    "player": "vanni_van",
    "player_location": "us",
    "region": "USA / NTSC"
  },
  {
    "id": "m7px81em",
    "player": "Toad22484",
    "player_location": "us",
    "region": "USA / NTSC"
  },
  {
    "id": "y2qjqewy",
    "player": "AndrewG",
    "player_location": "us",
    "region": "USA / NTSC"
  },
  {
    "id": "yl0re52y",
    "player": "Slackanater",
    "player_location": "us",
    "region": "USA / NTSC"
  },
  {
    "id": "zg7e58dz",
    "player": "Okmenaut",
    "player_location": "de",
    "region": "JPN / NTSC"
  },
  {
    "id": "z51878nm",
    "player": "Arran",
    "player_location": null,
    "region": "USA / NTSC"
  },
  {
    "id": "m3oje2gm",
    "player": "ZeeGee_",
    "player_location": "us",
    "region": "USA / NTSC"
  },
  {
    "id": "m7gxe34m",
    "player": "SchmidttyGames",
    "player_location": "us",
    "region": "USA / NTSC"
  },
  {
    "id": "mk9ol5vz",
    "player": "skateman222",
    "player_location": "ca/qc",
    "region": "USA / NTSC"
  },
  {
    "id": "m3ow9vdm",
    "player": "Yogidamonk",
    "player_location": "us",
    "region": "USA / NTSC"
  },
  {
    "id": "zg7jwxnz",
    "player": "Tootoo",
    "player_location": "se",
    "region": "USA / NTSC"
  },
  {
    "id": "zg74lwjz",
    "player": "NeoKad",
    "player_location": "ca/qc",
    "region": "USA / NTSC"
  },
  {
    "id": "yvj5464y",
    "player": "KLM1187",
    "player_location": "us",
    "region": "USA / NTSC"
  },
  {
    "id": "me824r0m",
    "player": "Zorilla33",
    "player_location": "us",
    "region": "USA / NTSC"
  },
  {
    "id": "yvjnnvxy",
    "player": "mrcab55",
    "player_location": "us",
    "region": "USA / NTSC"
  },
  {
    "id": "ywpwo52z",
    "player": "ANGEL_UNDEAD",
    "player_location": "ru",
    "region": "USA / NTSC"
  },
  {
    "id": "m3owe74m",
    "player": "teapartycthulu",
    "player_location": "us",
    "region": "USA / NTSC"
  },
  {
    "id": "zp0ondgm",
    "player": "DodgemasterDooley",
    "player_location": "us",
    "region": "USA / NTSC"
  },
  {
    "id": "zp0o0rrm",
    "player": "smartalec24",
    "player_location": "us",
    "region": "USA / NTSC"
  },
  {
    "id": "z51w0pgm",
    "player": "Pikachu",
    "player_location": "ua",
    "region": "USA / NTSC"
  },
  {
    "id": "mr8pl14y",
    "player": "StTommyBoy",
    "player_location": "us",
    "region": "USA / NTSC"
  },
  {
    "id": "z05d5e9m",
    "player": "Reidood",
    "player_location": "us",
    "region": "USA / NTSC"
  },
  {
    "id": "y92w01nz",
    "player": "k0zzx",
    "player_location": "sr",
    "region": "USA / NTSC"
  },
  {
    "id": "y2qrk86y",
    "player": "Drumboardist",
    "player_location": "us",
    "region": "USA / NTSC"
  },
  {
    "id": "yj4r43ny",
    "player": "Jimbo27007",
    "player_location": "us",
    "region": "EUR / PAL"
  },
  {
    "id": "y895wg5m",
    "player": "TheClassicOne88",
    "player_location": "us",
    "region": "USA / NTSC"
  },
  {
    "id": "znr8708y",
    "player": "8BitOwl",
    "player_location": "us",
    "region": "USA / NTSC"
  },
  {
    "id": "zxko72qm",
    "player": "lucandor158",
    "player_location": "us",
    "region": "USA / NTSC"
  },
  {
    "id": "yd915o0z",
    "player": "GrandCoune",
    "player_location": "be",
    "region": "USA / NTSC"
  },
  {
    "id": "mk2k8rvm",
    "player": "moediggity",
    "player_location": "us",
    "region": "USA / NTSC"
  },
  {
    "id": "yj3ql5nz",
    "player": "BryBad",
    "player_location": "us",
    "region": "USA / NTSC"
  },
  {
    "id": "y8ee62wy",
    "player": "5pectre",
    "player_location": "dk",
    "region": "USA / NTSC"
  },
  {
    "id": "zgk1j9ny",
    "player": "Francesco24",
    "player_location": "ca",
    "region": "USA / NTSC"
  },
  {
    "id": "zxkr5p8m",
    "player": "GonzaloRunner",
    "player_location": "ar",
    "region": "USA / NTSC"
  },
  {
    "id": "yjl3jo7z",
    "player": "Teddyyyyyyyyyyyyy",
    "player_location": "us",
    "region": "USA / NTSC"
  },
  {
    "id": "z5jx41dm",
    "player": "ClassicGameDad",
    "player_location": "us",
    "region": "USA / NTSC"
  },
  {
    "id": "m7gnqlem",
    "player": "davidtki",
    "player_location": "us",
    "region": "USA / NTSC"
  },
  {
    "id": "yw8n839y",
    "player": "ShesChardcore",
    "player_location": "us",
    "region": "USA / NTSC"
  },
  {
    "id": "y25n8e5y",
    "player": "Firebroth",
    "player_location": "us",
    "region": "USA / NTSC"
  },
  {
    "id": "znkllp7z",
    "player": "Oreb7",
    "player_location": "se",
    "region": "USA / NTSC"
  },
  {
    "id": "m7gvd30m",
    "player": "jamesjmarkeyjr",
    "player_location": "us",
    "region": "USA / NTSC"
  },
  {
    "id": "y4ewngkm",
    "player": "madbomberxx",
    "player_location": "us",
    "region": "USA / NTSC"
  },
  {
    "id": "m3g67jgz",
    "player": "andresfgp13",
    "player_location": "cl",
    "region": "USA / NTSC"
  },
  {
    "id": "zxdq1eky",
    "player": "nad_chario",
    "player_location": "at",
    "region": "USA / NTSC"
  },
  {
    "id": "y8rln6xm",
    "player": "MankoDax",
    "player_location": "cl",
    "region": "USA / NTSC"
  },
  {
    "id": "m3nd9owy",
    "player": "Mr_Feta",
    "player_location": "gr",
    "region": "JPN / NTSC"
  },
  {
    "id": "y60dge1y",
    "player": "Thee_Deadguy",
    "player_location": "ie",
    "region": "USA / NTSC"
  },
  {
    "id": "y42w53nm",
    "player": "Bro3256",
    "player_location": "us",
    "region": "JPN / NTSC"
  },
  {
    "id": "zno7773y",
    "player": "SquidyDragon",
    "player_location": "us",
    "region": "USA / NTSC"
  },
  {
    "id": "mk7v44xy",
    "player": "JGleez",
    "player_location": "us",
    "region": "USA / NTSC"
  },
  {
    "id": "yv2ljrem",
    "player": "gheb",
    "player_location": null,
    "region": "USA / NTSC"
  },
  {
    "id": "m376qxwz",
    "player": "ProfessorRetro",
    "player_location": "us",
    "region": "USA / NTSC"
  },
  {
    "id": "yv1e06oy",
    "player": "JoePulito",
    "player_location": "us",
    "region": "USA / NTSC"
  },
  {
    "id": "yo6jj81y",
    "player": "Ghosttree",
    "player_location": "mo",
    "region": "USA / NTSC"
  },
  {
    "id": "z07jl34y",
    "player": "radesk",
    "player_location": "br",
    "region": "USA / NTSC"
  },
  {
    "id": "y8ewd11y",
    "player": "B_Good",
    "player_location": "ca",
    "region": "USA / NTSC"
  },
  {
    "id": "z5d84lnm",
    "player": "kururusama",
    "player_location": "kr",
    "region": "JPN / NTSC"
  },
  {
    "id": "m369kpwm",
    "player": "Zarc0nis",
    "player_location": "us",
    "region": "USA / NTSC"
  },
  {
    "id": "m729nn5z",
    "player": "knuckle_buster",
    "player_location": "us",
    "region": "USA / NTSC"
  },
  {
    "id": "yvoeg84z",
    "player": "Automite",
    "player_location": "us",
    "region": "USA / NTSC"
  },
  {
    "id": "z0oo2gez",
    "player": "joecurr",
    "player_location": "us",
    "region": "USA / NTSC"
  },
  {
    "id": "mrngp42y",
    "player": "KumaKhan22",
    "player_location": "us",
    "region": "USA / NTSC"
  },
  {
    "id": "ydek2l0m",
    "player": "joons88",
    "player_location": "fi",
    "region": "USA / NTSC"
  },
  {
    "id": "yle413nz",
    "player": "NinpoManiac",
    "player_location": "us",
    "region": "USA / NTSC"
  },
  {
    "id": "zgd7rldz",
    "player": "Zerfaru",
    "player_location": "aq",
    "region": "USA / NTSC"
  },
  {
    "id": "mkegn2xm",
    "player": "Johnils",
    "player_location": "se",
    "region": "USA / NTSC"
  },
  {
    "id": "y6n95dpz",
    "player": "SevenHeavenHaven",
    "player_location": "us",
    "region": "USA / NTSC"
  },
  {
    "id": "zgdpe8dz",
    "player": "lackattack",
    "player_location": "us",
    "region": "USA / NTSC"
  },
  {
    "id": "mej06p8y",
    "player": "thenesmaster",
    "player_location": "mx",
    "region": "USA / NTSC"
  },
  {
    "id": "zq0qp39y",
    "player": "PeaJae",
    "player_location": "us",
    "region": "USA / NTSC"
  },
  {
    "id": "m76qx2wy",
    "player": "tvschaser",
    "player_location": "us",
    "region": "USA / NTSC"
  },
  {
    "id": "y4q80w2m",
    "player": "Brentology",
    "player_location": null,
    "region": "USA / NTSC"
  },
  {
    "id": "y9x21pky",
    "player": "latebit",
    "player_location": "us",
    "region": "USA / NTSC"
  },
  {
    "id": "me1x6l3y",
    "player": "beardylocks",
    "player_location": "us",
    "region": "USA / NTSC"
  }
]