[
  {
    "id": "z5r149gy",
    "player": "Sora-Aruzaky",
    "player_location": "fr",
    "region": "EUR / PAL"
  },
  {
    "id": "z0ro9e4z",
    "player": "JulianoKohlerDaSilva",
    "player_location": "br",
    "region": "BRA / PAL"
  },
  {
    "id": "z0ne0g8m",
    "player": "polarbearswag19",
    "player_location": "us",
    "region": null
  },
  {
    "id": "zxogj9ez",
    "player": "CyberLokii",
    "player_location": "ar",
    "region": null
  },
  {
    "id": "y60vd1jy",
    "player": "Keiferr",
    "player_location": "us",
    "region": "USA / NTSC"
  }
]