[
  {
    "id": "emk6o4xz",
    "player": "youxkei",
    "player_location": "jp",
    "region": "JPN / NTSC"
  },
  {
    "id": "jy9r142y",
    "player": "Ironyeu",
    "player_location": "fr",
    "region": null
  },
  {
    "id": "2ywldq0m",
    "player": "Lollipop",
    "player_location": "ca",
    "region": "USA / NTSC"
  },
  {
    "id": "zpqnovgy",
    "player": "fesmone98",
    "player_location": "jp",
    "region": "JPN / NTSC"
  },
  {
    "id": "z5ojvljy",
    "player": "fon",
    "player_location": "jp",
    "region": "JPN / NTSC"
  },
  {
    "id": "yw1d17pz",
    "player": "CopperMarten",
    "player_location": "us",
    "region": null
  },
  {
    "id": "mk9v9jxz",
    "player": "kenyy1994",
    "player_location": "tw",
    "region": null
  },
  {
    "id": "yvovgk6z",
    "player": "Suzuran",
    "player_location": "jp",
    "region": "JPN / NTSC"
  },
  {
    "id": "z15kpkjy",
    "player": "SUDALV",
    "player_location": "ru",
    "region": null
  },
  {
    "id": "y8d28j5z",
    "player": "eutropii",
    "player_location": "jp",
    "region": "JPN / NTSC"
  },
  {
    "id": "y6r8egqy",
    "player": "no2hwang",
    "player_location": "kr",
    "region": null
  },
  {
    "id": "y6r1j00y",
    "player": "takoyasu",
    "player_location": "jp",
    "region": "JPN / NTSC"
  },
  {
    "id": "y42evr2m",
    "player": "Roxelite",
    "player_location": "us",
    "region": "JPN / NTSC"
  },
  {
    "id": "y426q83m",
    "player": "heragi",
    "player_location": "jp",
    "region": "JPN / NTSC"
  },
  {
    "id": "ylq53xrz",
    "player": "Kaz0uya",
    "player_location": "fr",
    "region": "USA / NTSC"
  },
  {
    "id": "mrnloogy",
    "player": "FelipeNascimento83",
    "player_location": "br",
    "region": "JPN / NTSC"
  }
]