[
  {
    "id": "mk4v96xy",
    "player": "HotMuffSandwich",
    "player_location": "us",
    "region": "USA / NTSC"
  },
  {
    "id": "yw1rgj3z",
    "player": "Kanis999",
    "player_location": "us",
    "region": "USA / NTSC"
  },
  {
    "id": "oy2weo9y",
    "player": "DarkMichael",
    "player_location": "de",
    "region": "USA / NTSC"
  },
  {
    "id": "7ylx7kxy",
    "player": "Mihairokov",
    "player_location": "ca",
    "region": "USA / NTSC"
  },
  {
    "id": "9medd60y",
    "player": "Kusanagi765",
    "player_location": "us",
    "region": "JPN / NTSC"
  },
  {
    "id": "z0ejp39m",
    "player": "fluffytoycoy",
    "player_location": "us",
    "region": "USA / NTSC"
  },
  {
    "id": "yl4jq4xm",
    "player": "TheGameingChef",
    "player_location": "us",
    "region": "USA / NTSC"
  },
  {
    "id": "y6nlxnjz",
    "player": "Colmillito",
    "player_location": "cl",
    "region": "EUR / PAL"
  },
  {
    "id": "zg79lwez",
    "player": "ShinkenX",
    "player_location": "au",
    "region": "USA / NTSC"
  },
  {
    "id": "y21ddv9z",
    "player": "mrsancini",
    "player_location": "br",
    "region": "JPN / NTSC"
  },
  {
    "id": "z0lxgx4z",
    "player": "Yamishitsuji",
    "player_location": "pe",
    "region": "EUR / PAL"
  },
  {
    "id": "z53jd0gy",
    "player": "TranceChaos",
    "player_location": "us",
    "region": "USA / NTSC"
  },
  {
    "id": "y93k86ey",
    "player": "KingRob",
    "player_location": "us",
    "region": "JPN / NTSC"
  },
  {
    "id": "zx7wqd8y",
    "player": "MasterCactaur",
    "player_location": "us",
    "region": "JPN / NTSC"
  },
  {
    "id": "z123ov7y",
    "player": "HurricaneMixer",
    "player_location": "us",
    "region": "JPN / NTSC"
  },
  {
    "id": "mr6p894m",
    "player": "illdizzog",
    "player_location": "gb/eng",
    "region": "JPN / NTSC"
  },
  {
    "id": "zgqwep0y",
    "player": "exumer",
    "player_location": "de",
    "region": "JPN / NTSC"
  },
  {
    "id": "yv0e9goz",
    "player": "Cid81",
    "player_location": "pe",
    "region": "JPN / NTSC"
  },
  {
    "id": "zpdjvl8z",
    "player": "joons88",
    "player_location": "fi",
    "region": "USA / NTSC"
  }
]