[
  {
    "id": "m721xrez",
    "player": "gamerX459",
    "player_location": "us",
    "region": "USA / NTSC"
  },
  {
    "id": "yj1rpx7y",
    "player": "NerdyNester",
    "player_location": "us",
    "region": "EUR / PAL"
  },
  {
    "id": "zn1xndvm",
    "player": "Tenka",
    "player_location": "au",
    "region": null
  },
  {
    "id": "y92g7prz",
    "player": "CountGooby",
    "player_location": "us",
    "region": "USA / NTSC"
  },
  {
    "id": "zp0g7lrm",
    "player": "Peanutfan22",
    "player_location": "us",
    "region": "USA / NTSC"
  },
  {
    "id": "y43pddnz",
    "player": "Bigsnyd",
    "player_location": "us",
    "region": "USA / NTSC"
  },
  {
    "id": "znkwj28z",
    "player": "DMBiggs",
    "player_location": "us",
    "region": "USA / NTSC"
  },
  {
    "id": "z5r1wedy",
    "player": "Rakurai-UK",
    "player_location": "gb/eng",
    "region": "EUR / PAL"
  },
  {
    "id": "m33r2rgm",
    "player": "skillmammu",
    "player_location": "ca",
    "region": "USA / NTSC"
  },
  {
    "id": "m7g13w5m",
    "player": "99er",
    "player_location": "ca",
    "region": "USA / NTSC"
  },
  {
    "id": "z57gd3jm",
    "player": "frbnash",
    "player_location": "br",
    "region": "JPN / NTSC"
  },
  {
    "id": "y9026wey",
    "player": "mrguyaverage",
    "player_location": "us",
    "region": "JPN / NTSC"
  },
  {
    "id": "mrk06pdy",
    "player": "Tom-Striker",
    "player_location": "mx",
    "region": "USA / NTSC"
  },
  {
    "id": "m358ke4y",
    "player": "Arran",
    "player_location": null,
    "region": "USA / NTSC"
  },
  {
    "id": "m7x91n4y",
    "player": "Willotee",
    "player_location": null,
    "region": "USA / NTSC"
  },
  {
    "id": "zq4p9rrm",
    "player": "Vinevidi",
    "player_location": "br",
    "region": "USA / NTSC"
  },
  {
    "id": "yv23eo8m",
    "player": "Hitshee_Spingear",
    "player_location": "jp",
    "region": "JPN / NTSC"
  },
  {
    "id": "zqg25n1m",
    "player": "MarthSR",
    "player_location": "ca/qc",
    "region": "USA / NTSC"
  },
  {
    "id": "mr45387z",
    "player": "DustyTokyo",
    "player_location": "jp",
    "region": "EUR / PAL"
  },
  {
    "id": "yw0oer0m",
    "player": "oil_moon",
    "player_location": "gb/eng",
    "region": "USA / NTSC"
  },
  {
    "id": "y6dqqv0m",
    "player": "Habble",
    "player_location": "au",
    "region": "EUR / PAL"
  },
  {
    "id": "me7gqr2y",
    "player": "FelipeNascimento83",
    "player_location": "br",
    "region": null
  },
  {
    "id": "zq1qlx1m",
    "player": "Julio150ml",
    "player_location": "br",
    "region": null
  },
  {
    "id": "y4rx9xqz",
    "player": "LeandroAmadeu",
    "player_location": "br",
    "region": "USA / NTSC"
  },
  {
    "id": "y99wx0ey",
    "player": "HoopsTheWaffleBurner",
    "player_location": "us",
    "region": "USA / NTSC"
  },
  {
    "id": "yde9xowm",
    "player": "StargateSGDood",
    "player_location": "ca",
    "region": "USA / NTSC"
  },
  {
    "id": "z5v69w5m",
    "player": "Kuerten",
    "player_location": "mx",
    "region": "USA / NTSC"
  },
  {
    "id": "zp9p34gm",
    "player": "randomrickreviews",
    "player_location": null,
    "region": null
  },
  {
    "id": "mr6ngjdm",
    "player": "shenpaikoneko",
    "player_location": "gr",
    "region": "JPN / NTSC"
  },
  {
    "id": "m366kg6m",
    "player": "Platinuminious",
    "player_location": "cz",
    "region": "EUR / PAL"
  },
  {
    "id": "z0opgj8z",
    "player": "GrantWhoPlaysGames",
    "player_location": "us",
    "region": "USA / NTSC"
  },
  {
    "id": "zgd0jqez",
    "player": "ModoArcade",
    "player_location": "br",
    "region": "USA / NTSC"
  },
  {
    "id": "ydw70qxm",
    "player": "Kyo_97",
    "player_location": "mx",
    "region": "USA / NTSC"
  },
  {
    "id": "y48pndkm",
    "player": "Johidkokawhid",
    "player_location": "fr",
    "region": "EUR / PAL"
  },
  {
    "id": "y4x79dkz",
    "player": "Movellandrone",
    "player_location": "gb/eng",
    "region": "EUR / PAL"
  },
  {
    "id": "m3x5x1gm",
    "player": "Mikeer",
    "player_location": null,
    "region": "USA / NTSC"
  },
  {
    "id": "zpdppoxz",
    "player": "Shredmachine",
    "player_location": "se",
    "region": "EUR / PAL"
  }
]